dataset,role,replication,entity,method_key,gate_quality,gate_cost,gate_both,core_n_points,core_n_front,aug_n_points,self_grading_share,core__hv_ratio,core__igd_plus,core__gd,core__spacing,core__spacing_cv,core__joint_nondominated_fraction,core__n_front,augmented__hv_ratio,augmented__igd_plus,augmented__gd,augmented__spacing,augmented__spacing_cv,augmented__joint_nondominated_fraction,augmented__n_front
magic,primary_geometry_confirmatory,0,HISTORICAL-WS-asrun,historical_ws_asrun,False,True,False,288,12,1264,0.0769,0.9136838920410364,0.06826413939237964,0.051139301177529836,0.01354120887334016,1.7416040238120032,0.29411764705882354,17,0.8922428960364867,0.05920836860948201,0.03191822647104162,0.015679987406108056,1.779741255345836,0.23529411764705882,17
magic,primary_geometry_confirmatory,0,HISTORICAL-WS,historical_ws,False,True,False,288,12,1264,0.0385,0.9537769493602279,0.04529955067101949,0.04433257539693864,0.12605085036901686,1.734258532497303,0.5,8,0.9312497892570876,0.04577861361197461,0.0301049836596305,0.15117269446063025,1.7928813919988227,0.25,8
magic,primary_geometry_confirmatory,0,WS-S,ws_s,False,True,False,288,12,1264,0.0385,0.9518519240527066,0.04764209924309498,0.048427445838343956,0.11387959028157475,1.9491907283398207,0.4,10,0.9289433626005217,0.046968934452417184,0.03432122949192655,0.1363385948620412,2.01466475680983,0.2,10
magic,primary_geometry_confirmatory,0,NBI-S,nbi_s,False,True,False,288,12,1264,0.0962,0.9531373933947697,0.04719387392161591,0.05013145184778467,0.021066040141013175,0.6619747347409605,0.46153846153846156,13,0.9304835193689278,0.04384993000343003,0.0325041174506505,0.02483546410631316,0.6805121782779229,0.38461538461538464,13
magic,primary_geometry_confirmatory,0,NBI-R,nbi_r,False,True,False,288,12,1264,0.0,0.8725050502747185,0.07890645572492423,0.04812965878217426,0.021022076103236576,0.9888706410778603,0.4444444444444444,9,0.8377732619030526,0.08356104882217262,0.03259664262490172,0.025412462926939265,1.0412666566898843,0.0,9
magic,primary_geometry_confirmatory,0,ANCHOR-INJECTION-CONTROL,nbi_s_plus_anchors,False,True,False,288,12,1264,,0.9680634466040343,0.03850081305914215,0.046550633858657195,0.03127947276532804,0.8171706184393771,0.5,14,0.9375328361615903,0.04013145452832187,0.03258227218387436,0.036667820854349234,0.8328200699013067,0.35714285714285715,14
magic,primary_geometry_confirmatory,0,GRID,grid,False,True,False,288,12,1264,0.25,1.0025568658146342,0.0018297893999347878,0.025756998438305236,0.03590701689542759,1.189295376408168,0.7391304347826086,23,0.9769341053123787,0.019895476773937586,0.02926752797622183,0.04216249210358017,1.2118094580209473,0.5652173913043478,23
magic,primary_geometry_confirmatory,0,RANDOM,random,False,True,False,288,12,1264,0.0,0.9000617135442285,0.059895511005097095,0.04980639993316731,0.0332559241417043,1.0479236516889618,0.5384615384615384,13,0.8562666967625802,0.07450849180747299,0.03815447141489156,0.03854131641954749,1.0502798060614589,0.0,13
magic,primary_geometry_confirmatory,0,NSGA2-MATCHED,nsga2,False,True,False,288,12,1264,0.3846,0.9356996559380686,0.05168340872944336,0.048978850823111285,0.008539508524289694,1.1143891306654348,0.6842105263157895,38,0.8908179124020332,0.056227718678951044,0.022195592239095268,0.010160570297664848,1.1703596578008562,0.5263157894736842,38
magic,primary_geometry_confirmatory,1,HISTORICAL-WS-asrun,historical_ws_asrun,False,True,False,288,9,1260,0.0,0.5053123004494325,0.3461975236928524,0.30859961588299667,0.003365778537410027,1.707825127659933,0.0,7,0.619531897745523,0.16848882519391314,0.05859004323525309,0.0026312155107752464,1.707825127659933,0.0,7
magic,primary_geometry_confirmatory,1,HISTORICAL-WS,historical_ws,False,True,False,288,9,1260,0.0938,0.6417075611384091,0.25345335661188145,0.26123793693958197,0.03924164931135198,2.3044823071194265,0.3,10,0.714353590902878,0.11545341460351664,0.0670202683249026,0.0349056253315824,2.3880251626559432,0.3,10
magic,primary_geometry_confirmatory,1,WS-S,ws_s,False,True,False,288,9,1260,0.125,0.7371473937356776,0.17850646787660718,0.2864202930702652,0.054581249051695147,1.5007365346804054,0.5,8,0.7742398107712034,0.09072288719881033,0.04289016222317869,0.046852237251651246,1.5318729879580775,0.5,8
magic,primary_geometry_confirmatory,1,NBI-S,nbi_s,False,True,False,288,9,1260,0.125,0.7552088744593671,0.17343497792352502,0.17072420703541996,0.05598648064494089,0.7659806859986505,0.8,10,0.8050820635545713,0.07605567503071609,0.02440568894777882,0.04824407773946866,0.8108661918876978,0.4,10
magic,primary_geometry_confirmatory,1,NBI-R,nbi_r,False,True,False,288,9,1260,0.1875,0.6089745738605684,0.28686085504571324,0.21852160649248914,0.013444825128417454,0.628253648596905,1.0,8,0.6830030027182123,0.14097797262669182,0.0016234676854380327,0.00926773959499313,0.5867024689897219,0.75,8
magic,primary_geometry_confirmatory,1,ANCHOR-INJECTION-CONTROL,nbi_s_plus_anchors,False,True,False,288,9,1260,,0.930731939694954,0.05469291670691363,0.1552038245776545,0.08520973262558505,0.9114819800624094,0.8181818181818182,11,0.9152596719945337,0.04555367826232666,0.0221869899525262,0.07081998652052392,0.9314451098527577,0.45454545454545453,11
magic,primary_geometry_confirmatory,1,GRID,grid,False,True,False,288,9,1260,0.125,0.9876769520128174,0.017450362844626977,0.09829623703628713,0.12284334881926653,0.6947937215997257,0.75,8,0.9526234736759517,0.018094306069357108,0.03350822612469489,0.08940669002489816,0.6034641990091594,0.5,8
magic,primary_geometry_confirmatory,1,RANDOM,random,False,True,False,288,9,1260,0.0,0.8672849070906439,0.07670665292611599,0.12630213457974454,0.04260007646556272,0.5713888137508408,0.07692307692307693,13,0.8553944636137534,0.08392291463699399,0.09071799010315816,0.03716828714853248,0.5601005015355749,0.0,13
magic,primary_geometry_confirmatory,1,NSGA2-MATCHED,nsga2,False,True,False,288,9,1260,0.1875,0.9899537900770329,0.03225608188542147,0.1268524128172262,0.0359103129281446,1.204364889902782,0.34782608695652173,23,0.9257825483888219,0.048542001912828106,0.050132258023201134,0.0314765369664786,1.1694788157981635,0.2608695652173913,23
magic,primary_geometry_confirmatory,2,HISTORICAL-WS-asrun,historical_ws_asrun,False,True,False,288,15,1267,0.0,0.6539796738821311,0.2755184853379023,0.09885826438345406,0.14541511398777743,1.8664210644570143,0.8,5,0.6016314397259012,0.1910303723572888,0.047012320935497925,0.14541511398777743,1.8664210644570143,0.0,5
magic,primary_geometry_confirmatory,2,HISTORICAL-WS,historical_ws,False,True,False,288,15,1267,0.0811,0.7723885706276709,0.16451634899857157,0.12118938591785043,0.1112865494434626,1.100019313759599,0.4444444444444444,9,0.7105622182659911,0.11720534558183143,0.10115714884831216,0.1112865494434626,1.100019313759599,0.3333333333333333,9
magic,primary_geometry_confirmatory,2,WS-S,ws_s,False,True,False,288,15,1267,0.0541,0.7876028804346251,0.1495317438592837,0.13457152916074147,0.11737538319457924,1.0599392067917655,0.3333333333333333,9,0.7245586886138501,0.11147811093043274,0.1152533317306527,0.11737538319457924,1.0599392067917655,0.2222222222222222,9
magic,primary_geometry_confirmatory,2,NBI-S,nbi_s,False,True,False,288,15,1267,0.1622,0.8669835573275014,0.11573386020553947,0.1163909034605367,0.052581953084946696,0.5570795355471213,0.5,12,0.7975852868901834,0.0856628335280276,0.07727962461602841,0.052581953084946696,0.5570795355471213,0.5,12
magic,primary_geometry_confirmatory,2,NBI-R,nbi_r,False,True,False,288,15,1267,0.0811,0.8196734977157206,0.15583889102999787,0.12216802041774297,0.051071535477755066,0.9397881590802267,0.6363636363636364,11,0.7540621921909375,0.12802392971176813,0.05946205731726091,0.051071535477755066,0.9397881590802267,0.2727272727272727,11
magic,primary_geometry_confirmatory,2,ANCHOR-INJECTION-CONTROL,nbi_s_plus_anchors,False,True,False,288,15,1267,,0.8669835573275014,0.1137843596492333,0.12250440692739072,0.051428525655624356,0.5263528115479816,0.46153846153846156,13,0.7975852868901834,0.08487249546466022,0.0865820400901196,0.051428525655624356,0.5263528115479816,0.46153846153846156,13
magic,primary_geometry_confirmatory,2,GRID,grid,False,True,False,288,15,1267,0.1892,1.0080792281059663,0.006924960993248947,0.06000139179541506,0.07963802028650352,1.1763472766396503,0.8823529411764706,17,0.9273868616786363,0.032113900153506285,0.05636087435266545,0.07963802028650352,1.1763472766396503,0.4117647058823529,17
magic,primary_geometry_confirmatory,2,RANDOM,random,False,True,False,288,15,1267,0.0,0.9319146214005678,0.037014200475724034,0.08525354996787315,0.12828771085777937,1.3307484764924347,0.6428571428571429,14,0.8573189011313109,0.07203712979800839,0.07797841664345183,0.12828771085777937,1.3307484764924347,0.0,14
magic,primary_geometry_confirmatory,2,NSGA2-MATCHED,nsga2,False,True,False,288,15,1267,0.2973,1.0003006886397168,0.03311938104326495,0.09310952077579791,0.02978580962279517,0.8298894585862796,0.7142857142857143,28,0.9202309605322532,0.05824832553255978,0.04200245680167807,0.02978580962279517,0.8298894585862796,0.39285714285714285,28
magic,primary_geometry_confirmatory,3,HISTORICAL-WS-asrun,historical_ws_asrun,False,True,False,288,10,1260,0.0,0.7222606501175859,0.17658717427837098,0.14719760942090288,0.07984157305742645,1.414388260126031,0.0,7,0.6784286512249227,0.18542830305658575,0.12852856531359372,0.07655891274457109,1.4138509932864196,0.0,7
magic,primary_geometry_confirmatory,3,HISTORICAL-WS,historical_ws,False,True,False,288,10,1260,0.0625,0.8214702455504159,0.12883733390918461,0.16608564768852818,0.1036138558807058,1.0643759451158437,0.6666666666666666,9,0.7708520474451821,0.11336402049982286,0.06991309564636869,0.10066155421664502,1.0444666436065166,0.2222222222222222,9
magic,primary_geometry_confirmatory,3,WS-S,ws_s,False,True,False,288,10,1260,0.0625,0.7979294455321114,0.1373991744421904,0.17595833061352353,0.10529661070051007,1.271855567359219,0.7777777777777778,9,0.7471761849738857,0.12367214733135069,0.06558142112098114,0.10257162800174237,1.2571304995423964,0.2222222222222222,9
magic,primary_geometry_confirmatory,3,NBI-S,nbi_s,False,True,False,288,10,1260,0.0938,0.8944830460733866,0.08869854470532725,0.10492763195454678,0.08276364284096059,0.8634490013586174,0.7272727272727273,11,0.8430317647108486,0.08019191435711732,0.0591585352805553,0.08584774025517211,0.8856334933745599,0.2727272727272727,11
magic,primary_geometry_confirmatory,3,NBI-R,nbi_r,False,True,False,288,10,1260,0.0625,0.829509849055482,0.13136358046983948,0.17526318636117458,0.07252648623743145,0.8825638825744535,0.6666666666666666,3,0.7826354025650998,0.1300399212934803,0.031940564161311046,0.07648716988433335,0.9247464849530815,0.6666666666666666,3
magic,primary_geometry_confirmatory,3,ANCHOR-INJECTION-CONTROL,nbi_s_plus_anchors,False,True,False,288,10,1260,,0.9173733445319594,0.06908882399161048,0.09618366262500122,0.07108158456478368,0.8051802609846089,0.75,12,0.8607036738807876,0.07142290804381404,0.062141470136408396,0.07293424484121762,0.8283382765596962,0.25,12
magic,primary_geometry_confirmatory,3,GRID,grid,False,True,False,288,10,1260,0.2812,1.028244317376488,0.009938826001610824,0.0682439407448607,0.06296173336341802,1.0572156152135357,0.6111111111111112,18,0.9682457155467569,0.016708187499462526,0.03123265298650274,0.06047788946432805,1.0269991780569747,0.5,18
magic,primary_geometry_confirmatory,3,RANDOM,random,False,True,False,288,10,1260,0.0625,0.8970221651197489,0.0735789668819877,0.07851732095929018,0.1242260285144924,1.5974807003026876,0.1875,16,0.8395315390207783,0.10149729172671014,0.05365215341754957,0.12679286133725776,1.6202294017241614,0.125,16
magic,primary_geometry_confirmatory,3,NSGA2-MATCHED,nsga2,False,True,False,288,10,1260,0.1875,0.9543768725818892,0.06337352405206119,0.11626215374731064,0.012044992946185922,1.0730409777257577,0.14893617021276595,47,0.8926058082656458,0.07522972087751968,0.05720640989703712,0.011769697203480863,1.051771583703122,0.1276595744680851,47
magic,primary_geometry_confirmatory,4,HISTORICAL-WS-asrun,historical_ws_asrun,False,True,False,288,11,1267,0.0,0.7571411664103364,0.14627389846252267,0.10227644730812897,0.011369973900734931,2.27838130770643,0.0,10,0.6872249899360628,0.17627682800201033,0.06526297452276501,0.013991163690245723,2.3390423751668195,0.0,10
magic,primary_geometry_confirmatory,4,HISTORICAL-WS,historical_ws,False,True,False,288,11,1267,0.0227,0.961284067308575,0.050031921518498584,0.03542698593784175,0.16044724952282602,2.250433357563232,0.3333333333333333,9,0.9388095601246815,0.050392660164142275,0.03320361777792437,0.19984103484131147,2.2936648635995454,0.1111111111111111,9
magic,primary_geometry_confirmatory,4,WS-S,ws_s,False,True,False,288,11,1267,0.0909,0.9660766284308943,0.04687843342411469,0.04126607066187227,0.13874826271848548,2.8942072778550716,0.35714285714285715,14,0.9443603073382019,0.04667122983492402,0.034261577203957234,0.17269191847607146,2.940548252431521,0.2857142857142857,14
magic,primary_geometry_confirmatory,4,NBI-S,nbi_s,False,True,False,288,11,1267,0.0909,0.9598466434124342,0.05344884317596636,0.056615738493238685,0.026332609258677565,0.6730894700348572,0.5454545454545454,11,0.9374541052352448,0.04947866746397706,0.03981628909639623,0.032465476483748534,0.7060846206359079,0.36363636363636365,11
magic,primary_geometry_confirmatory,4,NBI-R,nbi_r,False,True,False,288,11,1267,0.0455,0.8558774259578694,0.09696847556939776,0.04593441815630831,0.009073360035168544,1.362186429134196,0.46153846153846156,13,0.8130433136079805,0.09685671766338212,0.009543916336762217,0.011109268002240612,1.459364918056679,0.15384615384615385,13
magic,primary_geometry_confirmatory,4,ANCHOR-INJECTION-CONTROL,nbi_s_plus_anchors,False,True,False,288,11,1267,,0.9628540835469825,0.049974692948235845,0.05314158826550818,0.035402781260859925,0.8058985363658213,0.6363636363636364,11,0.9401843180600726,0.048626733160270726,0.035904474185893175,0.04463036517517217,0.8529550914931703,0.36363636363636365,11
magic,primary_geometry_confirmatory,4,GRID,grid,False,True,False,288,11,1267,0.25,1.0041418122773031,0.0013063054587936988,0.014710070155484981,0.061677688290990657,1.7149722570103199,0.9473684210526315,19,0.9925244197264579,0.006550051075273177,0.020852079644745194,0.07506754080908233,1.7634258708262973,0.5789473684210527,19
magic,primary_geometry_confirmatory,4,RANDOM,random,False,True,False,288,11,1267,0.0682,0.8867035662852574,0.08120880503126637,0.05403647838582299,0.016229439487867408,0.5370658453054151,0.8571428571428571,7,0.8422104919531692,0.09155840675281443,0.012811840659142279,0.01982424022371501,0.545859097993848,0.42857142857142855,7
magic,primary_geometry_confirmatory,4,NSGA2-MATCHED,nsga2,False,True,False,288,11,1267,0.2955,0.9089751941706802,0.07387389759821374,0.04938816140904425,0.015505854082757014,1.2884449000479887,0.84,25,0.8662864558424633,0.07704576742638744,0.009489057873308986,0.019109024185426943,1.334067837006962,0.52,25
magic,primary_geometry_confirmatory,5,HISTORICAL-WS-asrun,historical_ws_asrun,True,True,True,288,13,1266,0.0,0.7970236020633154,0.13860569805770268,0.10997643648530975,0.0619291133060157,2.095740127397873,0.16666666666666666,6,0.7235330770029289,0.15460341733989,0.12930024408624707,0.05955337325572379,2.051370515929794,0.0,6
magic,primary_geometry_confirmatory,5,HISTORICAL-WS,historical_ws,True,True,True,288,13,1266,0.027,0.873606122002277,0.08432536026561169,0.12365030327994186,0.09516831753769134,1.8978743432246552,0.6428571428571429,14,0.7821843367001429,0.09480529537992909,0.054749918018302764,0.09273368289237603,1.8277862797296516,0.07142857142857142,14
magic,primary_geometry_confirmatory,5,WS-S,ws_s,True,True,True,288,13,1266,0.1081,0.8504122912738163,0.08888512909406487,0.11390760333246458,0.22423116867416,2.0781636819741958,0.625,8,0.7510455461890972,0.10363089593852878,0.04425484382098227,0.22044468591210353,1.9554758661871476,0.5,8
magic,primary_geometry_confirmatory,5,NBI-S,nbi_s,True,True,True,288,13,1266,0.1351,0.9941211686379547,0.02860747855395773,0.08448860101207308,0.1126320517295887,0.9067778950688712,0.6666666666666666,9,0.9360398560487564,0.02777453828290456,0.02519417815626503,0.15281195933747577,1.0737083760492099,0.5555555555555556,9
magic,primary_geometry_confirmatory,5,NBI-R,nbi_r,True,True,True,288,13,1266,0.1351,0.9428017339919744,0.03947580363032162,0.155893567633484,0.1601590639418685,1.749695178699035,0.8571428571428571,7,0.8614048390532701,0.0690491800611138,0.013474621437557996,0.2186566988355225,1.9082507808226483,0.7142857142857143,7
magic,primary_geometry_confirmatory,5,ANCHOR-INJECTION-CONTROL,nbi_s_plus_anchors,True,True,True,288,13,1266,,1.004079867134376,0.021247135319706716,0.07603974091086577,0.0820334626189834,0.683849682409805,0.7,10,0.9360398560487564,0.02777453828290456,0.046140987187242424,0.10781623712335059,0.7783800984347842,0.5,10
magic,primary_geometry_confirmatory,5,GRID,grid,True,True,True,288,13,1266,0.2162,1.0298398551829206,0.0027127263437227334,0.049922371195141986,0.09238798313021473,1.0711135379397008,0.9230769230769231,13,0.9531003171838106,0.020231078686875775,0.03903415691093895,0.11822232252053792,1.1353303699913309,0.6153846153846154,13
magic,primary_geometry_confirmatory,5,RANDOM,random,True,True,True,288,13,1266,0.027,0.9005673216669672,0.051498925088966856,0.08401835987324283,0.17151336099755743,1.2820003635109887,0.36363636363636365,11,0.7896123687694114,0.12157452132852144,0.11081884361575577,0.19263133917279843,1.2352107115517152,0.09090909090909091,11
magic,primary_geometry_confirmatory,5,NSGA2-MATCHED,nsga2,True,True,True,288,13,1266,0.2432,1.025518605438987,0.017449992079029118,0.10389797527326375,0.024227255348237314,0.9972601698432141,0.7272727272727273,22,0.9278564783453737,0.050136177351309374,0.03720501988102235,0.03183646650742442,1.0819249399105844,0.4090909090909091,22
magic,primary_geometry_confirmatory,6,HISTORICAL-WS-asrun,historical_ws_asrun,True,True,True,288,12,1261,0.0164,0.8106528885344143,0.1491530008228593,0.11240698832562845,0.07837915987417378,1.3187976809968576,0.42857142857142855,7,0.7595334398963578,0.0827567558719356,0.031804358181359856,0.07837915987417378,1.3187976809968576,0.14285714285714285,7
magic,primary_geometry_confirmatory,6,HISTORICAL-WS,historical_ws,True,True,True,288,12,1261,0.2623,0.800884416345464,0.15473972274666054,0.18501058020638117,0.06431585542981327,2.5324525698149447,0.8947368421052632,19,0.7503809636773203,0.07232693718959156,0.0065730737521681555,0.06431585542981327,2.5324525698149447,0.8421052631578947,19
magic,primary_geometry_confirmatory,6,WS-S,ws_s,True,True,True,288,12,1261,0.1475,0.800884416345464,0.15473972274666054,0.1519093054196655,0.05565820853100424,2.783597578994733,0.8571428571428571,14,0.7503809636773203,0.07232693718959156,0.013434327655261109,0.05565820853100424,2.783597578994733,0.6428571428571429,14
magic,primary_geometry_confirmatory,6,NBI-S,nbi_s,True,True,True,288,12,1261,0.0656,0.8208464268460016,0.15474733594894793,0.0890908340959055,0.041794984586036456,1.0924262728559295,0.5833333333333334,12,0.7690841777374486,0.06798300654056633,0.013725727142429514,0.041794984586036456,1.0924262728559295,0.3333333333333333,12
magic,primary_geometry_confirmatory,6,NBI-R,nbi_r,True,True,True,288,12,1261,0.0984,0.7008348064261996,0.24493840848295134,0.16958985343240718,0.007371842825337348,0.6279733109579183,1.0,10,0.6566404423554849,0.11546961651113029,0.0030313981681627006,0.007371842825337348,0.6279733109579183,0.6,10
magic,primary_geometry_confirmatory,6,ANCHOR-INJECTION-CONTROL,nbi_s_plus_anchors,True,True,True,288,12,1261,,0.8743425970578691,0.10496344072985427,0.08223769301160508,0.19561358735622614,2.138076778129061,0.6153846153846154,13,0.8192069007388555,0.059975393715679365,0.023285700608857332,0.19561358735622614,2.138076778129061,0.3076923076923077,13
magic,primary_geometry_confirmatory,6,GRID,grid,True,True,True,288,12,1261,0.1311,1.0279032426849026,0.0026577550262451197,0.04615322963293394,0.06858921662204612,0.7709171956140186,1.0,13,0.9630840731457418,0.01835362634354413,0.035415280527924045,0.06858921662204612,0.7709171956140186,0.6153846153846154,13
magic,primary_geometry_confirmatory,6,RANDOM,random,True,True,True,288,12,1261,0.0,0.9060699997889174,0.051262555061963117,0.050491812049822914,0.037379408430825684,0.8677839537059234,0.2857142857142857,14,0.8489335860762226,0.0844172632630874,0.07860227245545784,0.037379408430825684,0.8677839537059234,0.0,14
magic,primary_geometry_confirmatory,6,NSGA2-MATCHED,nsga2,True,True,True,288,12,1261,0.2131,0.9616781815005699,0.03860621109521986,0.08537790822065194,0.03533304474681129,1.502931924774705,0.625,24,0.9010351379724879,0.0603952609702692,0.04885319607926767,0.03533304474681129,1.502931924774705,0.5416666666666666,24
magic,primary_geometry_confirmatory,7,HISTORICAL-WS-asrun,historical_ws_asrun,False,True,False,288,7,1259,0.0323,0.7963532031323431,0.14174245914920586,0.155971035798091,0.0935703138778039,1.0165216601454432,0.4,5,0.7775462852493755,0.1089018852155452,0.08971076948330609,0.0935703138778039,1.0165216601454432,0.2,5
magic,primary_geometry_confirmatory,7,HISTORICAL-WS,historical_ws,False,True,False,288,7,1259,0.0323,0.8207819788326226,0.12667141178737676,0.19416046556028432,0.1612105424812046,1.3095374202042689,0.6666666666666666,9,0.801398143600959,0.09414909405144133,0.06200933039377227,0.1612105424812046,1.3095374202042689,0.1111111111111111,9
magic,primary_geometry_confirmatory,7,WS-S,ws_s,False,True,False,288,7,1259,0.0323,0.813699601885901,0.13293022293080708,0.19508189166118478,0.16763583138376345,1.4345310690351825,0.5555555555555556,9,0.7944830262083262,0.09726566118792629,0.06580815563250209,0.16763583138376345,1.4345310690351825,0.1111111111111111,9
magic,primary_geometry_confirmatory,7,NBI-S,nbi_s,False,True,False,288,7,1259,0.0645,0.8554171907740336,0.10955594287962593,0.14794872494842304,0.05133657962792715,0.7510174523905765,0.36363636363636365,11,0.8352153999112767,0.07635912661822404,0.09417537480447283,0.05133657962792715,0.7510174523905765,0.18181818181818182,11
magic,primary_geometry_confirmatory,7,NBI-R,nbi_r,False,True,False,288,7,1259,0.1613,0.7606314882152186,0.177594606076185,0.1708726272597869,0.0763058195865675,1.635238722728598,0.8333333333333334,6,0.7426681851459325,0.14046847424741027,0.026350465485718035,0.0763058195865675,1.635238722728598,0.8333333333333334,6
magic,primary_geometry_confirmatory,7,ANCHOR-INJECTION-CONTROL,nbi_s_plus_anchors,False,True,False,288,7,1259,,0.8888010570025807,0.08567899476255572,0.14641477594409819,0.06426164603025349,0.8647189036120936,0.3076923076923077,13,0.8678108626672104,0.06557598875890204,0.09870330132833323,0.06426164603025349,0.8647189036120936,0.15384615384615385,13
magic,primary_geometry_confirmatory,7,GRID,grid,False,True,False,288,7,1259,0.2258,1.0008807747126531,0.010344730716863494,0.07455302850701721,0.10399613507547469,1.3604827717070809,0.625,16,0.9772436718961861,0.013680280690505779,0.023525619560601244,0.10399613507547469,1.3604827717070809,0.4375,16
magic,primary_geometry_confirmatory,7,RANDOM,random,False,True,False,288,7,1259,0.0,0.8822985048061005,0.10727788242144466,0.10403135842395736,0.06900465564900966,1.09304775093012,0.15384615384615385,13,0.8614618767083092,0.10588888297376453,0.0494189169332745,0.06900465564900966,1.09304775093012,0.0,13
magic,primary_geometry_confirmatory,7,NSGA2-MATCHED,nsga2,False,True,False,288,7,1259,0.2258,0.9325213937942489,0.08426866129110629,0.10106964507493081,0.020656850057108257,0.8780550068873195,0.4444444444444444,18,0.9104986867740268,0.0747816292136449,0.026408562345577914,0.020656850057108257,0.8780550068873195,0.3888888888888889,18
magic,primary_geometry_confirmatory,8,HISTORICAL-WS-asrun,historical_ws_asrun,False,True,False,288,11,1263,0.0667,0.8014761236160569,0.10210851397677857,0.1000685919600598,0.003983728663318931,3.6050279024597485,0.125,16,0.7884494464682696,0.08932710356024764,0.05722662684104096,0.003983728663318931,3.6050279024597485,0.125,16
magic,primary_geometry_confirmatory,8,HISTORICAL-WS,historical_ws,False,True,False,288,11,1263,0.0,0.9288498333853373,0.07381913582836419,0.07931130571793124,0.1542224328324664,2.273222248801938,0.3,10,0.913752905926419,0.058800827802883385,0.04328042839881241,0.1542224328324664,2.273222248801938,0.0,10
magic,primary_geometry_confirmatory,8,WS-S,ws_s,False,True,False,288,11,1263,0.0,0.9288498333853373,0.07381913582836419,0.06977715334359637,0.14596922765014994,3.1622776601683795,0.3,10,0.913752905926419,0.058800827802883385,0.03747940438804526,0.14596922765014994,3.1622776601683795,0.0,10
magic,primary_geometry_confirmatory,8,NBI-S,nbi_s,False,True,False,288,11,1263,0.1333,0.9626272700058025,0.041404036538772886,0.05763262710853577,0.06056536155828045,1.1522383688542772,0.75,8,0.9469813458284922,0.035495772691156814,0.008659927079062272,0.06056536155828045,1.1522383688542772,0.5,8
magic,primary_geometry_confirmatory,8,NBI-R,nbi_r,False,True,False,288,11,1263,0.1667,0.8636535533939885,0.06157918674958826,0.07180349249137404,0.048572765568531344,1.3324088993836616,0.75,8,0.8496162843149758,0.059872091597798695,0.008828291795059113,0.048572765568531344,1.3324088993836616,0.625,8
magic,primary_geometry_confirmatory,8,ANCHOR-INJECTION-CONTROL,nbi_s_plus_anchors,False,True,False,288,11,1263,,0.9691783021141609,0.03559714516735985,0.05122900187425402,0.14193842362047146,1.4740105469787164,0.7777777777777778,9,0.953425901676678,0.03336657918830537,0.007697712959166464,0.14193842362047146,1.4740105469787164,0.5555555555555556,9
magic,primary_geometry_confirmatory,8,GRID,grid,False,True,False,288,11,1263,0.1667,1.0026591246268133,0.004644697767232721,0.04852943804952894,0.0902488049049351,1.2854765005579507,0.8666666666666667,15,0.98636254844577,0.0113218365736844,0.03356298642377791,0.0902488049049351,1.2854765005579507,0.3333333333333333,15
magic,primary_geometry_confirmatory,8,RANDOM,random,False,True,False,288,11,1263,0.1333,0.8644153460066132,0.048890549662752525,0.0909517175676423,0.046059178235719964,0.9724837737507465,0.3333333333333333,12,0.8503656952407033,0.06956447904497336,0.05990303185787563,0.046059178235719964,0.9724837737507465,0.3333333333333333,12
magic,primary_geometry_confirmatory,8,NSGA2-MATCHED,nsga2,False,True,False,288,11,1263,0.2,0.6955592613396498,0.08348592468632395,0.054852196703695504,0.03919313034597593,1.8338879928114138,0.6666666666666666,18,0.6842540887117432,0.15243030394536175,0.0270604774792972,0.03919313034597593,1.8338879928114138,0.3333333333333333,18
magic,primary_geometry_confirmatory,9,HISTORICAL-WS-asrun,historical_ws_asrun,True,True,True,288,17,1269,0.0,0.6643379383738014,0.25205593254404884,0.05120044758980129,0.09116136924037797,1.5578425381886074,0.875,8,0.618859222255718,0.18138431504152336,0.02786630920880646,0.08571517302665349,1.5578074485713584,0.0,8
magic,primary_geometry_confirmatory,9,HISTORICAL-WS,historical_ws,True,True,True,288,17,1269,0.0889,0.8329592766282792,0.11095009041234483,0.10144562167457663,0.15296806350188666,1.981750962869193,0.7,10,0.7719063808218168,0.09327416354091353,0.05885259299414643,0.1438915012371424,1.9688876735191727,0.4,10
magic,primary_geometry_confirmatory,9,WS-S,ws_s,True,True,True,288,17,1269,0.1111,0.8224870448051874,0.11747240836692487,0.10721659545072347,0.09975298797746196,1.2929857251600052,0.8181818181818182,11,0.7620999726979983,0.09937310032954752,0.03545616654255263,0.09436999782466175,1.286060645363262,0.45454545454545453,11
magic,primary_geometry_confirmatory,9,NBI-S,nbi_s,True,True,True,288,17,1269,0.1111,0.9476440241530992,0.052369980133792196,0.05704318292135119,0.05912036869825128,0.8342387276451463,0.75,12,0.8795552987508198,0.04911043646497861,0.03647211628154275,0.057785350002279676,0.8350739301957096,0.4166666666666667,12
magic,primary_geometry_confirmatory,9,NBI-R,nbi_r,True,True,True,288,17,1269,0.1111,0.9190859725528293,0.06696533465602657,0.08083193870555715,0.01393743310411711,0.3195103205886945,0.75,12,0.8523918618307942,0.06929931710580839,0.0381257659880757,0.01416919377351775,0.3348187366271132,0.4166666666666667,12
magic,primary_geometry_confirmatory,9,ANCHOR-INJECTION-CONTROL,nbi_s_plus_anchors,True,True,True,288,17,1269,,0.9629660623641236,0.042742889521564256,0.052655245773554946,0.05223480283776989,0.7417879741982224,0.7692307692307693,13,0.8925014551535314,0.04281332404216024,0.04070207533450987,0.04995917960139969,0.7314923907485241,0.38461538461538464,13
magic,primary_geometry_confirmatory,9,GRID,grid,True,True,True,288,17,1269,0.2222,1.0350553596721628,0.002968297061508013,0.03224458964896799,0.05648546368428344,1.1551278633050936,1.0,19,0.9593599839569292,0.015322781963130708,0.02103861692296453,0.05491671397989217,1.1404376735051711,0.5263157894736842,19
magic,primary_geometry_confirmatory,9,RANDOM,random,True,True,True,288,17,1269,0.0667,0.8666071307321112,0.0690073714331261,0.07529078625123006,0.03861997480457551,0.9071034582388875,0.46153846153846156,13,0.8004683701524528,0.12149758730685115,0.07465557625558453,0.03617225982778269,0.8828838888341558,0.23076923076923078,13
magic,primary_geometry_confirmatory,9,NSGA2-MATCHED,nsga2,True,True,True,288,17,1269,0.2,0.9735765869338169,0.03891527889069399,0.07642853278098406,0.021579528717726993,1.0086492104270162,0.375,32,0.8993541344699716,0.07150070909360043,0.052334986597808636,0.021713417998329813,1.0195948244680277,0.28125,32
magic,primary_geometry_confirmatory,10,HISTORICAL-WS-asrun,historical_ws_asrun,False,True,False,288,8,1261,0.0213,0.6770136339994763,0.2272332829858278,0.16021365660698195,0.020603330816048166,0.9130161759535848,0.2,5,0.6428847676723265,0.21071433082112706,0.05112109481442465,0.020603330816048166,0.9130161759535848,0.2,5
magic,primary_geometry_confirmatory,10,HISTORICAL-WS,historical_ws,False,True,False,288,8,1261,0.0213,0.832006576316756,0.11118743762942816,0.17395753782567644,0.03761825795847035,2.2876513083981713,0.6470588235294118,17,0.7900643763367093,0.09814515734450854,0.03438940003213494,0.03761825795847035,2.2876513083981713,0.058823529411764705,17
magic,primary_geometry_confirmatory,10,WS-S,ws_s,False,True,False,288,8,1261,0.0,0.8360931879335307,0.11118743762942819,0.17547037554578593,0.04331792529949435,2.3051001876890953,0.5555555555555556,18,0.7939449781855922,0.0980793584513388,0.03906064370313777,0.04331792529949435,2.3051001876890953,0.0,18
magic,primary_geometry_confirmatory,10,NBI-S,nbi_s,False,True,False,288,8,1261,0.1277,0.8758971742783511,0.09424549610135387,0.10658951928669434,0.0509198975197447,1.1184948796636243,0.5384615384615384,13,0.8317424097713526,0.08785185023524733,0.03762439664430015,0.0509198975197447,1.1184948796636243,0.46153846153846156,13
magic,primary_geometry_confirmatory,10,NBI-R,nbi_r,False,True,False,288,8,1261,0.0638,0.7885310435661183,0.15478119856128814,0.17802306940916382,0.09374110421078043,1.5304070042215299,0.5,12,0.748780484302349,0.1487981655064445,0.057596028418437605,0.09374110421078043,1.5304070042215299,0.25,12
magic,primary_geometry_confirmatory,10,ANCHOR-INJECTION-CONTROL,nbi_s_plus_anchors,False,True,False,288,8,1261,,0.8966295849632798,0.06319134638293253,0.0989759821947876,0.13779824521699538,1.7208675952859516,0.5714285714285714,14,0.8514296809829071,0.08256603751721817,0.042390168206792186,0.13779824521699538,1.7208675952859516,0.42857142857142855,14
magic,primary_geometry_confirmatory,10,GRID,grid,False,True,False,288,8,1261,0.1915,1.0203199527503384,0.005492590928552586,0.03894490975633318,0.07573505304006446,1.301138128461715,0.7777777777777778,18,0.9688847060587377,0.02169282633938227,0.03410109296484531,0.07573505304006446,1.301138128461715,0.5,18
magic,primary_geometry_confirmatory,10,RANDOM,random,False,True,False,288,8,1261,0.0,0.9432719801146909,0.04937689695157678,0.07904104442399928,0.04696439936171519,0.6547893796598785,0.5,12,0.8957207910355282,0.06248778602997868,0.0624741871856914,0.04696439936171519,0.6547893796598785,0.0,12
magic,primary_geometry_confirmatory,10,NSGA2-MATCHED,nsga2,False,True,False,288,8,1261,0.4681,0.9743715568959427,0.05783945886171744,0.10669691066406306,0.017012462484536063,1.3854703797174281,0.7,40,0.925252610174252,0.0439699142074299,0.030829053018748144,0.017012462484536063,1.3854703797174281,0.55,40
magic,primary_geometry_confirmatory,11,HISTORICAL-WS-asrun,historical_ws_asrun,False,True,False,288,11,1264,0.0556,0.7238780864323188,0.19004305954972753,0.14784042896312294,0.09098886844086693,1.7625171850020793,0.7142857142857143,7,0.6851158559670812,0.1819967655350479,0.027023739331958733,0.08988566025542932,1.6743315579648614,0.2857142857142857,7
magic,primary_geometry_confirmatory,11,HISTORICAL-WS,historical_ws,False,True,False,288,11,1264,0.0833,0.7902841304620317,0.1513864938701733,0.1611359794515032,0.10400618761375788,1.3176843630559192,0.8,10,0.7060822213946535,0.1333700458788041,0.05312079198032331,0.1052310366031653,1.2592041604967639,0.3,10
magic,primary_geometry_confirmatory,11,WS-S,ws_s,False,True,False,288,11,1264,0.0278,0.7808470323516259,0.1516063946729595,0.16368358015270737,0.1967824459267247,1.5496960226284502,0.6666666666666666,6,0.6940647998102801,0.13502799467177237,0.07153135502907289,0.19132805025260202,1.4281256564226978,0.3333333333333333,6
magic,primary_geometry_confirmatory,11,NBI-S,nbi_s,False,True,False,288,11,1264,0.1389,0.950783707628614,0.050427448430608646,0.07918815308917664,0.0926523414348198,0.7759238454953948,0.8571428571428571,7,0.9066174520531766,0.06611593541073751,0.0038030904905096688,0.0899827389110854,0.7706209503802218,0.8571428571428571,7
magic,primary_geometry_confirmatory,11,NBI-R,nbi_r,False,True,False,288,11,1264,0.1111,0.6971188030151159,0.2154881208598791,0.12875813556999932,0.0275035023975633,0.9245644189826082,1.0,6,0.660295867504715,0.19366514908904203,0.00842786586212572,0.02646310252703243,0.9205393317776135,0.6666666666666666,6
magic,primary_geometry_confirmatory,11,ANCHOR-INJECTION-CONTROL,nbi_s_plus_anchors,False,True,False,288,11,1264,,0.9516736778024306,0.04544682214262989,0.08385339566055638,0.27318283747725186,1.2871307744792313,0.75,8,0.9066174520531766,0.06611593541073751,0.05806451471143795,0.360874739615943,1.490934418132673,0.75,8
magic,primary_geometry_confirmatory,11,GRID,grid,False,True,False,288,11,1264,0.1111,1.0153025655245715,0.003967071724895091,0.0495535068433764,0.05390502604955729,0.7742355676709617,0.8666666666666667,15,0.9437934832580979,0.04402933569989345,0.05642208669037037,0.05930843930290914,0.7451660630584951,0.4,15
magic,primary_geometry_confirmatory,11,RANDOM,random,False,True,False,288,11,1264,0.0278,0.9106423759697079,0.05918388013953097,0.11201235813061183,0.024086067568224494,0.4841578158040543,0.3076923076923077,13,0.8166897496300854,0.09778631451796872,0.08008989582870801,0.023785236578196048,0.44236697930391283,0.07692307692307693,13
magic,primary_geometry_confirmatory,11,NSGA2-MATCHED,nsga2,False,True,False,288,11,1264,0.3611,0.9981650349496372,0.03205944471113053,0.09633642433425946,0.015092473068589556,0.8805574780979288,0.7058823529411765,34,0.8951583605369297,0.054393393898605036,0.03737513289659172,0.0190137845994134,0.9607757175091169,0.38235294117647056,34
magic,primary_geometry_confirmatory,12,HISTORICAL-WS-asrun,historical_ws_asrun,False,True,False,288,10,1262,0.0,0.7039654043120052,0.20043249630566176,0.13547898521816626,0.07746110684665189,1.2648925725876505,0.16666666666666666,6,0.6467240793470418,0.24612630210401915,0.08836434840174612,0.07232513300418164,1.2583124627003055,0.0,6
magic,primary_geometry_confirmatory,12,HISTORICAL-WS,historical_ws,False,True,False,288,10,1262,0.0,0.7392491554962042,0.17197570900790377,0.17842890793458616,0.12762955856780522,4.123105625617661,0.5882352941176471,17,0.6805819406031706,0.21972690018433533,0.0893780407603827,0.12153980516516004,4.123105625617661,0.0,17
magic,primary_geometry_confirmatory,12,WS-S,ws_s,False,True,False,288,10,1262,0.0,0.8726561955573463,0.07539008156726149,0.15906656226647148,0.048804182587791456,3.605551275463989,0.6923076923076923,13,0.7965550912048319,0.11681514727971923,0.06781828852804726,0.04801301641095877,3.605551275463989,0.0,13
magic,primary_geometry_confirmatory,12,NBI-S,nbi_s,False,True,False,288,10,1262,0.075,0.8638367436315558,0.10610124317568655,0.09556766940733673,0.027709813300573972,0.9008268207073236,0.5,14,0.7988706805767338,0.14577325509889677,0.04450361912895588,0.027321143368039705,0.8782134215298023,0.21428571428571427,14
magic,primary_geometry_confirmatory,12,NBI-R,nbi_r,False,True,False,288,10,1262,0.075,0.8646107145497961,0.11170509927851077,0.08847407537807565,0.036807892134395254,0.44026210073356714,0.6,5,0.7979164257502585,0.14503529922783293,0.027637293076208047,0.03955845310400851,0.44884547946995973,0.6,5
magic,primary_geometry_confirmatory,12,ANCHOR-INJECTION-CONTROL,nbi_s_plus_anchors,False,True,False,288,10,1262,,0.9680926745171279,0.05728052556877501,0.08919649144684762,0.08536494692337254,1.6489751245310063,0.5333333333333333,15,0.8776319131758403,0.07668083882693723,0.0434701266813325,0.09368931716720327,1.722223161369485,0.2,15
magic,primary_geometry_confirmatory,12,GRID,grid,False,True,False,288,10,1262,0.125,1.0127744865138553,0.01061769092587646,0.05294902755210782,0.07861473798951102,1.1100035578901806,0.6470588235294118,17,0.9186706479174026,0.056581600884496916,0.053974404142056565,0.08662770050272386,1.1565933319252344,0.29411764705882354,17
magic,primary_geometry_confirmatory,12,RANDOM,random,False,True,False,288,10,1262,0.0,0.9019728819424164,0.07676452639593438,0.09898552622608531,0.050383442282593456,1.2174023450136398,0.3333333333333333,15,0.8037779399968195,0.09440971178089706,0.07488635488834731,0.058692233295759816,1.2980059826692147,0.0,15
magic,primary_geometry_confirmatory,12,NSGA2-MATCHED,nsga2,False,True,False,288,10,1262,0.625,0.9836137292434214,0.06124689967664263,0.11932796372603864,0.009927444918329491,0.8734867831016394,0.6923076923076923,39,0.8684533473839579,0.04707754523653083,0.0364852869031654,0.009762560466399539,0.8600140802731328,0.6410256410256411,39
magic,primary_geometry_confirmatory,13,HISTORICAL-WS-asrun,historical_ws_asrun,True,True,True,288,13,1266,0.0,0.7682612088062446,0.1332095577687882,0.12176591810165306,0.0160732550875337,1.4959930169939006,0.0,13,0.7284894870518099,0.1554824526730907,0.11861931441838786,0.016041962904638205,1.4624982559524662,0.0,13
magic,primary_geometry_confirmatory,13,HISTORICAL-WS,historical_ws,True,True,True,288,13,1266,0.0,0.8969895652866495,0.08468616117393045,0.052650806135183886,0.177260451582522,1.741948914410329,0.5555555555555556,9,0.8641584012370491,0.07891145703030554,0.04100113067127759,0.17611487649019525,1.6766735670549946,0.1111111111111111,9
magic,primary_geometry_confirmatory,13,WS-S,ws_s,True,True,True,288,13,1266,0.087,0.9055428614406947,0.07718822775117774,0.057282057142889996,0.18432641394217306,2.0069286250229936,0.6,10,0.8767994389697221,0.0680294050327966,0.030374605376736714,0.1830000986771214,1.9356551242172713,0.5,10
magic,primary_geometry_confirmatory,13,NBI-S,nbi_s,True,True,True,288,13,1266,0.1304,0.9411727226476565,0.0519177840772482,0.04829873347988432,0.0483414408153353,0.9035920660910142,0.5384615384615384,13,0.921209889389176,0.049610322432533376,0.031075429326143208,0.0582885938204926,0.937237965371516,0.46153846153846156,13
magic,primary_geometry_confirmatory,13,NBI-R,nbi_r,True,True,True,288,13,1266,0.0435,0.8771590569691853,0.07286860813200344,0.07033450909641674,0.06485993160692403,1.1672633403105506,0.2222222222222222,9,0.8454545999390087,0.07834231907472276,0.04920973825930076,0.08039371253720101,1.2278081580968105,0.2222222222222222,9
magic,primary_geometry_confirmatory,13,ANCHOR-INJECTION-CONTROL,nbi_s_plus_anchors,True,True,True,288,13,1266,,0.9459578022234777,0.0490656631893579,0.04869967160145777,0.05560977492091137,0.9001914441004732,0.5,14,0.921209889389176,0.049610322432533376,0.04171072841359572,0.06772631500486602,0.9342815846012108,0.42857142857142855,14
magic,primary_geometry_confirmatory,13,GRID,grid,True,True,True,288,13,1266,0.1739,0.9907537784699948,0.009320548128090262,0.035402671182805295,0.04521879230450931,0.915921197726367,0.8461538461538461,13,0.9671726886585638,0.015320675406824734,0.032140176381155086,0.054041918848062295,0.9325310909150845,0.6153846153846154,13
magic,primary_geometry_confirmatory,13,RANDOM,random,True,True,True,288,13,1266,0.0217,0.8381120557576383,0.07331374919547615,0.07656281349770792,0.020139531194722768,0.9482376191745524,0.17647058823529413,17,0.7818172540567679,0.1252902024580527,0.07079718845309883,0.02369262037787415,1.0075944675382216,0.058823529411764705,17
magic,primary_geometry_confirmatory,13,NSGA2-MATCHED,nsga2,True,True,True,288,13,1266,0.413,0.94693381868112,0.028638452908541053,0.045004762654579866,0.009084178380770339,0.822321303029268,0.71875,32,0.9101268072019981,0.043124871590911565,0.009135368518103072,0.011069277178714535,0.900482193522909,0.59375,32
magic,primary_geometry_confirmatory,14,HISTORICAL-WS-asrun,historical_ws_asrun,False,True,False,288,9,1264,0.0,0.8913107072169104,0.06348490259537837,0.03706760700120788,0.021393145055887856,2.106175113897415,0.08333333333333333,12,0.882574425179799,0.06285000348812174,0.03323172210689981,0.021393145055887856,2.106175113897415,0.0,12
magic,primary_geometry_confirmatory,14,HISTORICAL-WS,historical_ws,False,True,False,288,9,1264,0.0385,0.9342768294814863,0.06016048431113566,0.03521742803044255,0.09734503450305163,1.8925511070262504,0.4444444444444444,9,0.9251194101696792,0.06302379108943264,0.025787012353009058,0.09734503450305163,1.8925511070262504,0.1111111111111111,9
magic,primary_geometry_confirmatory,14,WS-S,ws_s,False,True,False,288,9,1264,0.0385,0.9377931760083872,0.05726449629003844,0.04478224897167177,0.08752843992197937,2.174231229158714,0.3333333333333333,9,0.928601290831029,0.05888357985288033,0.029299458831865403,0.08752843992197937,2.174231229158714,0.1111111111111111,9
magic,primary_geometry_confirmatory,14,NBI-S,nbi_s,False,True,False,288,9,1264,0.1538,0.9442927481824365,0.051293950228760044,0.04134643145290541,0.07592041778711696,1.3493917455315898,0.6,10,0.935037156718176,0.05176425763710462,0.019897262831410988,0.07592041778711696,1.3493917455315898,0.4,10
magic,primary_geometry_confirmatory,14,NBI-R,nbi_r,False,True,False,288,9,1264,0.0,0.8511352588376461,0.08030114337506827,0.04429804195815634,0.015636464270312945,1.1413297016333936,0.42857142857142855,7,0.8427927609716063,0.07444611075698905,0.026908017081017314,0.015636464270312945,1.1413297016333936,0.0,7
magic,primary_geometry_confirmatory,14,ANCHOR-INJECTION-CONTROL,nbi_s_plus_anchors,False,True,False,288,9,1264,,0.9443314959466822,0.051293950228760044,0.0526122111398007,0.12554043750446503,1.5764449757240018,0.5,12,0.9350755246918571,0.05176425763710462,0.033613295143897486,0.12554043750446503,1.5764449757240018,0.3333333333333333,12
magic,primary_geometry_confirmatory,14,GRID,grid,False,True,False,288,9,1264,0.3462,1.0026471986383565,0.002245357784261756,0.02719254823069061,0.07452807818275892,1.7440128189478137,0.8125,16,0.9928196394717271,0.004664558614948746,0.009339567723920469,0.07452807818275892,1.7440128189478137,0.5625,16
magic,primary_geometry_confirmatory,14,RANDOM,random,False,True,False,288,9,1264,0.0769,0.8658395306316825,0.07067530885918417,0.06182783240459762,0.06712305511885847,1.5419347203832148,0.36363636363636365,11,0.8573529071936026,0.06659865328418936,0.03238075448019035,0.06712305511885847,1.5419347203832148,0.18181818181818182,11
magic,primary_geometry_confirmatory,14,NSGA2-MATCHED,nsga2,False,True,False,288,9,1264,0.1923,0.8653155545872624,0.06983659875551188,0.042970517881557806,0.04751019731143396,2.695577896333809,0.47058823529411764,17,0.8568340669592516,0.0639842097006813,0.012909913868128165,0.04751019731143396,2.695577896333809,0.29411764705882354,17
magic,primary_geometry_confirmatory,15,HISTORICAL-WS-asrun,historical_ws_asrun,False,True,False,288,12,1263,0.0,0.5796230076561569,0.30890231056767326,0.27416068097077295,0.17907683003448227,2.820377140731654,0.0,10,0.5226738610488684,0.2823887267227965,0.15770515813972869,0.1668948042180107,2.822548119907298,0.0,10
magic,primary_geometry_confirmatory,15,HISTORICAL-WS,historical_ws,False,True,False,288,12,1263,0.04,0.7050892834300068,0.22154686098625742,0.17575131670070043,0.08289941943806443,0.677507279225915,0.3333333333333333,6,0.6312379123275811,0.19009525734008526,0.12903752119666664,0.08127579889844098,0.6741746475259914,0.16666666666666666,6
magic,primary_geometry_confirmatory,15,WS-S,ws_s,False,True,False,288,12,1263,0.04,0.7387442754655719,0.1927910684481643,0.17470609556123134,0.08495955865543209,0.9059298067765797,0.3333333333333333,9,0.6499316584336444,0.1719647547531717,0.1408912113985946,0.08250851420555172,0.9064001948155616,0.1111111111111111,9
magic,primary_geometry_confirmatory,15,NBI-S,nbi_s,False,True,False,288,12,1263,0.12,0.880671994758331,0.08180840450576941,0.116954646166951,0.07824976751383869,0.9970238348814446,0.4166666666666667,12,0.7901265596391182,0.10670651563971344,0.06449766329905311,0.08541697810632688,1.0622355085494086,0.25,12
magic,primary_geometry_confirmatory,15,NBI-R,nbi_r,False,True,False,288,12,1263,0.16,0.8554456647972507,0.10618240692945857,0.11993959564687505,0.10656907894416329,1.1711223373009707,0.6666666666666666,9,0.7653781457309771,0.11925385015061878,0.047161241685232703,0.11335232257744789,1.1965790413658293,0.4444444444444444,9
magic,primary_geometry_confirmatory,15,ANCHOR-INJECTION-CONTROL,nbi_s_plus_anchors,False,True,False,288,12,1263,,0.9024072002947789,0.05708972175896113,0.11954201179416557,0.10462427162951611,1.1933396044734979,0.42857142857142855,14,0.7911484195456145,0.09957011378564858,0.07302495172023457,0.11528817595154787,1.261502771317232,0.21428571428571427,14
magic,primary_geometry_confirmatory,15,GRID,grid,False,True,False,288,12,1263,0.12,1.034311599500477,0.004091659644226323,0.06019609490582239,0.10748076853779841,0.7331700865977812,1.0,9,0.9265757389821476,0.04445573394564504,0.037177024825405636,0.11631683548693171,0.7592122276874268,0.3333333333333333,9
magic,primary_geometry_confirmatory,15,RANDOM,random,False,True,False,288,12,1263,0.0,0.9262426902689448,0.035847003748878774,0.08800148624799205,0.07855184500918345,1.198650974560906,0.5625,16,0.8103993491777498,0.11057867944463558,0.08914664472088782,0.08007324945730063,1.2107997327555913,0.0,16
magic,primary_geometry_confirmatory,15,NSGA2-MATCHED,nsga2,False,True,False,288,12,1263,0.44,1.0567335466058254,0.015261853202099114,0.0999908289408751,0.0210807811182398,1.0595548578523701,0.7058823529411765,34,0.9327647707247624,0.040646118143859475,0.04632874747821185,0.02248297968460094,1.1242112215470161,0.3235294117647059,34
magic,primary_geometry_confirmatory,16,HISTORICAL-WS-asrun,historical_ws_asrun,True,True,True,288,24,1278,0.0,0.6687177905788363,0.24049531935890386,0.13196625812307913,0.0890829163385154,1.018847978021033,0.0,7,0.5853559315589063,0.24713974563399627,0.10606628175756283,0.1033359604666195,1.046222297239701,0.0,7
magic,primary_geometry_confirmatory,16,HISTORICAL-WS,historical_ws,True,True,True,288,24,1278,0.0625,0.7656249132667464,0.17696485955501765,0.07791894617341427,0.05292052881544175,1.072843430505051,0.7272727272727273,11,0.6776468886446946,0.16839425860716106,0.060824951876318666,0.059258694935926885,1.0590425542419006,0.18181818181818182,11
magic,primary_geometry_confirmatory,16,WS-S,ws_s,True,True,True,288,24,1278,0.0312,0.7362274174670952,0.17955070262378525,0.07110827680806281,0.12347486381545648,1.3248928377483757,0.5714285714285714,7,0.6512471387486188,0.17671192561040744,0.07968879831147899,0.14271840633075383,1.3463814227977953,0.14285714285714285,7
magic,primary_geometry_confirmatory,16,NBI-S,nbi_s,True,True,True,288,24,1278,0.0938,0.9386489846648114,0.04830156597796991,0.04669633923397472,0.13760664234820352,1.4603932753966373,0.8181818181818182,11,0.8789434125559501,0.05789861909843596,0.06947470776223227,0.14524110224991102,1.4057915894431317,0.2727272727272727,11
magic,primary_geometry_confirmatory,16,NBI-R,nbi_r,True,True,True,288,24,1278,0.0625,0.6790775561498539,0.24370621358960096,0.12749154138927046,0.009579212708627006,0.43456395117417945,0.5,6,0.5974742020987823,0.23908450915621907,0.0418595175459996,0.011106791478190435,0.44567602473274937,0.3333333333333333,6
magic,primary_geometry_confirmatory,16,ANCHOR-INJECTION-CONTROL,nbi_s_plus_anchors,True,True,True,288,24,1278,,0.9481162554253115,0.04327795809619661,0.04280497763114349,0.12560720743630321,1.224110091684438,0.8333333333333334,12,0.8899356978252696,0.05349417214031274,0.0721927620595238,0.13261891102393375,1.1941929983558504,0.25,12
magic,primary_geometry_confirmatory,16,GRID,grid,True,True,True,288,24,1278,0.2188,1.0176873961913662,0.0020920429707011827,0.041234313203004525,0.0704596981387231,0.8537399638906191,0.9230769230769231,13,0.9700510415807657,0.019137058991477038,0.01753969864211839,0.07397642693595473,0.8376834702342911,0.5384615384615384,13
magic,primary_geometry_confirmatory,16,RANDOM,random,True,True,True,288,24,1278,0.0312,0.8781869259835767,0.03759097237458341,0.08882551166896098,0.04047533423128846,0.686453354651263,0.42857142857142855,14,0.8398654321234303,0.08306670540408612,0.0740785372395331,0.042858461866593395,0.6668327047578823,0.07142857142857142,14
magic,primary_geometry_confirmatory,16,NSGA2-MATCHED,nsga2,True,True,True,288,24,1278,0.3438,0.9357901600577809,0.0298725309843504,0.08620562760732509,0.012479806220076817,0.9390075565376227,0.6666666666666666,30,0.907614683710401,0.047601603389519846,0.03246155843523405,0.01391358514992236,0.9520970875839081,0.36666666666666664,30
magic,primary_geometry_confirmatory,17,HISTORICAL-WS-asrun,historical_ws_asrun,False,True,False,288,17,1269,0.0,0.8523175319798468,0.07547829744907524,0.06065956727598083,0.023229988489544447,2.7015651739243296,0.0,15,0.8405507596062571,0.08230770741300066,0.054225665298308634,0.023229988489544447,2.7015651739243296,0.0,15
magic,primary_geometry_confirmatory,17,HISTORICAL-WS,historical_ws,False,True,False,288,17,1269,0.0465,0.9579615802179084,0.031063395626445008,0.021027775527517195,0.034073205611790815,1.7869070416071806,0.4,10,0.9447363262085436,0.035040591959010846,0.0076257036874330195,0.034073205611790815,1.7869070416071806,0.2,10
magic,primary_geometry_confirmatory,17,WS-S,ws_s,False,True,False,288,17,1269,0.0698,0.9643545099892555,0.025051675729554593,0.02149702535332727,0.017354933328415655,0.8983069502835188,0.6666666666666666,9,0.9510409976177225,0.030323920792539406,0.005801175887113212,0.017354933328415655,0.8983069502835188,0.3333333333333333,9
magic,primary_geometry_confirmatory,17,NBI-S,nbi_s,False,True,False,288,17,1269,0.1628,0.9600823533351974,0.03177335895939888,0.03535471221895257,0.01769121868550142,0.7190929895188856,0.8333333333333334,12,0.9468278207370545,0.030249547606459506,0.004423752847943513,0.01769121868550142,0.7190929895188856,0.5833333333333334,12
magic,primary_geometry_confirmatory,17,NBI-R,nbi_r,False,True,False,288,17,1269,0.0698,0.8672713760919544,0.05717877021333305,0.031255842911179284,0.005856952028208953,0.7546796761213004,0.6666666666666666,9,0.8552981566218599,0.057415297927483795,0.005966165920738672,0.005856952028208953,0.7546796761213004,0.3333333333333333,9
magic,primary_geometry_confirmatory,17,ANCHOR-INJECTION-CONTROL,nbi_s_plus_anchors,False,True,False,288,17,1269,,0.9666618729014035,0.02729816185952813,0.03263511897134083,0.14837674766961997,2.262896191919362,0.8461538461538461,13,0.9533165059531994,0.028480283636743167,0.009555660759119209,0.14837674766961997,2.262896191919362,0.5384615384615384,13
magic,primary_geometry_confirmatory,17,GRID,grid,False,True,False,288,17,1269,0.2791,1.00667934976144,0.00011653323630601107,0.014862066688000695,0.0416010723224917,1.2433980249704053,1.0,20,0.9927815167152034,0.006154618351328186,0.01140803357626625,0.0416010723224917,1.2433980249704053,0.6,20
magic,primary_geometry_confirmatory,17,RANDOM,random,False,True,False,288,17,1269,0.0698,0.8705424072394984,0.044345943653890905,0.02378611661707043,0.02152936678314355,0.7617699463980855,0.8333333333333334,12,0.8585240291548081,0.06148747891214225,0.015250552183414303,0.02152936678314355,0.7617699463980855,0.25,12
magic,primary_geometry_confirmatory,17,NSGA2-MATCHED,nsga2,False,True,False,288,17,1269,0.186,0.8885598789909459,0.03969056786744711,0.03329473975341332,0.010202711625066665,1.302100729097273,0.6551724137931034,29,0.8762927585292749,0.05553204956373132,0.021755853892352992,0.010202711625066665,1.302100729097273,0.27586206896551724,29
magic,primary_geometry_confirmatory,18,HISTORICAL-WS-asrun,historical_ws_asrun,False,True,False,288,19,1268,0.0,0.7018357957144752,0.15981793340766762,0.12459194218046396,0.030154951363882628,2.6538819285041995,0.0,14,0.5704841344570568,0.22632958132935954,0.12077945355342236,0.030857058643506116,2.659226222187048,0.0,14
magic,primary_geometry_confirmatory,18,HISTORICAL-WS,historical_ws,False,True,False,288,19,1268,0.0159,0.9534303553187297,0.040706324349534986,0.06413555249910621,0.02926135760964239,2.308257688726791,0.23076923076923078,13,0.9274508763216303,0.05327625012422861,0.037051903968887016,0.04367555365262341,2.3437148704857416,0.07692307692307693,13
magic,primary_geometry_confirmatory,18,WS-S,ws_s,False,True,False,288,19,1268,0.0317,0.9534691499120479,0.0406390738491397,0.05273209333983864,0.03240597943708059,2.0151219960258007,0.3,10,0.9275131955167463,0.05312043147094673,0.024495644079781168,0.04832564535789737,2.0250295952661443,0.2,10
magic,primary_geometry_confirmatory,18,NBI-S,nbi_s,False,True,False,288,19,1268,0.0952,0.9640707169918213,0.039232480749791895,0.0432045053333588,0.030622198824180984,0.6997592500895645,0.6666666666666666,9,0.9445446576465422,0.04351603191892282,0.009414309686423539,0.04733649620285038,0.8514059014983986,0.6666666666666666,9
magic,primary_geometry_confirmatory,18,NBI-R,nbi_r,False,True,False,288,19,1268,0.0794,0.9391170128151876,0.05888005051078695,0.042084768450162464,0.0189089880235334,0.9585873811216088,0.7272727272727273,11,0.9209662617085277,0.05772391741736861,0.011199223743955255,0.02455365675668354,0.9816882547356492,0.45454545454545453,11
magic,primary_geometry_confirmatory,18,ANCHOR-INJECTION-CONTROL,nbi_s_plus_anchors,False,True,False,288,19,1268,,0.9737949386491274,0.03388595907720664,0.038884054800022924,0.14013779532838544,1.6036548216198703,0.7,10,0.9445446576465422,0.04351603191892282,0.04534203908527113,0.21562424164604643,1.7582511589842929,0.6,10
magic,primary_geometry_confirmatory,18,GRID,grid,False,True,False,288,19,1268,0.1429,1.005031498372048,0.00048297185328459577,0.011538738871249997,0.07071777539227625,2.3604229931788456,0.9130434782608695,23,0.977534470065864,0.01617695966323937,0.035324266262592705,0.10688236325684472,2.478815021831023,0.391304347826087,23
magic,primary_geometry_confirmatory,18,RANDOM,random,False,True,False,288,19,1268,0.0159,0.8990025646301677,0.044759979947539975,0.04512478365755155,0.05084410825504067,1.367654708613839,0.7857142857142857,14,0.8076439868443313,0.08030296454885262,0.05820000224702161,0.07299117269060015,1.406937871508818,0.07142857142857142,14
magic,primary_geometry_confirmatory,18,NSGA2-MATCHED,nsga2,False,True,False,288,19,1268,0.5397,0.950214258469639,0.030757298578838875,0.04442783359966222,0.008522847203261519,1.5431333034891248,0.8723404255319149,47,0.8856473784564785,0.045801879826571947,0.007845979078902138,0.01211403511555893,1.7591605543620399,0.723404255319149,47
magic,primary_geometry_confirmatory,19,HISTORICAL-WS-asrun,historical_ws_asrun,False,True,False,288,14,1264,0.0,0.913238400669847,0.07247906125188518,0.0453507501398867,0.016714448750130017,0.8312754493340152,0.375,8,0.9003149807937654,0.07358823150978633,0.03070020854235852,0.016863841965486622,0.8289415450752561,0.0,8
magic,primary_geometry_confirmatory,19,HISTORICAL-WS,historical_ws,False,True,False,288,14,1264,0.0926,0.952297656855759,0.05395610762294722,0.027168778057350632,0.029127928981095282,2.509379237310438,0.5714285714285714,14,0.9398440133800348,0.05253146333019076,0.00861741933846366,0.029450042999795516,2.5169121898962934,0.35714285714285715,14
magic,primary_geometry_confirmatory,19,WS-S,ws_s,False,True,False,288,14,1264,0.037,0.951071482509327,0.05475193694158419,0.017746533509839058,0.010252224892575731,1.6174045722235475,0.4166666666666667,12,0.9386358976516433,0.05326173741254997,0.00787659882211674,0.010419852277877091,1.6295782647514718,0.16666666666666666,12
magic,primary_geometry_confirmatory,19,NBI-S,nbi_s,False,True,False,288,14,1264,0.0741,0.9597076516160826,0.04931936877850924,0.0341218762030135,0.012656435889250415,0.6404351452428397,0.6153846153846154,13,0.9472088156290737,0.0475688126386096,0.010934875632268606,0.012927559602457365,0.6477091598782627,0.3076923076923077,13
magic,primary_geometry_confirmatory,19,NBI-R,nbi_r,False,True,False,288,14,1264,0.0,0.844952011782593,0.09238668501611183,0.025979254267459093,0.007731870355401206,1.8115902458647903,0.8181818181818182,11,0.8304488293188598,0.08598476016469142,0.015869189346258143,0.007671294855656472,1.8090573329546424,0.0,11
magic,primary_geometry_confirmatory,19,ANCHOR-INJECTION-CONTROL,nbi_s_plus_anchors,False,True,False,288,14,1264,,0.9602368354327664,0.04931936877850924,0.03765587030921954,0.16404572274977422,2.5816610514201077,0.5714285714285714,14,0.9472088156290737,0.0475688126386096,0.018644227436940497,0.16923963165546316,2.598621167795438,0.2857142857142857,14
magic,primary_geometry_confirmatory,19,GRID,grid,False,True,False,288,14,1264,0.2407,1.005036837774228,0.00022176949552404568,0.015591571310166273,0.0350714269615546,0.9748875934700467,1.0,19,0.9924988307672437,0.008745209048525267,0.0048043816017472405,0.035983938899128404,0.9778254364884327,0.6842105263157895,19
magic,primary_geometry_confirmatory,19,RANDOM,random,False,True,False,288,14,1264,0.0185,0.8212866847311878,0.08459616023035839,0.039003104939124934,0.0412587525599721,2.104206175562297,0.35,20,0.8038351561874304,0.08463656633051378,0.026234141785148702,0.04255165735888411,2.1132183759580405,0.05,20
magic,primary_geometry_confirmatory,19,NSGA2-MATCHED,nsga2,False,True,False,288,14,1264,0.4444,0.9032074263666751,0.060842358178787186,0.03827825436604895,0.008557456877921253,1.450789146616205,0.7333333333333333,45,0.8871158204209141,0.05192729462213796,0.014896696000266156,0.008767224787357634,1.4574461010226727,0.5333333333333333,45
magic,primary_geometry_confirmatory,20,HISTORICAL-WS-asrun,historical_ws_asrun,True,True,True,288,14,1267,0.0,0.6326561626841936,0.2483983859248917,0.17117720115420196,0.06218890836463754,1.6683819421949182,0.0,7,0.5706021817292607,0.26705864179595196,0.1582113111918611,0.06570809382013724,1.6618160831159596,0.0,7
magic,primary_geometry_confirmatory,20,HISTORICAL-WS,historical_ws,True,True,True,288,14,1267,0.0769,0.7813489628295918,0.1582940237378836,0.12174942500560522,0.03927900692705112,1.1436412406747607,0.7,10,0.7007525223635805,0.16354580703658492,0.057792133348365714,0.04069797172316214,1.1346228579650153,0.3,10
magic,primary_geometry_confirmatory,20,WS-S,ws_s,True,True,True,288,14,1267,0.0769,0.7952610542365809,0.1524392693056277,0.1181743212575172,0.04288078770386803,0.651693293790994,0.6666666666666666,9,0.6890506619090826,0.16629775984183873,0.06363988030123918,0.05114957228421476,0.6937772171160934,0.3333333333333333,9
magic,primary_geometry_confirmatory,20,NBI-S,nbi_s,True,True,True,288,14,1267,0.0513,0.9222490531667106,0.0575609180520543,0.0773702875055823,0.08833082777603272,0.8878420211212708,0.5555555555555556,9,0.8633603456938369,0.073114494722703,0.034094201323034944,0.1236235401189245,1.02968000951517,0.2222222222222222,9
magic,primary_geometry_confirmatory,20,NBI-R,nbi_r,True,True,True,288,14,1267,0.1026,0.9240095543581655,0.06383485275403059,0.07829197355656851,0.053101654795562746,0.7220224751509016,0.4,10,0.8704898571308651,0.07485106786545383,0.050863814886069766,0.05294112864811943,0.6236680199086734,0.4,10
magic,primary_geometry_confirmatory,20,ANCHOR-INJECTION-CONTROL,nbi_s_plus_anchors,True,True,True,288,14,1267,,0.9611991541379575,0.03158231152281898,0.07105691610469331,0.06722386136528284,0.7338974660697477,0.6666666666666666,9,0.8957241470510975,0.04798871235822875,0.027931092912572383,0.0882419142841541,0.820860064532326,0.2222222222222222,9
magic,primary_geometry_confirmatory,20,GRID,grid,True,True,True,288,14,1267,0.1538,1.012964863781681,0.005208486590774193,0.039479003973760335,0.062345781302483014,1.0504343105650222,1.0,18,0.9478714880523417,0.02552047022444624,0.07215417694157927,0.07817215440068655,1.0295677574300246,0.3333333333333333,18
magic,primary_geometry_confirmatory,20,RANDOM,random,True,True,True,288,14,1267,0.0769,0.9018525551652867,0.06288208694025381,0.05533444018001519,0.12805664648877946,1.3029881750658454,0.4,10,0.8011507652885878,0.09740529537496981,0.06639004992419259,0.14036004787490974,1.2148759276796064,0.3,10
magic,primary_geometry_confirmatory,20,NSGA2-MATCHED,nsga2,True,True,True,288,14,1267,0.3846,0.9967474841962515,0.025975771672277364,0.05492596858394301,0.02591208036574761,1.1977668398323629,0.7931034482758621,29,0.9064063691248775,0.047383453430791166,0.023676531370309527,0.029858723689035537,1.1677500897336224,0.5172413793103449,29
magic,primary_geometry_confirmatory,21,HISTORICAL-WS-asrun,historical_ws_asrun,False,True,False,288,13,1267,0.0312,0.946868359194303,0.05297854851375808,0.06315754346098328,0.028041484750977785,2.131635580237195,0.45454545454545453,11,0.926299989894193,0.05726297224926612,0.0414575825702223,0.028041484750977785,2.131635580237195,0.09090909090909091,11
magic,primary_geometry_confirmatory,21,HISTORICAL-WS,historical_ws,False,True,False,288,13,1267,0.0625,0.9604624866635143,0.03398043960550873,0.018774630844853733,0.020617070170682057,1.6119465238680435,0.2,10,0.9395988186226825,0.035686258706924275,0.010736794329457589,0.020617070170682057,1.6119465238680435,0.2,10
magic,primary_geometry_confirmatory,21,WS-S,ws_s,False,True,False,288,13,1267,0.0625,0.9681705676757633,0.03222888934803861,0.027962488889903277,0.033011514435742,1.5444878632328867,0.25,8,0.9471394606711983,0.03550802485380278,0.010424110202930556,0.033011514435742,1.5444878632328867,0.25,8
magic,primary_geometry_confirmatory,21,NBI-S,nbi_s,False,True,False,288,13,1267,0.0625,0.9674047010388701,0.03250158592905163,0.03450200202140091,0.018249487728803776,1.4238317236022944,0.5,8,0.946390230589608,0.03837257825702001,0.019190600727125376,0.018249487728803776,1.4238317236022944,0.25,8
magic,primary_geometry_confirmatory,21,NBI-R,nbi_r,False,True,False,288,13,1267,0.1562,0.9479484030815233,0.046345420708089995,0.035661455872053216,0.019927161634388818,0.9145205528609442,0.6666666666666666,9,0.9273565725037004,0.04269120515618027,0.008691793710027648,0.019927161634388818,0.9145205528609442,0.5555555555555556,9
magic,primary_geometry_confirmatory,21,ANCHOR-INJECTION-CONTROL,nbi_s_plus_anchors,False,True,False,288,13,1267,,0.9724957362449158,0.028905075031441903,0.030668446241245255,0.15574402864994,2.414060018736786,0.5555555555555556,9,0.9513706756685035,0.036911495704866064,0.029581860894895243,0.15574402864994,2.414060018736786,0.2222222222222222,9
magic,primary_geometry_confirmatory,21,GRID,grid,False,True,False,288,13,1267,0.1562,1.0017723353976753,0.00042825532095199735,0.010653365086250685,0.06276480610669412,0.9424759246422418,1.0,10,0.9800113132354966,0.009521572208941575,0.022981507261735538,0.06276480610669412,0.9424759246422418,0.5,10
magic,primary_geometry_confirmatory,21,RANDOM,random,False,True,False,288,13,1267,0.0,0.860795215038801,0.04247789928202,0.040204682875211346,0.025257543156753957,1.1291773875914959,0.6,15,0.8420965715549792,0.08059773078237342,0.061597564850465886,0.025257543156753957,1.1291773875914959,0.0,15
magic,primary_geometry_confirmatory,21,NSGA2-MATCHED,nsga2,False,True,False,288,13,1267,0.3438,0.935858703111004,0.027329231344418926,0.0383641282744264,0.01630290668747064,1.166239774638937,0.7894736842105263,19,0.915529491313613,0.043075133764485754,0.010361658033929369,0.01630290668747064,1.166239774638937,0.5789473684210527,19
magic,primary_geometry_confirmatory,22,HISTORICAL-WS-asrun,historical_ws_asrun,True,True,True,288,12,1264,0.0,0.7957642356989941,0.1366322267626637,0.14808272744875972,0.07059441030004712,0.9907378670208042,0.5,8,0.7549637374666077,0.08319448771510352,0.05309114720521064,0.07059441030004712,0.9907378670208042,0.0,8
magic,primary_geometry_confirmatory,22,HISTORICAL-WS,historical_ws,True,True,True,288,12,1264,0.2647,0.8954125819972536,0.07177275846420451,0.15028605235360143,0.10772705532681472,2.4343544257630105,0.9473684210526315,19,0.8495029044443979,0.034273103383534176,0.0037609942897295205,0.10772705532681472,2.4343544257630105,0.9473684210526315,19
magic,primary_geometry_confirmatory,22,WS-S,ws_s,True,True,True,288,12,1264,0.2206,0.8929873226869386,0.07066616348279388,0.14300680472818955,0.10639386579946886,2.188607881633891,0.9375,16,0.8472019932560071,0.03414628267168638,0.004466180719053805,0.10639386579946886,2.188607881633891,0.9375,16
magic,primary_geometry_confirmatory,22,NBI-S,nbi_s,True,True,True,288,12,1264,0.1176,0.9509715946271405,0.04337672368248172,0.09903772232100168,0.045014756697027494,1.1603825388248414,0.9090909090909091,11,0.902213290188449,0.025642551527142336,0.0034591423657505628,0.045014756697027494,1.1603825388248414,0.7272727272727273,11
magic,primary_geometry_confirmatory,22,NBI-R,nbi_r,True,True,True,288,12,1264,0.0882,0.9018410003999499,0.07197505754451912,0.16710250796948464,0.017788842657234117,0.8292482178979699,0.9090909090909091,11,0.8556017243782137,0.04203414219064719,0.009659224345458264,0.017788842657234117,0.8292482178979699,0.5454545454545454,11
magic,primary_geometry_confirmatory,22,ANCHOR-INJECTION-CONTROL,nbi_s_plus_anchors,True,True,True,288,12,1264,,1.0219646038676888,0.017831798121059634,0.09078457879425154,0.0992195022620155,1.5322693457838712,0.9166666666666666,12,0.9695663392271083,0.016244038776706625,0.003170880501938016,0.0992195022620155,1.5322693457838712,0.75,12
magic,primary_geometry_confirmatory,22,GRID,grid,True,True,True,288,12,1264,0.1176,0.9913045319920675,0.008145198141328205,0.0392117695658104,0.05213115388455507,1.0952745006540625,0.7272727272727273,22,0.9404782734209322,0.014398892322488754,0.050183162969028854,0.05213115388455507,1.0952745006540625,0.36363636363636365,22
magic,primary_geometry_confirmatory,22,RANDOM,random,True,True,True,288,12,1264,0.0147,0.8779193804350233,0.07554081640173756,0.07645131393814145,0.02282609025008809,0.6031610174517756,0.45454545454545453,11,0.8329066159468664,0.09533078589742885,0.07512887312102255,0.02282609025008809,0.6031610174517756,0.09090909090909091,11
magic,primary_geometry_confirmatory,22,NSGA2-MATCHED,nsga2,True,True,True,288,12,1264,0.0882,0.9748536755204377,0.03599058942981163,0.09388779643735035,0.025072583840871257,1.0568180802376093,0.32142857142857145,28,0.9248708867991409,0.044485559100300595,0.06134825040983277,0.025072583840871257,1.0568180802376093,0.21428571428571427,28
magic,primary_geometry_confirmatory,23,HISTORICAL-WS-asrun,historical_ws_asrun,True,True,True,288,12,1266,0.0816,0.7381500988477129,0.16006577846328393,0.09239180868392907,0.015165903960064031,0.7815361890896378,1.0,5,0.6940647076832939,0.15430488011952812,0.0013642706854389629,0.015165903960064031,0.7815361890896378,0.8,5
magic,primary_geometry_confirmatory,23,HISTORICAL-WS,historical_ws,True,True,True,288,12,1266,0.102,0.8760738727260416,0.09473495234491919,0.12541106244527464,0.11856845866509311,1.4458321783233636,0.6666666666666666,9,0.8237511006660693,0.0829131277284033,0.04347403133008598,0.11856845866509311,1.4458321783233636,0.5555555555555556,9
magic,primary_geometry_confirmatory,23,WS-S,ws_s,True,True,True,288,12,1266,0.0612,0.872329979331475,0.09712102636852514,0.12622665636212532,0.11901582980319576,1.2392822278485767,0.75,8,0.820230808142159,0.08382496152894052,0.031086628289533402,0.11901582980319576,1.2392822278485767,0.375,8
magic,primary_geometry_confirmatory,23,NBI-S,nbi_s,True,True,True,288,12,1266,0.0612,0.9817778638579705,0.03426804835610697,0.07880400797945657,0.09210751515494844,0.9855776661904572,0.7,10,0.9231420102120634,0.0362446681761982,0.017880922464569626,0.09210751515494844,0.9855776661904572,0.3,10
magic,primary_geometry_confirmatory,23,NBI-R,nbi_r,True,True,True,288,12,1266,0.102,0.9141103474976082,0.06528939621666092,0.12414828610416022,0.07669116977555679,1.1848073716505596,0.7142857142857143,7,0.8595158791099679,0.07018320328700266,0.012627979196343434,0.07669116977555679,1.1848073716505596,0.7142857142857143,7
magic,primary_geometry_confirmatory,23,ANCHOR-INJECTION-CONTROL,nbi_s_plus_anchors,True,True,True,288,12,1266,,0.9870357677794451,0.03105823272649272,0.07164000725405142,0.07352837866224313,0.8016139423464818,0.7272727272727273,11,0.9280858902629933,0.035458590879149814,0.025768805195423707,0.07352837866224313,0.8016139423464818,0.2727272727272727,11
magic,primary_geometry_confirmatory,23,GRID,grid,True,True,True,288,12,1266,0.1633,1.0206324382396266,0.003140279338870082,0.0368847189305776,0.08122144434817871,1.1243893117419341,0.8235294117647058,17,0.9596760279578589,0.02103051569611394,0.011934670305591642,0.08122144434817871,1.1243893117419341,0.47058823529411764,17
magic,primary_geometry_confirmatory,23,RANDOM,random,True,True,True,288,12,1266,0.0408,0.9296926053207979,0.05198063385095278,0.05823455646486442,0.03488689327712431,0.5956100226807794,0.7692307692307693,13,0.8741674997464491,0.07429273328517895,0.05070173163378903,0.03488689327712431,0.5956100226807794,0.15384615384615385,13
magic,primary_geometry_confirmatory,23,NSGA2-MATCHED,nsga2,True,True,True,288,12,1266,0.2653,1.0038889325854903,0.03421715082425081,0.0930036971748204,0.02091467739037505,0.9454115794616845,0.6666666666666666,27,0.9439325140362692,0.03697544626163476,0.015021661525608057,0.02091467739037505,0.9454115794616845,0.48148148148148145,27
magic,primary_geometry_confirmatory,24,HISTORICAL-WS-asrun,historical_ws_asrun,False,True,False,288,13,1269,0.0,0.7488839990159041,0.1782495850619718,0.1472888152259037,0.12096063740621484,2.2026995287515057,0.6,10,0.6409438663381029,0.2430499833727272,0.07510348127770956,0.14657898835337776,2.1789781071663894,0.0,10
magic,primary_geometry_confirmatory,24,HISTORICAL-WS,historical_ws,False,True,False,288,13,1269,0.0,0.813618775514939,0.11994692587342307,0.10949983867454631,0.03960982312420454,1.0799694880027175,0.5,10,0.6940480225541977,0.20362582807451324,0.13431331339697633,0.05279077251077706,1.1324253480614728,0.0,10
magic,primary_geometry_confirmatory,24,WS-S,ws_s,False,True,False,288,13,1269,0.0,0.8128145939348379,0.12103598495428948,0.078610749397921,0.03559785303197157,1.5110609554991852,0.6428571428571429,14,0.6918452290986218,0.2035669338789602,0.15419267918579835,0.05010778116486341,1.5884662476085891,0.0,14
magic,primary_geometry_confirmatory,24,NBI-S,nbi_s,False,True,False,288,13,1269,0.125,0.8167911766730847,0.1432571296644982,0.09992008560537409,0.029278863944869515,0.639641251157514,0.5555555555555556,9,0.7150552399999696,0.20403292349751145,0.0409694831190375,0.04095676553540554,0.6690304431114834,0.4444444444444444,9
magic,primary_geometry_confirmatory,24,NBI-R,nbi_r,False,True,False,288,13,1269,0.1562,0.8105979360382145,0.1484660951035765,0.1234423320921304,0.02881815055567029,0.6140175680618251,0.875,8,0.7144460442095887,0.20198783337531,0.029183173774847762,0.041874204137115484,0.6778674522561334,0.625,8
magic,primary_geometry_confirmatory,24,ANCHOR-INJECTION-CONTROL,nbi_s_plus_anchors,False,True,False,288,13,1269,,0.9227099374015193,0.07751160271115405,0.08992807704483669,0.11958463737050723,1.4435473392976659,0.6,10,0.7587687537046679,0.13686536280603945,0.04862818631400285,0.17040189494937505,1.4938914073073994,0.4,10
magic,primary_geometry_confirmatory,24,GRID,grid,False,True,False,288,13,1269,0.0938,1.0150412680454968,0.002500375850592765,0.045323117391945715,0.0756663941316719,1.0880457678415179,0.9333333333333333,15,0.9082589399789691,0.05817414913003119,0.16917929172280805,0.10167034376543299,1.049943401338048,0.2,15
magic,primary_geometry_confirmatory,24,RANDOM,random,False,True,False,288,13,1269,0.0,0.8946532131423073,0.06508655500051778,0.08145513999688792,0.033775555076457735,0.6683815822959226,0.6,10,0.755445024450223,0.12980422985862528,0.11833578302331911,0.03962376275743837,0.5935716735400735,0.0,10
magic,primary_geometry_confirmatory,24,NSGA2-MATCHED,nsga2,False,True,False,288,13,1269,0.5625,1.0134184615293484,0.031229957974765653,0.09775686032723473,0.02315325950027884,1.4123213594776651,0.6666666666666666,30,0.8891019944747213,0.05105086210830322,0.04093718804253965,0.029527074290787467,1.3772172507955096,0.6,30
magic,primary_geometry_confirmatory,25,HISTORICAL-WS-asrun,historical_ws_asrun,False,True,False,288,13,1263,0.0,0.6052613787295268,0.30706953922966507,0.13742830011479368,0.07615129369894737,2.6389933115764066,0.06666666666666667,15,0.5580614990999659,0.21775324501684987,0.07152033892656116,0.0699078931929773,2.63899331164927,0.0,15
magic,primary_geometry_confirmatory,25,HISTORICAL-WS,historical_ws,False,True,False,288,13,1263,0.0476,0.8391233526049313,0.13055510305502707,0.12493344678669735,0.176010832345252,1.3546907613865917,0.3333333333333333,9,0.763250726849401,0.10049526608764735,0.07363109532857152,0.19203698930309124,1.4456850655574207,0.2222222222222222,9
magic,primary_geometry_confirmatory,25,WS-S,ws_s,False,True,False,288,13,1263,0.0476,0.8312553537272588,0.13788473699000356,0.09534229107359632,0.1115787130402904,1.4988008341419654,0.5555555555555556,9,0.7527506666015505,0.1032597433886876,0.06728802472551473,0.10373019974401848,1.4236374908127347,0.2222222222222222,9
magic,primary_geometry_confirmatory,25,NBI-S,nbi_s,False,True,False,288,13,1263,0.1905,0.8875386490792887,0.10198554444153779,0.11082323353178716,0.04023739080587786,0.7536234168919739,0.5,16,0.812616831172341,0.08100281412531715,0.05852095802872908,0.04493103984068192,0.8068775217366043,0.5,16
magic,primary_geometry_confirmatory,25,NBI-R,nbi_r,False,True,False,288,13,1263,0.0952,0.7556177532885511,0.2094289589287714,0.1216523860527315,0.009988858259160861,0.44073804414503254,0.6666666666666666,6,0.6967938118226465,0.1548593758687097,0.01975186973777208,0.009578964266996412,0.43202981127497503,0.6666666666666666,6
magic,primary_geometry_confirmatory,25,ANCHOR-INJECTION-CONTROL,nbi_s_plus_anchors,False,True,False,288,13,1263,,0.9416229742200277,0.06250823791458439,0.10112609854307415,0.0571692599556121,1.0134870627044243,0.6,15,0.8511965672488333,0.06357301091309664,0.04216541453691095,0.0599628706016834,1.0493774030952698,0.5333333333333333,15
magic,primary_geometry_confirmatory,25,GRID,grid,False,True,False,288,13,1263,0.2381,1.0379831183443746,0.001588903383114675,0.04766619142710507,0.09406371169214496,1.180900410349621,1.0,15,0.9411896909822817,0.027255115457875706,0.02485165959416476,0.10386214021030823,1.2130978932739218,0.6666666666666666,15
magic,primary_geometry_confirmatory,25,RANDOM,random,False,True,False,288,13,1263,0.0714,0.9402690797457237,0.04293134138634923,0.09500806396584772,0.037713082603116795,0.5825094522375075,0.6,15,0.8261019873579387,0.10567187482360971,0.06970764754633571,0.03260489380224879,0.5065099561484057,0.2,15
magic,primary_geometry_confirmatory,25,NSGA2-MATCHED,nsga2,False,True,False,288,13,1263,0.1905,1.0358552950365227,0.023048110523009178,0.11726732582713639,0.031036007076092526,1.144711979656728,0.6388888888888888,36,0.9150511646033539,0.05075494861310074,0.05636788026218124,0.029627051291595805,1.1465855645556708,0.2222222222222222,36
magic,primary_geometry_confirmatory,26,HISTORICAL-WS-asrun,historical_ws_asrun,False,True,False,288,10,1264,0.0,0.7973230054811502,0.13798178780449097,0.12331153712008192,0.1019860091503183,0.7991076025674952,0.5,6,0.7277851218422406,0.1359664984957012,0.07534944898694677,0.10392020207962538,0.8025509937251181,0.0,6
magic,primary_geometry_confirmatory,26,HISTORICAL-WS,historical_ws,False,True,False,288,10,1264,0.1463,0.8489565006829289,0.1285283326385903,0.15886959761495953,0.05436404568904659,1.3448644984669358,0.7,10,0.77524885341103,0.10584281446586731,0.046895910189234336,0.055306726215012925,1.3511016377928813,0.6,10
magic,primary_geometry_confirmatory,26,WS-S,ws_s,False,True,False,288,10,1264,0.0976,0.8373117211725242,0.13875756556455449,0.15146730848653472,0.05382102972155229,1.1271630178463712,0.6666666666666666,9,0.7643477154898682,0.11288907543076893,0.05767436843497414,0.054763268383191926,1.131655607018484,0.4444444444444444,9
magic,primary_geometry_confirmatory,26,NBI-S,nbi_s,False,True,False,288,10,1264,0.0976,0.9459880431160581,0.05095390648549221,0.12277091919430021,0.07469788640757874,0.6453830813132705,0.6666666666666666,9,0.8660202866504403,0.0627311066215322,0.043759884320977285,0.0748101938863543,0.6407965859010843,0.4444444444444444,9
magic,primary_geometry_confirmatory,26,NBI-R,nbi_r,False,True,False,288,10,1264,0.0488,0.9098362832093203,0.05979701688000386,0.11459730452745753,0.02376362714819901,0.4326904381182348,0.5,6,0.8342010332528633,0.07592820075437963,0.04406777202963763,0.02357215031353048,0.42825291380338765,0.3333333333333333,6
magic,primary_geometry_confirmatory,26,ANCHOR-INJECTION-CONTROL,nbi_s_plus_anchors,False,True,False,288,10,1264,,0.9833718107143534,0.03887110574494097,0.10556891276478189,0.05080107936488112,0.4924889192572221,0.6666666666666666,9,0.9010280092941232,0.04771568203457824,0.03328885986317684,0.05161924789423602,0.4949312302014579,0.4444444444444444,9
magic,primary_geometry_confirmatory,26,GRID,grid,False,True,False,288,10,1264,0.122,1.006863422578401,0.004140127037109262,0.053059827581386124,0.1027847989024355,1.1142057661332736,0.9230769230769231,13,0.9230988601297571,0.03581471572784768,0.03476172240991522,0.10274172266878417,1.1107098969943536,0.38461538461538464,13
magic,primary_geometry_confirmatory,26,RANDOM,random,False,True,False,288,10,1264,0.0,0.8984908325082975,0.06837850185699319,0.13580219155602397,0.028435084716415523,0.5466421621452842,0.2,15,0.8248909052799707,0.11418352066533334,0.10519784058954734,0.02876798560386954,0.5481001763860259,0.0,15
magic,primary_geometry_confirmatory,26,NSGA2-MATCHED,nsga2,False,True,False,288,10,1264,0.4146,1.0379977183291245,0.022444889562158107,0.09559140328029667,0.011319300319143716,0.7811187745551894,0.75,32,0.9535618573532959,0.030033318882880723,0.025978319664170038,0.01144799913255192,0.7818295523353288,0.53125,32
magic,primary_geometry_confirmatory,27,HISTORICAL-WS-asrun,historical_ws_asrun,False,True,False,288,12,1262,0.0,0.8307710575243122,0.09541750673958482,0.0954589513748224,0.018758446841017795,1.5747447661972642,0.1,10,0.8182796381231335,0.10202292325191778,0.09231518724997853,0.018758446841017795,1.5747447661972642,0.0,10
magic,primary_geometry_confirmatory,27,HISTORICAL-WS,historical_ws,False,True,False,288,12,1262,0.0435,0.8906287242533577,0.06421609878227602,0.0663255301936081,0.07124862650992973,2.390762426620498,0.75,8,0.8772372888818146,0.06036035579143231,0.03597296001110768,0.07124862650992973,2.390762426620498,0.25,8
magic,primary_geometry_confirmatory,27,WS-S,ws_s,False,True,False,288,12,1262,0.0435,0.902524387466886,0.05863146554920994,0.06299481473284053,0.07302839842822081,1.2669852500481804,0.8571428571428571,7,0.8889540896796274,0.054238638369336144,0.02070309255578864,0.07302839842822081,1.2669852500481804,0.42857142857142855,7
magic,primary_geometry_confirmatory,27,NBI-S,nbi_s,False,True,False,288,12,1262,0.087,0.9417814497318879,0.03674306967337834,0.05709384994162714,0.045628239789276,1.1359514581013372,0.6923076923076923,13,0.9276208853185005,0.0336479172297015,0.023423063629948972,0.045628239789276,1.1359514581013372,0.3076923076923077,13
magic,primary_geometry_confirmatory,27,NBI-R,nbi_r,False,True,False,288,12,1262,0.0217,0.845211559796172,0.09091122156274084,0.06798050171936977,0.06924052797011514,1.8354383962223813,0.8333333333333334,6,0.8325030139452841,0.08220189576503888,0.023365469925787974,0.06924052797011514,1.8354383962223813,0.16666666666666666,6
magic,primary_geometry_confirmatory,27,ANCHOR-INJECTION-CONTROL,nbi_s_plus_anchors,False,True,False,288,12,1262,,0.9534648482075525,0.02634927104576333,0.05301571780293949,0.1471962066510263,1.8912389702293173,0.7142857142857143,14,0.9391286129771947,0.027669511413646087,0.02174998765638119,0.1471962066510263,1.8912389702293173,0.35714285714285715,14
magic,primary_geometry_confirmatory,27,GRID,grid,False,True,False,288,12,1262,0.2609,1.0045300116487461,0.0041291314056700655,0.03479074629370624,0.1270293044805992,1.9197496328435546,0.9411764705882353,17,0.9894259639536227,0.007329108582039646,0.01892600721517494,0.1270293044805992,1.9197496328435546,0.7058823529411765,17
magic,primary_geometry_confirmatory,27,RANDOM,random,False,True,False,288,12,1262,0.0435,0.7789856981754258,0.1424250240820872,0.07949406989429002,0.02480147662927785,0.5558907062645406,0.4,10,0.7672729200576778,0.14141379822277994,0.04583799672588653,0.02480147662927785,0.5558907062645406,0.2,10
magic,primary_geometry_confirmatory,27,NSGA2-MATCHED,nsga2,False,True,False,288,12,1262,0.3261,0.9305628118557074,0.050976546912670756,0.07334324292324412,0.025845151076569636,2.2337554272053426,0.6190476190476191,42,0.9165709301492488,0.04264431653505888,0.029529846251770336,0.025845151076569636,2.2337554272053426,0.35714285714285715,42
magic,primary_geometry_confirmatory,28,HISTORICAL-WS-asrun,historical_ws_asrun,False,True,False,288,13,1263,0.0,0.7844534898997065,0.13006586038670845,0.11307492900190796,0.007801294101421366,1.6879539943390356,0.0,16,0.7478529844149127,0.1274050906732565,0.0882724351619101,0.007778711777892577,1.682865358949346,0.0,16
magic,primary_geometry_confirmatory,28,HISTORICAL-WS,historical_ws,False,True,False,288,13,1263,0.1176,0.923355187739962,0.05398178767490557,0.06489478484996894,0.012940931404289474,2.938767656327063,0.6111111111111112,18,0.9071825516972057,0.05028011320104019,0.02191862902249978,0.015039653509946706,2.944599485723586,0.4444444444444444,18
magic,primary_geometry_confirmatory,28,WS-S,ws_s,False,True,False,288,13,1263,0.0882,0.923355187739962,0.05398178767490557,0.051939267888062114,0.013898309111593518,3.158636590355439,0.6666666666666666,15,0.9071825516972057,0.05028011320104019,0.01694406686454019,0.016157014553430573,3.1625246204474946,0.4,15
magic,primary_geometry_confirmatory,28,NBI-S,nbi_s,False,True,False,288,13,1263,0.0735,0.9372985275061375,0.04901829937189978,0.048684287345571474,0.024658807953919577,0.9809468327729245,0.5833333333333334,12,0.9233763455563256,0.042839861946532706,0.021259989748082377,0.027847881125434192,1.0031383539566112,0.4166666666666667,12
magic,primary_geometry_confirmatory,28,NBI-R,nbi_r,False,True,False,288,13,1263,0.0294,0.9254726421988009,0.05388065641537725,0.0449597621546679,0.02509716955063618,1.208522134490472,0.75,12,0.9105300679017027,0.051375235892929416,0.01886260425776193,0.025907664696081658,1.1473950662183394,0.16666666666666666,12
magic,primary_geometry_confirmatory,28,ANCHOR-INJECTION-CONTROL,nbi_s_plus_anchors,False,True,False,288,13,1263,,0.9750058067111363,0.030451392219405068,0.0449393421651429,0.0965751885030517,1.8865225168752584,0.6153846153846154,13,0.9503961997228,0.040810800289025076,0.025967282810886023,0.11212009237336744,1.9312470078610255,0.38461538461538464,13
magic,primary_geometry_confirmatory,28,GRID,grid,False,True,False,288,13,1263,0.1618,1.0000812518869935,0.0059869959370067,0.021110788018236643,0.032961212026970645,1.1002106497639432,0.6818181818181818,22,0.9790488613769868,0.014731655279536045,0.027839298450804673,0.03692118206112646,1.0999638386559405,0.5,22
magic,primary_geometry_confirmatory,28,RANDOM,random,False,True,False,288,13,1263,0.0147,0.8711819674587065,0.07951890056975987,0.053329565672956644,0.02742953494179433,0.8065472337311062,0.6428571428571429,14,0.8265429774382889,0.0723428474097064,0.03471304106717336,0.031691723705109,0.8163737950133545,0.07142857142857142,14
magic,primary_geometry_confirmatory,28,NSGA2-MATCHED,nsga2,False,True,False,288,13,1263,0.4412,0.8723678457741487,0.08033324879339587,0.04668998461133933,0.008437539287164649,1.3087288655226506,0.7317073170731707,41,0.8302692396475946,0.07195487748684422,0.01940966666114268,0.00904927284075616,1.303701513574752,0.7317073170731707,41
magic,primary_geometry_confirmatory,29,HISTORICAL-WS-asrun,historical_ws_asrun,False,True,False,288,14,1268,0.0,0.8959189341771745,0.08707376689061588,0.06439510346341089,0.004475787383982439,1.5305373345940776,0.0,14,0.881864546409467,0.07781502984319018,0.04810128111809161,0.004475787383982439,1.5305373345940776,0.0,14
magic,primary_geometry_confirmatory,29,HISTORICAL-WS,historical_ws,False,True,False,288,14,1268,0.08,0.9457510724922458,0.05840003299230025,0.03134275125188778,0.014132690033206007,2.7816007166434176,0.2,20,0.9309149619944374,0.05254854621454055,0.013975878440918878,0.014132690033206007,2.7816007166434176,0.2,20
magic,primary_geometry_confirmatory,29,WS-S,ws_s,False,True,False,288,14,1268,0.08,0.960679282368224,0.047358373585123896,0.030188042275294466,0.011112191422725516,1.4789090970639822,0.4444444444444444,9,0.9456089912517557,0.04129616824318279,0.008185185167486684,0.011112191422725516,1.4789090970639822,0.4444444444444444,9
magic,primary_geometry_confirmatory,29,NBI-S,nbi_s,False,True,False,288,14,1268,0.14,0.9755594112323028,0.037949361831726716,0.03625704749667281,0.017601012844157257,1.0306170392084326,0.5384615384615384,13,0.9602556937497747,0.032710305157074016,0.007778534317986343,0.017601012844157257,1.0306170392084326,0.5384615384615384,13
magic,primary_geometry_confirmatory,29,NBI-R,nbi_r,False,True,False,288,14,1268,0.0,0.8618202469192388,0.06964186779624262,0.03090599906498208,0.00961690850035866,1.846194504547718,0.6153846153846154,13,0.848300769347991,0.07383356538844758,0.010218089627371835,0.00961690850035866,1.846194504547718,0.0,13
magic,primary_geometry_confirmatory,29,ANCHOR-INJECTION-CONTROL,nbi_s_plus_anchors,False,True,False,288,14,1268,,0.9821321943100805,0.033652968078057795,0.033667258389767606,0.12568869346863681,2.493162879362491,0.5714285714285714,14,0.9667253687911395,0.03150731490604672,0.015282500804968945,0.12568869346863681,2.493162879362491,0.5,14
magic,primary_geometry_confirmatory,29,GRID,grid,False,True,False,288,14,1268,0.2,1.0033502702447417,0.0007167010255150442,0.02733762510610277,0.025373032167421372,0.8813998640381129,0.95,20,0.9876105942239366,0.005131381953305111,0.011366933461858277,0.025373032167421372,0.8813998640381129,0.5,20
magic,primary_geometry_confirmatory,29,RANDOM,random,False,True,False,288,14,1268,0.04,0.8660620551514024,0.06287506971145095,0.05266010368979632,0.019280270993415272,0.6697755485714837,0.45454545454545453,11,0.8524760358256981,0.07910745699310445,0.02980071419334789,0.019280270993415272,0.6697755485714837,0.18181818181818182,11
magic,primary_geometry_confirmatory,29,NSGA2-MATCHED,nsga2,False,True,False,288,14,1268,0.36,0.8776954610314462,0.05587902043885097,0.03385177119862642,0.006867093335017863,1.3455519508859868,0.7096774193548387,31,0.8639269470725112,0.06509434897288287,0.009315893063387487,0.006867093335017863,1.3455519508859868,0.5806451612903226,31
spambase,boundary_geometry_control,0,HISTORICAL-WS-asrun,historical_ws_asrun,True,True,True,288,3,1236,0.0,0.0,1.3584279078277188,1.3401081480786659,0.12207239984948351,3.1622776601683786,0.0,10,0.0,1.0639622579787926,1.0234939152169455,0.09569753796307771,3.162277660168379,0.0,10
spambase,boundary_geometry_control,0,HISTORICAL-WS,historical_ws,True,True,True,288,3,1236,0.1053,0.987212923806275,0.028482744863852036,0.0,0.0,0.0,1.0,2,0.9316300543039869,0.02229719389957284,0.0,0.0,0.0,1.0,2
spambase,boundary_geometry_control,0,WS-S,ws_s,True,True,True,288,3,1236,0.1579,0.987212923806275,0.028482744863852036,0.09623811099862514,0.4864694847737663,1.1615496605533528,1.0,4,0.9391456157429328,0.017575535239337265,0.046978557975775236,0.3759875770278191,1.1647116955753383,0.75,4
spambase,boundary_geometry_control,0,NBI-S,nbi_s,True,True,True,288,3,1236,0.2105,0.24935704232211323,0.2532915146661142,0.14463486841650125,0.11440466899977832,1.2798118885810663,0.5714285714285714,7,0.4624420912589877,0.1748413527077164,0.10186092440970415,0.0876906727413823,1.2745306523120004,0.5714285714285714,7
spambase,boundary_geometry_control,0,NBI-R,nbi_r,True,True,True,288,3,1236,0.0526,0.0,0.7626733746204174,0.3449919819473217,0.0,0.0,0.5,2,0.22101206604188037,0.6742689962018709,0.10363897553991988,0.0,0.0,0.5,2
spambase,boundary_geometry_control,0,ANCHOR-INJECTION-CONTROL,nbi_s_plus_anchors,True,True,True,288,3,1236,,0.24935704232211323,0.2532915146661142,0.14463486841650125,0.11440466899977832,1.2798118885810663,0.5714285714285714,7,0.4624420912589877,0.1748413527077164,0.10186092440970415,0.0876906727413823,1.2745306523120004,0.5714285714285714,7
spambase,boundary_geometry_control,0,GRID,grid,True,True,True,288,3,1236,0.3158,1.0054742701246562,0.0,0.03993823266057014,0.12080259924845142,1.5536809197852945,1.0,6,0.9690191614559012,0.011059631909016921,0.0,0.09157542939638116,1.5538950609224034,1.0,6
spambase,boundary_geometry_control,0,RANDOM,random,True,True,True,288,3,1236,0.0,0.0,1.555889520717131,2.707392534483485,0.0,0.0,0.0,2,0.0,1.259239597328433,2.115132312192386,0.0,0.0,0.0,2
spambase,boundary_geometry_control,0,NSGA2-MATCHED,nsga2,True,True,True,288,3,1236,0.0,0.09374579839876214,0.7321856495528744,0.5406182142868811,,,0.0,1,0.24053238619866382,0.6173934447610847,0.4159107077628204,,,0.0,1
spambase,boundary_geometry_control,1,HISTORICAL-WS-asrun,historical_ws_asrun,False,True,False,288,4,1243,0.0,0.2644694120212949,0.5893705985520108,0.7039901643313018,0.0,0.0,0.0,9,0.0,1.7454953628277274,1.5910654606735641,0.0,0.0,0.0,9
spambase,boundary_geometry_control,1,HISTORICAL-WS,historical_ws,False,True,False,288,4,1243,0.1429,0.956290101676947,0.027051218708524838,0.05481711338364031,0.16755936252958198,0.2886954789454727,1.0,3,0.48762510478929094,0.44431642877090294,1.6045880669863146,0.13764189670893656,0.07818120856131833,0.3333333333333333,3
spambase,boundary_geometry_control,1,WS-S,ws_s,False,True,False,288,4,1243,0.1429,0.9136359670638897,0.027051218708524838,0.04057174822768443,0.2150373589527997,0.6580644819983724,1.0,4,0.4387722949841669,0.46075927444582254,1.352768702114338,0.6613645901178881,0.6049717438526494,0.25,4
spambase,boundary_geometry_control,1,NBI-S,nbi_s,False,True,False,288,4,1243,0.0,0.6763206521064137,0.21937833017024477,0.10206267481147885,0.07215420837972308,1.1884536710402764,0.8888888888888888,9,0.271115109158985,0.5760117899415612,1.5570817810084316,0.15165574105742405,1.3685442123231142,0.0,9
spambase,boundary_geometry_control,1,NBI-R,nbi_r,False,True,False,288,4,1243,0.0,0.156696982278989,0.5494235829073634,0.0,0.0,0.0,1.0,20,0.0,3.87941145359437,3.410334437960524,0.0,0.0,0.0,20
spambase,boundary_geometry_control,1,ANCHOR-INJECTION-CONTROL,nbi_s_plus_anchors,False,True,False,288,4,1243,,0.6763206521064137,0.21937833017024477,0.10206267481147885,0.07215420837972308,1.1884536710402764,0.8888888888888888,9,0.271115109158985,0.5760117899415612,1.5570817810084316,0.15165574105742405,1.3685442123231142,0.0,9
spambase,boundary_geometry_control,1,GRID,grid,False,True,False,288,4,1243,0.0,1.0,0.0,0.0,0.2801193648018216,2.037670211009895,1.0,6,0.19572934121128072,0.714898914837937,1.877233284793663,0.5017422611708995,1.854978156783991,0.0,6
spambase,boundary_geometry_control,1,RANDOM,random,False,True,False,288,4,1243,0.0,0.17956134454236666,0.6672589903242191,0.7481852629338407,0.4185799101825731,1.4870717291662134,0.0,3,0.0,1.6484891569726263,1.7116416648479316,0.4254543255628812,1.102973167280359,0.0,3
spambase,boundary_geometry_control,1,NSGA2-MATCHED,nsga2,False,True,False,288,4,1243,0.7143,2.4009030115670225,0.0,0.3796784966902588,0.1037012483953486,1.8591041254712692,1.0,10,0.8455464717529595,0.04771486656637615,0.24714202818431197,0.14565886173652165,1.4180351115985008,0.5,10
spambase,boundary_geometry_control,2,HISTORICAL-WS-asrun,historical_ws_asrun,False,True,False,288,4,1250,0.0,0.0,1.6228142462324933,1.1177186648455595,0.0,0.0,0.0,2,0.0,2.0463594233791955,1.3253720196792935,0.0,0.0,0.0,2
spambase,boundary_geometry_control,2,HISTORICAL-WS,historical_ws,False,True,False,288,4,1250,0.1818,1.1057314975901273,0.005945938770069431,0.07616198422891776,0.35382579672238684,0.97362351345634,1.0,3,0.9362347160829517,0.01353755226322827,0.01448145270163572,0.3350806469863105,0.9065513205797008,0.6666666666666666,3
spambase,boundary_geometry_control,2,WS-S,ws_s,False,True,False,288,4,1250,0.1818,1.126243055517167,0.008239113102907295,0.049987910448626646,0.0,0.0,1.0,2,0.9570864541002938,0.009352145570536851,0.0,0.0,0.0,1.0,2
spambase,boundary_geometry_control,2,NBI-S,nbi_s,False,True,False,288,4,1250,0.2727,1.1164688409897705,0.01862216137138718,0.03373373018305967,0.44067356350872233,1.7320508075688772,1.0,3,0.9527204121830223,0.017095842002868802,0.0,0.43070930199858404,1.732050807568877,1.0,3
spambase,boundary_geometry_control,2,NBI-R,nbi_r,False,True,False,288,4,1250,0.0,0.0,1.376064215659871,0.776013552938525,0.0,0.0,0.0,2,0.0,1.772311666562893,0.9764249215061913,0.0,0.0,0.0,2
spambase,boundary_geometry_control,2,ANCHOR-INJECTION-CONTROL,nbi_s_plus_anchors,False,True,False,288,4,1250,,1.1164688409897705,0.01862216137138718,0.03373373018305967,0.44067356350872233,1.7320508075688772,1.0,3,0.9527204121830223,0.017095842002868802,0.0,0.43070930199858404,1.732050807568877,1.0,3
spambase,boundary_geometry_control,2,GRID,grid,False,True,False,288,4,1250,0.2727,1.0399104376323665,0.0,0.02505293378878659,0.25229513090108663,2.259458107990099,1.0,6,0.8668201604589328,0.026881530458475644,0.0521762567365612,0.280237686463462,2.2737412624337896,0.5,6
spambase,boundary_geometry_control,2,RANDOM,random,False,True,False,288,4,1250,0.0,0.0,1.8096779715281759,1.5049200962607958,0.14567677624850928,0.8169909400133357,0.0,3,0.0,2.190556271230653,1.756145223997595,0.16085674002580047,0.8293326287651057,0.0,3
spambase,boundary_geometry_control,2,NSGA2-MATCHED,nsga2,False,True,False,288,4,1250,0.0,0.3056392508404674,0.5405839332171862,0.47829865948893,0.09706543886965921,0.8117493313571876,0.0,9,0.1936635207689631,0.6658909926192602,0.5748985516151027,0.10666156713319319,0.8419898581303081,0.0,9
spambase,boundary_geometry_control,3,HISTORICAL-WS-asrun,historical_ws_asrun,False,True,False,288,3,1238,0.0,0.0,0.8333846182757584,0.5225115843379584,0.12759572398744937,2.23606797749979,0.0,5,0.0,0.9068155514281633,0.4479265505081106,0.11715483331689543,2.2360679774997894,0.0,5
spambase,boundary_geometry_control,3,HISTORICAL-WS,historical_ws,False,True,False,288,3,1238,0.0769,0.9161937995762806,0.020772708544533586,0.03115906281680038,0.37938473575107473,1.171126487833089,0.5,4,0.8294335733222434,0.05103266434987938,0.05505935449487515,0.3806102330431141,1.185175227768699,0.25,4
spambase,boundary_geometry_control,3,WS-S,ws_s,False,True,False,288,3,1238,0.0769,0.9166938340872447,0.020772708544533586,0.01797263483511855,0.32450448955842226,1.121614529879771,0.75,4,0.8295911385575497,0.05103266434987938,0.06636565415821677,0.3052187151247359,1.1183084341102008,0.25,4
spambase,boundary_geometry_control,3,NBI-S,nbi_s,False,True,False,288,3,1238,0.2308,0.5026979374598347,0.22956581170796123,0.22289143227276953,0.3553187722816686,1.1161618893726095,0.75,4,0.42627475530517916,0.15692922315045654,0.05002456646960492,0.36524391860524597,1.1537998441458905,0.75,4
spambase,boundary_geometry_control,3,NBI-R,nbi_r,False,True,False,288,3,1238,0.0769,0.26015473727032856,0.5515517312605912,0.10565169786535904,,,1.0,1,0.15704106833391224,0.660093003058355,0.0,,,1.0,1
spambase,boundary_geometry_control,3,ANCHOR-INJECTION-CONTROL,nbi_s_plus_anchors,False,True,False,288,3,1238,,0.5026979374598347,0.22956581170796123,0.22289143227276953,0.3553187722816686,1.1161618893726095,0.75,4,0.42627475530517916,0.15692922315045654,0.05002456646960492,0.36524391860524597,1.1537998441458905,0.75,4
spambase,boundary_geometry_control,3,GRID,grid,False,True,False,288,3,1238,0.3846,1.0258093487569835,0.0,0.09238255901393681,0.16490312589007533,1.0715384608795846,1.0,6,0.9385381044603246,0.025466907725952597,0.016925337487363048,0.16714890393700949,1.054129772226014,0.8333333333333334,6
spambase,boundary_geometry_control,3,RANDOM,random,False,True,False,288,3,1238,0.0,0.0,1.0353562060478405,0.8633066886214055,0.0,0.0,0.0,2,0.0,1.1036237561637814,0.8639148792378499,0.0,0.0,0.0,2
spambase,boundary_geometry_control,3,NSGA2-MATCHED,nsga2,False,True,False,288,3,1238,0.0,0.32533889945780986,0.5517742883570477,0.3959603698793888,0.07229067071659322,0.5830145550424819,0.25,4,0.2602421838572219,0.5778939967785168,0.24240956740715539,0.08155574632994954,0.6432649384465468,0.0,4
spambase,boundary_geometry_control,4,HISTORICAL-WS-asrun,historical_ws_asrun,True,True,True,288,3,1243,0.125,2.054478774129729,0.14150287399073722,0.7766640202571112,,,1.0,1,0.23745738232578165,0.7730928255663057,0.0,,,1.0,1
spambase,boundary_geometry_control,4,HISTORICAL-WS,historical_ws,True,True,True,288,3,1243,0.125,2.1299089492274454,0.013519217553469446,0.4592317406396216,0.0,0.0,1.0,2,0.23745738232578165,0.2301748821466007,0.5867455631741253,0.0,0.0,0.5,2
spambase,boundary_geometry_control,4,WS-S,ws_s,True,True,True,288,3,1243,0.125,2.25211264186035,0.014851633316890581,0.45767695534147873,0.0,0.0,1.0,2,0.5000141466798625,0.17905636711023565,0.5871366311343031,0.0,0.0,0.5,2
spambase,boundary_geometry_control,4,NBI-S,nbi_s,True,True,True,288,3,1243,0.0,1.9805152825000636,0.007762301475706668,0.3505604327799636,0.2239320343540972,0.5167666448734634,1.0,3,0.0,0.346195611144242,0.7743381901650968,0.4237796254876869,0.573511364740633,0.0,3
spambase,boundary_geometry_control,4,NBI-R,nbi_r,True,True,True,288,3,1243,0.5,2.282301578356057,0.03617332922249277,0.6612458089946461,0.0,0.0,1.0,4,0.5157431322911419,0.15173269959102076,0.0,0.0,0.0,1.0,4
spambase,boundary_geometry_control,4,ANCHOR-INJECTION-CONTROL,nbi_s_plus_anchors,True,True,True,288,3,1243,,1.9805152825000636,0.007762301475706668,0.3505604327799636,0.2239320343540972,0.5167666448734634,1.0,3,0.0,0.346195611144242,0.7743381901650968,0.4237796254876869,0.573511364740633,0.0,3
spambase,boundary_geometry_control,4,GRID,grid,True,True,True,288,3,1243,0.0,1.012671607854128,0.0,0.014165518295731264,0.2146169543633252,1.6951885320302365,1.0,5,0.0,1.1122007913815348,1.1228412111166903,0.3643470552723916,1.7706650752822595,0.0,5
spambase,boundary_geometry_control,4,RANDOM,random,True,True,True,288,3,1243,0.0,0.0,1.0454593184065144,0.9313011196364698,0.1089498982601588,0.6743266747088159,0.0,4,0.0,2.7931903016969786,2.5983681250570836,0.13691685001319,0.5685026878170609,0.0,4
spambase,boundary_geometry_control,4,NSGA2-MATCHED,nsga2,True,True,True,288,3,1243,0.125,2.0853668961728102,0.06682403010285812,0.5571061836425782,,,1.0,1,0.6137634960767692,0.48706780135440986,0.0,,,1.0,1
spambase,boundary_geometry_control,5,HISTORICAL-WS-asrun,historical_ws_asrun,False,True,False,288,4,1244,0.0,0.0,1.064162614692396,0.9456428228456633,0.0,0.0,0.0,2,0.0,1.0899857213222233,0.958682539241051,0.0,0.0,0.0,2
spambase,boundary_geometry_control,5,HISTORICAL-WS,historical_ws,False,True,False,288,4,1244,0.0,1.235667885577119,0.08020561650312426,0.23166197715492645,0.5957444970113882,1.2308749546076203,0.6666666666666666,3,0.629458299931236,0.1576723863753585,0.09792236406614595,0.4409176925593201,1.133044300334361,0.0,3
spambase,boundary_geometry_control,5,WS-S,ws_s,False,True,False,288,4,1244,0.2,1.390411986454372,0.0753520567925819,0.2497828829644509,0.0,0.0,0.5,2,0.7045077455904435,0.09686578849750914,0.005188001116403782,0.0,0.0,0.5,2
spambase,boundary_geometry_control,5,NBI-S,nbi_s,False,True,False,288,4,1244,0.2,1.3818344204223059,0.07533098210271409,0.24561136418437998,0.023709328448664052,0.032960136464635914,1.0,3,0.7000303287005027,0.09810132747074614,0.1395983271112938,0.08798477648753583,0.1620430646942435,0.3333333333333333,3
spambase,boundary_geometry_control,5,NBI-R,nbi_r,False,True,False,288,4,1244,0.0,0.0,2.564496101127779,2.0846822135438483,8.703217356133988e-06,0.007359823475451641,0.0,11,0.0,2.018819595847515,1.3851950393906833,3.342938499747373e-06,0.0042464904416062745,0.0,11
spambase,boundary_geometry_control,5,ANCHOR-INJECTION-CONTROL,nbi_s_plus_anchors,False,True,False,288,4,1244,,1.3818344204223059,0.07533098210271409,0.24561136418437998,0.023709328448664052,0.032960136464635914,1.0,3,0.7000303287005027,0.09810132747074614,0.1395983271112938,0.08798477648753583,0.1620430646942435,0.3333333333333333,3
spambase,boundary_geometry_control,5,GRID,grid,False,True,False,288,4,1244,0.6,1.5812853361888055,0.0,0.2241420659967273,0.15172477442677085,0.2708732285519253,1.0,4,0.7972765621138387,0.10783762934386207,0.11919624589996702,0.028187855434883165,0.06096944834767636,0.75,4
spambase,boundary_geometry_control,5,RANDOM,random,False,True,False,288,4,1244,0.0,0.10910555767678898,0.6052803408786334,0.5082847877421134,0.0,0.0,0.0,2,0.06634841437386366,0.7917805454350306,0.7043476338365151,0.0,0.0,0.0,2
spambase,boundary_geometry_control,5,NSGA2-MATCHED,nsga2,False,True,False,288,4,1244,0.0,0.03305735131418932,0.5873350346440004,0.7814872115565322,0.34750248548903107,1.846474168167623,0.0,9,0.0010026635268533092,0.7485384991611809,0.8782184987769083,0.2288591064467472,1.7693252735596179,0.0,9
spambase,boundary_geometry_control,6,HISTORICAL-WS-asrun,historical_ws_asrun,True,True,True,288,4,1246,0.0,0.0,0.8508968268292492,0.8017781538623906,0.0010091053354573266,0.0040195076045907085,0.0,3,0.0,5.155770368036762,5.527935221484902,0.1632438461116839,0.2372880566637717,0.0,3
spambase,boundary_geometry_control,6,HISTORICAL-WS,historical_ws,True,True,True,288,4,1246,0.0,0.3635315680195088,0.27058743532543655,0.30421989184795356,0.23429232685523538,0.6118869279525054,0.75,4,0.0,0.773784004784415,2.9002026404482772,0.02953202414367051,0.04472784050255731,0.0,4
spambase,boundary_geometry_control,6,WS-S,ws_s,True,True,True,288,4,1246,0.0,0.2862126000290714,0.2998566974673244,0.3511867952899112,0.2392095556972774,1.7573117246241772,0.6666666666666666,6,0.0,1.1828180033464184,3.1679941101232516,0.16757811424694824,0.8148595449432703,0.0,6
spambase,boundary_geometry_control,6,NBI-S,nbi_s,True,True,True,288,4,1246,0.3333,0.32255659754041566,0.1963011282236784,0.3168732655420456,0.13369500715829302,1.1215629942296728,0.4444444444444444,9,0.2798999778534215,0.39850717828523186,3.5916351189013955,0.4320923800630207,1.0516918308797738,0.1111111111111111,9
spambase,boundary_geometry_control,6,NBI-R,nbi_r,True,True,True,288,4,1246,0.0,0.9540928834246565,0.3863205143852844,0.2704866250088009,,,1.0,1,0.0,4.641353838100467,4.032717116975441,,,0.0,1
spambase,boundary_geometry_control,6,ANCHOR-INJECTION-CONTROL,nbi_s_plus_anchors,True,True,True,288,4,1246,,0.32255659754041566,0.1963011282236784,0.3168732655420456,0.13369500715829302,1.1215629942296728,0.4444444444444444,9,0.2798999778534215,0.39850717828523186,3.5916351189013955,0.4320923800630207,1.0516918308797738,0.1111111111111111,9
spambase,boundary_geometry_control,6,GRID,grid,True,True,True,288,4,1246,0.3333,1.356631060701868,0.0,0.10151979054959163,0.19980788476606767,1.2211402682644381,1.0,6,0.7578760950143345,0.31737202445652973,2.9743132337730773,0.8310911087650238,1.2960804363161569,0.16666666666666666,6
spambase,boundary_geometry_control,6,RANDOM,random,True,True,True,288,4,1246,0.0,0.0,1.0229225672310522,1.254156564023822,0.0,0.0,0.0,2,0.0,5.927393799324253,5.494795670525749,0.0,0.0,0.0,2
spambase,boundary_geometry_control,6,NSGA2-MATCHED,nsga2,True,True,True,288,4,1246,0.3333,3.4761335272641625,0.0,0.6628524689374805,0.0,0.0,1.0,2,0.3568554878638914,0.31857982972013793,0.21652485503968946,0.0,0.0,0.5,2
spambase,boundary_geometry_control,7,HISTORICAL-WS-asrun,historical_ws_asrun,False,True,False,288,2,1241,0.0,0.0,3.4265586125234018,4.120441995953503,0.18669034749863672,0.1553911916873066,0.0,3,0.0,1.4130511100920737,1.2908130998190799,0.00029240845056575633,0.0007288160171731956,0.0,3
spambase,boundary_geometry_control,7,HISTORICAL-WS,historical_ws,False,True,False,288,2,1241,0.0909,0.5238095238095238,0.5,0.598090924757979,0.0,0.0,0.5,2,0.3391553513525135,0.21360418249822113,0.21044009323726728,0.0,0.0,0.5,2
spambase,boundary_geometry_control,7,WS-S,ws_s,False,True,False,288,2,1241,0.0909,0.5238095238095238,0.5,0.9053037387568853,0.9950701099728927,1.0799425005291043,1.0,3,0.3391553513525135,0.19113628749030048,0.29163908882134815,0.5776054188183956,1.2943035659010165,0.3333333333333333,3
spambase,boundary_geometry_control,7,NBI-S,nbi_s,False,True,False,288,2,1241,0.0909,0.5238095238095238,0.3866932429318781,1.612229296129625,1.2056883601546864,0.8876805132074717,1.0,3,0.38423626425332585,0.08610688552527243,0.09949540638748035,0.5071032302009625,1.0660974905429572,0.3333333333333333,3
spambase,boundary_geometry_control,7,NBI-R,nbi_r,False,True,False,288,2,1241,0.2727,0.0,1.0376817623859886,2.055538463286531,1.0226438357231618,0.6631692755138753,0.75,4,0.45636352974870603,0.5702182333396929,0.20423810964521358,0.25967533594269443,0.6638411201418429,0.75,4
spambase,boundary_geometry_control,7,ANCHOR-INJECTION-CONTROL,nbi_s_plus_anchors,False,True,False,288,2,1241,,0.5238095238095238,0.3866932429318781,1.612229296129625,1.2056883601546864,0.8876805132074717,1.0,3,0.38423626425332585,0.08610688552527243,0.09949540638748035,0.5071032302009625,1.0660974905429572,0.3333333333333333,3
spambase,boundary_geometry_control,7,GRID,grid,False,True,False,288,2,1241,0.2727,1.0,0.0,0.0,0.6666666666666667,1.7320508075688772,1.0,3,0.7216266793733351,0.12132276138486044,0.0,0.31074845469529466,1.7320508075688772,1.0,3
spambase,boundary_geometry_control,7,RANDOM,random,False,True,False,288,2,1241,0.0,0.0,2.7782600664911277,2.6440142372958815,,,0.0,1,0.0,1.4574101973700522,0.9518620312663443,,,0.0,1
spambase,boundary_geometry_control,7,NSGA2-MATCHED,nsga2,False,True,False,288,2,1241,0.0,0.0,1.6599938203796634,1.9612336603546214,,,1.0,1,0.0,0.95457854408198,0.34821796874460614,,,0.0,1
spambase,boundary_geometry_control,8,HISTORICAL-WS-asrun,historical_ws_asrun,False,True,False,288,5,1253,0.0,1.6209867406815066,0.006132725807999046,0.27709937236418275,0.2062118298707375,1.5780298952909935,1.0,9,0.12652986531346777,0.6254373896323077,1.584970880942593,0.6212888006633909,1.5824986417685123,0.0,9
spambase,boundary_geometry_control,8,HISTORICAL-WS,historical_ws,False,True,False,288,5,1253,0.0,1.2674334297809642,0.0,0.1477728675449281,0.38613725473839977,1.407664125637755,1.0,6,0.0,1.1790067538403088,1.8892727229164141,1.0531230362487107,1.4890417903458568,0.0,6
spambase,boundary_geometry_control,8,WS-S,ws_s,False,True,False,288,5,1253,0.0,1.3168973460248525,0.0,0.23924313845821255,0.2915771855726984,1.49068650277442,1.0,6,0.0,1.1087577066120835,1.760702426729584,0.8962466443465439,1.604163491590392,0.0,6
spambase,boundary_geometry_control,8,NBI-S,nbi_s,False,True,False,288,5,1253,0.0,1.2857983092073988,0.013424311427325777,0.20395408886608307,0.21971654400854715,1.0065782198614917,0.7142857142857143,7,0.0,1.027515240512325,1.834939901878757,0.6810101040806401,1.132241090198876,0.0,7
spambase,boundary_geometry_control,8,NBI-R,nbi_r,False,True,False,288,5,1253,0.0,0.5296273336302924,0.37102218381077,0.30948269766060754,0.0,0.0,1.0,2,0.0,1.4296807417061774,1.3286753549708052,0.0,0.0,0.0,2
spambase,boundary_geometry_control,8,ANCHOR-INJECTION-CONTROL,nbi_s_plus_anchors,False,True,False,288,5,1253,,1.2857983092073988,0.013424311427325777,0.20395408886608307,0.21971654400854715,1.0065782198614917,0.7142857142857143,7,0.0,1.027515240512325,1.834939901878757,0.6810101040806401,1.132241090198876,0.0,7
spambase,boundary_geometry_control,8,GRID,grid,False,True,False,288,5,1253,0.0,1.1165409261740027,0.0,0.05973992031315176,0.35297613357395113,1.2226329261784414,1.0,5,0.0,1.4555115066608664,2.171468144821681,1.0019364644200444,1.3589989698879503,0.0,5
spambase,boundary_geometry_control,8,RANDOM,random,False,True,False,288,5,1253,0.0,0.0,0.8594258109909626,0.8078766168685955,0.14090236018869576,0.5495943296352419,0.0,4,0.0,3.043717462692698,4.756875587817358,0.16258738259794644,0.38664868549563913,0.0,4
spambase,boundary_geometry_control,8,NSGA2-MATCHED,nsga2,False,True,False,288,5,1253,1.0,2.676382428795578,0.0,0.7839066971744225,0.03866790656367512,0.8824917108555391,1.0,6,1.0,0.0,0.0,0.05185526118024261,0.8087965348421444,1.0,6
spambase,boundary_geometry_control,9,HISTORICAL-WS-asrun,historical_ws_asrun,False,True,False,288,3,1237,0.0,0.0,1.3241182747130233,1.4360892707019217,0.06841636843125355,2.8284271247461903,0.0,8,0.0,1.8059522094156695,1.8163390459514184,0.06662112761055781,2.82842712474619,0.0,8
spambase,boundary_geometry_control,9,HISTORICAL-WS,historical_ws,False,True,False,288,3,1237,0.0,1.6111644403598697,0.026375372827802213,0.1781563370880072,0.0,0.0,1.0,2,0.002718442011618063,0.42856016868988817,0.32264700796486,0.0,0.0,0.0,2
spambase,boundary_geometry_control,9,WS-S,ws_s,False,True,False,288,3,1237,0.0,1.8035403154349694,0.0,0.22616585886601284,0.45954335551011194,1.1751726053736238,1.0,3,0.002666981292773974,0.40789999984567366,0.27708442080824475,0.48343682148214695,1.2016070998481236,0.0,3
spambase,boundary_geometry_control,9,NBI-S,nbi_s,False,True,False,288,3,1237,0.4,2.98545263669175,0.0,0.3522537484878988,0.19121003755840854,0.7262033874410428,1.0,4,0.3921068199884348,0.16491330604187165,0.08617811977434012,0.1942461063668279,0.7361413655401782,0.5,4
spambase,boundary_geometry_control,9,NBI-R,nbi_r,False,True,False,288,3,1237,0.0,0.00188006839303748,0.688491446804477,0.3520523377641668,3.3778409574737415e-07,2.0,0.0,4,0.0,1.350406057484967,0.9263495626506355,3.276276492337549e-07,2.0,0.0,4
spambase,boundary_geometry_control,9,ANCHOR-INJECTION-CONTROL,nbi_s_plus_anchors,False,True,False,288,3,1237,,2.98545263669175,0.0,0.3522537484878988,0.19121003755840854,0.7262033874410428,1.0,4,0.3921068199884348,0.16491330604187165,0.08617811977434012,0.1942461063668279,0.7361413655401782,0.5,4
spambase,boundary_geometry_control,9,GRID,grid,False,True,False,288,3,1237,0.0,1.59970266748231,0.0,0.101813200646871,0.19357439571099147,1.0568123853409324,1.0,6,0.16194084445115708,0.5090418638038784,0.49020611163518835,0.20059600139487738,1.077012673874383,0.0,6
spambase,boundary_geometry_control,9,RANDOM,random,False,True,False,288,3,1237,0.0,0.0,1.7854707037920656,1.597789473182985,,,0.0,1,0.0,2.220519588340051,2.0900828290512536,,,0.0,1
spambase,boundary_geometry_control,9,NSGA2-MATCHED,nsga2,False,True,False,288,3,1237,0.6,4.360721112053836,0.0,0.5903361801815102,0.14807358162987702,0.3968780842366505,1.0,3,0.9895812521845802,0.0160108767477635,0.0,0.1995123667646639,0.49212806371286477,1.0,3
spambase,boundary_geometry_control,10,HISTORICAL-WS-asrun,historical_ws_asrun,True,True,True,288,2,1241,0.0,4.547855738147346,0.19151149185315722,2.9091760867227685,0.0,0.0,0.5,2,0.45075126621624595,0.4262450578335024,1.9704456015195728,0.0,0.0,0.0,2
spambase,boundary_geometry_control,10,HISTORICAL-WS,historical_ws,True,True,True,288,2,1241,0.0,4.059455582775756,0.07347734951091849,0.8313484563661564,1.1701902088935596,1.611786228430588,1.0,5,0.18959559355076888,0.4612034672741652,0.33291845657523367,0.38429975969072977,1.3416937753180265,0.0,5
spambase,boundary_geometry_control,10,WS-S,ws_s,True,True,True,288,2,1241,0.6667,9.912103872520317,0.0,0.9692114806431824,0.0,0.0,1.0,2,0.9621547137407328,0.10265669539438343,0.0,0.0,0.0,1.0,2
spambase,boundary_geometry_control,10,NBI-S,nbi_s,True,True,True,288,2,1241,0.3333,4.624716522651483,0.0,0.8504195029983704,1.1246373704545707,1.3118686015538934,1.0,4,0.43856014371481933,0.22425854334478257,0.2350326511158572,0.4558120884470357,1.2045824620011965,0.25,4
spambase,boundary_geometry_control,10,NBI-R,nbi_r,True,True,True,288,2,1241,0.0,5.750545893286783,0.0,0.8263367314603787,1.0424146779080798,1.442745818329599,1.0,5,0.4474662817292558,0.3075901296944739,0.27452506191824166,0.34547904574825905,1.1746649851026514,0.0,5
spambase,boundary_geometry_control,10,ANCHOR-INJECTION-CONTROL,nbi_s_plus_anchors,True,True,True,288,2,1241,,4.624716522651483,0.0,0.8504195029983704,1.1246373704545707,1.3118686015538934,1.0,4,0.43856014371481933,0.22425854334478257,0.2350326511158572,0.4558120884470357,1.2045824620011965,0.25,4
spambase,boundary_geometry_control,10,GRID,grid,True,True,True,288,2,1241,0.0,2.0984991960894965,0.0,0.08061911786063689,0.16123823572127377,1.1547005383792515,1.0,4,0.24533192244913826,0.575135425578848,0.4049244420503503,0.06749768986340164,1.1547005383792515,0.0,4
spambase,boundary_geometry_control,10,RANDOM,random,True,True,True,288,2,1241,0.0,0.0,4.968996082984329,6.03773810693094,0.0,0.0,0.0,2,0.0,2.471516073080759,3.2731535861651375,0.0,0.0,0.0,2
spambase,boundary_geometry_control,10,NSGA2-MATCHED,nsga2,True,True,True,288,2,1241,0.0,0.0,1.59471332159083,2.479200771585286,1.6042932390592015,1.025344626280486,0.0,3,0.0,1.0241736297860908,1.5913962108084247,1.0164637406857806,1.1224134428080375,0.0,3
spambase,boundary_geometry_control,11,HISTORICAL-WS-asrun,historical_ws_asrun,False,True,False,288,2,1234,0.0,0.0,1.6342455099767612,1.5281171106945668,,,0.0,1,0.0,1.3967615936548867,1.0265797154233935,,,0.0,1
spambase,boundary_geometry_control,11,HISTORICAL-WS,historical_ws,False,True,False,288,2,1234,0.0,2.087763437781999,0.36309669429498687,0.20862219605316187,0.0,0.0,1.0,2,0.0,0.6344246856600088,0.314252302601296,0.0,0.0,0.0,2
spambase,boundary_geometry_control,11,WS-S,ws_s,False,True,False,288,2,1234,0.0,2.750449669463424,0.1627910797468538,0.26077271939962204,0.2269245461201619,0.619385024739999,1.0,3,0.26019896002473913,0.4265513013530242,0.2795767394832105,0.08104874899960705,0.38392951144311876,0.0,3
spambase,boundary_geometry_control,11,NBI-S,nbi_s,False,True,False,288,2,1234,0.1111,5.315595361874456,0.1537623286476481,0.5894283399548776,0.0,0.0,1.0,2,0.3156210882497048,0.4063818837629425,0.12703644315174134,0.0,0.0,0.5,2
spambase,boundary_geometry_control,11,NBI-R,nbi_r,False,True,False,288,2,1234,0.0,0.0,1.7896805765596397,1.529691285250007,0.0,0.0,0.0,2,0.0,1.6334707027779518,1.2519416640299204,0.0,0.0,0.0,2
spambase,boundary_geometry_control,11,ANCHOR-INJECTION-CONTROL,nbi_s_plus_anchors,False,True,False,288,2,1234,,5.315595361874456,0.1537623286476481,0.5894283399548776,0.0,0.0,1.0,2,0.3156210882497048,0.4063818837629425,0.12703644315174134,0.0,0.0,0.5,2
spambase,boundary_geometry_control,11,GRID,grid,False,True,False,288,2,1234,0.1111,3.9018652194878674,0.0,0.18455379260750374,0.5616386075877378,1.7320508075688774,1.0,3,0.6203215096566369,0.2316187867799611,0.2909161661928237,0.37331421928550745,1.7320508075688772,0.3333333333333333,3
spambase,boundary_geometry_control,11,RANDOM,random,False,True,False,288,2,1234,0.0,0.0,1.9050453264088145,2.0595975913184166,0.0,0.0,0.0,2,0.0,1.6798845580957098,1.3831035989894267,0.0,0.0,0.0,2
spambase,boundary_geometry_control,11,NSGA2-MATCHED,nsga2,False,True,False,288,2,1234,0.7778,4.68724492663519,0.09410269790044179,0.5852936105505507,0.21538444202786972,1.5854776162563786,1.0,9,0.9106110687133208,0.04778020930904894,0.11969360413432309,0.1259420865263277,1.5138637741243122,0.7777777777777778,9
spambase,boundary_geometry_control,12,HISTORICAL-WS-asrun,historical_ws_asrun,False,True,False,288,4,1244,0.0,0.0048389073198542585,0.7111109917734327,0.28269860295669047,0.14504542264430695,2.0000000000000004,0.0,4,0.0,0.9756655640708972,0.3227640784234713,0.14131967598197487,2.0,0.0,4
spambase,boundary_geometry_control,12,HISTORICAL-WS,historical_ws,False,True,False,288,4,1244,0.1,0.5618398643855372,0.18560611105568206,0.189259883326903,0.34846224134305764,1.901646567707194,0.2,5,0.532246182589513,0.08543719475517861,0.20402068035425175,0.3412677329722847,1.9072688120007724,0.2,5
spambase,boundary_geometry_control,12,WS-S,ws_s,False,True,False,288,4,1244,0.1,0.5650144613632474,0.1909216448038874,0.1841228500705483,0.39258978136005807,1.0423958283714285,0.25,4,0.5353138397716194,0.08709275085372326,0.20351671806652996,0.3882456725489005,1.0318036980050944,0.25,4
spambase,boundary_geometry_control,12,NBI-S,nbi_s,False,True,False,288,4,1244,0.2,0.5953366682428544,0.14977237636670698,0.1390498486491851,0.05254060510389752,1.2448777459431453,0.5,6,0.5607118842757104,0.07064593825936101,0.14234789489820024,0.05017202208758569,1.2277929578798579,0.3333333333333333,6
spambase,boundary_geometry_control,12,NBI-R,nbi_r,False,True,False,288,4,1244,0.0,0.0,1.5484841641652904,1.0235517106533167,,,0.0,1,0.0,1.877116314530155,1.082409647795272,,,0.0,1
spambase,boundary_geometry_control,12,ANCHOR-INJECTION-CONTROL,nbi_s_plus_anchors,False,True,False,288,4,1244,,0.5953366682428544,0.14977237636670698,0.1390498486491851,0.05254060510389752,1.2448777459431453,0.5,6,0.5607118842757104,0.07064593825936101,0.14234789489820024,0.05017202208758569,1.2277929578798579,0.3333333333333333,6
spambase,boundary_geometry_control,12,GRID,grid,False,True,False,288,4,1244,0.5,1.0450306083003058,0.0,0.031109210719627196,0.21995116793586975,1.0553539683579611,1.0,5,1.0,0.0,0.0,0.22572062019341815,1.0557008082638202,1.0,5
spambase,boundary_geometry_control,12,RANDOM,random,False,True,False,288,4,1244,0.0,0.0,0.9782603328702212,0.6901943945034592,0.05111243668494577,0.2736098247473947,0.0,3,0.0,1.237658258849934,0.7381177108928464,0.05211743705667682,0.27331371414358047,0.0,3
spambase,boundary_geometry_control,12,NSGA2-MATCHED,nsga2,False,True,False,288,4,1244,0.0,0.5087021943277936,0.31086243043622297,0.2449116827760294,0.08864640900242682,1.5122337745218024,0.0,14,0.47598564496962853,0.43959464515481644,0.27099650050282376,0.09067669325515416,1.5162651106191822,0.0,14
spambase,boundary_geometry_control,13,HISTORICAL-WS-asrun,historical_ws_asrun,False,True,False,288,2,1248,0.0,0.0,2.588730048063944,2.8390516731147715,0.17151276125305084,4.123105625617661,0.0,17,0.0,3.1648470013016357,3.1018906116379594,0.18081539986930845,4.123105625617661,0.0,17
spambase,boundary_geometry_control,13,HISTORICAL-WS,historical_ws,False,True,False,288,2,1248,0.037,1.4944305392129982,1.1102230246251565e-16,0.12438999788999497,0.0,0.0,0.5,2,0.9953171803524065,3.876013489758058e-05,1.1102230246251565e-16,0.0,0.0,0.5,2
spambase,boundary_geometry_control,13,WS-S,ws_s,False,True,False,288,2,1248,0.037,1.1288852810571595,0.0,0.11264229740966973,0.0,0.0,1.0,2,0.6861612801440018,0.004880597077955354,0.03296443796278843,0.0,0.0,0.5,2
spambase,boundary_geometry_control,13,NBI-S,nbi_s,False,True,False,288,2,1248,0.0741,1.4456290590071734,0.0,0.09151477132431045,0.0,0.0,1.0,2,0.973503733871845,0.0020705165544583877,0.0,0.0,0.0,1.0,2
spambase,boundary_geometry_control,13,NBI-R,nbi_r,False,True,False,288,2,1248,0.7407,0.5238095238095238,0.5,0.0,0.0,0.0,1.0,20,0.5213566182798326,0.07200355751961568,0.0,0.0,0.0,1.0,20
spambase,boundary_geometry_control,13,ANCHOR-INJECTION-CONTROL,nbi_s_plus_anchors,False,True,False,288,2,1248,,1.4456290590071734,0.0,0.09151477132431045,0.0,0.0,1.0,2,0.973503733871845,0.0020705165544583877,0.0,0.0,0.0,1.0,2
spambase,boundary_geometry_control,13,GRID,grid,False,True,False,288,2,1248,0.0741,1.0,0.0,0.0,0.0,0.0,1.0,4,0.6407286521277193,0.013337488766779051,0.07725910886695754,0.0,0.0,0.5,4
spambase,boundary_geometry_control,13,RANDOM,random,False,True,False,288,2,1248,0.0,0.0,5.150006113862151,5.0233944568103555,0.0,0.0,0.0,2,0.0,5.828608709690884,5.391133520661326,0.0,0.0,0.0,2
spambase,boundary_geometry_control,13,NSGA2-MATCHED,nsga2,False,True,False,288,2,1248,0.0,0.0,2.4024800758771656,2.2811413304235875,0.0,0.0,0.0,2,0.0,2.980697598326003,2.505375888985366,0.0,0.0,0.0,2
spambase,boundary_geometry_control,14,HISTORICAL-WS-asrun,historical_ws_asrun,True,True,True,288,4,1232,0.0,1.1395388525534655,0.26533679030775803,0.8172799534988632,0.0,0.0,0.46153846153846156,13,0.0,2.621785900967877,2.3620952693107786,0.0,0.0,0.0,13
spambase,boundary_geometry_control,14,HISTORICAL-WS,historical_ws,True,True,True,288,4,1232,0.0,0.1939024170051917,0.5612338671895781,0.0,0.0,0.0,1.0,6,0.0,1.1842495390023544,0.9052562527177878,0.0,0.0,0.0,6
spambase,boundary_geometry_control,14,WS-S,ws_s,True,True,True,288,4,1232,0.0,0.788239537266536,0.10759467956196975,0.15928975354219996,0.6554617109701184,1.731658373977902,0.6666666666666666,3,0.0,1.1842495390023549,1.946379458363728,1.2927581065853624,1.7316561263862789,0.0,3
spambase,boundary_geometry_control,14,NBI-S,nbi_s,True,True,True,288,4,1232,1.0,4.612696592337912,0.0,0.9908859294906021,0.025230298909017027,0.12051288433256717,1.0,4,1.0,0.0,0.0,0.28707396558525394,0.6956014158881171,1.0,4
spambase,boundary_geometry_control,14,NBI-R,nbi_r,True,True,True,288,4,1232,0.0,0.17237429374844274,0.45130760840377776,0.16718729236154814,0.07903272955353642,1.3198346691399128,1.0,3,0.0,3.788602626089566,3.2628839364899176,0.08850317932830953,1.262752322100244,0.0,3
spambase,boundary_geometry_control,14,ANCHOR-INJECTION-CONTROL,nbi_s_plus_anchors,True,True,True,288,4,1232,,4.612696592337912,0.0,0.9908859294906021,0.025230298909017027,0.12051288433256717,1.0,4,1.0,0.0,0.0,0.28707396558525394,0.6956014158881171,1.0,4
spambase,boundary_geometry_control,14,GRID,grid,True,True,True,288,4,1232,0.0,0.9980661133616621,0.030954662199050773,0.04608333535785966,0.2093016416556919,1.2073182616923923,0.8,5,0.0,1.1820168917320806,1.8713418135456064,0.4725497219202908,1.0812185068806577,0.0,5
spambase,boundary_geometry_control,14,RANDOM,random,True,True,True,288,4,1232,0.0,0.0,1.134770180413821,1.2430549359676533,0.12671417763966847,0.5167270468199453,0.0,3,0.0,4.80360780640471,4.398755825845321,0.050679839590460504,0.21421239768788858,0.0,3
spambase,boundary_geometry_control,14,NSGA2-MATCHED,nsga2,True,True,True,288,4,1232,0.0,0.07642497967050872,0.6414409511959791,0.6637233328974552,0.12951003910448092,1.021071136004407,0.0,7,0.0,3.7193185890508227,3.366905458779175,0.15621984798350994,0.942386929956959,0.0,7
spambase,boundary_geometry_control,15,HISTORICAL-WS-asrun,historical_ws_asrun,False,True,False,288,3,1241,0.0,0.03945884721654206,0.6010642647290801,0.6150052940564336,0.18241994619439642,3.1263728805558055,0.0,13,0.042064307289621905,0.6079424204617707,0.5613555497692798,0.1620223974827424,3.1581392511431634,0.0,13
spambase,boundary_geometry_control,15,HISTORICAL-WS,historical_ws,False,True,False,288,3,1241,0.0345,0.503797836411174,0.13849858713489893,0.16523712589486136,0.38276208891592917,0.9152963699146753,0.75,4,0.42334275888357364,0.02940689995143735,0.18693578388912738,0.3509621129241904,0.9485323504896774,0.25,4
spambase,boundary_geometry_control,15,WS-S,ws_s,False,True,False,288,3,1241,0.069,0.5223971075274418,0.13849858713489893,0.14460975972947263,0.38545232544357066,1.282486443922806,0.8333333333333334,6,0.4410487063608986,0.022675465382246084,0.14512733858262905,0.34882451412876436,1.3132920588592936,0.3333333333333333,6
spambase,boundary_geometry_control,15,NBI-S,nbi_s,False,True,False,288,3,1241,0.1034,0.7547869746741077,0.09528816381219218,0.13764928631361872,0.3915169130432619,1.191884479524011,1.0,5,0.5979558972475113,0.013908332192250013,0.04465861189735361,0.35874573611448357,1.238425815722802,0.6,5
spambase,boundary_geometry_control,15,NBI-R,nbi_r,False,True,False,288,3,1241,0.6897,1.203191856479306,0.07487614737793395,0.0077580288551139685,0.20107271739412802,4.472135954999579,1.0,20,0.8840777393548966,0.04026276268719643,0.0,0.1731522523112878,4.472135954999579,1.0,20
spambase,boundary_geometry_control,15,ANCHOR-INJECTION-CONTROL,nbi_s_plus_anchors,False,True,False,288,3,1241,,0.7547869746741077,0.09528816381219218,0.13764928631361872,0.3915169130432619,1.191884479524011,1.0,5,0.5979558972475113,0.013908332192250013,0.04465861189735361,0.35874573611448357,1.238425815722802,0.6,5
spambase,boundary_geometry_control,15,GRID,grid,False,True,False,288,3,1241,0.069,1.05559986510593,0.0,0.03884156941397053,0.126059869465004,0.2229912549155943,1.0,3,0.7968783750941972,0.014053457281869351,0.04456739806933949,0.11430357664571641,0.2289133365789019,0.6666666666666666,3
spambase,boundary_geometry_control,15,RANDOM,random,False,True,False,288,3,1241,0.0,0.0,0.7867250681509516,0.5365238268337329,,,0.0,1,0.0,1.068694593837244,0.480813665893932,,,0.0,1
spambase,boundary_geometry_control,15,NSGA2-MATCHED,nsga2,False,True,False,288,3,1241,0.0,0.507411675612749,0.407070389499484,0.2618697625557475,0.07909293448055511,0.676228923089041,0.25,4,0.3903294513520097,0.6760918343622897,0.3000484215524007,0.06324537224412571,0.6326412859431699,0.0,4
spambase,boundary_geometry_control,16,HISTORICAL-WS-asrun,historical_ws_asrun,False,True,False,288,2,1242,0.0,0.5238095238095238,0.5,0.0,,,1.0,1,0.0,24.91335160507973,24.249234934633915,,,0.0,1
spambase,boundary_geometry_control,16,HISTORICAL-WS,historical_ws,False,True,False,288,2,1242,0.0,6.0837477244584175,0.07924832704931394,0.8798629760142974,,,1.0,1,0.0,3.672461007157638,3.0147570077004953,,,0.0,1
spambase,boundary_geometry_control,16,WS-S,ws_s,False,True,False,288,2,1242,0.0,6.25946364663876,0.049353369697764375,0.9260717843860001,,,1.0,1,0.0,2.1691502082227316,1.5236664248467078,,,0.0,1
spambase,boundary_geometry_control,16,NBI-S,nbi_s,False,True,False,288,2,1242,0.3333,9.374365633283038,0.01980558054641778,1.2225571432402853,,,1.0,1,0.5238095238095238,0.6666666666666666,0.0,,,1.0,1
spambase,boundary_geometry_control,16,NBI-R,nbi_r,False,True,False,288,2,1242,0.0,0.0,2.6403342096961797,2.1760886207521652,,,0.0,1,0.0,13.730006778246922,13.152468976753534,,,0.0,1
spambase,boundary_geometry_control,16,ANCHOR-INJECTION-CONTROL,nbi_s_plus_anchors,False,True,False,288,2,1242,,9.374365633283038,0.01980558054641778,1.2225571432402853,,,1.0,1,0.5238095238095238,0.6666666666666666,0.0,,,1.0,1
spambase,boundary_geometry_control,16,GRID,grid,False,True,False,288,2,1242,0.3333,1.5342391509050806,0.0,0.038572640220879924,0.5687722841023537,1.3450474041573077,1.0,3,0.5238095238095238,0.3333333333333333,15.204774596777801,9.184198593886647,1.1992939256698907,0.3333333333333333,3
spambase,boundary_geometry_control,16,RANDOM,random,False,True,False,288,2,1242,0.0,0.0,4.113778218955877,3.977251893189811,0.0,0.0,0.0,2,0.0,20.33007670847918,24.671308939538402,0.0,0.0,0.0,2
spambase,boundary_geometry_control,16,NSGA2-MATCHED,nsga2,False,True,False,288,2,1242,0.0,0.0,0.7659126893075392,0.283445379218544,,,0.0,1,0.0,3.200469977973467,2.7005813255923736,,,0.0,1
spambase,boundary_geometry_control,17,HISTORICAL-WS-asrun,historical_ws_asrun,False,True,False,288,3,1232,0.0,0.0,1.0403330962758384,0.8514247488879159,0.0,0.0,0.0,2,0.0,1.6131640196692685,1.0445574923393948,0.0,0.0,0.0,2
spambase,boundary_geometry_control,17,HISTORICAL-WS,historical_ws,False,True,False,288,3,1232,0.0312,0.5723096037037652,0.1310157902998943,0.13911230227577612,0.01740803934182872,0.026127880706189075,0.6666666666666666,3,0.3321647284862213,0.044901608350220876,0.2089131331101146,0.09233918829853988,0.131224590782593,0.3333333333333333,3
spambase,boundary_geometry_control,17,WS-S,ws_s,False,True,False,288,3,1232,0.0312,0.5723096037037652,0.1310157902998943,0.13911230227577612,0.01740803934182872,0.026127880706189075,0.6666666666666666,3,0.3321647284862213,0.044901608350220876,0.2089131331101146,0.09233918829853988,0.131224590782593,0.3333333333333333,3
spambase,boundary_geometry_control,17,NBI-S,nbi_s,False,True,False,288,3,1232,0.1562,1.1620839945753692,0.02532943819383186,0.08876927625751521,0.11286393470158206,1.3693063937629153,1.0,5,0.8756248155635692,0.005670298522318297,0.0,0.12196418787344676,1.3693063937629153,1.0,5
spambase,boundary_geometry_control,17,NBI-R,nbi_r,False,True,False,288,3,1232,0.625,0.25063053531466234,0.5274516226099365,0.0,0.0,0.0,1.0,20,0.2647715706069943,0.09287713381508056,0.0,0.0,0.0,1.0,20
spambase,boundary_geometry_control,17,ANCHOR-INJECTION-CONTROL,nbi_s_plus_anchors,False,True,False,288,3,1232,,1.1620839945753692,0.02532943819383186,0.08876927625751521,0.11286393470158206,1.3693063937629153,1.0,5,0.8756248155635692,0.005670298522318297,0.0,0.12196418787344676,1.3693063937629153,1.0,5
spambase,boundary_geometry_control,17,GRID,grid,False,True,False,288,3,1232,0.0938,1.0,0.0,0.0,0.28675498783657144,1.1547005383792515,1.0,4,0.7793285226791162,0.014331335021699164,0.04879346263629106,0.3110685686900779,1.1547005383792515,0.75,4
spambase,boundary_geometry_control,17,RANDOM,random,False,True,False,288,3,1232,0.0,0.0,1.0791492191793906,0.7185390663105949,,,0.0,1,0.0,1.7685767371401984,0.9799120573306319,,,0.0,1
spambase,boundary_geometry_control,17,NSGA2-MATCHED,nsga2,False,True,False,288,3,1232,0.0,0.5683347711202589,0.38873819130822046,0.10832087335485736,0.017107678279269425,4.02480372653747,1.0,19,0.178469918578483,0.9247859475507398,0.13216678143314112,0.017091620080413535,4.026879809473221,0.0,19
spambase,boundary_geometry_control,18,HISTORICAL-WS-asrun,historical_ws_asrun,False,True,False,288,3,1248,0.4167,5.313942513205469,0.003628216851658834,0.7171038979289144,0.15683071268858173,1.1792368023923492,1.0,5,0.9969306392750351,0.009609991009393753,0.0,0.22004669436496874,1.3614957957538008,1.0,5
spambase,boundary_geometry_control,18,HISTORICAL-WS,historical_ws,False,True,False,288,3,1248,0.0833,0.4344526415687659,0.0807870597035137,0.0731236412442845,0.0,0.0,1.0,2,0.20494363244050218,0.22393386183563668,0.3997780684662121,0.0,0.0,0.5,2
spambase,boundary_geometry_control,18,WS-S,ws_s,False,True,False,288,3,1248,0.0833,0.4344526415687659,0.09550031272573382,0.1117345355541986,0.0,0.0,1.0,2,0.20494363244050218,0.2308551143679757,0.42035652224999065,0.0,0.0,0.5,2
spambase,boundary_geometry_control,18,NBI-S,nbi_s,False,True,False,288,3,1248,0.1667,1.0459132273114364,0.05305845551520183,0.1927551289997417,0.1494471853544091,1.0318930922371115,0.6666666666666666,6,0.20494363244050218,0.22273384390660045,0.5015407534392584,0.1718486498930722,1.3451290234971076,0.3333333333333333,6
spambase,boundary_geometry_control,18,NBI-R,nbi_r,False,True,False,288,3,1248,0.0,0.0,0.9006891117141848,0.514936511073583,,,1.0,1,0.0,1.9346895096569405,1.2555345086177847,,,0.0,1
spambase,boundary_geometry_control,18,ANCHOR-INJECTION-CONTROL,nbi_s_plus_anchors,False,True,False,288,3,1248,,1.0459132273114364,0.05305845551520183,0.1927551289997417,0.1494471853544091,1.0318930922371115,0.6666666666666666,6,0.20494363244050218,0.22273384390660045,0.5015407534392584,0.1718486498930722,1.3451290234971076,0.3333333333333333,6
spambase,boundary_geometry_control,18,GRID,grid,False,True,False,288,3,1248,0.1667,1.1439944286755772,0.0,0.022858652499436683,0.3090245482659367,1.6489230325283726,1.0,5,0.2235612130726223,0.20534159965133203,0.31508521150280994,0.24029009246908348,1.7894721174948758,0.4,5
spambase,boundary_geometry_control,18,RANDOM,random,False,True,False,288,3,1248,0.0,0.0,0.8505408059866082,0.7843654339144502,0.17371046511586966,1.520148092513161,0.0,3,0.0,1.6765400959321306,1.5109604330397082,0.266414959947246,1.64049908233347,0.0,3
spambase,boundary_geometry_control,18,NSGA2-MATCHED,nsga2,False,True,False,288,3,1248,0.0,1.1420162466541781,0.40427680263560456,0.6809743208682079,0.37619008947233235,1.9496100622352406,1.0,5,0.0,1.149438322162822,0.5972250054919369,0.198539593950281,1.6198858123312647,0.0,5
spambase,boundary_geometry_control,19,HISTORICAL-WS-asrun,historical_ws_asrun,False,True,False,288,3,1246,0.0,0.7006021334645783,0.21767097933252466,0.33383338696801823,0.2646790485052212,3.526301476350925,0.0,14,0.7473333962067563,0.17116145336445898,0.11668031965119395,0.16576827823868476,3.5135810584221208,0.0,14
spambase,boundary_geometry_control,19,HISTORICAL-WS,historical_ws,False,True,False,288,3,1246,0.0833,0.6078869062468338,0.21433715290138308,0.6158656531698259,0.943640228658948,1.371813418069415,0.25,4,0.6370699986289218,0.12863737167369216,0.330439979082001,0.630186611105034,1.3892940206632882,0.25,4
spambase,boundary_geometry_control,19,WS-S,ws_s,False,True,False,288,3,1246,0.0833,0.6010065875996183,0.21764836504887833,0.7098927955502937,0.7192418302099209,0.6650134007986355,0.3333333333333333,3,0.6302075039529039,0.13069434921674541,0.38637321272283304,0.4924989445320042,0.6955525559701774,0.3333333333333333,3
spambase,boundary_geometry_control,19,NBI-S,nbi_s,False,True,False,288,3,1246,0.1667,0.6303166689290188,0.1934472840294792,0.3570979420462264,0.5463055743221218,1.1078926611427107,0.5,4,0.7379254993252385,0.07301746281926134,0.07225746865211893,0.35214740254346183,1.1090920258376473,0.5,4
spambase,boundary_geometry_control,19,NBI-R,nbi_r,False,True,False,288,3,1246,0.0,0.0,4.571893775239972,4.036688417425569,,,0.0,1,0.0,3.0798798749113225,2.484848701282506,,,0.0,1
spambase,boundary_geometry_control,19,ANCHOR-INJECTION-CONTROL,nbi_s_plus_anchors,False,True,False,288,3,1246,,0.6303166689290188,0.1934472840294792,0.3570979420462264,0.5463055743221218,1.1078926611427107,0.5,4,0.7379254993252385,0.07301746281926134,0.07225746865211893,0.35214740254346183,1.1090920258376473,0.5,4
spambase,boundary_geometry_control,19,GRID,grid,False,True,False,288,3,1246,0.4167,1.0010127233625947,0.0,0.04135713700003806,0.19802257404747242,1.1594806693510744,1.0,5,0.9467580532038821,0.031546369732429996,0.0,0.13219460524063634,1.1592404429626677,1.0,5
spambase,boundary_geometry_control,19,RANDOM,random,False,True,False,288,3,1246,0.0,0.0,2.8399942986549553,2.9846181665234632,0.0,0.0,0.0,2,0.0,1.9224493492699695,1.833125954100315,0.0,0.0,0.0,2
spambase,boundary_geometry_control,19,NSGA2-MATCHED,nsga2,False,True,False,288,3,1246,0.0,0.0,1.528329845423195,1.602901947204947,0.056141629368307217,1.062201001849365,0.0,5,0.0,1.0700648216530688,0.9781897036969284,0.037390499205223235,1.0700902740591267,0.0,5
spambase,boundary_geometry_control,20,HISTORICAL-WS-asrun,historical_ws_asrun,True,True,True,288,3,1229,0.0,0.0,0.8285309137582657,0.6696761448594498,0.48397786129207115,3.464101615137754,0.0,12,0.030232847439138597,0.5178612819949663,0.199999758460379,0.4294292175876576,3.464101615137755,0.0,12
spambase,boundary_geometry_control,20,HISTORICAL-WS,historical_ws,True,True,True,288,3,1229,0.0833,0.22986781708683487,0.6005021100879274,0.0,,,1.0,1,0.6033946070346264,0.23558624545016174,0.0,,,1.0,1
spambase,boundary_geometry_control,20,WS-S,ws_s,True,True,True,288,3,1229,0.0833,0.22986781708683487,0.6005021100879274,0.0,,,1.0,1,0.6033946070346264,0.23558624545016174,0.0,,,1.0,1
spambase,boundary_geometry_control,20,NBI-S,nbi_s,True,True,True,288,3,1229,0.25,0.786994540116686,0.3284007962760987,0.313334376568382,0.05419193170562421,0.12557946180376936,1.0,3,0.8152664828603268,0.12796299416864537,0.0,0.11625772661695045,0.41933923513720756,1.0,3
spambase,boundary_geometry_control,20,NBI-R,nbi_r,True,True,True,288,3,1229,0.0,0.0,2.691540051490996,2.799974263974086,0.13516271955886913,0.8490861434539635,0.0,3,0.0,2.271981647001701,1.948569467963124,0.07707771675460312,0.8848839423585194,0.0,3
spambase,boundary_geometry_control,20,ANCHOR-INJECTION-CONTROL,nbi_s_plus_anchors,True,True,True,288,3,1229,,0.786994540116686,0.3284007962760987,0.313334376568382,0.05419193170562421,0.12557946180376936,1.0,3,0.8152664828603268,0.12796299416864537,0.0,0.11625772661695045,0.41933923513720756,1.0,3
spambase,boundary_geometry_control,20,GRID,grid,True,True,True,288,3,1229,0.1667,1.0,0.0,0.0,0.3073607351982207,0.6204069000736696,1.0,3,0.8846519234651551,0.04443000297528663,0.016187187800367642,0.20793468999557904,0.5046837662369003,0.6666666666666666,3
spambase,boundary_geometry_control,20,RANDOM,random,True,True,True,288,3,1229,0.0,0.0,1.7271576867646843,2.8016429352908143,1.12495610766248,1.1302224312543883,0.0,4,0.0,1.658522830885378,1.7556850316401973,0.6101051140957532,1.141881744433311,0.0,4
spambase,boundary_geometry_control,20,NSGA2-MATCHED,nsga2,True,True,True,288,3,1229,0.25,0.9239994083332645,0.24920994249572537,0.13695862026333477,0.09619045055001625,4.468830514630363,0.15,20,0.5187173599698442,0.3731179071015375,0.05921374644456391,0.050618055400516226,4.4678296996375515,0.15,20
spambase,boundary_geometry_control,21,HISTORICAL-WS-asrun,historical_ws_asrun,False,True,False,288,3,1239,0.0,0.5296877961035491,0.22133900478770072,0.12467986079571854,0.5757035283097923,1.7320508075688772,0.3333333333333333,3,0.27005827403893556,0.24127018412575219,0.15269854216550025,0.5077058311936876,1.7320508075688772,0.0,3
spambase,boundary_geometry_control,21,HISTORICAL-WS,historical_ws,False,True,False,288,3,1239,0.0,0.20887229918481032,0.3481379911693833,0.3431792409478027,0.12145511551562871,0.18265093010383834,0.3333333333333333,3,0.004842944956894581,0.34069413342722404,0.37843284332766913,0.17199048845973497,0.30272573182109286,0.0,3
spambase,boundary_geometry_control,21,WS-S,ws_s,False,True,False,288,3,1239,0.125,0.5077756589612689,0.26010828457841617,0.22434020734903712,0.0,0.0,0.5,2,0.14826277773233842,0.18474220345147524,0.07690647889337053,0.0,0.0,0.5,2
spambase,boundary_geometry_control,21,NBI-S,nbi_s,False,True,False,288,3,1239,0.5,1.152076901490218,0.028918112152216957,0.15650220154137526,0.21422227560885818,1.7509715677949818,1.0,6,0.597161942885192,0.06595885415405595,0.0962515391029896,0.19980130222137102,1.70869619528092,0.6666666666666666,6
spambase,boundary_geometry_control,21,NBI-R,nbi_r,False,True,False,288,3,1239,0.0,0.0,2.6185811045561294,2.138375217392856,,,0.0,1,0.0,2.188836950500481,1.7105385950606056,,,0.0,1
spambase,boundary_geometry_control,21,ANCHOR-INJECTION-CONTROL,nbi_s_plus_anchors,False,True,False,288,3,1239,,1.152076901490218,0.028918112152216957,0.15650220154137526,0.21422227560885818,1.7509715677949818,1.0,6,0.597161942885192,0.06595885415405595,0.0962515391029896,0.19980130222137102,1.70869619528092,0.6666666666666666,6
spambase,boundary_geometry_control,21,GRID,grid,False,True,False,288,3,1239,0.0,1.0119604353325065,0.0,0.1281433315040907,0.22207907013373718,0.9492317300813787,1.0,6,0.5443233974662252,0.2124373140217795,0.2977318405442563,0.1737182761581628,0.8686511517104182,0.0,6
spambase,boundary_geometry_control,21,RANDOM,random,False,True,False,288,3,1239,0.0,0.0,0.9433670018299433,0.6521960349466505,0.0,0.0,0.0,2,0.007198411750670656,0.9190662735080917,0.6409191745175963,0.0,0.0,0.0,2
spambase,boundary_geometry_control,21,NSGA2-MATCHED,nsga2,False,True,False,288,3,1239,0.375,1.8199648732066482,0.011668130867126958,0.21378659936530955,0.3733213473957367,1.8749080863652807,1.0,5,0.9869747829811584,0.060130480451090706,0.009574825506055713,0.29114461543441406,1.8282182274206042,0.6,5
spambase,boundary_geometry_control,22,HISTORICAL-WS-asrun,historical_ws_asrun,True,True,True,288,2,1238,0.0,0.0,1.8789266683351933,2.9076585774682453,0.9195383986031326,1.5500576051970227,0.16666666666666666,6,0.0,0.7091783687900283,0.6138565723635542,0.364790275574244,1.5494194802980148,0.0,6
spambase,boundary_geometry_control,22,HISTORICAL-WS,historical_ws,True,True,True,288,2,1238,0.0909,0.5690212831199307,0.18255908252971684,1.289334573813752,0.4574489492341811,2.0470283332598807,0.16666666666666666,6,0.6018114925770796,0.16759987206741853,0.3021765563699707,0.1955750985823638,1.9551890922057793,0.16666666666666666,6
spambase,boundary_geometry_control,22,WS-S,ws_s,True,True,True,288,2,1238,0.0909,0.5690212831199307,0.18255908252971684,1.2122178642370574,0.906102351522835,0.5830994958529188,0.3333333333333333,3,0.6018114925770796,0.16759987206741853,0.2638602972521947,0.22966085122518387,0.3986682737044393,0.3333333333333333,3
spambase,boundary_geometry_control,22,NBI-S,nbi_s,True,True,True,288,2,1238,0.2727,0.5238095238095238,0.5,1.4948986049695634,1.057625726846646,1.1425738511501071,0.75,4,0.39428265937332746,0.1415177549418152,0.13191096475699052,0.3371857228232013,0.8662466369363427,0.75,4
spambase,boundary_geometry_control,22,NBI-R,nbi_r,True,True,True,288,2,1238,0.0,0.0,6.91929151532896,6.439233220579393,,,0.0,1,0.0,2.14753115135656,1.6037366080749338,,,0.0,1
spambase,boundary_geometry_control,22,ANCHOR-INJECTION-CONTROL,nbi_s_plus_anchors,True,True,True,288,2,1238,,0.5238095238095238,0.5,1.4948986049695634,1.057625726846646,1.1425738511501071,0.75,4,0.39428265937332746,0.1415177549418152,0.13191096475699052,0.3371857228232013,0.8662466369363427,0.75,4
spambase,boundary_geometry_control,22,GRID,grid,True,True,True,288,2,1238,0.3636,1.0,0.0,0.22080028896599035,0.4416005779319807,1.1547005383792515,1.0,4,0.9563397607698844,0.031029954807030736,0.0,0.15128576814121,1.1547005383792517,1.0,4
spambase,boundary_geometry_control,22,RANDOM,random,True,True,True,288,2,1238,0.0,0.0,4.169684535848834,5.016987587908271,0.0,0.0,0.0,2,0.0,1.3988420446794279,1.3975954411406648,0.0,0.0,0.0,2
spambase,boundary_geometry_control,22,NSGA2-MATCHED,nsga2,True,True,True,288,2,1238,0.0,0.0,4.385553782300956,4.830602871305331,0.6430690989036022,1.2549272756895524,0.0,5,0.0,1.3940968536480298,1.1411291299298083,0.2036126580314848,1.080850352429368,0.0,5
spambase,boundary_geometry_control,23,HISTORICAL-WS-asrun,historical_ws_asrun,False,True,False,288,4,1249,0.0,0.4134887372398466,0.47988528458248014,0.16754105545530115,,,1.0,1,0.0,1.1715045310155674,1.137848394324901,,,0.0,1
spambase,boundary_geometry_control,23,HISTORICAL-WS,historical_ws,False,True,False,288,4,1249,0.0,2.421256211814459,0.0027720469845260443,0.43373208507167704,0.2568767201692461,0.3681569243967244,1.0,3,0.0,0.4802510186788685,0.5242537427964278,0.2764722064306519,0.5372580919594412,0.0,3
spambase,boundary_geometry_control,23,WS-S,ws_s,False,True,False,288,4,1249,0.0,2.0825251851909874,0.007791370813450993,0.3305214364728266,0.0,0.0,1.0,2,0.0,0.5347703425212538,0.5086105765927298,0.0,0.0,0.0,2
spambase,boundary_geometry_control,23,NBI-S,nbi_s,False,True,False,288,4,1249,0.0,2.1462196472771384,0.0800201692816667,1.0501243396358748,0.23232637588741248,1.3735593776392907,0.375,8,0.00452172165172236,0.567413161032644,1.1652305438047472,0.15109751242946304,1.3532620212258974,0.0,8
spambase,boundary_geometry_control,23,NBI-R,nbi_r,False,True,False,288,4,1249,0.0,2.3163213948922583,0.1438095145435595,0.8130130723043759,0.005624041239686485,0.1201025715493876,1.0,3,0.0,0.6054923568124395,0.3384442829705469,0.004464035284950437,0.14270930649718794,0.0,3
spambase,boundary_geometry_control,23,ANCHOR-INJECTION-CONTROL,nbi_s_plus_anchors,False,True,False,288,4,1249,,2.1462196472771384,0.0800201692816667,1.0501243396358748,0.23232637588741248,1.3735593776392907,0.375,8,0.00452172165172236,0.567413161032644,1.1652305438047472,0.15109751242946304,1.3532620212258974,0.0,8
spambase,boundary_geometry_control,23,GRID,grid,False,True,False,288,4,1249,0.0,2.2049543793938318,0.0,0.1946823229437113,0.3025772396169152,1.1524424606759252,1.0,5,0.0002911942457135656,0.5991958046399819,0.6683759332505211,0.22716829692248874,1.0558531594219398,0.0,5
spambase,boundary_geometry_control,23,RANDOM,random,False,True,False,288,4,1249,0.0,0.5436282019286004,0.33411868527431976,1.1491989734109302,0.4040823271339885,0.7011227376230946,0.2,5,0.0,1.1411688617755114,1.6597638874008063,0.2745912692573747,0.6974807007402578,0.0,5
spambase,boundary_geometry_control,23,NSGA2-MATCHED,nsga2,False,True,False,288,4,1249,1.0,5.57423322220948,0.0,1.0717124239414175,0.49625734556811896,1.6077515925930297,1.0,5,1.0,0.0,0.0,0.3680450062619759,1.4396480662322662,1.0,5
spambase,boundary_geometry_control,24,HISTORICAL-WS-asrun,historical_ws_asrun,True,True,True,288,2,1242,0.6,3.9052289163265637,0.2693068666573915,1.8063693790692517,1.0686342027142894,3.0,1.0,9,0.8705850845559149,0.057911738738130075,0.0,0.2032765976254888,3.0,1.0,9
spambase,boundary_geometry_control,24,HISTORICAL-WS,historical_ws,True,True,True,288,2,1242,0.0,0.5238095238095335,0.49999999999999944,13.637008699257732,1.4113111806744345,1.1123301175624125,0.16666666666666666,6,0.26313860965780905,0.4586979821851324,0.4414376988578743,0.213791255372389,1.126672874029345,0.0,6
spambase,boundary_geometry_control,24,WS-S,ws_s,True,True,True,288,2,1242,0.0,0.5238095238095238,0.5,6.829872410281624,5.683082052496377,0.9250958133609123,0.6666666666666666,3,0.2747311294888544,0.4073822340656376,0.26596570577010886,0.23717448670523847,0.445146989147942,0.0,3
spambase,boundary_geometry_control,24,NBI-S,nbi_s,True,True,True,288,2,1242,0.0,0.5238095238095238,0.5,7.120430478938149,2.5888914786639288,0.8733845060684247,0.6666666666666666,6,0.44703100655269645,0.38531183539533326,0.32424546792242315,0.16737960007138886,0.7790377723390031,0.0,6
spambase,boundary_geometry_control,24,NBI-R,nbi_r,True,True,True,288,2,1242,0.0667,0.0,17.89567523010931,17.413478938098354,,,1.0,1,0.13975539272211304,0.6656810603691026,0.0,,,1.0,1
spambase,boundary_geometry_control,24,ANCHOR-INJECTION-CONTROL,nbi_s_plus_anchors,True,True,True,288,2,1242,,0.5238095238095238,0.5,7.120430478938149,2.5888914786639288,0.8733845060684247,0.6666666666666666,6,0.44703100655269645,0.38531183539533326,0.32424546792242315,0.16737960007138886,0.7790377723390031,0.0,6
spambase,boundary_geometry_control,24,GRID,grid,True,True,True,288,2,1242,0.0667,1.0,0.0,0.0,0.6666666666666667,1.7320508075688772,1.0,3,0.6608356756539121,0.22194245896670747,0.23235044905317725,0.3564376057047877,1.7320508075688774,0.3333333333333333,3
spambase,boundary_geometry_control,24,RANDOM,random,True,True,True,288,2,1242,0.0,0.0,25.279423175469326,24.7900893440596,,,0.0,1,0.0,1.478609377362237,1.1863872407139597,,,0.0,1
spambase,boundary_geometry_control,24,NSGA2-MATCHED,nsga2,True,True,True,288,2,1242,0.2,0.0,6.3904766003857825,10.3066278155395,0.9270809770577798,2.0388176867521515,0.375,8,0.5533571146947855,0.3001458141279503,0.23266376778634737,0.06270999586749547,1.8743787629048616,0.375,8
spambase,boundary_geometry_control,25,HISTORICAL-WS-asrun,historical_ws_asrun,False,True,False,288,3,1226,0.0789,0.8855225915308357,0.16572881476916654,3.885780586188048e-16,0.32392611820426187,2.0000000000000004,0.75,4,0.8774938288055274,0.02709433083868317,3.885780586188048e-16,0.32392611820426187,2.0000000000000004,0.75,4
spambase,boundary_geometry_control,25,HISTORICAL-WS,historical_ws,False,True,False,288,3,1226,0.0263,0.8855225915308357,0.16572881476916654,7.771561172376096e-16,0.0,0.0,0.5,2,0.8774938288055274,0.02709433083868317,7.771561172376096e-16,0.0,0.0,0.5,2
spambase,boundary_geometry_control,25,WS-S,ws_s,False,True,False,288,3,1226,0.0526,0.9027797493638626,0.15399158701752577,0.1117033356390117,0.19467371842629014,0.5043215573911207,0.6666666666666666,3,0.8945945212621995,0.024314461108031406,5.181040781584064e-16,0.19467371842629014,0.5043215573911207,0.6666666666666666,3
spambase,boundary_geometry_control,25,NBI-S,nbi_s,False,True,False,288,3,1226,0.1053,0.4224070787923908,0.33760402644480175,0.07406867736778211,0.38534036818083833,2.23606797749979,0.8,5,0.4185772428948652,0.11653500349545375,0.03612913062499379,0.38534036818083833,2.23606797749979,0.8,5
spambase,boundary_geometry_control,25,NBI-R,nbi_r,False,True,False,288,3,1226,0.5263,0.2532755081274843,0.5009378518975006,0.0,0.0,0.0,1.0,20,0.2509791364952574,0.17264562327598523,0.0,0.0,0.0,1.0,20
spambase,boundary_geometry_control,25,ANCHOR-INJECTION-CONTROL,nbi_s_plus_anchors,False,True,False,288,3,1226,,0.4224070787923908,0.33760402644480175,0.07406867736778211,0.38534036818083833,2.23606797749979,0.8,5,0.4185772428948652,0.11653500349545375,0.03612913062499379,0.38534036818083833,2.23606797749979,0.8,5
spambase,boundary_geometry_control,25,GRID,grid,False,True,False,288,3,1226,0.1316,1.0,0.0,0.0,0.2671950942113177,2.23606797749979,1.0,5,0.9909333055959322,0.0009266232435505882,0.0,0.2671950942113177,2.23606797749979,1.0,5
spambase,boundary_geometry_control,25,RANDOM,random,False,True,False,288,3,1226,0.0,0.0,1.6310657387637502,1.5129345486909063,,,0.0,1,0.0,1.5641996658140795,1.3976506696907105,,,0.0,1
spambase,boundary_geometry_control,25,NSGA2-MATCHED,nsga2,False,True,False,288,3,1226,0.0,0.1259487381514457,0.7067239557788648,0.5577342414403382,0.07172847057456831,0.8301659511671936,0.0,4,0.12480679943204859,0.7912120115381026,0.37361255953710343,0.07172847057456831,0.8301659511671936,0.0,4
spambase,boundary_geometry_control,26,HISTORICAL-WS-asrun,historical_ws_asrun,False,True,False,288,3,1236,0.0,0.0,1.0155723637271157,0.9126039017521412,0.18693928788399494,0.8052737922543936,0.0,3,0.0,1.221472165704257,1.0797067070112873,0.19573001371291254,0.9370398469216155,0.0,3
spambase,boundary_geometry_control,26,HISTORICAL-WS,historical_ws,False,True,False,288,3,1236,0.125,0.8310172768726921,0.1313563703602171,0.13756742696714114,0.0,0.0,1.0,2,0.21349686993644204,0.11983534139325987,0.011364124903664912,0.0,0.0,0.5,2
spambase,boundary_geometry_control,26,WS-S,ws_s,False,True,False,288,3,1236,0.25,0.8611040420312159,0.13086089264631595,0.16246943143150933,0.0,0.0,1.0,2,0.2195629280669661,0.11376607331479162,0.0,0.0,0.0,1.0,2
spambase,boundary_geometry_control,26,NBI-S,nbi_s,False,True,False,288,3,1236,0.25,0.9251550029271434,0.11700808962558285,0.1201191036880554,0.03946129104415736,1.1547005383792515,1.0,4,0.25753940016286875,0.11221998939491522,3.9126578552515917e-16,0.03357735564403368,1.1547005383792515,0.5,4
spambase,boundary_geometry_control,26,NBI-R,nbi_r,False,True,False,288,3,1236,0.25,0.658009417293466,0.41689656246456064,0.25682700530852826,0.0,0.0,1.0,2,0.11817921067725758,0.37044643248593573,0.0,0.0,0.0,1.0,2
spambase,boundary_geometry_control,26,ANCHOR-INJECTION-CONTROL,nbi_s_plus_anchors,False,True,False,288,3,1236,,0.9251550029271434,0.11700808962558285,0.1201191036880554,0.03946129104415736,1.1547005383792515,1.0,4,0.25753940016286875,0.11221998939491522,3.9126578552515917e-16,0.03357735564403368,1.1547005383792515,0.5,4
spambase,boundary_geometry_control,26,GRID,grid,False,True,False,288,3,1236,0.0,1.059370815827473,0.0,0.03180594166304489,0.21090886544854312,1.733091874236697,1.0,6,0.3592099953501446,0.2262395488155988,0.32853492874174567,0.20373704989175417,1.7223201559645422,0.0,6
spambase,boundary_geometry_control,26,RANDOM,random,False,True,False,288,3,1236,0.0,0.0,1.0640935401571243,0.9233062424218338,,,0.0,1,0.0,1.2040777607532538,0.9794274767458734,,,0.0,1
spambase,boundary_geometry_control,26,NSGA2-MATCHED,nsga2,False,True,False,288,3,1236,0.125,2.601868616436096,0.03212710535052981,0.4140054022379713,0.3977369049762421,1.7320307793680607,1.0,3,0.9746103443124268,0.06567087950019945,0.0425108576159472,0.4500180301950031,1.7320371367318836,0.3333333333333333,3
spambase,boundary_geometry_control,27,HISTORICAL-WS-asrun,historical_ws_asrun,False,True,False,288,3,1242,0.0,0.32933227796335,0.44104107637795303,0.4425139831872389,0.0,0.0,0.0,2,0.27997422491555407,0.42399469385367555,0.24942015486707492,0.0,0.0,0.0,2
spambase,boundary_geometry_control,27,HISTORICAL-WS,historical_ws,False,True,False,288,3,1242,0.1,0.7144552149207601,0.15031019469717308,0.2574187611254178,0.27711533858718995,0.4782777763883881,0.6666666666666666,3,0.6264676307718323,0.10922003957170814,0.031911241360605164,0.26983407870011866,0.5938807312950645,0.6666666666666666,3
spambase,boundary_geometry_control,27,WS-S,ws_s,False,True,False,288,3,1242,0.1,0.8073230220180992,0.10322220054125332,0.16087658115478934,0.12830605654531405,0.21518118783558188,1.0,3,0.7217291013673084,0.11686802512181418,0.03056568106428928,0.2024326294403711,0.4304959303605438,0.6666666666666666,3
spambase,boundary_geometry_control,27,NBI-S,nbi_s,False,True,False,288,3,1242,0.2,0.8770419600053421,0.10322220054125332,0.1814921349523437,0.2629723751139093,0.9426457095253226,0.8,5,0.7795093064934245,0.08889625224791835,0.03424658544092356,0.17603679726479313,0.9480903299057742,0.8,5
spambase,boundary_geometry_control,27,NBI-R,nbi_r,False,True,False,288,3,1242,0.0,0.0,1.048525449638723,0.6924901606149837,0.011114955157085233,0.18648919420947752,0.0,3,0.0,1.0603730236673745,0.7322246838305541,0.01996799176560381,0.4220185382796672,0.0,3
spambase,boundary_geometry_control,27,ANCHOR-INJECTION-CONTROL,nbi_s_plus_anchors,False,True,False,288,3,1242,,0.8770419600053421,0.10322220054125332,0.1814921349523437,0.2629723751139093,0.9426457095253226,0.8,5,0.7795093064934245,0.08889625224791835,0.03424658544092356,0.17603679726479313,0.9480903299057742,0.8,5
spambase,boundary_geometry_control,27,GRID,grid,False,True,False,288,3,1242,0.15,1.0,0.0,0.0,0.42119728019763597,1.1547005383792515,1.0,4,0.9074237744706096,0.11327921435990476,0.055252580005495294,0.3908131054458412,1.190339847499738,0.75,4
spambase,boundary_geometry_control,27,RANDOM,random,False,True,False,288,3,1242,0.0,0.042949680171124,0.9022489781863813,0.6724685985420832,,,0.0,1,0.01594594045415522,0.8779582302515287,0.5539081478988802,,,0.0,1
spambase,boundary_geometry_control,27,NSGA2-MATCHED,nsga2,False,True,False,288,3,1242,0.35,0.6481807733984553,0.31823671192272657,0.5195884668652693,0.24298064596506422,1.6057891517283447,0.7272727272727273,11,0.5236522371220009,0.2831524421581605,0.16243944049153253,0.18001915492164952,1.5529929491808945,0.6363636363636364,11
spambase,boundary_geometry_control,28,HISTORICAL-WS-asrun,historical_ws_asrun,False,True,False,288,2,1238,0.0,0.0,0.7504149091931567,0.8369402658193127,0.32535141444016275,1.00054459438345,0.0,3,0.0,0.6879257192112658,0.6301773638422103,0.3351910343423504,1.0737852799484078,0.0,3
spambase,boundary_geometry_control,28,HISTORICAL-WS,historical_ws,False,True,False,288,2,1238,0.4,1.4863503427098776,0.0,0.11876041880750546,0.0,0.0,1.0,2,0.47267071836080654,0.1344396724285351,0.0,0.0,0.0,1.0,2
spambase,boundary_geometry_control,28,WS-S,ws_s,False,True,False,288,2,1238,0.0,1.1230744123468055,0.03919710399855634,0.04324807094158694,0.0,0.0,1.0,2,0.36593988372882075,0.19673121686791178,0.12582462416856008,0.0,0.0,0.0,2
spambase,boundary_geometry_control,28,NBI-S,nbi_s,False,True,False,288,2,1238,0.2,1.7361381942536835,0.0641944810180352,0.14442946399654674,0.1849129871806083,1.1547005383792515,0.75,4,0.6248324479492802,0.10784883789413166,0.07569537045800272,0.1803729842646995,1.1547005383792515,0.25,4
spambase,boundary_geometry_control,28,NBI-R,nbi_r,False,True,False,288,2,1238,0.0,0.5238095238095238,0.5,0.0,0.0,0.0,1.0,20,0.24758942390327743,0.41542231269147833,8.881784197001252e-16,0.0,0.0,0.0,20
spambase,boundary_geometry_control,28,ANCHOR-INJECTION-CONTROL,nbi_s_plus_anchors,False,True,False,288,2,1238,,1.7361381942536835,0.0641944810180352,0.14442946399654674,0.1849129871806083,1.1547005383792515,0.75,4,0.6248324479492802,0.10784883789413166,0.07569537045800272,0.1803729842646995,1.1547005383792515,0.25,4
spambase,boundary_geometry_control,28,GRID,grid,False,True,False,288,2,1238,0.4,2.3356249777198084,0.0,0.19461049563952026,0.21123845236367436,0.6266803695997615,1.0,4,0.8537206453669777,0.057919111089151584,0.04960792672419265,0.19781273611422598,0.6446775097745764,0.5,4
spambase,boundary_geometry_control,28,RANDOM,random,False,True,False,288,2,1238,0.0,0.0,2.9707788438691027,3.0143115578878485,0.2578361022640624,1.2817569703051062,0.0,3,0.0,2.630816216887307,2.70174833295364,0.21197774429098193,1.2110417622049916,0.0,3
spambase,boundary_geometry_control,28,NSGA2-MATCHED,nsga2,False,True,False,288,2,1238,0.0,0.0,1.229658468569461,1.111785140409654,0.04545032170191953,0.15868792842972557,0.0,3,0.0,1.038393868535295,0.9446027308908528,0.03663747861626971,0.12922861325844376,0.0,3
spambase,boundary_geometry_control,29,HISTORICAL-WS-asrun,historical_ws_asrun,True,True,True,288,2,1231,0.1429,3.844607018832311,0.16715516339671385,0.6917625459453832,0.4175143587809702,2.23606797749979,1.0,5,0.7278381087408988,0.16995790129026808,0.08185363764702806,0.19671338201758676,2.23606797749979,0.2,5
spambase,boundary_geometry_control,29,HISTORICAL-WS,historical_ws,True,True,True,288,2,1231,0.0,0.5238095238095238,0.5,0.6213875710304643,0.0,0.0,0.5,2,0.09239669836824063,0.45181272954502827,0.31713839437614827,0.0,0.0,0.0,2
spambase,boundary_geometry_control,29,WS-S,ws_s,True,True,True,288,2,1231,0.0,0.5238095238095238,0.5,0.6212907629190974,0.0,0.0,0.5,2,0.09239669836824063,0.4517708250684173,0.3170668868328264,0.0,0.0,0.0,2
spambase,boundary_geometry_control,29,NBI-S,nbi_s,True,True,True,288,2,1231,0.4286,6.269467994230029,0.03451716476528963,1.5063323367455326,1.718833382505711,1.3685993367290474,0.8333333333333334,6,0.9189827822101606,0.04003355078945581,0.36915953982658584,0.6926416683950704,1.3484114581520354,0.5,6
spambase,boundary_geometry_control,29,NBI-R,nbi_r,True,True,True,288,2,1231,0.4286,3.8340082689116683,0.15603220708171903,0.38707098491604414,0.04821108142047597,0.2011854885553882,1.0,3,0.4966873850018477,0.2663707554651589,0.0,0.02492502061375262,0.24763915090798813,1.0,3
spambase,boundary_geometry_control,29,ANCHOR-INJECTION-CONTROL,nbi_s_plus_anchors,True,True,True,288,2,1231,,6.269467994230029,0.03451716476528963,1.5063323367455326,1.718833382505711,1.3685993367290474,0.8333333333333334,6,0.9189827822101606,0.04003355078945581,0.36915953982658584,0.6926416683950704,1.3484114581520354,0.5,6
spambase,boundary_geometry_control,29,GRID,grid,True,True,True,288,2,1231,0.0,1.0,0.0,0.2040878994182742,0.4081757988365484,1.1547005383792515,1.0,4,0.41283861987678677,0.2477991105273673,0.11203525940927947,0.21691992200707763,1.1547005383792517,0.0,4
spambase,boundary_geometry_control,29,RANDOM,random,True,True,True,288,2,1231,0.0,0.0,4.480750556284982,4.692314166778128,0.5442923272227995,0.9546819464576336,0.0,3,0.0,2.2486948148409103,2.238214028972608,0.20082296316865952,0.7576921325416407,0.0,3
spambase,boundary_geometry_control,29,NSGA2-MATCHED,nsga2,True,True,True,288,2,1231,0.0,0.0,4.297746278940101,4.541242604386354,0.29396147715410775,2.321155960825418,0.0,6,0.0,2.1529592552242987,2.110200934444037,0.11950773342593346,2.3215981973381226,0.0,6
adult,primary_geometry_confirmatory,0,HISTORICAL-WS-asrun,historical_ws_asrun,False,True,False,288,6,1255,0.0,0.35372119934457935,0.32830231911262653,0.163158717333711,0.1910629959316113,1.9999156120353565,0.0,4,0.5191299493699602,0.3202460328516625,0.15258200196668242,0.18029890639697418,1.9999344431287294,0.0,4
adult,primary_geometry_confirmatory,0,HISTORICAL-WS,historical_ws,False,True,False,288,6,1255,0.0714,0.8867644107125415,0.11764726794224951,0.12478876106322878,0.05174834984642634,1.327758323342315,0.42857142857142855,7,0.77309135012915,0.10885556219785229,0.05523047102672052,0.048864352519190135,1.312035860222223,0.2857142857142857,7
adult,primary_geometry_confirmatory,0,WS-S,ws_s,False,True,False,288,6,1255,0.1071,0.8833806465631111,0.11761481627055348,0.12526975456012723,0.04956298263860551,1.573334968013044,0.375,8,0.7712343425054231,0.10947858635820591,0.06007171700024024,0.04694567158383626,1.5610505843609512,0.375,8
adult,primary_geometry_confirmatory,0,NBI-S,nbi_s,False,True,False,288,6,1255,0.2143,1.05115898608829,0.057352199647762975,0.13150487875916067,0.12552228625466696,1.0170322653316213,0.7,10,0.9041569301787433,0.051631920932138135,0.03104897218468755,0.08852981382268414,0.9023272224361136,0.6,10
adult,primary_geometry_confirmatory,0,NBI-R,nbi_r,False,True,False,288,6,1255,0.0357,0.8323704684398533,0.13965894782267857,0.134706658519714,0.05862085479519114,1.020927160125714,0.375,8,0.7936810208215471,0.15475994828244716,0.06523526597525058,0.04249317667268636,1.0016794150735386,0.125,8
adult,primary_geometry_confirmatory,0,ANCHOR-INJECTION-CONTROL,nbi_s_plus_anchors,False,True,False,288,6,1255,,1.05115898608829,0.057352199647762975,0.15482819596435285,0.09469348305831456,0.7772832545470704,0.6363636363636364,11,0.9164077581520306,0.043376627839620444,0.03046676307962345,0.07009631303699451,0.7145318762830615,0.5454545454545454,11
adult,primary_geometry_confirmatory,0,GRID,grid,False,True,False,288,6,1255,0.2143,1.0635866010011406,0.0,0.034436941416269115,0.11580112431666735,0.8766614491754519,1.0,7,0.949982868295855,0.029645433625413276,0.020382760137884415,0.08255825184759623,0.8234922664032925,0.8571428571428571,7
adult,primary_geometry_confirmatory,0,RANDOM,random,False,True,False,288,6,1255,0.0714,0.4020621234447528,0.314959689971502,0.2067907721111132,0.07758646876718735,0.5132160204924243,0.75,4,0.5800683737702821,0.28747089384296604,0.039483963840014256,0.05474796630906666,0.5021917606371877,0.5,4
adult,primary_geometry_confirmatory,0,NSGA2-MATCHED,nsga2,False,True,False,288,6,1255,0.1786,0.8060309807676218,0.11512124465271778,0.19201472060232397,0.03628797764990547,0.83936170179394,0.30434782608695654,23,0.8070460214791024,0.12596341101239442,0.11583374657514656,0.027784135068124854,0.8053580328866808,0.21739130434782608,23
adult,primary_geometry_confirmatory,1,HISTORICAL-WS-asrun,historical_ws_asrun,False,False,False,288,5,1252,0.0,0.3040722700879441,0.4722520632073719,0.23687567282910038,0.00921831270253581,0.7811346951194634,0.0,5,0.3463472812459488,0.3810467327755688,0.28636468201061277,0.00844567239935161,0.7669333183774031,0.0,5
adult,primary_geometry_confirmatory,1,HISTORICAL-WS,historical_ws,False,False,False,288,5,1252,0.1154,0.9099148211564873,0.07075816007532458,0.10166492719313784,0.3222451550756704,1.7847233095211392,1.0,5,0.7768307556292181,0.09828614995020211,0.0063518197756950905,0.3071912768530279,1.770790620386754,0.6,5
adult,primary_geometry_confirmatory,1,WS-S,ws_s,False,False,False,288,5,1252,0.0769,0.9030968809838552,0.07273775454392084,0.08342461999319037,0.3485083882694474,1.5285712689645323,1.0,4,0.7722470678934922,0.09946253258437655,0.01030666010201146,0.3311111202597669,1.5106885392671308,0.5,4
adult,primary_geometry_confirmatory,1,NBI-S,nbi_s,False,False,False,288,5,1252,0.0385,1.0763759296917135,0.03670316878187844,0.10382418104878187,0.1642263256007762,1.2656055738626757,1.0,8,0.9036788153260928,0.058532435538875584,0.026900019247135157,0.14699459719027,1.2363607328895119,0.125,8
adult,primary_geometry_confirmatory,1,NBI-R,nbi_r,False,False,False,288,5,1252,0.1538,1.154255367872154,0.02520987050936684,0.13867023544970436,0.029614788900387604,0.26257734152347545,0.7777777777777778,9,0.9585969363003596,0.029344291286333875,0.026852873665404443,0.030230555850700443,0.28978197756867013,0.4444444444444444,9
adult,primary_geometry_confirmatory,1,ANCHOR-INJECTION-CONTROL,nbi_s_plus_anchors,False,False,False,288,5,1252,,1.0763759296917135,0.03670316878187844,0.14868753082975023,0.27414868000535064,1.3295297670074964,0.8888888888888888,9,0.9036788153260928,0.058532435538875584,0.05511422391709159,0.232313267967664,1.2765714483462933,0.1111111111111111,9
adult,primary_geometry_confirmatory,1,GRID,grid,False,False,False,288,5,1252,0.1923,1.0924099712546607,0.0,0.05222715563964599,0.13198787776590212,0.730412507071253,1.0,6,0.9256171502202045,0.03309283336239541,0.017920539857803248,0.12819142063507755,0.7698755550010465,0.8333333333333334,6
adult,primary_geometry_confirmatory,1,RANDOM,random,False,False,False,288,5,1252,0.0,0.42121739572721906,0.3747387731968259,0.39169088522332396,0.09980705395171377,1.1385431251812264,0.0,10,0.46351239053363036,0.26096090312808445,0.2277576004801055,0.08849597845045905,1.1755530219954757,0.0,10
adult,primary_geometry_confirmatory,1,NSGA2-MATCHED,nsga2,False,False,False,288,5,1252,0.3462,0.7654006294838048,0.19195484594617757,0.11586801706270901,0.01783797536178409,0.957014500669147,0.7272727272727273,22,0.7074921910884635,0.13513687914937542,0.07588310514938106,0.01668612797217411,0.975605820382139,0.4090909090909091,22
adult,primary_geometry_confirmatory,2,HISTORICAL-WS-asrun,historical_ws_asrun,False,False,False,288,6,1256,0.0,0.5438275051340833,0.3365085840198578,0.31883172947626764,0.007897566458237484,0.8874456847240648,0.0,7,0.463421696497283,0.291291329265859,0.20883716756354395,0.006587480967407072,0.8777613945468602,0.0,7
adult,primary_geometry_confirmatory,2,HISTORICAL-WS,historical_ws,False,False,False,288,6,1256,0.2121,0.8478267824592437,0.12429526557683372,0.06484914376916755,0.013402810633127944,0.8715585126732387,1.0,8,0.8459215376488094,0.046026050391012305,0.0018870572351108934,0.011041037600305602,0.9385146026180534,0.875,8
adult,primary_geometry_confirmatory,2,WS-S,ws_s,False,False,False,288,6,1256,0.1818,0.8462416668265051,0.12487754090850937,0.16224981616408424,0.4218628796293753,2.7827690553071984,0.8888888888888888,9,0.8403430916628724,0.04672147680039238,0.08986923285159552,0.37790302601337855,2.8026239248993754,0.6666666666666666,9
adult,primary_geometry_confirmatory,2,NBI-S,nbi_s,False,False,False,288,6,1256,0.2424,0.9533236331187996,0.08512918780000377,0.14065593115136665,0.203509995229131,1.3510232123906336,0.9,10,0.9293888218992142,0.02419455763560288,0.008919860541759876,0.15781220869841453,1.3605559966146197,0.8,10
adult,primary_geometry_confirmatory,2,NBI-R,nbi_r,False,False,False,288,6,1256,0.0909,0.9345730474015638,0.09925984768054458,0.08840816972707788,0.03748147482453131,0.5228224669502068,0.375,8,0.7597845685304329,0.11093371438070262,0.02756033140271557,0.032384337308951926,0.5289806937014185,0.375,8
adult,primary_geometry_confirmatory,2,ANCHOR-INJECTION-CONTROL,nbi_s_plus_anchors,False,False,False,288,6,1256,,0.9676287179584937,0.06529498327108314,0.12786902831942423,0.16771513434272672,1.3032462506675555,0.9090909090909091,11,0.9293888218992142,0.02419455763560288,0.019061380040279376,0.11875932748874041,1.246373019113973,0.7272727272727273,11
adult,primary_geometry_confirmatory,2,GRID,grid,False,False,False,288,6,1256,0.1515,1.0362887279637576,0.001135024470894752,0.02158048462367632,0.08164115333038144,1.097976179659251,1.0,7,0.9376262200882114,0.022148003635228383,0.0033743120134443255,0.07355568392174258,1.1864294074070407,0.7142857142857143,7
adult,primary_geometry_confirmatory,2,RANDOM,random,False,False,False,288,6,1256,0.0,0.6080805431126816,0.23348969986576937,0.1308476635415568,0.07333596301757118,0.806710620606309,0.125,8,0.4671473820222118,0.28138138355767345,0.14082076217127948,0.055813863212190035,0.7706884493095648,0.0,8
adult,primary_geometry_confirmatory,2,NSGA2-MATCHED,nsga2,False,False,False,288,6,1256,0.0606,0.8487177430750821,0.09500087886593468,0.25275389221768246,0.048862052808575966,2.0552677806949657,0.1891891891891892,37,0.7878937949619406,0.11964341966107492,0.12788412273070487,0.035826566695710375,2.0756974052003043,0.05405405405405406,37
adult,primary_geometry_confirmatory,3,HISTORICAL-WS-asrun,historical_ws_asrun,False,False,False,288,5,1253,0.0,0.20824066298467742,0.5558367497142414,0.4017656984009095,0.008753244359010252,2.1510855007131835,0.0,13,0.2812927370101214,0.42723444905372326,0.34102514649300336,0.007285499509995419,2.1512540311473267,0.0,13
adult,primary_geometry_confirmatory,3,HISTORICAL-WS,historical_ws,False,False,False,288,5,1253,0.0588,0.15564113976432625,0.6955687003083171,0.2897537031663411,0.8817165554481162,1.7482262783588278,0.75,4,0.2854650761781575,0.6232899667864749,0.21608627613493456,0.6871247878422387,1.7354316393969642,0.25,4
adult,primary_geometry_confirmatory,3,WS-S,ws_s,False,False,False,288,5,1253,0.0,0.15533919909844052,0.707925408366491,0.4715035106770723,0.007403478720144019,0.47773557038998793,0.7142857142857143,7,0.28296308967809625,0.6586131974124703,0.31273537222641395,0.006101918812103915,0.4851727933985181,0.0,7
adult,primary_geometry_confirmatory,3,NBI-S,nbi_s,False,False,False,288,5,1253,0.0588,0.8161112699098745,0.1011940142883011,0.13545164496963957,0.2405204669213863,1.4789908281350104,0.8571428571428571,7,0.767987207295532,0.08929477043506931,0.07545961910997794,0.18382568023136178,1.4639843341868781,0.14285714285714285,7
adult,primary_geometry_confirmatory,3,NBI-R,nbi_r,False,False,False,288,5,1253,0.2941,1.1757874098950447,0.05343890606011413,0.12475312627480079,0.1562016603872787,1.1450878016365291,0.6666666666666666,9,0.9586871399107623,0.034329679433304394,0.023964228420520164,0.12738102738206336,1.1726944266885888,0.5555555555555556,9
adult,primary_geometry_confirmatory,3,ANCHOR-INJECTION-CONTROL,nbi_s_plus_anchors,False,False,False,288,5,1253,,0.8161112699098745,0.1011940142883011,0.1789070241034202,0.2028277811219026,1.242969775952198,0.75,8,0.767987207295532,0.08929477043506931,0.09252641699060707,0.1550690362292751,1.2302378197251653,0.125,8
adult,primary_geometry_confirmatory,3,GRID,grid,False,False,False,288,5,1253,0.2941,1.0360209486745833,0.0,0.08234116820781148,0.16910304749244418,0.8936750927490592,1.0,7,0.891330702099207,0.029936971029978537,0.052908838768455806,0.1397826179478613,0.9083687383737811,0.7142857142857143,7
adult,primary_geometry_confirmatory,3,RANDOM,random,False,False,False,288,5,1253,0.0,0.5525733018235944,0.26905010850853894,0.27005945289255984,0.0969141958899577,0.32864491001546414,0.0,4,0.5645816676511196,0.20333084272583501,0.17132352966737613,0.065200235381132,0.2778724466246359,0.0,4
adult,primary_geometry_confirmatory,3,NSGA2-MATCHED,nsga2,False,False,False,288,5,1253,0.0588,0.7934077127213898,0.2246220175972864,0.28478257811057434,0.041126273617977556,0.7482755291417463,0.2777777777777778,18,0.7183884083583205,0.1626138766900027,0.17095240755082583,0.03296795477230615,0.7505294668634733,0.05555555555555555,18
adult,primary_geometry_confirmatory,4,HISTORICAL-WS-asrun,historical_ws_asrun,False,False,False,288,6,1256,0.0,0.7697944054691489,0.1686567462592431,0.17283799045070294,0.02282814233086905,1.4841431560013156,0.25,12,0.6896507594631865,0.19621202249466718,0.11917977979785226,0.021243071738835315,1.5666217336063473,0.0,12
adult,primary_geometry_confirmatory,4,HISTORICAL-WS,historical_ws,False,False,False,288,6,1256,0.0909,0.9660157390263773,0.07883539456220319,0.10670940249284311,0.03977425408647019,1.1901145394219292,1.0,6,0.8301808808764679,0.05947594973524771,0.00639300131274267,0.03973204174964946,1.2379173845876243,0.5,6
adult,primary_geometry_confirmatory,4,WS-S,ws_s,False,False,False,288,6,1256,0.1212,0.9679682082522011,0.07864033053206608,0.09817735236464246,0.04231397689884591,1.013921377620403,1.0,5,0.8313758917127851,0.05856865065493906,0.0009267844817787803,0.04223054723785445,1.0328098313876692,0.8,5
adult,primary_geometry_confirmatory,4,NBI-S,nbi_s,False,False,False,288,6,1256,0.1818,1.1002758540436968,0.030613455322039986,0.10856521840416111,0.14195314023098576,1.0713516848480122,0.875,8,0.9195782035029385,0.05072073868852013,0.01765150228907391,0.11605296970511367,0.9769581841185376,0.75,8
adult,primary_geometry_confirmatory,4,NBI-R,nbi_r,False,False,False,288,6,1256,0.1212,0.7342353495349407,0.21000765753063746,0.12430422014927849,0.013423926579188042,0.5167636810883459,0.75,8,0.7086052266962546,0.17082372289928097,0.03205040694582682,0.010258286862295282,0.4639949821922786,0.5,8
adult,primary_geometry_confirmatory,4,ANCHOR-INJECTION-CONTROL,nbi_s_plus_anchors,False,False,False,288,6,1256,,1.1002758540436968,0.030613455322039986,0.11325668385500887,0.09514448412316565,0.7718070838320141,0.7777777777777778,9,0.9293467486508478,0.040799495256767515,0.022455557965898636,0.08075073487593959,0.733772231299414,0.6666666666666666,9
adult,primary_geometry_confirmatory,4,GRID,grid,False,False,False,288,6,1256,0.2121,1.0489625462979337,0.0,0.06783520386657192,0.10351623082210518,0.8323319392125814,1.0,10,0.9119241675601292,0.02841965698514459,0.05063448118909468,0.08510955119431839,0.7973351831904247,0.7,10
adult,primary_geometry_confirmatory,4,RANDOM,random,False,False,False,288,6,1256,0.0,0.3997934155501621,0.3750325241685644,0.17238794822210313,0.08145353557531511,0.6337905384068675,0.2,5,0.5086725395908447,0.28572389223961875,0.08608915601458325,0.06358085665784,0.6056485189340435,0.0,5
adult,primary_geometry_confirmatory,4,NSGA2-MATCHED,nsga2,False,False,False,288,6,1256,0.1818,0.9190128521243931,0.08894779878966659,0.15742984060558587,0.02080031724206442,1.1007551546415975,0.3953488372093023,43,0.8321747626001798,0.11277939602200995,0.09918760986574685,0.017550974292207807,1.0783906440251878,0.13953488372093023,43
adult,primary_geometry_confirmatory,5,HISTORICAL-WS-asrun,historical_ws_asrun,False,False,False,288,6,1256,0.0,0.4213669320338848,0.42906815309343393,0.02760879308945023,0.005528471948305534,2.449489742783178,1.0,6,0.35907589776589616,0.5103012898310111,0.1163005803033807,0.005187255679224256,2.4494897427831783,0.0,6
adult,primary_geometry_confirmatory,5,HISTORICAL-WS,historical_ws,False,False,False,288,6,1256,0.0377,0.30364875117825696,0.536767919524443,0.8373634134663863,0.07864743277624871,0.8369406828723904,0.4,5,0.25607872579049534,0.6113485015940497,0.6403555847281586,0.06782918556792705,0.790254098191917,0.4,5
adult,primary_geometry_confirmatory,5,WS-S,ws_s,False,False,False,288,6,1256,0.0377,0.30364875117825696,0.536767919524443,0.9168893110446218,0.08340266762309508,1.2025236306434843,0.3333333333333333,6,0.25607872579049534,0.6113485015940497,0.7045983890637433,0.07378573089999255,1.1699419124861186,0.3333333333333333,6
adult,primary_geometry_confirmatory,5,NBI-S,nbi_s,False,False,False,288,6,1256,0.0566,1.0048732207236315,0.06839202394867504,0.09681749471583233,0.17872312931971088,1.4310807400657137,0.8571428571428571,7,0.8496429736894753,0.06530106832678978,0.015691686633578495,0.16429808946485566,1.4302403981109604,0.42857142857142855,7
adult,primary_geometry_confirmatory,5,NBI-R,nbi_r,False,False,False,288,6,1256,0.0566,0.8174753462978203,0.1731769202550709,0.1702927886920321,0.017060864031852713,0.47759447566651136,1.0,5,0.7224524787818116,0.12791105459537533,0.0073466700512483715,0.014786126037706925,0.46973644981519436,0.6,5
adult,primary_geometry_confirmatory,5,ANCHOR-INJECTION-CONTROL,nbi_s_plus_anchors,False,False,False,288,6,1256,,1.0048732207236315,0.06839202394867504,0.14014653394261922,0.27459995978692975,1.3513748234656415,0.75,8,0.8496429736894753,0.06530106832678978,0.04466640032981497,0.2406585815382708,1.3256433930713725,0.375,8
adult,primary_geometry_confirmatory,5,GRID,grid,False,False,False,288,6,1256,0.1132,1.0310875576511176,0.0,0.035946132127087194,0.09397870498190686,0.9077062413882085,1.0,9,0.8814578719196627,0.04498460434430522,0.03692625624213724,0.08438406958925099,0.8959724826558858,0.6666666666666666,9
adult,primary_geometry_confirmatory,5,RANDOM,random,False,False,False,288,6,1256,0.0,0.14890909522681547,0.5238054801515826,0.31598137762145706,0.18788333429108692,1.3872955877134532,0.0,5,0.2306911418521514,0.4347906942842247,0.20337924124897727,0.17446167949258234,1.409193248080284,0.0,5
adult,primary_geometry_confirmatory,5,NSGA2-MATCHED,nsga2,False,False,False,288,6,1256,0.6226,1.141249267155406,0.04934807448159264,0.17487201436565777,0.024019778615405475,1.3266692266956381,0.875,40,0.9559615833901414,0.022730805974641683,0.060736458659027694,0.021116035999964745,1.3125999634652543,0.825,40
adult,primary_geometry_confirmatory,6,HISTORICAL-WS-asrun,historical_ws_asrun,False,True,False,288,4,1254,0.0,0.20119326470577317,0.5286358438810711,0.3315118133204841,0.0760285838788128,2.6346075488633143,0.0,11,0.29307768542376716,0.5412001075638878,0.2671172825687467,0.06661944198017533,2.6240064487318597,0.0,11
adult,primary_geometry_confirmatory,6,HISTORICAL-WS,historical_ws,False,True,False,288,4,1254,0.1538,0.5059122801093382,0.1954611603836659,0.0690694814565856,0.02975672846750157,2.6457513110645907,1.0,7,0.5672368303126004,0.08896797204478504,0.040532510225063746,0.027786070821144357,2.6457513110645907,0.5714285714285714,7
adult,primary_geometry_confirmatory,6,WS-S,ws_s,False,True,False,288,4,1254,0.1154,0.5090658098742046,0.19388059031550042,0.06167096834378934,0.46502592164889167,1.8135875169374283,1.0,4,0.5697989048065384,0.08809285214293408,0.023057679019078948,0.4154956587891486,1.8062130392559235,0.75,4
adult,primary_geometry_confirmatory,6,NBI-S,nbi_s,False,True,False,288,4,1254,0.1154,0.7133398178118054,0.1319872292579861,0.16393291375302368,0.10964739566491538,0.9476804622904709,0.4444444444444444,9,0.723940585512002,0.06700436518877262,0.08108771156730196,0.09834755757920395,0.9629126160140172,0.3333333333333333,9
adult,primary_geometry_confirmatory,6,NBI-R,nbi_r,False,True,False,288,4,1254,0.0385,0.6936753555097136,0.26401870031116725,0.3447582230990504,0.0697533902813898,1.032450491013755,0.1111111111111111,9,0.6719860222263178,0.18051921234852616,0.11734263918365878,0.06626133743545198,1.0698655209449222,0.1111111111111111,9
adult,primary_geometry_confirmatory,6,ANCHOR-INJECTION-CONTROL,nbi_s_plus_anchors,False,True,False,288,4,1254,,0.7133398178118054,0.1319872292579861,0.21577913394372025,0.14564822181592701,1.0107468505600876,0.36363636363636365,11,0.7244435276982895,0.06689244579531106,0.1166357873967864,0.12592392644190126,1.0045814284798817,0.2727272727272727,11
adult,primary_geometry_confirmatory,6,GRID,grid,False,True,False,288,4,1254,0.2308,1.0394667198526133,0.0,0.08546673427206875,0.1443837632633309,0.8620187057614366,1.0,7,0.9768338347637635,0.022806544900065936,0.008725606009149171,0.11980612354342139,0.8256702470004134,0.8571428571428571,7
adult,primary_geometry_confirmatory,6,RANDOM,random,False,True,False,288,4,1254,0.0,0.26537431027928915,0.4363897624094749,0.2742500626087942,0.09610818591427836,0.6231147045203521,0.0,5,0.36881331246190174,0.47536772426582286,0.1596970333880658,0.08804717250148536,0.6564194354668652,0.0,5
adult,primary_geometry_confirmatory,6,NSGA2-MATCHED,nsga2,False,True,False,288,4,1254,0.2308,0.8234192109699227,0.13482526402714745,0.2337550593441754,0.05853026832428206,1.426047848743619,0.5,32,0.8158835004774257,0.09868448174471169,0.09953433763847253,0.05092498029094853,1.4005019563559995,0.1875,32
adult,primary_geometry_confirmatory,7,HISTORICAL-WS-asrun,historical_ws_asrun,False,True,False,288,6,1254,0.0,0.6464185892066264,0.27562886361714484,0.22359838652753716,0.006986275555395922,3.8729833462074166,0.9333333333333333,15,0.6051266926943963,0.2162559900420745,0.11571695816046956,0.006169516634088498,3.8729833462074175,0.0,15
adult,primary_geometry_confirmatory,7,HISTORICAL-WS,historical_ws,False,True,False,288,6,1254,0.0,0.8453742139505578,0.12082166712885543,0.20973772731225263,0.5047242334869476,1.5877008618748178,0.16666666666666666,6,0.6368076116977617,0.18534147710593976,0.14477392873136377,0.42541548366009124,1.5414450710735348,0.0,6
adult,primary_geometry_confirmatory,7,WS-S,ws_s,False,True,False,288,6,1254,0.0,0.8453742139505578,0.12082166712885543,0.19483632422212002,0.4816595127318519,1.7466733155734542,0.14285714285714285,7,0.6368076116977617,0.18534147710593976,0.13450840814645582,0.40726532794205567,1.699970584493818,0.0,7
adult,primary_geometry_confirmatory,7,NBI-S,nbi_s,False,True,False,288,6,1254,0.1053,1.0906871289580602,0.05754334066093608,0.1456771040197912,0.08326219848381348,0.3875506471564037,0.7142857142857143,7,0.8599485144913473,0.07625002578749389,0.11466248179471152,0.10397311414724882,0.5148432022816705,0.2857142857142857,7
adult,primary_geometry_confirmatory,7,NBI-R,nbi_r,False,True,False,288,6,1254,0.2105,1.1760456495846563,0.04490427203013617,0.11495625616834337,0.0637555157710693,0.6264016128284813,0.5,10,0.910680648455361,0.05850638784196677,0.040261308008718175,0.04703460648438607,0.5740275056472838,0.4,10
adult,primary_geometry_confirmatory,7,ANCHOR-INJECTION-CONTROL,nbi_s_plus_anchors,False,True,False,288,6,1254,,1.0906871289580602,0.05754334066093608,0.18749927493154417,0.07341703913816476,0.3522252337275938,0.625,8,0.8623157920962675,0.0730007034023648,0.11101079971542197,0.0978776782310182,0.4913849512494744,0.25,8
adult,primary_geometry_confirmatory,7,GRID,grid,False,True,False,288,6,1254,0.3684,1.0423767798523242,0.0,0.05499746762648149,0.12078276937370311,1.2380623758511957,1.0,11,0.9067674191516142,0.03690597000256114,0.0890543166404162,0.08602466830818227,1.082680447012878,0.6363636363636364,11
adult,primary_geometry_confirmatory,7,RANDOM,random,False,True,False,288,6,1254,0.0,0.3719016586512033,0.40826818548583566,0.15854919056534397,0.0895524726062649,0.8717928899497321,0.0,5,0.5411990308053669,0.27345903622553025,0.14169901884754638,0.09222287728115076,0.9306677528931903,0.0,5
adult,primary_geometry_confirmatory,7,NSGA2-MATCHED,nsga2,False,True,False,288,6,1254,0.1579,0.7164695851641263,0.22687127847738353,0.21685276229686035,0.03294936375159367,1.881765960953066,0.35,20,0.7245802889187304,0.17650643780588185,0.13624304750423677,0.03267408266308103,2.0495587631697574,0.15,20
adult,primary_geometry_confirmatory,8,HISTORICAL-WS-asrun,historical_ws_asrun,False,True,False,288,6,1255,0.0,0.5564568624269924,0.3140989629882871,0.36888382662632885,0.02532273153506599,3.7416573867739418,0.0,14,0.6078141107600861,0.18505590751175108,0.14785096239388293,0.013638787692554766,3.7416573867739413,0.0,14
adult,primary_geometry_confirmatory,8,HISTORICAL-WS,historical_ws,False,True,False,288,6,1255,0.069,0.8620916078583029,0.08205024850448618,0.12738722344370274,0.06087182107130451,1.7786528056892386,1.0,8,0.8542184877907801,0.0664941286933381,0.028089744727326633,0.03275767441018274,1.7764835780874573,0.25,8
adult,primary_geometry_confirmatory,8,WS-S,ws_s,False,True,False,288,6,1255,0.069,0.8542702663163775,0.08453103727846627,0.12174204593520865,0.042658400889785654,1.6605476561123491,1.0,8,0.8568879910232349,0.06751108277448474,0.02434651993643512,0.02298424012465784,1.6613091853077255,0.25,8
adult,primary_geometry_confirmatory,8,NBI-S,nbi_s,False,True,False,288,6,1255,0.1034,1.029058607472771,0.06411089074188084,0.28202562934813885,0.21795761519621873,0.5102174091487173,0.8333333333333334,6,0.9496010435681613,0.03609828587284141,0.015368908510869838,0.1175184107487194,0.5093483878830545,0.5,6
adult,primary_geometry_confirmatory,8,NBI-R,nbi_r,False,True,False,288,6,1255,0.1379,1.0531011975659497,0.0701031948609837,0.13938527770795228,0.05210258583961251,0.8339392870286155,0.4,10,0.8614032160810419,0.047805809468006666,0.01636112702281948,0.028089790531060033,0.8320437540230682,0.4,10
adult,primary_geometry_confirmatory,8,ANCHOR-INJECTION-CONTROL,nbi_s_plus_anchors,False,True,False,288,6,1255,,1.029058607472771,0.06411089074188084,0.3159894574630857,0.20566248091226846,0.45880187336377926,0.7142857142857143,7,0.9506353461200523,0.03609828587284141,0.02345538745177756,0.11104128482332057,0.45812126493828353,0.42857142857142855,7
adult,primary_geometry_confirmatory,8,GRID,grid,False,True,False,288,6,1255,0.1724,1.0519214840395295,0.0,0.05897836928407037,0.09170176215441676,0.7757650560588907,1.0,8,0.9147953497660656,0.028160304964035366,0.017411358235448315,0.04988253877432481,0.7777885468675889,0.625,8
adult,primary_geometry_confirmatory,8,RANDOM,random,False,True,False,288,6,1255,0.0345,0.19609810135461347,0.3795579482631531,0.268276956339527,0.39763425063065866,1.1586150341495167,0.2,5,0.5124094942228499,0.24165025443203866,0.11340822596458973,0.21415087579121295,1.1555069345487643,0.2,5
adult,primary_geometry_confirmatory,8,NSGA2-MATCHED,nsga2,False,True,False,288,6,1255,0.3103,1.0198854700472706,0.073365663786989,0.18626242400782203,0.03827087611056063,1.3244948492149553,0.41935483870967744,31,0.8820320874445828,0.04461144505858322,0.03886050482860251,0.020713418898462812,1.3258059995904392,0.2903225806451613,31
adult,primary_geometry_confirmatory,9,HISTORICAL-WS-asrun,historical_ws_asrun,False,True,False,288,7,1255,0.0,0.23104863096494774,0.44762757456608676,0.18693951540231865,0.008696208729339013,2.209958956918448,0.0,13,0.4069648045734717,0.43240450694258337,0.18126137437114462,0.0070731157969407725,2.2218902023084723,0.0,13
adult,primary_geometry_confirmatory,9,HISTORICAL-WS,historical_ws,False,True,False,288,7,1255,0.1622,0.6624688182205026,0.17884393645220356,0.09406918639647603,0.024698213042019707,0.43782369244264874,0.875,8,0.6952326198133069,0.0868781674350088,0.02166540945780389,0.024598057824048683,0.48448998517999414,0.75,8
adult,primary_geometry_confirmatory,9,WS-S,ws_s,False,True,False,288,7,1255,0.0811,0.6549906932316699,0.17855143925265624,0.06784236468043768,0.06229086630831831,0.878247637641857,0.8571428571428571,7,0.6903757243967905,0.09004157236131154,0.030479076412304545,0.05875805411673232,0.9273952354694033,0.42857142857142855,7
adult,primary_geometry_confirmatory,9,NBI-S,nbi_s,False,True,False,288,7,1255,0.1622,0.9193844630699606,0.0872014880201811,0.0929740508866116,0.0469669163943246,0.6506983542376418,0.5454545454545454,11,0.8605601479605057,0.05700223742359304,0.0354173473896582,0.03889785831722955,0.6281325168079115,0.5454545454545454,11
adult,primary_geometry_confirmatory,9,NBI-R,nbi_r,False,True,False,288,7,1255,0.0,0.842661732923404,0.11065390184671506,0.08896150427181287,0.04790790920795586,0.8477960825425943,0.4444444444444444,9,0.8120295941371747,0.1712860432458159,0.07281725642185935,0.03854490390023146,0.7949217778796814,0.0,9
adult,primary_geometry_confirmatory,9,ANCHOR-INJECTION-CONTROL,nbi_s_plus_anchors,False,True,False,288,7,1255,,0.9193844630699606,0.0872014880201811,0.12208261016163323,0.12960119159949932,1.204832253207437,0.5,12,0.8605601479605057,0.05700223742359304,0.04450167996238378,0.10173719083613855,1.1365477371770234,0.5,12
adult,primary_geometry_confirmatory,9,GRID,grid,False,True,False,288,7,1255,0.2432,1.0686094625230522,0.0,0.024875384285586666,0.09536789365587821,0.8320403578701575,1.0,9,0.9725550454844808,0.011487144821415394,0.0,0.08193289949408415,0.8210827337552141,1.0,9
adult,primary_geometry_confirmatory,9,RANDOM,random,False,True,False,288,7,1255,0.0,0.5563432201868933,0.2458688055319045,0.18384444348523443,0.0965987966920329,1.0078998913807664,0.0,6,0.6379205118696286,0.2706725931038448,0.08062192461000123,0.08030858787426703,0.9980281285633513,0.0,6
adult,primary_geometry_confirmatory,9,NSGA2-MATCHED,nsga2,False,True,False,288,7,1255,0.2162,0.774031713828042,0.15301128056589566,0.13332338087007978,0.022012437382061337,1.1401069824635608,0.5172413793103449,29,0.7862470343962201,0.18436290854106602,0.08872703933917814,0.01987052150035989,1.1745633393628179,0.27586206896551724,29
adult,primary_geometry_confirmatory,10,HISTORICAL-WS-asrun,historical_ws_asrun,False,True,False,288,5,1255,0.0,0.0,0.6910540405826138,0.1489624990603419,0.0,0.0,0.0,3,0.44679116489789744,0.34733375420447926,0.07996568551157743,0.0,0.0,0.0,3
adult,primary_geometry_confirmatory,10,HISTORICAL-WS,historical_ws,False,True,False,288,5,1255,0.1163,0.15091588642089687,0.5699688153514912,0.7189125060351,0.08289967845503922,2.1107419233940554,0.5555555555555556,9,0.5603915486872708,0.27368446515431866,0.36043722220871455,0.05636602419610697,2.157681428769357,0.5555555555555556,9
adult,primary_geometry_confirmatory,10,WS-S,ws_s,False,True,False,288,5,1255,0.093,0.14986088580653995,0.5699688153514912,0.375943677522925,0.9246672947335749,1.9862153310948054,0.8,5,0.5599587911877328,0.27396705218744144,0.13625126954629357,0.6475641122461762,2.0232500758369363,0.8,5
adult,primary_geometry_confirmatory,10,NBI-S,nbi_s,False,True,False,288,5,1255,0.1628,0.8721543030306933,0.1400771319040389,0.1845868873093433,0.22773909472061876,1.1441823942984424,0.7777777777777778,9,0.8838914014724375,0.055709287068201246,0.01756540490711144,0.15128004759934682,1.2170037307418284,0.7777777777777778,9
adult,primary_geometry_confirmatory,10,NBI-R,nbi_r,False,True,False,288,5,1255,0.093,0.9816824363148606,0.1280121240563219,0.14328760320362904,0.0749073242921091,0.6898882224907775,0.75,8,0.8260651401086412,0.1035936869105609,0.028566900721126227,0.05435556440376127,0.7267778545303889,0.5,8
adult,primary_geometry_confirmatory,10,ANCHOR-INJECTION-CONTROL,nbi_s_plus_anchors,False,True,False,288,5,1255,,0.8721543030306933,0.1400771319040389,0.19895756999447192,0.15663407595705403,0.9348393361203037,0.7,10,0.891778097753183,0.04863202911485181,0.018461188898624064,0.09127503886871922,0.9023756072858896,0.7,10
adult,primary_geometry_confirmatory,10,GRID,grid,False,True,False,288,5,1255,0.1395,1.061331305274313,0.0,0.024359742840714828,0.13914378483848094,1.092944171533937,1.0,7,0.9563413840743175,0.017643437844150834,0.0009249311849182977,0.0908207862258512,1.0968926261303007,0.8571428571428571,7
adult,primary_geometry_confirmatory,10,RANDOM,random,False,True,False,288,5,1255,0.0233,0.49303016724409604,0.36340876116277776,0.3706411133257507,0.4326747961126869,0.9192163529186717,0.5,4,0.5317552186128165,0.29724316424457586,0.16292694042570488,0.2436977636689027,0.85748694318303,0.25,4
adult,primary_geometry_confirmatory,10,NSGA2-MATCHED,nsga2,False,True,False,288,5,1255,0.2791,0.8812050125435833,0.15293242435241997,0.24019987801309087,0.03332414009034978,1.2310872133697224,0.5405405405405406,37,0.8535515353986619,0.08830497812747665,0.07007843873349129,0.019819443527184892,1.169996514737171,0.32432432432432434,37
adult,primary_geometry_confirmatory,11,HISTORICAL-WS-asrun,historical_ws_asrun,False,True,False,288,5,1255,0.12,0.6704179761627982,0.25703395815138674,0.26307430542505855,0.017198588629809827,1.518540982159646,0.23076923076923078,13,0.6706069013323565,0.21902324358858935,0.1368567627968128,0.01664487871522722,1.5553950095831046,0.23076923076923078,13
adult,primary_geometry_confirmatory,11,HISTORICAL-WS,historical_ws,False,True,False,288,5,1255,0.04,0.481573293778538,0.137876063020633,0.09815078023431727,0.38732635460862824,2.210203176974807,0.8571428571428571,7,0.5573408855319372,0.1473153022416513,0.05957733747858884,0.35624145065925256,2.241150982002661,0.14285714285714285,7
adult,primary_geometry_confirmatory,11,WS-S,ws_s,False,True,False,288,5,1255,0.08,0.47389076881638587,0.13572652149607375,0.0757339740370055,0.015741136240756345,1.36120304640601,0.7142857142857143,7,0.5544592294474018,0.14550015719550108,0.05089093315865407,0.015383731296018915,1.4117695504488912,0.2857142857142857,7
adult,primary_geometry_confirmatory,11,NBI-S,nbi_s,False,True,False,288,5,1255,0.12,1.0410669915001556,0.03668105957385467,0.08556104456542973,0.08989665823912821,0.4593303223903207,0.8,5,0.9412365161966441,0.03814795142952937,0.009580744398484557,0.07090084040121804,0.39920096540497535,0.6,5
adult,primary_geometry_confirmatory,11,NBI-R,nbi_r,False,True,False,288,5,1255,0.0,0.7341388874127284,0.2472568315813512,0.09559305370910497,0.00074772143829392,2.997425622967622,0.0,18,0.6798062248384068,0.22836509440668773,0.08267389438437554,0.0006872272202234479,2.972122410245387,0.0,18
adult,primary_geometry_confirmatory,11,ANCHOR-INJECTION-CONTROL,nbi_s_plus_anchors,False,True,False,288,5,1255,,1.0494139349393776,0.027272618698814387,0.07130087047119145,0.06931968104653081,0.5852207779352606,0.8333333333333334,6,0.9520792357031186,0.031665561496649834,0.007983953665403797,0.06616744534759081,0.597007702573303,0.6666666666666666,6
adult,primary_geometry_confirmatory,11,GRID,grid,False,True,False,288,5,1255,0.28,1.0461773090015911,0.0037185869022654124,0.06701824807530565,0.11202936021602626,0.8922981264993569,1.0,9,0.9560580198530595,0.011409823457814446,0.025074892365165094,0.10189807144885403,0.887321886902232,0.7777777777777778,9
adult,primary_geometry_confirmatory,11,RANDOM,random,False,True,False,288,5,1255,0.0,0.4852537795445611,0.33315703482379644,0.285802819298195,0.14151920853351685,0.8952031869753992,0.0,7,0.5664960984918839,0.279144868518714,0.12514273631084435,0.13740221112204762,0.963000652180599,0.0,7
adult,primary_geometry_confirmatory,11,NSGA2-MATCHED,nsga2,False,True,False,288,5,1255,0.2,0.8846522147694477,0.10877303964240445,0.18595248768539616,0.05342593120209399,1.404282158230522,0.46153846153846156,26,0.8485261850712337,0.10242257997589554,0.07770955864625556,0.05111549074147,1.4566827815730683,0.19230769230769232,26
adult,primary_geometry_confirmatory,12,HISTORICAL-WS-asrun,historical_ws_asrun,False,True,False,288,7,1257,0.0,0.5035209340389982,0.3592633668323813,0.36353763247128273,0.008220532368321964,0.3128315845038982,0.0,6,0.49971748724589016,0.32257727604329534,0.26916325725949414,0.0070052242622254115,0.31341972828143727,0.0,6
adult,primary_geometry_confirmatory,12,HISTORICAL-WS,historical_ws,False,True,False,288,7,1257,0.0385,0.8847407794624619,0.07230239318355909,0.06437376181430954,0.13118599110320284,1.0425544366264687,1.0,6,0.8291971817343301,0.06862064903746821,0.06131235394572645,0.10903473695899493,1.0342675150095268,0.16666666666666666,6
adult,primary_geometry_confirmatory,12,WS-S,ws_s,False,True,False,288,7,1257,0.1154,0.896453711812812,0.06864491564200025,0.058736672827459674,0.10200852530141623,2.1126722809985248,1.0,9,0.8368139939119841,0.06461144978467659,0.058224458501837245,0.0850301780503392,2.0997585590487984,0.3333333333333333,9
adult,primary_geometry_confirmatory,12,NBI-S,nbi_s,False,True,False,288,7,1257,0.1538,0.9693518122289526,0.058287887153866784,0.08026703394958447,0.09933521480064,1.065702576135065,0.8181818181818182,11,0.8916565657567688,0.04431561363471294,0.04237085779580114,0.08365124004610455,1.0656562617244631,0.36363636363636365,11
adult,primary_geometry_confirmatory,12,NBI-R,nbi_r,False,True,False,288,7,1257,0.1538,0.9651908306616295,0.10348180139865344,0.13616228275909265,0.08074441978719422,1.1374275033780845,0.5,8,0.8695503490483653,0.06210420239529791,0.021659339049217633,0.06886686732586418,1.1443459021822966,0.5,8
adult,primary_geometry_confirmatory,12,ANCHOR-INJECTION-CONTROL,nbi_s_plus_anchors,False,True,False,288,7,1257,,0.9696692379693386,0.05808499677618501,0.09403976454575456,0.1012487443608964,0.9804906615423055,0.6923076923076923,13,0.8918641938014649,0.04422228829732762,0.05225805956227958,0.08503536367580423,0.9802344558967584,0.3076923076923077,13
adult,primary_geometry_confirmatory,12,GRID,grid,False,True,False,288,7,1257,0.2692,1.0285513570021156,0.0004872154689772825,0.040777309712599366,0.07382659778457598,0.596395320280868,1.0,8,0.9395362378140907,0.01528067833989198,0.017333462526201687,0.061866169247775556,0.5958438727446139,0.875,8
adult,primary_geometry_confirmatory,12,RANDOM,random,False,True,False,288,7,1257,0.0,0.2715354327335344,0.4592187916501876,0.12760710858183652,0.07556013179860206,0.5413053311778647,0.0,3,0.329660768643146,0.49946611154014975,0.07459289968286022,0.06272480667207707,0.538576736117799,0.0,3
adult,primary_geometry_confirmatory,12,NSGA2-MATCHED,nsga2,False,True,False,288,7,1257,0.0769,0.776739970166386,0.17552040839386604,0.1781491736650583,0.016747988096702335,0.8601172338628463,0.2564102564102564,39,0.7293693455394532,0.19635340684392794,0.12091909807998075,0.01398956667279676,0.853579858476393,0.05128205128205128,39
adult,primary_geometry_confirmatory,13,HISTORICAL-WS-asrun,historical_ws_asrun,False,True,False,288,9,1258,0.0,0.5972151866504749,0.24332542227390805,0.2536586381715036,0.05003071040320987,3.1402063578986703,0.0,13,0.5524447167027411,0.20923050912499544,0.19658272058779483,0.043104928741790456,3.1061876416534338,0.0,13
adult,primary_geometry_confirmatory,13,HISTORICAL-WS,historical_ws,False,True,False,288,9,1258,0.0,0.8260424543489728,0.1076210844303643,0.04236157499345576,0.28515566591959274,2.659161965923469,0.75,8,0.7312042986265405,0.12178946564853058,0.0907096622934289,0.24560576566549253,2.6407168097482105,0.0,8
adult,primary_geometry_confirmatory,13,WS-S,ws_s,False,True,False,288,9,1258,0.0,0.8250956693111136,0.1079646237056229,0.070765613563519,0.3615699536983702,2.6849041426802036,0.75,8,0.7302517452666065,0.12226288976209598,0.09377943549009676,0.312063513072094,2.668984659362213,0.0,8
adult,primary_geometry_confirmatory,13,NBI-S,nbi_s,False,True,False,288,9,1258,0.1316,0.9806439635635782,0.04569009059732822,0.043600842302056866,0.13621508572303376,1.5284694799711198,0.9,10,0.8863780744173563,0.06819130886286744,0.05760875828499644,0.12351231071233235,1.4648552765626872,0.5,10
adult,primary_geometry_confirmatory,13,NBI-R,nbi_r,False,True,False,288,9,1258,0.0789,1.0343573184415815,0.028864826316361916,0.05820223721075375,0.13206794422479032,1.1012534354488144,0.8,10,0.9253465203576315,0.05048538206160103,0.02487000842270915,0.13143024782360174,1.1652379582561314,0.3,10
adult,primary_geometry_confirmatory,13,ANCHOR-INJECTION-CONTROL,nbi_s_plus_anchors,False,True,False,288,9,1258,,0.9806439635635782,0.04569009059732822,0.05192620523759995,0.12530422179134276,1.2465167403578206,0.8181818181818182,11,0.8863780744173563,0.06819130886286744,0.06307477803956235,0.11331337309859109,1.210052834547063,0.45454545454545453,11
adult,primary_geometry_confirmatory,13,GRID,grid,False,True,False,288,9,1258,0.1579,1.0187598806742582,0.001642102329277719,0.01953174003835399,0.0699382389384736,1.0243719033362981,1.0,11,0.9250419584828037,0.024178615755824924,0.04875938282896235,0.0709073479613942,1.0206952485033058,0.5454545454545454,11
adult,primary_geometry_confirmatory,13,RANDOM,random,False,True,False,288,9,1258,0.0,0.5426867929977173,0.2698769676919075,0.11177893109105395,0.06145708305905892,0.41510512109800735,0.0,4,0.5098126334031015,0.21319358377499006,0.11379081241184087,0.06686436923576469,0.46401713465824707,0.0,4
adult,primary_geometry_confirmatory,13,NSGA2-MATCHED,nsga2,False,True,False,288,9,1258,0.5263,0.9954299677878877,0.032415812533624286,0.07145215154094478,0.018885980469676072,1.17202881828948,0.7428571428571429,35,0.9154530114983588,0.030696769578749495,0.029886301020522466,0.019258436011028498,1.2476798637702897,0.5714285714285714,35
adult,primary_geometry_confirmatory,14,HISTORICAL-WS-asrun,historical_ws_asrun,False,True,False,288,5,1256,0.12,0.6174024185508113,0.2961062482850473,0.2807271865604131,0.06993447699143922,2.3180030311922897,0.3,10,0.6341014044517667,0.2391508883717415,0.14700519647451432,0.06127218950284757,2.3185912627828817,0.3,10
adult,primary_geometry_confirmatory,14,HISTORICAL-WS,historical_ws,False,True,False,288,5,1256,0.12,0.4438795981073143,0.415259834902227,0.2125782917610596,0.46048600309122273,2.370422391692876,0.5,6,0.4167312542220845,0.21595849466755296,0.08728976673412571,0.3968195046223408,2.3667437472544086,0.5,6
adult,primary_geometry_confirmatory,14,WS-S,ws_s,False,True,False,288,5,1256,0.08,0.42999432036505447,0.4147777406296216,0.31128662490873643,0.009400255169639125,0.8707844792416107,0.3333333333333333,6,0.40683783467291107,0.21725699511423602,0.14447394622585666,0.007766637027361699,0.8693118233960944,0.3333333333333333,6
adult,primary_geometry_confirmatory,14,NBI-S,nbi_s,False,True,False,288,5,1256,0.12,0.7006483558750378,0.13691297139183084,0.10303349902835748,0.02589050334768297,0.6178940603760764,0.7142857142857143,7,0.7409083716167936,0.06911954169240762,0.05115008498927252,0.025927050723910466,0.6430656704855952,0.42857142857142855,7
adult,primary_geometry_confirmatory,14,NBI-R,nbi_r,False,True,False,288,5,1256,0.0,0.7365041415081401,0.18978375133253095,0.14396497333176841,0.048397451671570474,1.049034902780663,0.2,10,0.7694288699359728,0.22628722417558195,0.10640236695969721,0.04775532124410953,1.091374228759452,0.0,10
adult,primary_geometry_confirmatory,14,ANCHOR-INJECTION-CONTROL,nbi_s_plus_anchors,False,True,False,288,5,1256,,0.7006483558750378,0.13691297139183084,0.11326875976108383,0.0913130070412555,1.2429752052200067,0.625,8,0.7501921658847712,0.06415785604461177,0.047236919261285176,0.07529723499568008,1.1419295419318762,0.375,8
adult,primary_geometry_confirmatory,14,GRID,grid,False,True,False,288,5,1256,0.28,1.0219830485419714,0.0,0.01650634703137075,0.08787071252898487,0.7922574782759542,1.0,7,0.9848143034679198,0.0037102445373717813,0.0,0.08490891566627087,0.8469943988573699,1.0,7
adult,primary_geometry_confirmatory,14,RANDOM,random,False,True,False,288,5,1256,0.0,0.42032958562474615,0.3107402581460891,0.25702039875504884,0.22348895118872972,1.1237891611328286,0.0,6,0.5499742615523783,0.35100509509031796,0.12825537002432494,0.22148555022408586,1.2056430580670376,0.0,6
adult,primary_geometry_confirmatory,14,NSGA2-MATCHED,nsga2,False,True,False,288,5,1256,0.08,0.7633005038687779,0.184267152348772,0.13013499930481942,0.02590473120203795,1.0786745666514412,0.2916666666666667,24,0.7993249626777776,0.22154849324998474,0.08903060826470156,0.023665149203285676,1.0937437520466928,0.08333333333333333,24
adult,primary_geometry_confirmatory,15,HISTORICAL-WS-asrun,historical_ws_asrun,False,True,False,288,7,1257,0.1,0.7020411685490381,0.21595828050347352,0.20173669256695864,0.049732203642435614,3.030231143830319,0.42857142857142855,14,0.7138587820433391,0.18582780797305623,0.12496819910708112,0.03303015444164409,2.8540935602723096,0.21428571428571427,14
adult,primary_geometry_confirmatory,15,HISTORICAL-WS,historical_ws,False,True,False,288,7,1257,0.1667,0.23920857608608773,0.5093877224298794,0.6455771629728815,0.09242648353868779,1.572802548489657,0.5555555555555556,9,0.2040528134954697,0.45911025931917393,0.24702139245333715,0.05476055119314574,1.4313719888278302,0.5555555555555556,9
adult,primary_geometry_confirmatory,15,WS-S,ws_s,False,True,False,288,7,1257,0.1333,0.23594721701413177,0.5093877224298794,0.6181466461269306,0.09298905352556486,1.5482434860024996,0.5714285714285714,7,0.20239209778455022,0.46106057179675397,0.2384142415118451,0.059081540734617785,1.5035279406894955,0.5714285714285714,7
adult,primary_geometry_confirmatory,15,NBI-S,nbi_s,False,True,False,288,7,1257,0.1,1.0772900271083716,0.03762820014574438,0.12172014537840069,0.104788815371144,0.4738121859083354,0.6666666666666666,6,0.9228230065438635,0.04000480885704839,0.022660133494439783,0.07635372355094763,0.45151672456311254,0.5,6
adult,primary_geometry_confirmatory,15,NBI-R,nbi_r,False,True,False,288,7,1257,0.1667,0.8328153979022779,0.1743167175291702,0.13965362070220658,0.0345632010804819,0.6648066863586184,0.7142857142857143,7,0.7971872350834149,0.14003150615570978,0.0185257546492865,0.01976317013857896,0.561248471641359,0.7142857142857143,7
adult,primary_geometry_confirmatory,15,ANCHOR-INJECTION-CONTROL,nbi_s_plus_anchors,False,True,False,288,7,1257,,1.0772900271083716,0.03762820014574438,0.1716031882831778,0.14072877719322596,0.5354376148434349,0.5714285714285714,7,0.9273353814667541,0.038556906556595535,0.02277050466263126,0.08554853013071478,0.4509322592251799,0.42857142857142855,7
adult,primary_geometry_confirmatory,15,GRID,grid,False,True,False,288,7,1257,0.2,1.052974258578562,0.0,0.03017100217644222,0.07826680860748328,1.1426764915574612,1.0,12,0.9293663756112349,0.03922037431801895,0.0523361776418808,0.04881466189854892,1.0520515195053923,0.5,12
adult,primary_geometry_confirmatory,15,RANDOM,random,False,True,False,288,7,1257,0.0,0.48069815821950324,0.38109411295642287,0.2967054232893857,0.13316245837065985,0.8215382893583025,0.2,5,0.6150891365115212,0.26085366837640717,0.07103445703416127,0.07655505311516923,0.7334652189638965,0.0,5
adult,primary_geometry_confirmatory,15,NSGA2-MATCHED,nsga2,False,True,False,288,7,1257,0.0333,0.6016236861733913,0.28621071073942933,0.22272804678531916,0.016777230981500454,0.9093696148284967,0.2571428571428571,35,0.6871367293170246,0.22984098336796138,0.12507866727330427,0.010665500914675432,0.7917599787705351,0.02857142857142857,35
adult,primary_geometry_confirmatory,16,HISTORICAL-WS-asrun,historical_ws_asrun,False,True,False,288,5,1250,0.0,0.2373014738652308,0.5027706833481103,0.26427419337774927,0.014439172389372283,1.4146753141096766,0.0,7,0.19671932750087942,0.672328970033204,0.31520251534912586,0.014270722185371855,1.416971134636062,0.0,7
adult,primary_geometry_confirmatory,16,HISTORICAL-WS,historical_ws,False,True,False,288,5,1250,0.1562,0.47423348466640186,0.4045683246336299,0.5881222497608534,0.050865225709823846,1.4718920651832696,0.5833333333333334,12,0.41262423483965066,0.24215373305453045,0.5308283911930841,0.04984402558518298,1.4691151616767184,0.4166666666666667,12
adult,primary_geometry_confirmatory,16,WS-S,ws_s,False,True,False,288,5,1250,0.1562,1.0000617188583893,0.0631478841444822,0.13335486418269255,0.22997330361226262,1.8391212509335164,1.0,7,0.8330914474308644,0.04655174191770019,0.014598332662188004,0.22538634817406372,1.8357723070786487,0.7142857142857143,7
adult,primary_geometry_confirmatory,16,NBI-S,nbi_s,False,True,False,288,5,1250,0.125,1.059346455889893,0.04377260017069843,0.1064379005182296,0.184118309170346,0.8507404940038772,0.8333333333333334,6,0.8805157070523223,0.03877280989143207,0.020507077767025584,0.18280667518333327,0.8548525159114464,0.6666666666666666,6
adult,primary_geometry_confirmatory,16,NBI-R,nbi_r,False,True,False,288,5,1250,0.2188,1.1666991987853192,0.036779523747507814,0.1724936088546372,0.07325629637726448,0.538105770455045,0.7777777777777778,9,0.9661469398446748,0.01761738492016774,0.02126033787242239,0.07278942027006914,0.540328004609501,0.7777777777777778,9
adult,primary_geometry_confirmatory,16,ANCHOR-INJECTION-CONTROL,nbi_s_plus_anchors,False,True,False,288,5,1250,,1.059346455889893,0.04377260017069843,0.17907752648194203,0.23305494988802058,0.833649052848664,0.7142857142857143,7,0.8805157070523223,0.03877280989143207,0.10535685106115057,0.23274301512068618,0.8394243125451646,0.5714285714285714,7
adult,primary_geometry_confirmatory,16,GRID,grid,False,True,False,288,5,1250,0.1875,1.0981311589566007,0.0,0.07890212877558202,0.1502556819609086,1.1566658085717938,1.0,7,0.9115126910119011,0.05467519732416738,0.011875315864446767,0.1477902014704776,1.1494919361287346,0.8571428571428571,7
adult,primary_geometry_confirmatory,16,RANDOM,random,False,True,False,288,5,1250,0.0625,0.612325199707983,0.2615137325008118,0.1176532721984814,0.0,0.0,1.0,2,0.5030800131983055,0.4356395640061418,0.0,0.0,0.0,1.0,2
adult,primary_geometry_confirmatory,16,NSGA2-MATCHED,nsga2,False,True,False,288,5,1250,0.0,0.6943337127574168,0.18326364216856625,0.15666097745636207,0.027549119898122004,1.1189681313094042,0.2222222222222222,27,0.575625777332256,0.3152669420129067,0.18913884101239417,0.02727949513286276,1.1199591052198596,0.0,27
adult,primary_geometry_confirmatory,17,HISTORICAL-WS-asrun,historical_ws_asrun,False,True,False,288,4,1254,0.0,0.3780828616066364,0.4055748219173539,0.3728939396201398,0.030128863805173888,1.41907275007162,0.0,9,0.3623589772773239,0.3953916055207881,0.25610299231580114,0.02799312327162917,1.4186376139174535,0.0,9
adult,primary_geometry_confirmatory,17,HISTORICAL-WS,historical_ws,False,True,False,288,4,1254,0.0,0.8279432316380899,0.12495850851381604,0.08492477129053165,0.03124989713984476,1.2264033580034375,1.0,5,0.73939646244896,0.126365002775415,0.05348210742958533,0.029074127338547584,1.2266944275993676,0.0,5
adult,primary_geometry_confirmatory,17,WS-S,ws_s,False,True,False,288,4,1254,0.0,0.828617135189009,0.12423629140114065,0.08580112972029201,0.013959042042979007,1.2294018049153626,1.0,6,0.7392753545304961,0.1258508192248824,0.05915944449199546,0.01299513391024237,1.2304173792142523,0.0,6
adult,primary_geometry_confirmatory,17,NBI-S,nbi_s,False,True,False,288,4,1254,0.2121,1.0237534492710492,0.10633780168201493,0.13184537276765215,0.10189955617211294,1.4753912006072858,0.8,10,0.8919282493271062,0.057924574250360225,0.028785580487581414,0.09435199348887614,1.4755651459114283,0.7,10
adult,primary_geometry_confirmatory,17,NBI-R,nbi_r,False,True,False,288,4,1254,0.2424,0.9723087592005846,0.1759945478579475,0.1884254535992677,0.005211584483751769,2.54195563720897,1.0,14,0.8369028944890692,0.09882320998393125,0.03228194709992307,0.00482854897954048,2.5419556372089698,0.5714285714285714,14
adult,primary_geometry_confirmatory,17,ANCHOR-INJECTION-CONTROL,nbi_s_plus_anchors,False,True,False,288,4,1254,,1.0237534492710492,0.10633780168201493,0.18882794608087206,0.19678930579538845,1.62618884719353,0.7272727272727273,11,0.8919282493271062,0.057924574250360225,0.08532959528178195,0.18198417688872381,1.625406182037945,0.6363636363636364,11
adult,primary_geometry_confirmatory,17,GRID,grid,False,True,False,288,4,1254,0.1515,1.0500957944175138,0.0,0.0964712215285023,0.07857767813727781,0.7578235838646481,1.0,8,0.9191247896754263,0.027921281832894364,0.0264004972416658,0.07263772332553109,0.7568896157663048,0.625,8
adult,primary_geometry_confirmatory,17,RANDOM,random,False,True,False,288,4,1254,0.0303,0.6362056187790674,0.2742938001092251,0.2930524975640871,0.07581456344240949,0.6181301408835334,0.16666666666666666,6,0.5717052264168511,0.24773554465563227,0.18623552611138747,0.07021335180670124,0.6176046925389247,0.16666666666666666,6
adult,primary_geometry_confirmatory,17,NSGA2-MATCHED,nsga2,False,True,False,288,4,1254,0.303,1.0178554935635384,0.0701526485384265,0.18951193369318017,0.02606926632866942,0.788665081960723,0.72,25,0.888432035811509,0.06321245067738296,0.067417094856097,0.02416543003136117,0.7888917078740619,0.4,25
adult,primary_geometry_confirmatory,18,HISTORICAL-WS-asrun,historical_ws_asrun,False,True,False,288,7,1256,0.0,0.4179973664653335,0.3451903745350152,0.1296393841491879,,,1.0,1,0.513969437371791,0.31656739939930123,0.07958984269795476,,,0.0,1
adult,primary_geometry_confirmatory,18,HISTORICAL-WS,historical_ws,False,True,False,288,7,1256,0.0303,0.5505903789777504,0.4004055109946582,0.5703579294982599,0.11487070609907142,1.5028663421338253,0.625,8,0.51773635131348,0.2785875478251645,0.28400803663577023,0.09039212651502625,1.5380008695537812,0.125,8
adult,primary_geometry_confirmatory,18,WS-S,ws_s,False,True,False,288,7,1256,0.0303,0.5505903789777504,0.4004055109946582,0.49590558484505415,0.09530872904013311,2.1729546231062153,0.6666666666666666,9,0.51773635131348,0.2785875478251645,0.24399427524966275,0.07838505954986444,2.2003963921656675,0.1111111111111111,9
adult,primary_geometry_confirmatory,18,NBI-S,nbi_s,False,True,False,288,7,1256,0.1818,1.1062184326341526,0.019970110938426988,0.11540891070114564,0.09470906273008659,0.7024750861545827,1.0,8,0.9337627297075903,0.027668941334826783,0.016715130282326324,0.07253475376003066,0.7053165540879989,0.75,8
adult,primary_geometry_confirmatory,18,NBI-R,nbi_r,False,True,False,288,7,1256,0.303,1.1030529838670464,0.06055358081930713,0.14262617707787986,0.07000127987941393,1.019166928920415,0.8461538461538461,13,0.9198919547156043,0.03999076642834536,0.0036000225776960906,0.05455715125499031,1.0269777169111973,0.7692307692307693,13
adult,primary_geometry_confirmatory,18,ANCHOR-INJECTION-CONTROL,nbi_s_plus_anchors,False,True,False,288,7,1256,,1.1062184326341526,0.019970110938426988,0.1618133357164821,0.2464078696380683,1.159888154581689,0.8888888888888888,9,0.9337627297075903,0.027668941334826783,0.028932854912829584,0.1621106098839338,1.0620012905487772,0.6666666666666666,9
adult,primary_geometry_confirmatory,18,GRID,grid,False,True,False,288,7,1256,0.2121,1.0773693700617715,0.0,0.07684512649271208,0.09005831314840146,0.9349726855751378,1.0,10,0.9369101568471189,0.0244077009290857,0.01708076239098355,0.06346881829791007,0.9044736961729267,0.7,10
adult,primary_geometry_confirmatory,18,RANDOM,random,False,True,False,288,7,1256,0.0,0.4316513907181323,0.317237388172316,0.21789821547562138,0.0825597908445537,0.8332522588701904,0.1111111111111111,9,0.5608274138527092,0.27890437235338483,0.1464060127253949,0.061609050978858645,0.8625396390262275,0.0,9
adult,primary_geometry_confirmatory,18,NSGA2-MATCHED,nsga2,False,True,False,288,7,1256,0.1212,0.5169678173327047,0.28679223884012045,0.2499774063597654,0.04744105559674215,1.2801080183973055,0.375,16,0.6036933405205677,0.26254736754596913,0.0977847274295148,0.03150688550133825,1.1948593087297283,0.25,16
adult,primary_geometry_confirmatory,19,HISTORICAL-WS-asrun,historical_ws_asrun,False,False,False,288,5,1254,0.0,0.7559348109301282,0.21391502199379767,0.2132420341463718,0.07369897274897548,1.7257350614739466,0.875,8,0.6814164865729098,0.20610342280391236,0.11094884838877475,0.04851458652795908,1.7163941877785782,0.0,8
adult,primary_geometry_confirmatory,19,HISTORICAL-WS,historical_ws,False,False,False,288,5,1254,0.0,0.8407099495253153,0.06860436296915629,0.12390992587173053,0.16388759726878455,1.840025839028817,0.625,8,0.8108249487019713,0.07401482660242298,0.05417758935412023,0.10602626782453882,1.7989037762060875,0.0,8
adult,primary_geometry_confirmatory,19,WS-S,ws_s,False,False,False,288,5,1254,0.0385,0.8342101805386337,0.06879569929476022,0.13637111294789744,0.22125468578606838,1.1014069157149464,0.6666666666666666,6,0.8088788639573261,0.07318037256411265,0.044149877986631024,0.14286286908859214,1.081594275416929,0.16666666666666666,6
adult,primary_geometry_confirmatory,19,NBI-S,nbi_s,False,False,False,288,5,1254,0.1154,1.0265044135975676,0.02801613684881602,0.09559601148513688,0.06499530605215134,0.7594660040618704,0.6666666666666666,9,0.8917525773458761,0.04092311220163855,0.03726924647603164,0.04184832794312327,0.7554358867388035,0.3333333333333333,9
adult,primary_geometry_confirmatory,19,NBI-R,nbi_r,False,False,False,288,5,1254,0.2692,1.148917832766866,0.027980831070703073,0.11984567913677306,0.0823860662730542,0.7683759361178346,0.9090909090909091,11,0.9353879080229939,0.031818262125646854,0.015406817395783319,0.05428777835677528,0.7637684616415711,0.6363636363636364,11
adult,primary_geometry_confirmatory,19,ANCHOR-INJECTION-CONTROL,nbi_s_plus_anchors,False,False,False,288,5,1254,,1.0265044135975676,0.02801613684881602,0.13975625221949572,0.17065308062854234,1.2508197812774449,0.6,10,0.8917525773458761,0.04092311220163855,0.05286877491136308,0.10870712671772638,1.2389248817477592,0.3,10
adult,primary_geometry_confirmatory,19,GRID,grid,False,False,False,288,5,1254,0.1154,1.0726067796949792,0.0,0.057635404916400956,0.09290111394029728,0.7864937736735772,1.0,7,0.8860251982617519,0.0653297590879692,0.03651610732427161,0.05923694465895986,0.7637579974579178,0.42857142857142855,7
adult,primary_geometry_confirmatory,19,RANDOM,random,False,False,False,288,5,1254,0.0,0.3308233768125009,0.416821985813962,0.28289397647379283,0.1240637228844558,0.7094208687651253,0.16666666666666666,6,0.4121829904977647,0.4461034889464865,0.15767198645475686,0.08939800623136412,0.7607318690096135,0.0,6
adult,primary_geometry_confirmatory,19,NSGA2-MATCHED,nsga2,False,False,False,288,5,1254,0.4615,1.1623325967384919,0.03297294556808416,0.2475881336325987,0.1002505812099509,1.2612902881673802,0.7916666666666666,24,0.9571327160929127,0.027786983845168072,0.040510493049844394,0.06446924484465182,1.2260622606871232,0.5,24
adult,primary_geometry_confirmatory,20,HISTORICAL-WS-asrun,historical_ws_asrun,False,False,False,288,7,1256,0.1613,0.8575417785724284,0.09878024807087193,0.0959849749609653,0.006409295584653054,4.0,1.0,16,0.7674017113844602,0.08241365181647049,0.020905770755445356,0.006287655314489221,4.0,0.3125,16
adult,primary_geometry_confirmatory,20,HISTORICAL-WS,historical_ws,False,False,False,288,7,1256,0.0968,0.8549429935198821,0.09704655501567193,0.1692125342202978,0.48296063616549273,2.685132155198854,0.875,8,0.7658220138453309,0.07317140631398673,0.10653405780078003,0.41173551884738824,2.6706393018550187,0.375,8
adult,primary_geometry_confirmatory,20,WS-S,ws_s,False,False,False,288,7,1256,0.0323,0.8555776700974248,0.09550505605815425,0.051105970912050484,0.0184216308183903,1.1420406693844067,0.8888888888888888,9,0.7664420800344772,0.07510989263938221,0.013649554584949456,0.016716718451822377,1.1522957006560224,0.1111111111111111,9
adult,primary_geometry_confirmatory,20,NBI-S,nbi_s,False,False,False,288,7,1256,0.1613,1.0064754048966653,0.03585890361615534,0.05285265288138134,0.14360702193401909,1.4734202129586356,0.6666666666666666,9,0.8887753064746796,0.03907042863316245,0.019380944086351437,0.12314627503020523,1.4270206024785803,0.5555555555555556,9
adult,primary_geometry_confirmatory,20,NBI-R,nbi_r,False,False,False,288,7,1256,0.0,0.14862476135792213,0.5161104042498772,0.10418119021578733,0.0,0.0,0.0,2,0.22170861823784715,0.5370724753302838,0.10236043490885297,0.0,0.0,0.0,2
adult,primary_geometry_confirmatory,20,ANCHOR-INJECTION-CONTROL,nbi_s_plus_anchors,False,False,False,288,7,1256,,1.0126954151445495,0.02844264827960254,0.06218301038069294,0.05119297196502254,0.8203595001244813,0.5454545454545454,11,0.9024366876712728,0.029388017865976408,0.034159477000904465,0.04681390539401605,0.8077961411201712,0.45454545454545453,11
adult,primary_geometry_confirmatory,20,GRID,grid,False,False,False,288,7,1256,0.2581,1.063563239549492,0.0,0.03115281987536582,0.06384186086527976,0.8642375242653868,1.0,12,0.9452599311788601,0.02378036146149282,0.04897970559618816,0.05461096756906171,0.8432912528363672,0.6666666666666666,12
adult,primary_geometry_confirmatory,20,RANDOM,random,False,False,False,288,7,1256,0.0,0.6547632603307273,0.22616233555912618,0.10043283589816548,0.0,0.0,0.0,2,0.6203282235934267,0.2605987110846228,0.04696750574442464,0.0,0.0,0.0,2
adult,primary_geometry_confirmatory,20,NSGA2-MATCHED,nsga2,False,False,False,288,7,1256,0.1613,0.889609339486421,0.12684959391880102,0.12674524143252275,0.037155226933895356,2.018459948997299,0.7714285714285715,35,0.8050919853617199,0.1812063196587743,0.08954005312890484,0.034250473228719325,2.030032503027495,0.14285714285714285,35
adult,primary_geometry_confirmatory,21,HISTORICAL-WS-asrun,historical_ws_asrun,False,True,False,288,7,1258,0.0,0.6706570652645747,0.25064821420169886,0.18741535213605773,0.017589595506857757,2.1973746584441796,0.0,16,0.6271324367498147,0.1880438740057018,0.11861901608551517,0.01433361757858409,2.2052625365328695,0.0,16
adult,primary_geometry_confirmatory,21,HISTORICAL-WS,historical_ws,False,True,False,288,7,1258,0.037,0.3806480372709101,0.45467229870108966,0.4382857746586508,0.050048641136633217,1.9595360308413179,0.5833333333333334,12,0.476322099858536,0.33655022191088624,0.33150931892632896,0.0395914140968235,1.9462766329634873,0.08333333333333333,12
adult,primary_geometry_confirmatory,21,WS-S,ws_s,False,True,False,288,7,1258,0.037,0.4059425121253848,0.44008051810309234,0.3594437607505161,0.0579991060899601,1.1804869231535011,0.6666666666666666,6,0.4938266170833787,0.32426400163531593,0.26308220824354345,0.046972418749902003,1.1782848890729862,0.16666666666666666,6
adult,primary_geometry_confirmatory,21,NBI-S,nbi_s,False,True,False,288,7,1258,0.1852,0.9540563875891666,0.05901150478596457,0.06193911365262951,0.12955162538606702,1.3445771781761904,0.8,10,0.8775547295089062,0.05360856386906541,0.018608743907601748,0.10207433157507889,1.3232817311604494,0.5,10
adult,primary_geometry_confirmatory,21,NBI-R,nbi_r,False,True,False,288,7,1258,0.2222,1.0305181388785243,0.043306398024267515,0.1335163066688369,0.12380215857394573,0.9858545421253051,0.8181818181818182,11,0.9554225047444599,0.026856090979754405,0.017391575361231666,0.09960053294283726,0.9834431344452562,0.5454545454545454,11
adult,primary_geometry_confirmatory,21,ANCHOR-INJECTION-CONTROL,nbi_s_plus_anchors,False,True,False,288,7,1258,,0.9540563875891666,0.05901150478596457,0.08027318676714217,0.15046298634762054,1.223378329029878,0.7272727272727273,11,0.8775547295089062,0.05360856386906541,0.03575720099038257,0.11830298854141617,1.2071608327261982,0.45454545454545453,11
adult,primary_geometry_confirmatory,21,GRID,grid,False,True,False,288,7,1258,0.2593,1.0331054007573874,0.0009472529281583852,0.031685391753157224,0.06519389119047342,0.8371929363288967,1.0,9,0.9334886735879703,0.02804777456015635,0.012194325347752714,0.0513647641680062,0.8357573871773917,0.7777777777777778,9
adult,primary_geometry_confirmatory,21,RANDOM,random,False,True,False,288,7,1258,0.0,0.6007683587854071,0.218820545638399,0.146101984211487,0.15950511185543667,1.1571019682777735,0.0,9,0.5622594286217627,0.21708010806993702,0.11832109291806282,0.1296170296787248,1.1643442943393079,0.0,9
adult,primary_geometry_confirmatory,21,NSGA2-MATCHED,nsga2,False,True,False,288,7,1258,0.1111,0.9043033714025096,0.07821503364595542,0.10109788096905475,0.02403912347333021,1.1895607538875752,0.45161290322580644,31,0.8192572205097739,0.08725264251411578,0.0703281663010605,0.01937664205831078,1.1919506456738296,0.0967741935483871,31
adult,primary_geometry_confirmatory,22,HISTORICAL-WS-asrun,historical_ws_asrun,False,True,False,288,8,1256,0.0,0.4224013333687431,0.3443599823233514,0.11611426557436309,0.005300303756692334,3.741514954051642,0.7142857142857143,14,0.5237467578269528,0.2853289916384177,0.11975581804655897,0.004093365957553606,3.7415141131665153,0.0,14
adult,primary_geometry_confirmatory,22,HISTORICAL-WS,historical_ws,False,True,False,288,8,1256,0.0952,0.9253782918220084,0.07927083505690238,0.08677033965130242,0.031327277782658564,0.7676951149007065,1.0,8,0.8171595230427099,0.07259804649177697,0.0009502750784356548,0.029033892674601675,0.810464788940888,0.75,8
adult,primary_geometry_confirmatory,22,WS-S,ws_s,False,True,False,288,8,1256,0.0635,0.9227556025623235,0.07984295392817467,0.19641188913383212,0.4922203174502761,2.5767251684167727,0.9,10,0.8153818109535429,0.07337611804577338,0.07137496048822067,0.37579815853750714,2.5062037054721222,0.4,10
adult,primary_geometry_confirmatory,22,NBI-S,nbi_s,False,True,False,288,8,1256,0.127,1.0100253781457578,0.054525357618013595,0.06767164597549619,0.11690533123460327,1.4744665351883866,0.9090909090909091,11,0.8815553238614221,0.047755442308231234,0.013115218327151705,0.08955871224364344,1.3835814975125238,0.7272727272727273,11
adult,primary_geometry_confirmatory,22,NBI-R,nbi_r,False,True,False,288,8,1256,0.127,0.9369343361137881,0.10589852051717191,0.05026350523950043,0.02701512788354974,1.7889362169089738,1.0,8,0.8206721565352013,0.10838982202575344,0.0,0.02180045634126763,1.780177839426066,1.0,8
adult,primary_geometry_confirmatory,22,ANCHOR-INJECTION-CONTROL,nbi_s_plus_anchors,False,True,False,288,8,1256,,1.0290409668168428,0.034641047588836384,0.0860964230124507,0.16291096121337678,1.4717009336189983,0.9166666666666666,12,0.903231942621464,0.036799076928205256,0.016117956730493252,0.12456653286485375,1.4026450843002278,0.6666666666666666,12
adult,primary_geometry_confirmatory,22,GRID,grid,False,True,False,288,8,1256,0.1587,1.0297113571252474,0.0,0.019347901312279394,0.05216864161156121,0.9933778972792873,1.0,10,0.9273535593999495,0.02700571402925662,0.0,0.04112364012559013,0.9716171067157034,1.0,10
adult,primary_geometry_confirmatory,22,RANDOM,random,False,True,False,288,8,1256,0.0,0.36530792198544215,0.3686897523470889,0.19548167382802178,0.03017248843757742,0.2665829353798423,0.0,5,0.5114896054889759,0.30505861168490933,0.1350902745539627,0.022905865927931653,0.24934775776382856,0.0,5
adult,primary_geometry_confirmatory,22,NSGA2-MATCHED,nsga2,False,True,False,288,8,1256,0.3492,0.9256843575678498,0.08556286418766548,0.14488972827733299,0.037819883331085914,1.7265862726222476,0.7058823529411765,34,0.868368997863599,0.08221814006580787,0.018442213283343136,0.03272033738667273,1.7478913911759997,0.6470588235294118,34
adult,primary_geometry_confirmatory,23,HISTORICAL-WS-asrun,historical_ws_asrun,False,True,False,288,5,1255,0.0,0.5357299744493139,0.27483539944048124,0.24597604387810493,0.011441878394135073,2.339284913880061,0.36363636363636365,11,0.6469206780160125,0.21830876358794735,0.17019159439742293,0.007248643753848784,2.342204808104199,0.0,11
adult,primary_geometry_confirmatory,23,HISTORICAL-WS,historical_ws,False,True,False,288,5,1255,0.069,0.8392792477775765,0.1590280734128647,0.07639216356584762,0.2676908095514629,1.7549557517713696,1.0,5,0.839391457380665,0.060102119558598496,0.01311165474411582,0.16470425267748973,1.7559670217813246,0.4,5
adult,primary_geometry_confirmatory,23,WS-S,ws_s,False,True,False,288,5,1255,0.069,0.8291115746442946,0.1590280734128647,0.3111043616626156,0.6733736511109739,1.3981580118763242,0.8,5,0.8384231094810215,0.06054533833462576,0.1094792322284823,0.42669359794895995,1.4088246376923115,0.4,5
adult,primary_geometry_confirmatory,23,NBI-S,nbi_s,False,True,False,288,5,1255,0.1379,0.8992830538698956,0.11762645397381,0.10888745346953774,0.20522169330568307,1.3542096228196694,0.8571428571428571,7,0.8802293071193878,0.04345005023919516,0.023733875163241987,0.13037246467341854,1.3632672989341814,0.5714285714285714,7
adult,primary_geometry_confirmatory,23,NBI-R,nbi_r,False,True,False,288,5,1255,0.3103,0.8849769694389833,0.11216662148008685,0.2006145147966325,0.12964911813960395,1.3448957498259277,1.0,10,0.9011476516207235,0.045646268559851856,0.004588044849194203,0.07954731437633067,1.3272593996464026,0.9,10
adult,primary_geometry_confirmatory,23,ANCHOR-INJECTION-CONTROL,nbi_s_plus_anchors,False,True,False,288,5,1255,,0.8992830538698956,0.11762645397381,0.13668660387100598,0.08600810226853192,0.7420458155763127,0.75,8,0.8911433432058807,0.0409299807352263,0.027217125117811988,0.05430496518408145,0.7459753323166023,0.5,8
adult,primary_geometry_confirmatory,23,GRID,grid,False,True,False,288,5,1255,0.2414,1.0685610999710669,0.0,0.05327433216083898,0.08753683822377788,0.8911472380621455,1.0,9,0.9565732449351269,0.02201360047943486,0.00451129525291661,0.05478642193175711,0.8977062578193181,0.7777777777777778,9
adult,primary_geometry_confirmatory,23,RANDOM,random,False,True,False,288,5,1255,0.0,0.5879520539817746,0.22192001189834348,0.1742806524669843,0.15468773244790943,0.3843914474165106,0.3333333333333333,3,0.6865302600408622,0.20120687446956903,0.12644744172478387,0.09300930773888219,0.36847131577512826,0.0,3
adult,primary_geometry_confirmatory,23,NSGA2-MATCHED,nsga2,False,True,False,288,5,1255,0.069,0.8856620319716048,0.11745882330134445,0.22008849393986216,0.050288098942494704,1.5613863388170133,0.6129032258064516,31,0.8554907387496964,0.09595037252059777,0.05946015098021717,0.03160416214385924,1.567655666581618,0.06451612903225806,31
adult,primary_geometry_confirmatory,24,HISTORICAL-WS-asrun,historical_ws_asrun,False,False,False,288,5,1254,0.0,0.351919981811289,0.46497221247805526,0.4415031919221562,0.03380715405237375,0.5291721666850463,0.0,5,0.31331287102131444,0.4945954880607048,0.43387630526718224,0.03408872767653782,0.5539065937223919,0.0,5
adult,primary_geometry_confirmatory,24,HISTORICAL-WS,historical_ws,False,False,False,288,5,1254,0.0476,0.13106568659333823,0.6929671922692122,0.7466330763342443,0.6835020251846123,1.8905114749615504,0.2,5,0.18216886214304182,0.5087120526872573,0.7562500776559882,0.6869228641026536,1.8978051089392332,0.2,5
adult,primary_geometry_confirmatory,24,WS-S,ws_s,False,False,False,288,5,1254,0.0476,0.13106568659333823,0.6936423306015166,0.767024583585497,0.636916441928166,2.057030701834717,0.16666666666666666,6,0.18216886214304182,0.5088957910243465,0.7765629405462701,0.6401791429590518,2.0693915957505755,0.16666666666666666,6
adult,primary_geometry_confirmatory,24,NBI-S,nbi_s,False,False,False,288,5,1254,0.1429,0.9510664371970021,0.09748959849818464,0.27684222803788683,0.06898637500883541,0.15786417210702047,1.0,4,0.8651799399555844,0.04965746896453991,0.1309191351709264,0.0636993488988805,0.15334304252547434,0.75,4
adult,primary_geometry_confirmatory,24,NBI-R,nbi_r,False,False,False,288,5,1254,0.2857,0.9977560362347143,0.08394297299113185,0.15563174908496505,0.01244979306176116,0.37741044032580373,0.7,10,0.8975178536418525,0.06435581703120644,0.0316294060942768,0.012106298930875593,0.3735600659120797,0.6,10
adult,primary_geometry_confirmatory,24,ANCHOR-INJECTION-CONTROL,nbi_s_plus_anchors,False,False,False,288,5,1254,,0.9537863452070814,0.08868744657379576,0.2420494919922686,0.08385530921563578,0.175898902712318,0.8,5,0.865477087395034,0.048784665611802225,0.1291770984494271,0.0892078994053853,0.1940457735557265,0.6,5
adult,primary_geometry_confirmatory,24,GRID,grid,False,False,False,288,5,1254,0.2857,1.0287130476681734,0.0,0.032829971519754815,0.10243229088775631,0.5788198777876236,1.0,6,0.9291734615484081,0.03761164179911437,0.0,0.102787970276694,0.5863256496458139,1.0,6
adult,primary_geometry_confirmatory,24,RANDOM,random,False,False,False,288,5,1254,0.0476,0.477455575646956,0.2445346386274167,0.2517013643940243,0.1758726296115366,0.452242839010378,0.25,4,0.4041549269508944,0.37807768538531566,0.24936661542991329,0.15995017098448291,0.42526065002779845,0.25,4
adult,primary_geometry_confirmatory,24,NSGA2-MATCHED,nsga2,False,False,False,288,5,1254,0.0,0.7365597222490134,0.1660756255447038,0.17606830007802066,0.04859681315595082,2.1379675847243917,0.3333333333333333,36,0.6459390248340908,0.24277442462285764,0.16873268127488072,0.04622782837752897,2.1297712152774304,0.0,36
adult,primary_geometry_confirmatory,25,HISTORICAL-WS-asrun,historical_ws_asrun,False,True,False,288,6,1256,0.2609,0.7248296580870227,0.30062601864774896,0.09372631732450627,0.021107011971949703,2.191928497308466,1.0,12,0.5915815834745587,0.18995804400895663,0.0,0.019879355346709482,2.2327047562509343,1.0,12
adult,primary_geometry_confirmatory,25,HISTORICAL-WS,historical_ws,False,True,False,288,6,1256,0.087,0.5337839599954208,0.4609461019166332,0.7171144534530566,0.097056674068016,1.4909073652514837,0.5,8,0.4220232655127482,0.28283392909632865,0.43878126946596907,0.08794291249334787,1.4909172944293516,0.5,8
adult,primary_geometry_confirmatory,25,WS-S,ws_s,False,True,False,288,6,1256,0.0652,0.5236762887392995,0.47064407886017795,0.6321225684074927,0.07064654707645818,0.8794043415141547,0.5714285714285714,7,0.4132041446545262,0.2903364511816732,0.3848223481438035,0.0612424317277924,0.8469001547214925,0.42857142857142855,7
adult,primary_geometry_confirmatory,25,NBI-S,nbi_s,False,True,False,288,6,1256,0.1304,1.106294100261026,0.022331347699384784,0.1301248187906361,0.18761649216386952,1.1747760046104034,0.875,8,0.930416318413116,0.03759482524264588,0.014097253744432792,0.15718166667802594,1.1216394259153732,0.75,8
adult,primary_geometry_confirmatory,25,NBI-R,nbi_r,False,True,False,288,6,1256,0.0,0.0,1.2111749386766466,0.7517802419354396,0.0029645808091888354,1.1868199293724007,0.0,4,0.0,1.122693925840772,0.48348690204582623,0.002840894787988925,1.199535754547049,0.0,4
adult,primary_geometry_confirmatory,25,ANCHOR-INJECTION-CONTROL,nbi_s_plus_anchors,False,True,False,288,6,1256,,1.106294100261026,0.022331347699384784,0.1301248187906361,0.18761649216386952,1.1747760046104034,0.875,8,0.930416318413116,0.03759482524264588,0.014097253744432792,0.15718166667802594,1.1216394259153732,0.75,8
adult,primary_geometry_confirmatory,25,GRID,grid,False,True,False,288,6,1256,0.1957,1.0544179763672195,0.0,0.03821579413134595,0.0718223473043984,1.1383886868440842,1.0,11,0.9006042773451821,0.05240526653772831,0.009396365434511183,0.06377700795317039,1.1054477844194492,0.8181818181818182,11
adult,primary_geometry_confirmatory,25,RANDOM,random,False,True,False,288,6,1256,0.0,0.44879401594922014,0.3266733398186639,0.25042686291400745,0.2645616322393377,1.3272352455396677,0.0,6,0.5005627010434853,0.27686623168368646,0.14996323592665775,0.24727577599232553,1.3762648494682663,0.0,6
adult,primary_geometry_confirmatory,25,NSGA2-MATCHED,nsga2,False,True,False,288,6,1256,0.1522,0.9198937533610169,0.1186747039413555,0.12140427067082062,0.016495135278988216,0.680037409787037,0.48148148148148145,27,0.815872593057972,0.12070192511414261,0.05603611971699737,0.014276263846231802,0.6585097353841751,0.25925925925925924,27
adult,primary_geometry_confirmatory,26,HISTORICAL-WS-asrun,historical_ws_asrun,False,True,False,288,6,1256,0.0,0.6015944058158115,0.28691108686441963,0.2872987314608728,0.02137479474791438,2.5519045685558885,0.0,8,0.5938467900945823,0.28800673273243077,0.1442706179130414,0.015567824763705886,2.502317704950997,0.0,8
adult,primary_geometry_confirmatory,26,HISTORICAL-WS,historical_ws,False,True,False,288,6,1256,0.1818,0.14299071161336122,0.6060007843317422,0.5749677656887172,0.05910022845772903,2.0687208251004763,0.6428571428571429,14,0.24624442372389815,0.3592013091991361,0.27428805427596264,0.04173811437200573,1.9576761389068018,0.5714285714285714,14
adult,primary_geometry_confirmatory,26,WS-S,ws_s,False,True,False,288,6,1256,0.1364,0.14270898562085144,0.6060007843317422,0.598117514215077,0.08493817425190531,1.8122577850686834,0.6363636363636364,11,0.2460921435440627,0.3592455180682829,0.2850873468818078,0.05788203751036437,1.737417590847925,0.5454545454545454,11
adult,primary_geometry_confirmatory,26,NBI-S,nbi_s,False,True,False,288,6,1256,0.1591,0.9818108172531597,0.038374333395168735,0.09971444861363452,0.1540880648828763,1.3485171111001095,1.0,9,0.896095644153121,0.036033093047278524,0.009058260634264445,0.11178643805819845,1.2542799107610931,0.7777777777777778,9
adult,primary_geometry_confirmatory,26,NBI-R,nbi_r,False,True,False,288,6,1256,0.0,0.5257730379475298,0.3269306668864668,0.12991187467834564,0.054470534604437126,0.45129796670970995,0.6666666666666666,3,0.5689860297757391,0.3401794782994904,0.05404654215950467,0.035453466034242015,0.4287841996762964,0.0,3
adult,primary_geometry_confirmatory,26,ANCHOR-INJECTION-CONTROL,nbi_s_plus_anchors,False,True,False,288,6,1256,,0.9818108172531597,0.038374333395168735,0.13394972941155286,0.21552221762395235,1.3057386504183999,0.9,10,0.896095644153121,0.036033093047278524,0.020213023452485167,0.14812157984857768,1.2103406085057207,0.7,10
adult,primary_geometry_confirmatory,26,GRID,grid,False,True,False,288,6,1256,0.1591,1.054593044046212,0.0,0.03375226419153955,0.11408149117031348,0.987291683159783,1.0,9,0.9362015113855757,0.04764250457366967,0.017471411035404304,0.07852047806516783,0.9195554672682296,0.7777777777777778,9
adult,primary_geometry_confirmatory,26,RANDOM,random,False,True,False,288,6,1256,0.0,0.4420567765066453,0.33357801921633096,0.2832943469723463,0.18652155825360459,1.0937898158247785,0.16666666666666666,6,0.5360471917123679,0.3538870015982019,0.09483943279590333,0.15416275752249128,1.1867199772804236,0.0,6
adult,primary_geometry_confirmatory,26,NSGA2-MATCHED,nsga2,False,True,False,288,6,1256,0.2955,1.031682049162584,0.05515738519817225,0.1670323195674909,0.03558191692851285,1.0745057337512658,0.68,25,0.9137252195583878,0.08204885494812825,0.024830895690696318,0.02458091562253729,0.9958191835555326,0.52,25
adult,primary_geometry_confirmatory,27,HISTORICAL-WS-asrun,historical_ws_asrun,False,True,False,288,5,1251,0.0,0.254593188271667,0.4449166205004511,0.18450974454103483,0.013278390147395853,1.29099648025597,0.0,10,0.2654057248319647,0.45349123504396804,0.15854313464993866,0.010867143995708584,1.2910074947272727,0.0,10
adult,primary_geometry_confirmatory,27,HISTORICAL-WS,historical_ws,False,True,False,288,5,1251,0.0645,0.39968593195116525,0.19049773217093496,0.045688833652730076,0.5594388345503113,1.4191864127147251,0.6666666666666666,3,0.5417878213698474,0.15908152110982424,0.024868636375561737,0.4673687578484232,1.425700604451198,0.6666666666666666,3
adult,primary_geometry_confirmatory,27,WS-S,ws_s,False,True,False,288,5,1251,0.0645,0.4314478206796287,0.18439772238162894,0.04475262489156073,0.49020569473748027,1.7423890726703626,0.75,4,0.561394860091326,0.1560621344382468,0.04161026542976473,0.4074763345543455,1.7370613254748946,0.5,4
adult,primary_geometry_confirmatory,27,NBI-S,nbi_s,False,True,False,288,5,1251,0.1613,0.963489552670021,0.04521000454470284,0.1069000532080207,0.08883730371379547,0.6567685842342689,0.75,8,0.9211191392435776,0.03302668012824936,0.021306001621604332,0.07331488133714778,0.6481563434925175,0.625,8
adult,primary_geometry_confirmatory,27,NBI-R,nbi_r,False,True,False,288,5,1251,0.1613,0.8288592595926787,0.17264818941946697,0.13487684432736136,0.012195626455360148,0.9261571475842564,0.7142857142857143,7,0.7223759181121439,0.1760111466924965,0.007869429302231749,0.010012087461777099,0.9205899614586261,0.7142857142857143,7
adult,primary_geometry_confirmatory,27,ANCHOR-INJECTION-CONTROL,nbi_s_plus_anchors,False,True,False,288,5,1251,,0.963489552670021,0.04521000454470284,0.13969129685140264,0.08156513517536165,0.5690155301637432,0.6,10,0.9211191392435776,0.03302668012824936,0.057088329001209234,0.0676043473180878,0.561465485298393,0.5,10
adult,primary_geometry_confirmatory,27,GRID,grid,False,True,False,288,5,1251,0.2258,1.0460607702013636,0.0,0.05392412312387887,0.10488977282721142,0.8534222409444732,1.0,9,0.9636450487213658,0.016166439921434687,0.007597803280712905,0.09022141354277327,0.8785696341671799,0.7777777777777778,9
adult,primary_geometry_confirmatory,27,RANDOM,random,False,True,False,288,5,1251,0.0,0.18904877207982665,0.4628199688240223,0.1409553051088504,0.048289768864200396,0.5747864882869083,0.2,5,0.21435327217743042,0.47868926894349506,0.10439032791167233,0.04188059543417397,0.5905524336607785,0.0,5
adult,primary_geometry_confirmatory,27,NSGA2-MATCHED,nsga2,False,True,False,288,5,1251,0.2258,0.6296054740315368,0.25120536864698617,0.06394084382067576,0.048718283026379,1.576447919830363,0.6666666666666666,12,0.5647050880732689,0.25857438091133284,0.023309506831481374,0.04161924579043411,1.586654015415836,0.5833333333333334,12
adult,primary_geometry_confirmatory,28,HISTORICAL-WS-asrun,historical_ws_asrun,False,True,False,288,5,1255,0.0,0.29743076117514483,0.5172202599974947,0.5068742329180491,0.08315102658461546,1.2368755943990082,0.0,6,0.3597612733293954,0.357432026924277,0.20697222387058478,0.03412134297792741,1.1404938568055296,0.0,6
adult,primary_geometry_confirmatory,28,HISTORICAL-WS,historical_ws,False,True,False,288,5,1255,0.0,0.1870654366932216,0.6470568559333681,0.6354809045316417,0.09355343787500954,2.114967343370419,0.7272727272727273,11,0.6243843383732499,0.22433650781055972,0.2712328243958116,0.050314905044775225,2.2696308706429473,0.0,11
adult,primary_geometry_confirmatory,28,WS-S,ws_s,False,True,False,288,5,1255,0.0,0.18733253076989756,0.6468716583125611,0.7958016464663346,0.02550483501304434,0.8518750440495031,0.6,10,0.6236448763290625,0.2247469634166104,0.3657068765414079,0.01062169560275695,0.8186998041648507,0.0,10
adult,primary_geometry_confirmatory,28,NBI-S,nbi_s,False,True,False,288,5,1255,0.0769,0.9853141145179695,0.0828069103754803,0.15351197354286558,0.2042308161747845,1.1867731097641225,0.8888888888888888,9,0.8406103315190236,0.07277491525927905,0.025876920518667967,0.10780027247602096,1.2855075607628084,0.2222222222222222,9
adult,primary_geometry_confirmatory,28,NBI-R,nbi_r,False,True,False,288,5,1255,0.1923,0.6220165745213068,0.36256134353071906,0.38716508515404346,0.06767809604354967,0.25059317989035534,1.0,5,0.8221385541556431,0.11034777739838861,0.0,0.03201084820350557,0.26621090154126337,1.0,5
adult,primary_geometry_confirmatory,28,ANCHOR-INJECTION-CONTROL,nbi_s_plus_anchors,False,True,False,288,5,1255,,0.9853141145179695,0.0828069103754803,0.19533484724331615,0.23443359651181914,1.0909035043934514,0.8,10,0.8406103315190236,0.07277491525927905,0.05000224491752812,0.1303481726120381,1.1856507523101825,0.2,10
adult,primary_geometry_confirmatory,28,GRID,grid,False,True,False,288,5,1255,0.0385,1.0367180542908525,0.0,0.05719314829515273,0.1165512564466195,0.722264239360385,1.0,7,0.8310159258425915,0.08045518203950755,0.04011298676211772,0.05884236047763511,0.7544910700460898,0.14285714285714285,7
adult,primary_geometry_confirmatory,28,RANDOM,random,False,True,False,288,5,1255,0.0,0.2693303894352997,0.44458002648810846,0.38502883022009343,0.19297154682044443,1.1081278620757287,0.0,6,0.37323496923444593,0.3486510446033714,0.16959286162097986,0.0889871041512256,1.0170962757240667,0.0,6
adult,primary_geometry_confirmatory,28,NSGA2-MATCHED,nsga2,False,True,False,288,5,1255,0.6538,1.159439022503268,0.03304029129121594,0.45585457446483657,0.07252188878738626,0.8250180237485741,0.9583333333333334,24,0.947517424029655,0.015743534458991567,0.02397414306892283,0.03698903191155187,0.8342558127392721,0.7083333333333334,24
adult,primary_geometry_confirmatory,29,HISTORICAL-WS-asrun,historical_ws_asrun,False,True,False,288,6,1256,0.0,0.5479100772131308,0.3782423015716753,0.28071563472593586,0.030699541014874418,2.9953667926019047,0.0,19,0.5430372786845991,0.2588792704719955,0.18105470228673226,0.02604864424463582,2.9953667926019043,0.0,19
adult,primary_geometry_confirmatory,29,HISTORICAL-WS,historical_ws,False,True,False,288,6,1256,0.1304,0.1560564048649011,0.7051411067833837,0.5736357143926162,0.06268789786135542,1.222568729729239,0.5714285714285714,7,0.2498194132334419,0.3690501256945422,0.4647826921940767,0.0558138551040213,1.2275970856753016,0.42857142857142855,7
adult,primary_geometry_confirmatory,29,WS-S,ws_s,False,True,False,288,6,1256,0.087,0.1418530443447086,0.7158638059224481,0.6605650505143673,0.06047858566066208,1.1965596921567498,0.5,6,0.2348706575370888,0.3773260988246867,0.5446940878702488,0.05422689258880843,1.2040874304852367,0.3333333333333333,6
adult,primary_geometry_confirmatory,29,NBI-S,nbi_s,False,True,False,288,6,1256,0.3043,0.9463449241807962,0.09453618252913727,0.10439891327723942,0.17741554343459498,1.0342911560505612,0.8,10,0.8998981220867436,0.04720783391457593,0.03382766308964333,0.1561439797996298,1.0424579519606287,0.7,10
adult,primary_geometry_confirmatory,29,NBI-R,nbi_r,False,True,False,288,6,1256,0.0,0.0,0.8456066114242343,0.3935873925500539,0.004375278232747427,0.6548062738370963,0.0,3,0.0,0.9774300164054617,0.3378309041839252,0.003875460207524564,0.6684310836273886,0.0,3
adult,primary_geometry_confirmatory,29,ANCHOR-INJECTION-CONTROL,nbi_s_plus_anchors,False,True,False,288,6,1256,,0.9606330453230385,0.06487581418768983,0.08537077496808324,0.14610738208538718,1.144540362861748,0.8181818181818182,11,0.913326406741971,0.037918343495708835,0.02291866869234138,0.1312268948912388,1.1582422208099505,0.7272727272727273,11
adult,primary_geometry_confirmatory,29,GRID,grid,False,True,False,288,6,1256,0.3043,1.0385031227673491,0.002063398727769433,0.0676093905293325,0.21164162296334302,1.0437031409626945,0.875,8,0.9584666863318125,0.021512121057881375,0.03157725160477488,0.18904104060265764,1.0717074872863568,0.875,8
adult,primary_geometry_confirmatory,29,RANDOM,random,False,True,False,288,6,1256,0.0,0.3368194224441125,0.3562528114538137,0.23773422162615288,0.16266681317177573,0.8781478114778325,0.0,5,0.32535031796902575,0.5038611225845495,0.2136310980581972,0.14884423558604104,0.9181808760320131,0.0,5
adult,primary_geometry_confirmatory,29,NSGA2-MATCHED,nsga2,False,True,False,288,6,1256,0.0,0.46100802859653384,0.30859476590747476,0.209706668816529,0.0465007727623494,1.331114346213154,0.0,19,0.4353167116241385,0.41847776439123935,0.20103263111539235,0.039452701460424906,1.3162505992978641,0.0,19
bank_marketing,primary_geometry_confirmatory,0,HISTORICAL-WS-asrun,historical_ws_asrun,False,True,False,288,4,1249,0.0,0.25831982812122906,0.5572468572633885,0.33034965462023824,0.03136823248836107,1.3693063937629153,0.6,5,0.42651724847842415,0.27271072426653964,0.14184485456271997,0.027216481109486105,1.369306393762915,0.0,5
bank_marketing,primary_geometry_confirmatory,0,HISTORICAL-WS,historical_ws,False,True,False,288,4,1249,0.1053,1.1350863791249066,0.06616629041264419,0.16136162870584686,0.35745214415654775,1.6907917429987174,1.0,6,0.7881594167599124,0.06894287584905077,0.013637190164218169,0.30854730047323603,1.6246096920338295,0.3333333333333333,6
bank_marketing,primary_geometry_confirmatory,0,WS-S,ws_s,False,True,False,288,4,1249,0.0526,1.1364893421755666,0.06747304965009124,0.16840725887717117,0.3686534961543519,1.4323809420868647,1.0,5,0.7868550368571341,0.06977373144063914,0.006538174635296529,0.317288624083713,1.3776048529640676,0.2,5
bank_marketing,primary_geometry_confirmatory,0,NBI-S,nbi_s,False,True,False,288,4,1249,0.2632,1.2533874830535363,0.06808531136649548,0.16444112042100892,0.16530610695575262,0.813444881249594,1.0,7,0.8429471422981172,0.048782379197670124,0.01749864905083564,0.14159767511919605,0.7780213948392092,0.7142857142857143,7
bank_marketing,primary_geometry_confirmatory,0,NBI-R,nbi_r,False,True,False,288,4,1249,0.0526,1.033113828547759,0.1138464687638778,0.12759668048622996,0.20262668281729934,0.6533249026719614,0.75,4,0.7655736765126324,0.08260997152470463,0.04524508443828972,0.22687997416088387,0.8138871674216707,0.25,4
bank_marketing,primary_geometry_confirmatory,0,ANCHOR-INJECTION-CONTROL,nbi_s_plus_anchors,False,True,False,288,4,1249,,1.2533874830535363,0.06808531136649548,0.1890950426822971,0.16523956375363613,0.7314077284142613,0.875,8,0.8440544409568266,0.048782379197670124,0.02588618885654254,0.13782431207424406,0.6983580338644563,0.625,8
bank_marketing,primary_geometry_confirmatory,0,GRID,grid,False,True,False,288,4,1249,0.3158,1.0831170934719105,0.0,0.10744652722310041,0.11449255591190455,0.8255346955847006,1.0,8,0.7885396945126543,0.060337709037795756,0.03275210180594562,0.08866311574589388,0.7906287819630906,0.75,8
bank_marketing,primary_geometry_confirmatory,0,RANDOM,random,False,True,False,288,4,1249,0.0526,0.8185237121351163,0.13232834180657976,0.34795415847822997,0.26287167412774676,1.318847334117472,0.125,8,0.6041823373170936,0.15026383587428577,0.1534322610991022,0.2126163473514287,1.2505625054627767,0.125,8
bank_marketing,primary_geometry_confirmatory,0,NSGA2-MATCHED,nsga2,False,True,False,288,4,1249,0.0526,0.7861855347354426,0.2873368586310998,0.23568908413936515,0.022130308471193575,0.678458244958172,0.8,15,0.6650712927875985,0.1356548860434439,0.09160497580479497,0.020825874397840942,0.7216115460658628,0.06666666666666667,15
bank_marketing,primary_geometry_confirmatory,1,HISTORICAL-WS-asrun,historical_ws_asrun,False,True,False,288,5,1246,0.0,0.4053113729553477,0.2914082009006214,0.17137256666117998,0.0,0.0,0.0,2,0.2965664508133236,0.2893277707886985,0.16254592675382346,0.0,0.0,0.0,2
bank_marketing,primary_geometry_confirmatory,1,HISTORICAL-WS,historical_ws,False,True,False,288,5,1246,0.0,0.5193052740460854,0.15807740034900103,0.042094082487323686,0.0,0.0,0.75,8,0.44800486617390234,0.2349668661099347,0.21332460868699898,0.0,0.0,0.0,8
bank_marketing,primary_geometry_confirmatory,1,WS-S,ws_s,False,True,False,288,5,1246,0.0,0.601503582329361,0.13845113771239786,0.018668152986861596,0.4590268289686822,2.6457513110645907,1.0,7,0.505376804683703,0.20407557782930766,0.22433225600619652,0.44606760680916596,2.645751311064591,0.0,7
bank_marketing,primary_geometry_confirmatory,1,NBI-S,nbi_s,False,True,False,288,5,1246,0.1111,1.0587247452246467,0.061726131331773716,0.04674386870529556,0.07543525407139998,1.97757122314057,1.0,11,0.7136845082138767,0.16222681494844676,0.1870968539589703,0.0819649480689005,2.1993597067817645,0.18181818181818182,11
bank_marketing,primary_geometry_confirmatory,1,NBI-R,nbi_r,False,True,False,288,5,1246,0.1111,0.5147895320382371,0.3005590288938196,0.1352204050746,0.0,0.0,1.0,2,0.5956947106883448,0.2355937911830992,0.0,0.0,0.0,1.0,2
bank_marketing,primary_geometry_confirmatory,1,ANCHOR-INJECTION-CONTROL,nbi_s_plus_anchors,False,True,False,288,5,1246,,1.0587247452246467,0.061726131331773716,0.07619634961492545,0.13255040788133057,1.8831131032693325,0.9166666666666666,12,0.7180531138762034,0.14335029077465256,0.18123448939128026,0.1146807928926473,1.8628107152024278,0.16666666666666666,12
bank_marketing,primary_geometry_confirmatory,1,GRID,grid,False,True,False,288,5,1246,0.1111,1.365384341728467,0.0,0.12222997103188767,0.045559909447905875,0.2048839126079745,1.0,7,0.8071672798493035,0.05576846875747189,0.09948370688264307,0.033757829255273465,0.16506690455167447,0.2857142857142857,7
bank_marketing,primary_geometry_confirmatory,1,RANDOM,random,False,True,False,288,5,1246,0.0,0.07757761172628407,0.4316252097836471,0.2829159438460787,0.0651270683094715,0.4557359872571596,0.0,6,0.3990643726787404,0.3017128338943673,0.20583962793623237,0.09026289265117986,0.5880885627811072,0.0,6
bank_marketing,primary_geometry_confirmatory,1,NSGA2-MATCHED,nsga2,False,True,False,288,5,1246,0.6111,1.588385578973177,0.0312318950988792,0.22727106045390652,0.04938694978232074,1.3192832307500455,0.7142857142857143,21,0.8995679832383415,0.03002827212063991,0.04505986739672505,0.04801292527096826,1.3245756625058247,0.5238095238095238,21
bank_marketing,primary_geometry_confirmatory,2,HISTORICAL-WS-asrun,historical_ws_asrun,False,True,False,288,6,1262,0.0,0.7072722807587916,0.21358547160009897,0.02920869231473084,0.2014424534124636,3.6055494635351115,1.0,13,0.40744735573393637,0.22284248306035118,0.03265425358488061,0.19727516483190005,3.605549121193716,0.0,13
bank_marketing,primary_geometry_confirmatory,2,HISTORICAL-WS,historical_ws,False,True,False,288,6,1262,0.0417,0.8409230310704501,0.09409781786320874,0.03833738701463157,0.30349191979355694,3.7416573867739413,0.07142857142857142,14,0.6044121869970938,0.12215929713733657,0.03518460081276186,0.323026186519887,3.7416573867739413,0.07142857142857142,14
bank_marketing,primary_geometry_confirmatory,2,WS-S,ws_s,False,True,False,288,6,1262,0.0,0.789968912995257,0.1008725009627358,0.03736809428807338,0.3204555261607169,3.464101615137755,0.08333333333333333,12,0.5510961370668326,0.1355176041202555,0.03848609322535294,0.34454716332652546,3.464101615137755,0.0,12
bank_marketing,primary_geometry_confirmatory,2,NBI-S,nbi_s,False,True,False,288,6,1262,0.0417,0.9405438762499562,0.03982896871677922,0.04044492803126029,0.2448384086866859,2.238147805011078,0.18181818181818182,11,0.7517325566116065,0.08266192653015521,0.03764945651825385,0.2604627977036816,2.2248603777715994,0.09090909090909091,11
bank_marketing,primary_geometry_confirmatory,2,NBI-R,nbi_r,False,True,False,288,6,1262,0.0417,0.9494214035660532,0.031373742198047345,0.03788535792130083,0.22911467143352543,2.2248595461286986,0.18181818181818182,11,0.7840028966217775,0.06697443361402233,0.03420104773499108,0.22849970799196923,2.224859546128699,0.09090909090909091,11
bank_marketing,primary_geometry_confirmatory,2,ANCHOR-INJECTION-CONTROL,nbi_s_plus_anchors,False,True,False,288,6,1262,,0.9405438762499562,0.03982896871677922,0.04044492803126029,0.2448384086866859,2.238147805011078,0.18181818181818182,11,0.7517325566116065,0.08266192653015521,0.03764945651825385,0.2604627977036816,2.2248603777715994,0.09090909090909091,11
bank_marketing,primary_geometry_confirmatory,2,GRID,grid,False,True,False,288,6,1262,0.25,1.0153091003066868,0.001219959235210942,0.03784977970541883,0.10410171775308838,0.5606250820792655,1.0,6,0.9025221376638419,0.03761316559761633,0.0,0.09272164554707249,0.4950211012595835,1.0,6
bank_marketing,primary_geometry_confirmatory,2,RANDOM,random,False,True,False,288,6,1262,0.0,0.49375307544265296,0.3258734090386152,0.1467906573092661,0.06153436033497796,0.8562310459235866,0.0,8,0.1783995155687973,0.3612837729942982,0.22939693522875876,0.06668396476555985,0.8765753969038028,0.0,8
bank_marketing,primary_geometry_confirmatory,2,NSGA2-MATCHED,nsga2,False,True,False,288,6,1262,0.5,0.978263260257151,0.07890883972331501,0.12360840692964221,0.025007609665422096,0.9690580638285453,0.5714285714285714,28,0.8287928660537182,0.0613437957620969,0.05386448375968146,0.026996459792471825,0.9555218916505716,0.42857142857142855,28
bank_marketing,primary_geometry_confirmatory,3,HISTORICAL-WS-asrun,historical_ws_asrun,False,True,False,288,6,1262,0.0,0.356914676352732,0.3248176497929307,0.1112085847206341,0.13498463304339747,2.7105323281999922,0.0,15,0.3137015776575237,0.4315775580632857,0.12216240191984223,0.13176896302590824,2.7086064351819483,0.0,15
bank_marketing,primary_geometry_confirmatory,3,HISTORICAL-WS,historical_ws,False,True,False,288,6,1262,0.2564,0.7591597129562527,0.18413376347415408,0.22409742921243853,0.13177139659697282,1.8214424933351956,0.7692307692307693,13,0.6805075273524508,0.08159756531440472,0.13892331307438005,0.12872469943124232,1.8209964687060092,0.7692307692307693,13
bank_marketing,primary_geometry_confirmatory,3,WS-S,ws_s,False,True,False,288,6,1262,0.2308,0.8199362615882808,0.16554447093097877,0.2309927336851881,0.10926901188405835,1.8116059549532597,0.75,12,0.7310015088202186,0.07034372858436926,0.1459958867848005,0.10701741985553383,1.8123993566357905,0.75,12
bank_marketing,primary_geometry_confirmatory,3,NBI-S,nbi_s,False,True,False,288,6,1262,0.1026,0.7764176031710533,0.1485641342830162,0.18386258761334368,0.13849691800219865,0.7431787074114522,0.4444444444444444,9,0.7002415282326306,0.06695400263449176,0.13100184128724515,0.1356112098128366,0.7441982043118802,0.4444444444444444,9
bank_marketing,primary_geometry_confirmatory,3,NBI-R,nbi_r,False,True,False,288,6,1262,0.0,0.17811000447489964,0.4115031336594528,0.3054565756826254,0.045323635060180015,0.8634314146284268,0.0,8,0.15854722676985714,0.5363390444669596,0.2666670451160897,0.04423566092901236,0.8618089195013626,0.0,8
bank_marketing,primary_geometry_confirmatory,3,ANCHOR-INJECTION-CONTROL,nbi_s_plus_anchors,False,True,False,288,6,1262,,0.7764176031710533,0.1371890791876494,0.17094009091122966,0.14490155656487808,0.7670013863439883,0.4444444444444444,9,0.7002415282326306,0.06339301410421753,0.11836609927112887,0.1420964138145279,0.7688500828579088,0.4444444444444444,9
bank_marketing,primary_geometry_confirmatory,3,GRID,grid,False,True,False,288,6,1262,0.1026,1.0225209767241126,0.0,0.011035507249863392,0.19916892177478954,0.7537922192400076,1.0,6,0.9071582716055233,0.02590314875455215,0.004889156779072885,0.19543870795212606,0.7559930174267481,0.6666666666666666,6
bank_marketing,primary_geometry_confirmatory,3,RANDOM,random,False,True,False,288,6,1262,0.0256,0.36793394766553117,0.2727151536965219,0.3145255500952275,0.13072354478228526,1.5416104080069837,0.1111111111111111,9,0.32335059718413245,0.40455913972579827,0.2847789031400452,0.12756416796397146,1.5385873679730302,0.1111111111111111,9
bank_marketing,primary_geometry_confirmatory,3,NSGA2-MATCHED,nsga2,False,True,False,288,6,1262,0.2051,0.4957493283848354,0.23021008932279044,0.16993895333629794,0.0231622542366754,0.9389683222557789,0.36,25,0.4325782126949493,0.37718877553525204,0.1403705421135507,0.02272756530338219,0.9395523240670745,0.32,25
bank_marketing,primary_geometry_confirmatory,4,HISTORICAL-WS-asrun,historical_ws_asrun,False,True,False,288,7,1244,0.1818,0.8635289332338159,0.17947970097043126,0.3256027994215838,0.11220134163679624,0.7792460050598339,0.5,6,0.2647325799182352,0.32311535873569774,0.1613047608049102,0.07128880416616595,0.6832208601731733,0.3333333333333333,6
bank_marketing,primary_geometry_confirmatory,4,HISTORICAL-WS,historical_ws,False,True,False,288,7,1244,0.0909,1.1995516372751478,0.20765699136686983,0.9353575493523327,0.7604132814216575,0.7498791651364676,0.3333333333333333,3,0.2463900636458165,0.330428662432121,0.3684243419960751,0.3241038512119926,0.5286675065860794,0.3333333333333333,3
bank_marketing,primary_geometry_confirmatory,4,WS-S,ws_s,False,True,False,288,7,1244,0.0,1.199339450578796,0.20768259167450173,0.9353458448345916,0.7604042245065668,0.749874945546522,0.3333333333333333,3,0.2462586468473956,0.33046677615984155,0.3684427467234763,0.32410178767881953,0.5286653324309515,0.0,3
bank_marketing,primary_geometry_confirmatory,4,NBI-S,nbi_s,False,True,False,288,7,1244,0.0,0.9939204249133741,0.2037691716109938,0.4484716347068992,0.2388491826801071,0.991072669875003,0.2222222222222222,9,0.22772981648696788,0.277269390380025,0.28579681345056207,0.15396253103645147,0.9647764789312211,0.0,9
bank_marketing,primary_geometry_confirmatory,4,NBI-R,nbi_r,False,True,False,288,7,1244,0.0,0.1497586552288364,0.5179607788631415,0.4622538965964675,0.04806476481477531,1.2234324624233999,0.0,13,0.11778390550054546,0.4807090842026248,0.32386455945397574,0.025065437344415204,0.9141888790760057,0.0,13
bank_marketing,primary_geometry_confirmatory,4,ANCHOR-INJECTION-CONTROL,nbi_s_plus_anchors,False,True,False,288,7,1244,,0.9939204249133741,0.17710354223398247,0.3048523078963291,0.27922959677777115,0.9379776040260106,0.2857142857142857,7,0.2713331589385671,0.19498074196308812,0.21295247013484847,0.2266934997829416,1.0614758976614511,0.0,7
bank_marketing,primary_geometry_confirmatory,4,GRID,grid,False,True,False,288,7,1244,0.4545,1.1190114098520805,0.0,0.07597568127072236,0.10876095290666841,0.6548826472517417,1.0,8,0.8582440496497287,0.053099251645617844,0.06318529071015959,0.060059111415237613,0.5034966330283328,0.625,8
bank_marketing,primary_geometry_confirmatory,4,RANDOM,random,False,True,False,288,7,1244,0.0,0.3605110799735267,0.28422119846742605,0.25502996944511025,0.10338992565733987,0.7469819302664056,0.0,8,0.4655246531094452,0.22324796340774752,0.17401751974231922,0.06689000089148504,0.6277013682356165,0.0,8
bank_marketing,primary_geometry_confirmatory,4,NSGA2-MATCHED,nsga2,False,True,False,288,7,1244,0.0,0.05081426448419568,0.42200545924783045,0.3586838662900495,0.06194488338286969,1.562254989402488,0.2777777777777778,18,0.3998141531242376,0.2743941297059928,0.21012329240907304,0.04216860707054792,1.43458358068543,0.0,18
bank_marketing,primary_geometry_confirmatory,5,HISTORICAL-WS-asrun,historical_ws_asrun,False,True,False,288,5,1255,0.0,0.41119802078054535,0.3050744813435194,0.16264673812715869,0.04728131835545066,1.433784424039734,0.1,10,0.3329802867746821,0.32474985882301305,0.18586711103738834,0.048596093939271695,1.446311825553374,0.0,10
bank_marketing,primary_geometry_confirmatory,5,HISTORICAL-WS,historical_ws,False,True,False,288,5,1255,0.0417,0.37358875893389426,0.19131009346892214,0.22004949625336587,0.11230078739012059,0.6103062886687446,0.5,4,0.3340260969267654,0.2377892028393084,0.2449603967439679,0.10299911196412094,0.5909288275103076,0.25,4
bank_marketing,primary_geometry_confirmatory,5,WS-S,ws_s,False,True,False,288,5,1255,0.0417,0.3716307030070212,0.25099954594900215,0.3504873846173818,0.12112581736675349,1.2503418593742823,0.2,5,0.33213515507860947,0.27938484320816737,0.3689705560678446,0.12473242363456861,1.2783093222654445,0.2,5
bank_marketing,primary_geometry_confirmatory,5,NBI-S,nbi_s,False,True,False,288,5,1255,0.0833,0.556250441169271,0.17157988308359906,0.21589699901641843,0.08764570282734253,0.83446044036854,0.5,10,0.4454938293639846,0.21739172058359912,0.21885603120892716,0.08411250530485243,0.8135815537201163,0.2,10
bank_marketing,primary_geometry_confirmatory,5,NBI-R,nbi_r,False,True,False,288,5,1255,0.0,0.24383580482196396,0.5985963420983845,0.2609304577902022,0.012644544961709622,0.28460079333234134,0.0,4,0.16161880125030365,0.6327969214511897,0.2819665055254535,0.01522772594647662,0.3439102874770309,0.0,4
bank_marketing,primary_geometry_confirmatory,5,ANCHOR-INJECTION-CONTROL,nbi_s_plus_anchors,False,True,False,288,5,1255,,0.9310748587989545,0.046555218401300925,0.07473706241622995,0.14969342604368996,0.9278478130875923,0.7142857142857143,7,0.7310166197818506,0.07701020941869126,0.07237461909741325,0.15624808094627723,0.9424318787916033,0.2857142857142857,7
bank_marketing,primary_geometry_confirmatory,5,GRID,grid,False,True,False,288,5,1255,0.25,1.0635296734055137,0.0,0.04192460755991566,0.07089717973053833,0.7223660892645424,1.0,8,0.8215379614757111,0.03138000456025415,0.0443426295785045,0.07012584122188466,0.7127630166232132,0.75,8
bank_marketing,primary_geometry_confirmatory,5,RANDOM,random,False,True,False,288,5,1255,0.0417,0.6429378878714317,0.2503174369664431,0.19219204635283482,0.08674055100461422,0.5047501326105069,0.16666666666666666,6,0.44284385714620883,0.28678890338631974,0.15761419410894992,0.0846384551921283,0.515936010037349,0.16666666666666666,6
bank_marketing,primary_geometry_confirmatory,5,NSGA2-MATCHED,nsga2,False,True,False,288,5,1255,0.4167,1.224628884458176,0.02921212700166669,0.1295186419894655,0.142282853054233,1.5322272864921078,0.9090909090909091,11,0.9649168395390672,0.02122009274393304,0.0044686717922020796,0.1466899897074356,1.5924941351120592,0.9090909090909091,11
bank_marketing,primary_geometry_confirmatory,6,HISTORICAL-WS-asrun,historical_ws_asrun,False,True,False,288,6,1258,0.0,0.4962417040151723,0.2947214410526941,0.25820415743014147,0.21872054341352548,1.9643418204922678,0.0,11,0.39351567397803183,0.32875835514469565,0.2128145385089864,0.15357457039140301,1.89796071032279,0.0,11
bank_marketing,primary_geometry_confirmatory,6,HISTORICAL-WS,historical_ws,False,True,False,288,6,1258,0.1429,0.9723429041098517,0.17380478531756693,0.36423911378750823,0.24206109458722677,1.8445142803930554,0.7777777777777778,9,0.545510253315207,0.24308887900403806,0.1630294248762088,0.18197163740796957,1.8140691855655025,0.4444444444444444,9
bank_marketing,primary_geometry_confirmatory,6,WS-S,ws_s,False,True,False,288,6,1258,0.1071,0.9723429041098517,0.17380478531756693,0.4195494993046579,0.1828668953963663,2.6219901404166213,0.6666666666666666,9,0.545510253315207,0.2430921668673906,0.226502645929762,0.13789599087055834,2.554538689641197,0.3333333333333333,9
bank_marketing,primary_geometry_confirmatory,6,NBI-S,nbi_s,False,True,False,288,6,1258,0.0714,0.8555492541996194,0.1912565858515913,0.3986830943308811,0.10939477267586048,0.525632382111127,0.3333333333333333,9,0.5246493322436027,0.25236591885553705,0.24964042062642897,0.07770234334867517,0.47040144060458267,0.2222222222222222,9
bank_marketing,primary_geometry_confirmatory,6,NBI-R,nbi_r,False,True,False,288,6,1258,0.0,0.0,0.8716113959845254,0.6069129142073477,0.015229103500160192,0.6380540363629787,0.0,8,0.043512111013361124,0.654498629805459,0.4530684912550461,0.014709181132106794,0.7205595546611816,0.0,8
bank_marketing,primary_geometry_confirmatory,6,ANCHOR-INJECTION-CONTROL,nbi_s_plus_anchors,False,True,False,288,6,1258,,0.8555492541996194,0.12963692410706457,0.2632825229784751,0.11084234108741484,0.3738568021645431,0.42857142857142855,7,0.6224699382178862,0.16605928183539595,0.12674881938503738,0.07016300902171702,0.31201380294764064,0.2857142857142857,7
bank_marketing,primary_geometry_confirmatory,6,GRID,grid,False,True,False,288,6,1258,0.2143,0.9949829157849485,0.008933167041106582,0.03660418776095546,0.13206767693267055,1.3829582000085363,1.0,9,0.7873612995586589,0.09999728228262536,0.028950462899503402,0.09067854244890783,1.3460899389734764,0.6666666666666666,9
bank_marketing,primary_geometry_confirmatory,6,RANDOM,random,False,True,False,288,6,1258,0.0,0.1842415041037976,0.4718794411873744,0.40458072379055243,0.38877774434099527,1.9033242822719743,0.1111111111111111,9,0.36447774934502813,0.361374544498883,0.2661927249146464,0.378545354856787,2.045102616783264,0.0,9
bank_marketing,primary_geometry_confirmatory,6,NSGA2-MATCHED,nsga2,False,True,False,288,6,1258,0.3571,1.3209266912644448,0.04453266372164114,0.1512546097494171,0.03309240117964041,0.9451147918472245,0.6521739130434783,23,0.914248630972563,0.04442974334799034,0.04357388862421487,0.026000195566765128,0.9122736299949903,0.43478260869565216,23
bank_marketing,primary_geometry_confirmatory,7,HISTORICAL-WS-asrun,historical_ws_asrun,False,True,False,288,7,1260,0.0,0.759237481390505,0.14801644727662988,0.4211406811743737,0.0,0.0,0.6666666666666666,12,0.30650483669479994,0.22315200015292982,0.10356287688733927,0.0,0.0,0.0,12
bank_marketing,primary_geometry_confirmatory,7,HISTORICAL-WS,historical_ws,False,True,False,288,7,1260,0.0,0.8886011106797602,0.13355100934473393,0.28447359431927466,0.07905855484297344,0.7985214876701988,0.6666666666666666,6,0.36543686037211853,0.20030533030492187,0.13128428275219786,0.03685243636509288,0.7785759792121074,0.0,6
bank_marketing,primary_geometry_confirmatory,7,WS-S,ws_s,False,True,False,288,7,1260,0.1176,1.3067628033060006,0.11543689800672848,0.415334699916872,0.3865773708176879,1.3693063937629153,0.4,5,0.528805264163929,0.1404448538796516,0.05408619249781023,0.17640790591146416,1.369306393762915,0.4,5
bank_marketing,primary_geometry_confirmatory,7,NBI-S,nbi_s,False,True,False,288,7,1260,0.2353,1.6391189631256549,0.022258517233264694,0.2851095858336639,0.2139398624717949,0.6772396595183684,1.0,6,0.791390183124629,0.06487567643593073,0.06292787674630851,0.1025888958306475,0.5366962256150882,0.6666666666666666,6
bank_marketing,primary_geometry_confirmatory,7,NBI-R,nbi_r,False,True,False,288,7,1260,0.3529,1.973530758453813,0.016081483423412042,0.35961712979509153,0.31083002901209694,0.9623174743797278,1.0,7,0.9492374996298835,0.020935887176035922,0.0031140808533613377,0.12301885251241988,0.6144087041504663,0.8571428571428571,7
bank_marketing,primary_geometry_confirmatory,7,ANCHOR-INJECTION-CONTROL,nbi_s_plus_anchors,False,True,False,288,7,1260,,1.6391189631256549,0.022258517233264694,0.2851095858336639,0.2139398624717949,0.6772396595183684,1.0,6,0.791390183124629,0.06487567643593073,0.06292787674630851,0.1025888958306475,0.5366962256150882,0.6666666666666666,6
bank_marketing,primary_geometry_confirmatory,7,GRID,grid,False,True,False,288,7,1260,0.1765,0.9599517432531246,0.019622230228498374,0.03254039649722302,0.16396132235521282,1.3640204341829074,0.8888888888888888,9,0.557856921177137,0.16922424622378163,0.19325871192869554,0.1669007338362645,1.7000803690768649,0.3333333333333333,9
bank_marketing,primary_geometry_confirmatory,7,RANDOM,random,False,True,False,288,7,1260,0.0,0.5038271063183095,0.29160552107552423,0.5260149049164685,0.20210022981315662,0.968577713405686,0.0,7,0.2422085175074447,0.35731543027185514,0.32621937682399393,0.12715750035476267,0.9502555041878328,0.0,7
bank_marketing,primary_geometry_confirmatory,7,NSGA2-MATCHED,nsga2,False,True,False,288,7,1260,0.0,0.005586417628888547,0.8443037162637681,0.6558359569791928,0.054087484324083314,0.9518165166111348,0.0,12,0.007598569259941602,0.5385608982843467,0.42113332546558996,0.037892805231275514,0.8518585772375146,0.0,12
bank_marketing,primary_geometry_confirmatory,8,HISTORICAL-WS-asrun,historical_ws_asrun,False,True,False,288,7,1263,0.0,0.6356549911175314,0.2324740782546477,0.2084959849452906,0.008482165444715613,1.2532458547980339,0.5,8,0.43154053950579635,0.29228913049757055,0.18930011505982983,0.007873588715229243,1.2412927637187559,0.0,8
bank_marketing,primary_geometry_confirmatory,8,HISTORICAL-WS,historical_ws,False,True,False,288,7,1263,0.0385,0.5629678390887906,0.245497175676369,0.4975489834733293,0.27550679486637886,1.1031916401846693,0.3333333333333333,6,0.3640390505590431,0.30809894044187147,0.32826001837931124,0.21824460163451848,1.1033980999283182,0.16666666666666666,6
bank_marketing,primary_geometry_confirmatory,8,WS-S,ws_s,False,True,False,288,7,1263,0.0385,0.5631461685381757,0.2411548852888728,0.3982416155696578,0.27806435535926877,1.1261428425709479,0.4,5,0.36407198690230697,0.29296419520279254,0.2408196701557356,0.21869410344587817,1.0838410671858218,0.2,5
bank_marketing,primary_geometry_confirmatory,8,NBI-S,nbi_s,False,True,False,288,7,1263,0.0385,0.7245070978514141,0.13581940408801593,0.34033698659134687,0.15714451199855545,0.688208154071372,0.375,8,0.5557148898595146,0.18021824424455574,0.2595049166886191,0.12934122385838503,0.7175238286127842,0.125,8
bank_marketing,primary_geometry_confirmatory,8,NBI-R,nbi_r,False,True,False,288,7,1263,0.0,0.0,0.7007582349060982,0.4072837363698868,0.017291493284404963,0.4727973553980985,0.0,4,0.1033983770786161,0.4844932311191851,0.3390065639264686,0.01964247816783245,0.5868279522189851,0.0,4
bank_marketing,primary_geometry_confirmatory,8,ANCHOR-INJECTION-CONTROL,nbi_s_plus_anchors,False,True,False,288,7,1263,,0.7245070978514141,0.11727872693997816,0.14160032744251133,0.10953508532492057,0.33142306029636814,0.6,5,0.6044131822320645,0.1294569245077049,0.11983566149938377,0.09688645858293506,0.3532022853166793,0.2,5
bank_marketing,primary_geometry_confirmatory,8,GRID,grid,False,True,False,288,7,1263,0.1538,1.1215591119989272,0.0,0.04001135252239588,0.10028120457725238,0.8829771523178458,1.0,11,0.8813770028116579,0.03760158492764987,0.05915145946604654,0.09845966599099144,0.9214535154200105,0.36363636363636365,11
bank_marketing,primary_geometry_confirmatory,8,RANDOM,random,False,True,False,288,7,1263,0.0,0.19080650364387633,0.37974571861935724,0.2547505693533271,0.06544037489653562,0.8852882637996671,0.0,9,0.42648888360909,0.25246300406069017,0.11608884663426583,0.059076225071324914,0.9391452876438955,0.0,9
bank_marketing,primary_geometry_confirmatory,8,NSGA2-MATCHED,nsga2,False,True,False,288,7,1263,0.6154,1.2902855668721045,0.038046527492421135,0.15231545121092283,0.129631621780366,2.2071067681284804,0.7619047619047619,21,0.9579041469326505,0.02319813485227264,0.014115985852219298,0.09910545028963798,2.0696833901744864,0.7619047619047619,21
bank_marketing,primary_geometry_confirmatory,9,HISTORICAL-WS-asrun,historical_ws_asrun,False,True,False,288,3,1259,0.0556,0.7694642521079474,0.3671619765997783,0.26219916955478145,0.3329207695975458,2.1568463265586013,0.2222222222222222,9,0.3563076161224179,0.2735018998583414,0.1419412522833792,0.20859813638189043,2.092254375100947,0.1111111111111111,9
bank_marketing,primary_geometry_confirmatory,9,HISTORICAL-WS,historical_ws,False,True,False,288,3,1259,0.1111,1.0725467800213113,0.3113815557083533,0.6005480468516395,0.21961903172032876,1.1807909250207336,0.5714285714285714,7,0.3833576479294387,0.22965922867934163,0.2856400991089202,0.1364911307644862,1.0848752841717206,0.2857142857142857,7
bank_marketing,primary_geometry_confirmatory,9,WS-S,ws_s,False,True,False,288,3,1259,0.1667,0.9102032605121159,0.3215887093186204,0.54226932277643,0.2811675206842982,1.3345347742362592,0.6666666666666666,6,0.3574872327774337,0.2420744546079865,0.22261750099598357,0.17962113873588093,1.2177483778983267,0.5,6
bank_marketing,primary_geometry_confirmatory,9,NBI-S,nbi_s,False,True,False,288,3,1259,0.1111,1.1239854285547286,0.26702554462473316,0.6195860697161952,0.10198584657638038,0.5374305846372732,0.2,10,0.4643318767443813,0.19300398751950276,0.3307909190025018,0.05754773712699056,0.4344988788488482,0.2,10
bank_marketing,primary_geometry_confirmatory,9,NBI-R,nbi_r,False,True,False,288,3,1259,0.0,0.28761568294679185,0.5823786413535413,0.588018465881476,0.03645580302085732,0.7180423384679565,0.0,12,0.2857293264259557,0.4510576257414132,0.4043786408589141,0.021160419043257443,0.6005933495881314,0.0,12
bank_marketing,primary_geometry_confirmatory,9,ANCHOR-INJECTION-CONTROL,nbi_s_plus_anchors,False,True,False,288,3,1259,,1.1239854285547286,0.19176923759747525,0.3701043998019889,0.11800482504330746,0.3972153260280181,0.3333333333333333,6,0.5373121998714795,0.11376521944026956,0.1518732533544588,0.15374550540135357,0.676466778042061,0.3333333333333333,6
bank_marketing,primary_geometry_confirmatory,9,GRID,grid,False,True,False,288,3,1259,0.2222,1.090893843447135,0.0,0.12299022172414986,0.12374591368618927,0.5510879432108905,1.0,6,0.790324446564217,0.10458843492254023,0.05792111722485908,0.0596809672363356,0.39720253154989504,0.6666666666666666,6
bank_marketing,primary_geometry_confirmatory,9,RANDOM,random,False,True,False,288,3,1259,0.0,0.08683054937771585,0.5580139951726893,0.5104325640212606,0.10402705297340184,0.40930526759348645,0.0,5,0.3036534616111587,0.4032758703159375,0.31620529172966255,0.13158682813705508,0.557503734829038,0.0,5
bank_marketing,primary_geometry_confirmatory,9,NSGA2-MATCHED,nsga2,False,True,False,288,3,1259,0.2222,1.510325448814405,0.04991214695858387,0.22474778479754448,0.05698147979325547,1.0071768730167727,0.6666666666666666,18,0.9145972921785639,0.044239925072325804,0.05397782730045628,0.03605425242259961,0.9103305043620556,0.2222222222222222,18
bank_marketing,primary_geometry_confirmatory,10,HISTORICAL-WS-asrun,historical_ws_asrun,False,False,False,288,5,1253,0.0,0.11688683015041572,0.6063350335857022,0.06481088723309913,,,0.0,1,0.4693602979958649,0.19643265206978058,0.039073250954782805,,,0.0,1
bank_marketing,primary_geometry_confirmatory,10,HISTORICAL-WS,historical_ws,False,False,False,288,5,1253,0.1071,0.5231408679635936,0.16377312749084158,0.16161345431395635,0.7051608455966639,1.9071194705029655,1.0,4,0.6537502644108413,0.09815542981862412,0.003740093155727801,0.5042399944735079,1.9137588725685784,0.75,4
bank_marketing,primary_geometry_confirmatory,10,WS-S,ws_s,False,False,False,288,5,1253,0.0714,0.4996298486306564,0.1665398033958222,0.32083229816668263,0.009114064298209792,3.3166247903554,1.0,11,0.6434834699641087,0.10140292732301483,0.0013600338748103328,0.006889989203241857,3.316624790355399,0.18181818181818182,11
bank_marketing,primary_geometry_confirmatory,10,NBI-S,nbi_s,False,False,False,288,5,1253,0.0357,0.8202868109938859,0.13466401598916594,0.3232545450340485,0.085634320255983,1.7638781676643553,0.9090909090909091,11,0.7715444153436796,0.07133446732848724,0.015771340785726097,0.07971434697543948,2.0051708530696284,0.09090909090909091,11
bank_marketing,primary_geometry_confirmatory,10,NBI-R,nbi_r,False,False,False,288,5,1253,0.0,0.0,0.7254682273280861,0.18396064454573888,,,0.0,1,0.3540861581229675,0.2587904896960412,0.1084509152479623,,,0.0,1
bank_marketing,primary_geometry_confirmatory,10,ANCHOR-INJECTION-CONTROL,nbi_s_plus_anchors,False,False,False,288,5,1253,,0.8202868109938859,0.13466401598916594,0.3240405886236899,0.12042525537682555,1.6226905511563778,0.8333333333333334,12,0.7783638720074771,0.06616127534108665,0.019591348190965727,0.08857950429768642,1.6745092057984288,0.08333333333333333,12
bank_marketing,primary_geometry_confirmatory,10,GRID,grid,False,False,False,288,5,1253,0.1429,1.114215399890485,0.0,0.1168007010959131,0.17173028963505607,0.6701161476368467,1.0,8,0.9357435420212677,0.029037459050441698,0.04272014922866989,0.11713910949516393,0.6992091472255906,0.5,8
bank_marketing,primary_geometry_confirmatory,10,RANDOM,random,False,False,False,288,5,1253,0.0,0.48290352627912825,0.38607903368469026,0.41040567202024675,0.14240204911799278,1.3355138879725004,0.0,9,0.576816597155474,0.1891560226190284,0.1751219132555023,0.09561730581870376,1.3593312117672096,0.0,9
bank_marketing,primary_geometry_confirmatory,10,NSGA2-MATCHED,nsga2,False,False,False,288,5,1253,0.5357,1.03699895073457,0.09847400133736414,0.19281856753223628,0.027150399736791325,1.385845915304535,0.6521739130434783,23,0.8950436264631375,0.03911344499014663,0.03057028932938356,0.021055296383381095,1.5258463583277058,0.6521739130434783,23
bank_marketing,primary_geometry_confirmatory,11,HISTORICAL-WS-asrun,historical_ws_asrun,False,True,False,288,6,1262,0.1429,0.6205626742732939,0.1590851037047936,0.16804306189209858,0.268552015190558,3.4492180701053115,0.9166666666666666,12,0.6459032031753286,0.10908742768574149,0.07364838244729531,0.24127877750568608,3.4487745739598004,0.3333333333333333,12
bank_marketing,primary_geometry_confirmatory,11,HISTORICAL-WS,historical_ws,False,True,False,288,6,1262,0.0,0.24227196438565068,0.1872297054664993,0.05763615939653152,0.0,0.0,0.0,16,0.5182239578457892,0.1328161224959358,0.046785354562461245,0.0,0.0,0.0,16
bank_marketing,primary_geometry_confirmatory,11,WS-S,ws_s,False,True,False,288,6,1262,0.0,0.24227196438565068,0.1872297054664993,0.05992685970237289,0.0,0.0,0.0,13,0.5182239578457892,0.1328161224959358,0.04873858806968122,0.0,0.0,0.0,13
bank_marketing,primary_geometry_confirmatory,11,NBI-S,nbi_s,False,True,False,288,6,1262,0.0357,0.9079466490462361,0.047412774279912424,0.0675003441053167,0.15308068721401916,1.8919887392636379,0.08333333333333333,12,0.7691181994504913,0.08361440713667219,0.04367136460851798,0.1377305817156926,1.8603176616035213,0.08333333333333333,12
bank_marketing,primary_geometry_confirmatory,11,NBI-R,nbi_r,False,True,False,288,6,1262,0.1071,1.0734239802583196,0.04144367603322233,0.09618912243681012,0.11891296413545377,1.4997396885248335,0.25,12,0.859893714418848,0.05491853514025772,0.04014314925828944,0.10370225010836655,1.4929299107581577,0.25,12
bank_marketing,primary_geometry_confirmatory,11,ANCHOR-INJECTION-CONTROL,nbi_s_plus_anchors,False,True,False,288,6,1262,,0.9079466490462361,0.047412774279912424,0.09250791665860941,0.12775091383206091,1.5613168792429912,0.07692307692307693,13,0.771659226430195,0.08236077035205872,0.04697966823918939,0.11033588749167354,1.575912551232249,0.07692307692307693,13
bank_marketing,primary_geometry_confirmatory,11,GRID,grid,False,True,False,288,6,1262,0.25,1.1923005228460801,0.0,0.058726473116290936,0.11657217554221909,1.2485047188353529,1.0,10,0.9170011394462381,0.031921441400937875,0.0249523494875767,0.08826960057576522,1.2044452988580954,0.7,10
bank_marketing,primary_geometry_confirmatory,11,RANDOM,random,False,True,False,288,6,1262,0.0,0.46495016892252305,0.3181349766443873,0.3025435270416565,0.08366878249577528,0.695234808647375,0.2857142857142857,7,0.5631479226512991,0.290661693652062,0.11253447804914575,0.0741350827920685,0.6892595451667709,0.0,7
bank_marketing,primary_geometry_confirmatory,11,NSGA2-MATCHED,nsga2,False,True,False,288,6,1262,0.3929,1.2042167388723581,0.04418852651907968,0.1772971662169393,0.04194237047428855,0.8693568892441087,0.7894736842105263,19,0.9125641871860607,0.034065592356234256,0.03003432028389295,0.034231550923396206,0.8439384289499414,0.5789473684210527,19
bank_marketing,primary_geometry_confirmatory,12,HISTORICAL-WS-asrun,historical_ws_asrun,False,True,False,288,6,1262,0.0,0.18149885127859375,0.36083393751971354,0.25669840874527966,0.007345534428164344,2.2199772723332947,0.0,16,0.30596258224216155,0.38459428818985214,0.2533465837289623,0.006920756422744052,2.2212327784133383,0.0,16
bank_marketing,primary_geometry_confirmatory,12,HISTORICAL-WS,historical_ws,False,True,False,288,6,1262,0.125,0.4665333127326906,0.2791418448835081,0.2694412033135167,0.8575717747516649,1.9689169286516566,0.75,4,0.2036870064220821,0.3337272660488644,0.14261046960407528,0.6325372579843122,1.9699328283541098,0.75,4
bank_marketing,primary_geometry_confirmatory,12,WS-S,ws_s,False,True,False,288,6,1262,0.0417,0.6005242253935988,0.10351442430688929,0.23309473122680588,0.3083237403085128,1.0774148101827743,0.5,4,0.5737150113492994,0.11268836441373209,0.09970270297713552,0.2195880290093196,1.0753520750345522,0.25,4
bank_marketing,primary_geometry_confirmatory,12,NBI-S,nbi_s,False,True,False,288,6,1262,0.0417,1.0746027252878563,0.046615554400224024,0.25047240185353115,0.17647870735827667,0.5461319644975703,0.6666666666666666,6,0.738026528146735,0.10263711714546374,0.11742677490199754,0.13193844433688903,0.5181707073659816,0.16666666666666666,6
bank_marketing,primary_geometry_confirmatory,12,NBI-R,nbi_r,False,True,False,288,6,1262,0.0417,1.2609870975961586,0.02728363069542433,0.11952434804425587,0.216717298887395,1.1823782846495334,0.6666666666666666,6,0.8169346038650542,0.08283102087814606,0.03125225326225248,0.1691203571782065,1.177513532638608,0.16666666666666666,6
bank_marketing,primary_geometry_confirmatory,12,ANCHOR-INJECTION-CONTROL,nbi_s_plus_anchors,False,True,False,288,6,1262,,1.0746027252878563,0.046615554400224024,0.16376049760244552,0.08196248210747306,0.33744056916230725,0.6666666666666666,6,0.7758858687423558,0.07613930485174823,0.05992969445743653,0.0863522290310676,0.4311743215371221,0.16666666666666666,6
bank_marketing,primary_geometry_confirmatory,12,GRID,grid,False,True,False,288,6,1262,0.0833,1.025137863335214,0.0,0.008260873592254924,0.24793107303669198,1.1487656857573705,1.0,7,0.7953351099815669,0.058881235173054054,0.10721112823571412,0.20715694298269316,1.1901329207131095,0.2857142857142857,7
bank_marketing,primary_geometry_confirmatory,12,RANDOM,random,False,True,False,288,6,1262,0.0,0.09999576295260584,0.3478513640009029,0.32137338156125816,0.11622103109893218,0.6381211113826161,0.0,6,0.37158209418997357,0.34386290477227566,0.19646537931885555,0.10438640972688056,0.6691736763302821,0.0,6
bank_marketing,primary_geometry_confirmatory,12,NSGA2-MATCHED,nsga2,False,True,False,288,6,1262,0.625,1.347622807098098,0.026995943209442402,0.17530047112728497,0.03131213686645195,1.3607618189091926,0.7931034482758621,29,0.9187543926617537,0.01833213360274323,0.04035893134421808,0.023052317495434637,1.2964205340798785,0.5172413793103449,29
bank_marketing,primary_geometry_confirmatory,13,HISTORICAL-WS-asrun,historical_ws_asrun,False,False,False,288,7,1255,0.0,0.5875818875706004,0.24370627667740313,0.1525350205099053,0.1229448521116416,1.2558640143805666,0.1,10,0.5053403086725923,0.31725705354983064,0.23256081065680084,0.12288967757891583,1.256526872808076,0.0,10
bank_marketing,primary_geometry_confirmatory,13,HISTORICAL-WS,historical_ws,False,False,False,288,7,1255,0.0,0.627772700295676,0.21013812256670553,0.3034233632056434,0.16819708865140565,0.6753009072191891,0.6,5,0.5402250414414966,0.26568027046698955,0.302932290789556,0.1682410382856436,0.6759254773517327,0.0,5
bank_marketing,primary_geometry_confirmatory,13,WS-S,ws_s,False,False,False,288,7,1255,0.0,0.5427208242442811,0.25140451830681965,0.2915616953992717,0.1261202819940298,1.2862283391873863,0.5,10,0.4671679524275839,0.32231846637727796,0.33890296321733493,0.12598653777149726,1.2883662900826207,0.0,10
bank_marketing,primary_geometry_confirmatory,13,NBI-S,nbi_s,False,False,False,288,7,1255,0.25,0.751347300106188,0.19163393671816037,0.2187965025462914,0.08097338358565921,0.6030665958103764,0.42857142857142855,7,0.6461560565656473,0.22739207461582034,0.20017777266053294,0.0809939280100556,0.604210091439554,0.42857142857142855,7
bank_marketing,primary_geometry_confirmatory,13,NBI-R,nbi_r,False,False,False,288,7,1255,0.0,0.6719872989157181,0.19769786780454354,0.1905070300418629,0.05944662525592806,0.7415504237995013,0.4444444444444444,9,0.5779671810950965,0.24971885963017582,0.2409669504605547,0.05938696623487921,0.7426385407495154,0.0,9
bank_marketing,primary_geometry_confirmatory,13,ANCHOR-INJECTION-CONTROL,nbi_s_plus_anchors,False,False,False,288,7,1255,,0.751347300106188,0.11427350495953295,0.17729816054629,0.12360626547373331,0.6438127663817124,0.42857142857142855,7,0.6461560565656473,0.14094998902814126,0.1503199303812169,0.12211391918416914,0.6398320706608347,0.42857142857142855,7
bank_marketing,primary_geometry_confirmatory,13,GRID,grid,False,False,False,288,7,1255,0.4167,1.047735977937156,0.0,0.026281669707775686,0.07102472567776708,0.5860543987540011,1.0,9,0.8999594146559331,0.03649640006338218,0.06198375409178028,0.07074837941357215,0.586624349009867,0.5555555555555556,9
bank_marketing,primary_geometry_confirmatory,13,RANDOM,random,False,False,False,288,7,1255,0.0,0.5274573796508146,0.24224894030953498,0.15746757766347594,0.055703016565355604,0.4775990353778036,0.0,6,0.4527732615799071,0.2853208028592371,0.20719978684404325,0.05588445165969365,0.48131924608936677,0.0,6
bank_marketing,primary_geometry_confirmatory,13,NSGA2-MATCHED,nsga2,False,False,False,288,7,1255,0.0833,0.9387066207811442,0.07737458684267126,0.10027824968877028,0.047204293230364514,0.9393821903167423,0.4,20,0.8061138001573768,0.12211853944545825,0.12153681354538484,0.04690973450715567,0.9400104491151373,0.05,20
bank_marketing,primary_geometry_confirmatory,14,HISTORICAL-WS-asrun,historical_ws_asrun,False,True,False,288,6,1262,0.0,0.007687317908461446,0.5363681114066675,0.23325179016942998,0.04125549445581112,0.8832593898703913,0.0,6,0.23754858984828073,0.4703864647813756,0.1422990235839747,0.038108004989547195,0.9717038117074582,0.0,6
bank_marketing,primary_geometry_confirmatory,14,HISTORICAL-WS,historical_ws,False,True,False,288,6,1262,0.1579,0.6868981876968047,0.2893446038579784,0.45966151562433005,0.18045807079215326,1.1678584448379208,0.42857142857142855,7,0.4322902304858511,0.18428833362507668,0.1967891714120929,0.12506698549730746,1.1204479472957423,0.42857142857142855,7
bank_marketing,primary_geometry_confirmatory,14,WS-S,ws_s,False,True,False,288,6,1262,0.1579,0.638046807117435,0.27774282689313884,0.43993758267350364,0.16692838079512368,1.4546123765591914,0.4444444444444444,9,0.38117577805967046,0.17776149788465753,0.21857194285889825,0.14058765259453715,1.495255655648441,0.3333333333333333,9
bank_marketing,primary_geometry_confirmatory,14,NBI-S,nbi_s,False,True,False,288,6,1262,0.0,0.5945962305909808,0.24106438836802432,0.4529120572090075,0.08465371989938,0.4248163153727214,0.36363636363636365,11,0.43480309190299027,0.19484873991826918,0.2460080368568095,0.08074194401764476,0.5881469972148861,0.0,11
bank_marketing,primary_geometry_confirmatory,14,NBI-R,nbi_r,False,True,False,288,6,1262,0.0,0.04761651107379981,0.5551772170277234,0.3913620721749919,0.007903884183309035,0.17952805270578417,0.0,6,0.1993059146431771,0.49571108892189686,0.2244544733182042,0.007274155647190714,0.2541698066744915,0.0,6
bank_marketing,primary_geometry_confirmatory,14,ANCHOR-INJECTION-CONTROL,nbi_s_plus_anchors,False,True,False,288,6,1262,,0.5945962305909808,0.22515186730530792,0.3840918924322531,0.09249305210212443,0.4141546627886987,0.4,10,0.43480309190299027,0.15791909760852132,0.2152361676444941,0.09786089469257697,0.6081303986943806,0.0,10
bank_marketing,primary_geometry_confirmatory,14,GRID,grid,False,True,False,288,6,1262,0.1053,0.9617219466027197,0.009147431025027594,0.0679459018919662,0.13974902807188752,0.9322857845270467,1.0,9,0.8609709832932372,0.056701855727309486,0.06880539570171317,0.07549058368223106,0.7950619845744081,0.2222222222222222,9
bank_marketing,primary_geometry_confirmatory,14,RANDOM,random,False,True,False,288,6,1262,0.0,0.09705758911939233,0.32553992760290024,0.21944440152411282,0.3286354188572251,1.2103984615316874,0.25,4,0.5164004134202586,0.25958433509385564,0.13405416734681086,0.28823832940553396,1.2731082021478022,0.0,4
bank_marketing,primary_geometry_confirmatory,14,NSGA2-MATCHED,nsga2,False,True,False,288,6,1262,0.4211,1.0526764285298569,0.050522223993603316,0.18250377721202232,0.05860358787396524,1.1393216297545143,0.47368421052631576,19,0.8814934625898866,0.03245120101486811,0.05067067841116162,0.03930613827842361,1.0356762050289956,0.42105263157894735,19
bank_marketing,primary_geometry_confirmatory,15,HISTORICAL-WS-asrun,historical_ws_asrun,False,True,False,288,5,1261,0.0,0.2583047536669047,0.5191352374313528,0.32959089683492704,0.07844561676866253,1.5471869071230564,0.0,3,0.2481971644268926,0.4818053850103504,0.17058457355652276,0.05347429665517401,1.5176839153312727,0.0,3
bank_marketing,primary_geometry_confirmatory,15,HISTORICAL-WS,historical_ws,False,True,False,288,5,1261,0.1875,0.5072518304911344,0.30316125670426186,0.3254735212486252,0.18036972217138383,1.3941973052727088,0.375,8,0.5690199854251896,0.16829893912310362,0.16115586084766378,0.1280530449881672,1.397512100807545,0.375,8
bank_marketing,primary_geometry_confirmatory,15,WS-S,ws_s,False,True,False,288,5,1261,0.0625,0.49563604693866026,0.30316125670426186,0.4402941622352609,0.18355740238001522,1.3545169790912441,0.2857142857142857,7,0.5572174123647351,0.17176633753506193,0.26941937741539307,0.12499407082019874,1.331471140637199,0.14285714285714285,7
bank_marketing,primary_geometry_confirmatory,15,NBI-S,nbi_s,False,True,False,288,5,1261,0.0625,0.6683217943814578,0.19609737961240722,0.1340466658302336,0.11408509841793649,1.0853289924048837,0.375,8,0.6562392038687703,0.13547501393469047,0.04938230789926514,0.08166404433007181,1.0377326731820826,0.125,8
bank_marketing,primary_geometry_confirmatory,15,NBI-R,nbi_r,False,True,False,288,5,1261,0.0,0.048402507976650376,0.6804662765909576,0.4144991153127271,0.011549280742902837,0.404602890394335,0.0,3,0.07808200183330635,0.6140367349568808,0.3138461211819927,0.008878463128438714,0.44994830628672366,0.0,3
bank_marketing,primary_geometry_confirmatory,15,ANCHOR-INJECTION-CONTROL,nbi_s_plus_anchors,False,True,False,288,5,1261,,0.7102870078264575,0.1523283849075089,0.1355072221968189,0.10549098980235343,0.9332262534957988,0.3333333333333333,9,0.6938828816023753,0.11641275124837178,0.058046587652065926,0.07997183214980871,0.9069305594602002,0.1111111111111111,9
bank_marketing,primary_geometry_confirmatory,15,GRID,grid,False,True,False,288,5,1261,0.3125,1.0310897638537173,0.007649537773011882,0.02834753096582157,0.17827860018154926,1.067384885793872,1.0,6,0.8898828033569163,0.07103815081581429,0.008676459497135558,0.15459796656569483,1.0794670232495884,0.8333333333333334,6
bank_marketing,primary_geometry_confirmatory,15,RANDOM,random,False,True,False,288,5,1261,0.0,0.5587247303331457,0.25405852688943853,0.31853424159142996,0.0909306995519964,0.7686664514835652,0.0,8,0.5098104262002782,0.2945097117149642,0.24131136347885235,0.07686256456038323,0.817179529444305,0.0,8
bank_marketing,primary_geometry_confirmatory,15,NSGA2-MATCHED,nsga2,False,True,False,288,5,1261,0.1875,0.8326759230474966,0.08823907198185565,0.23118857436699605,0.058580951461487674,0.7504801568641608,0.35294117647058826,17,0.8137260056914875,0.07082320240279504,0.08877917398678913,0.04313486687964267,0.7411564223602222,0.17647058823529413,17
bank_marketing,primary_geometry_confirmatory,16,HISTORICAL-WS-asrun,historical_ws_asrun,False,True,False,288,4,1260,0.0,0.0,0.7395645839263646,0.8278219480789705,0.35368838913720496,1.426816834670224,0.0,5,0.1858633434039747,0.48045702828839754,0.41113145637955223,0.16594478358621342,1.2915588286245967,0.0,5
bank_marketing,primary_geometry_confirmatory,16,HISTORICAL-WS,historical_ws,False,True,False,288,4,1260,0.12,2.08831385904767,0.036778990309583405,0.2094420503865558,0.1427439233547218,1.321306814167576,0.7142857142857143,7,0.8323569935923838,0.05161300035447931,0.05094903716006975,0.09071825486933174,1.4600619103222916,0.42857142857142855,7
bank_marketing,primary_geometry_confirmatory,16,WS-S,ws_s,False,True,False,288,4,1260,0.2,2.2270773888452897,0.017413145875716702,0.2210735212845002,0.15811782743728117,1.2502202952576444,1.0,6,0.873683631131123,0.04091190112929669,0.026212126128693825,0.10785429692458702,1.3017305794138458,0.8333333333333334,6
bank_marketing,primary_geometry_confirmatory,16,NBI-S,nbi_s,False,True,False,288,4,1260,0.16,2.1158904595309136,0.06707127068504018,0.29643054729402285,0.07240986044233882,0.8080230428478015,0.7,10,0.8353926128994542,0.06726538986474681,0.06485715928317863,0.048528988789684604,0.8642521539127372,0.4,10
bank_marketing,primary_geometry_confirmatory,16,NBI-R,nbi_r,False,True,False,288,4,1260,0.08,1.5675587525457635,0.060623286266589735,0.21041151620456144,0.3662005817831536,1.6074392655902838,0.8,5,0.7583317657760463,0.09124002028705754,0.02406206597321283,0.25530292287487855,1.7991020330529717,0.4,5
bank_marketing,primary_geometry_confirmatory,16,ANCHOR-INJECTION-CONTROL,nbi_s_plus_anchors,False,True,False,288,4,1260,,2.1158904595309136,0.06707127068504018,0.29643054729402285,0.07240986044233882,0.8080230428478015,0.7,10,0.8353926128994542,0.06726538986474681,0.06485715928317863,0.048528988789684604,0.8642521539127372,0.4,10
bank_marketing,primary_geometry_confirmatory,16,GRID,grid,False,True,False,288,4,1260,0.08,1.096682307634454,0.0,0.17593411410131357,0.211577264945857,0.47958830462969987,1.0,5,0.7686468237043885,0.08581637969902726,0.059603218808083704,0.08751393630285399,0.47727328196753954,0.4,5
bank_marketing,primary_geometry_confirmatory,16,RANDOM,random,False,True,False,288,4,1260,0.04,1.2974222953491652,0.22645545771313635,0.5343635409685324,0.32303050968933206,0.7413278660903716,0.2,5,0.5980717556169285,0.1996582141835128,0.15743937460939442,0.20064537534855445,0.7560154250390211,0.2,5
bank_marketing,primary_geometry_confirmatory,16,NSGA2-MATCHED,nsga2,False,True,False,288,4,1260,0.28,1.759902813352972,0.05227840714236702,0.28813556428786463,0.06045235605141042,0.9835374225539171,0.6666666666666666,24,0.8834773509796556,0.05826276021651841,0.0685957644662726,0.034317020850849776,0.9776794139074008,0.2916666666666667,24
bank_marketing,primary_geometry_confirmatory,17,HISTORICAL-WS-asrun,historical_ws_asrun,False,True,False,288,7,1254,0.1667,0.29782630721902353,0.292853530808803,0.16101988581537519,0.4077002332594578,1.8814292499045933,0.8,5,0.28849386241477126,0.36642101073721206,0.11368352632702908,0.44753530118849344,1.8822055481484783,0.8,5
bank_marketing,primary_geometry_confirmatory,17,HISTORICAL-WS,historical_ws,False,True,False,288,7,1254,0.0,0.1784969621081825,0.3426351039708471,0.36678583728508485,0.1003099854627061,0.37033582611154126,0.25,4,0.17190246061813455,0.4262954854052679,0.426323349844195,0.12037988496945982,0.4072416736510941,0.0,4
bank_marketing,primary_geometry_confirmatory,17,WS-S,ws_s,False,True,False,288,7,1254,0.0,0.17915812091115807,0.3407324473379312,0.31805660806761943,0.10928576041314149,1.470156722506413,0.3333333333333333,6,0.1726386819758325,0.4295735844612932,0.3649884217271533,0.11491644909446036,1.4779368075539236,0.0,6
bank_marketing,primary_geometry_confirmatory,17,NBI-S,nbi_s,False,True,False,288,7,1254,0.0,0.35420231284331577,0.2855042464047489,0.29517276741353327,0.12508293000729706,1.051757631646768,0.09090909090909091,11,0.28054855563185954,0.37186278788328425,0.3794172938710674,0.13162565953733282,1.0469769578014445,0.0,11
bank_marketing,primary_geometry_confirmatory,17,NBI-R,nbi_r,False,True,False,288,7,1254,0.0,0.15108517031324525,0.5408549974523086,0.34697220043338983,0.009602043128861208,0.2787304535884557,0.0,7,0.05157231903798762,0.6435973198719648,0.5013241835509242,0.009740792479083243,0.26843669353168864,0.0,7
bank_marketing,primary_geometry_confirmatory,17,ANCHOR-INJECTION-CONTROL,nbi_s_plus_anchors,False,True,False,288,7,1254,,0.3694897769918701,0.20772080822798872,0.2700954878435841,0.13705349635252292,1.200747906974294,0.08333333333333333,12,0.29656692944413077,0.3180791447298012,0.353505778037049,0.1346090486240485,1.1585781776528317,0.0,12
bank_marketing,primary_geometry_confirmatory,17,GRID,grid,False,True,False,288,7,1254,0.2083,1.0217199336479958,0.0029446849787158856,0.022467403436979873,0.10989494052980742,0.6478053321833308,1.0,8,0.8476838892626419,0.042660589784974105,0.0407384330811878,0.12923046674610766,0.7116571649822209,0.625,8
bank_marketing,primary_geometry_confirmatory,17,RANDOM,random,False,True,False,288,7,1254,0.0,0.5117898530387712,0.2519282703224003,0.12813345646192115,0.1603828195788129,0.8507197192833497,0.2,5,0.3050171661887403,0.358962392392221,0.18699356241358894,0.1525054855466369,0.8350775014857716,0.0,5
bank_marketing,primary_geometry_confirmatory,17,NSGA2-MATCHED,nsga2,False,True,False,288,7,1254,0.4583,1.008986066467106,0.10610633023550205,0.10883510202735885,0.03734002363498245,1.0521315570935614,0.8125,16,0.8120271224002623,0.14433451789097465,0.020138891758893433,0.03591202678574279,1.032974635719741,0.6875,16
bank_marketing,primary_geometry_confirmatory,18,HISTORICAL-WS-asrun,historical_ws_asrun,False,True,False,288,4,1252,0.0,0.3905131646214081,0.4541775220172544,0.3911438869817596,0.013126185918492137,1.6771383622738247,0.6666666666666666,6,0.38267744296058304,0.3461837078316371,0.1850521671537834,0.011785025406737768,1.7051354322109455,0.0,6
bank_marketing,primary_geometry_confirmatory,18,HISTORICAL-WS,historical_ws,False,True,False,288,4,1252,0.2414,1.370518766984891,0.0433670045661806,0.16849823435824554,0.2961133904866657,1.5500588985425179,1.0,7,0.9128902578068756,0.01691437140323816,0.0,0.25454797971945037,1.4924212972092918,1.0,7
bank_marketing,primary_geometry_confirmatory,18,WS-S,ws_s,False,True,False,288,4,1252,0.1724,1.2897953267071163,0.05218736394284938,0.1601139834167372,0.3967824262541476,2.4407753388848263,1.0,7,0.8795590783128626,0.023635216795076783,0.004139839008009112,0.3541668978608268,2.436218160562762,0.7142857142857143,7
bank_marketing,primary_geometry_confirmatory,18,NBI-S,nbi_s,False,True,False,288,4,1252,0.2069,1.4379099562330915,0.024011732774822336,0.15112499445317895,0.23506357356743954,1.6249505514017444,1.0,8,0.9407164730600578,0.015172801878377872,0.0034004158228783904,0.19793352392063174,1.5522398683906653,0.75,8
bank_marketing,primary_geometry_confirmatory,18,NBI-R,nbi_r,False,True,False,288,4,1252,0.2069,1.0699198596364856,0.27269105111465886,0.23271779353626929,0.052842735952610305,1.1751710852923722,1.0,6,0.7795167882541207,0.0905263765480339,0.0,0.05055925678232317,1.2048318231251383,1.0,6
bank_marketing,primary_geometry_confirmatory,18,ANCHOR-INJECTION-CONTROL,nbi_s_plus_anchors,False,True,False,288,4,1252,,1.4379099562330915,0.024011732774822336,0.15112499445317895,0.23506357356743954,1.6249505514017444,1.0,8,0.9407164730600578,0.015172801878377872,0.0034004158228783904,0.19793352392063174,1.5522398683906653,0.75,8
bank_marketing,primary_geometry_confirmatory,18,GRID,grid,False,True,False,288,4,1252,0.1379,1.0476240111680155,0.0,0.06392727085848719,0.09773122379214043,0.9885996425528805,1.0,8,0.8080633831934022,0.08092807163831643,0.022228445003857893,0.08457641040261514,0.9943115779335067,0.5,8
bank_marketing,primary_geometry_confirmatory,18,RANDOM,random,False,True,False,288,4,1252,0.0,0.3275914015828928,0.3714878024365321,0.30919760932764817,0.06469361401275148,0.3809242917194093,0.16666666666666666,6,0.39107382721414913,0.28287203798322735,0.21981951188780072,0.05346998177687477,0.35067680694439424,0.0,6
bank_marketing,primary_geometry_confirmatory,18,NSGA2-MATCHED,nsga2,False,True,False,288,4,1252,0.0,0.31447630253829395,0.357757960637593,0.27772902751985706,0.05368179673019397,0.8442221314415883,0.38461538461538464,13,0.4650683644994733,0.2507161323195897,0.15813879702367462,0.04979978340311244,0.8627119462722953,0.0,13
bank_marketing,primary_geometry_confirmatory,19,HISTORICAL-WS-asrun,historical_ws_asrun,False,True,False,288,4,1260,0.0,0.05259953330217537,0.6022497616878707,0.38992031258381216,0.033965666707000255,0.7569336882707699,0.0,6,0.24428152404678308,0.5671213000275546,0.19024460281279962,0.03375615284017648,0.8387677118797451,0.0,6
bank_marketing,primary_geometry_confirmatory,19,HISTORICAL-WS,historical_ws,False,True,False,288,4,1260,0.2727,0.7179789851108545,0.33391731554872095,0.1552713291821307,0.08085967718983104,2.162020805185382,0.8461538461538461,13,0.43756309231705287,0.12199938951525433,0.08054525022783217,0.06450269173885717,2.030749446410827,0.6923076923076923,13
bank_marketing,primary_geometry_confirmatory,19,WS-S,ws_s,False,True,False,288,4,1260,0.1818,0.7120284733882952,0.33391731554872095,0.23646670129312017,0.23564109359297364,1.398207806604828,0.7,10,0.4352918161720955,0.12181256344731368,0.13422003666466303,0.1846395297221328,1.3511427686246547,0.6,10
bank_marketing,primary_geometry_confirmatory,19,NBI-S,nbi_s,False,True,False,288,4,1260,0.0303,0.5658983699247262,0.3445909061267156,0.39789501760079843,0.12811145941810453,0.8181761118407903,0.3333333333333333,9,0.40193851788216894,0.14517401913559375,0.2245244564888868,0.10892541093300523,0.8213627715872832,0.1111111111111111,9
bank_marketing,primary_geometry_confirmatory,19,NBI-R,nbi_r,False,True,False,288,4,1260,0.0,0.0,0.6854780381716064,0.4929854658013563,0.06282771603184041,1.0396695357815022,0.0,3,0.16356349754422328,0.6477456627184563,0.2895767739867651,0.04525645386011083,0.9183864016269462,0.0,3
bank_marketing,primary_geometry_confirmatory,19,ANCHOR-INJECTION-CONTROL,nbi_s_plus_anchors,False,True,False,288,4,1260,,0.8269480665015123,0.1125272816626473,0.17256979827279398,0.13453830720922133,0.5218356058841104,0.6666666666666666,6,0.7299214613295596,0.0830521254813743,0.058881859276288105,0.09947024698506275,0.47539488359734505,0.3333333333333333,6
bank_marketing,primary_geometry_confirmatory,19,GRID,grid,False,True,False,288,4,1260,0.1515,0.9192442444871276,0.009369398569169074,0.07257493647815551,0.28482684187929513,2.393405818847816,0.7142857142857143,7,0.8718570373260824,0.03147636103979977,0.0443000854464573,0.2806940959676581,2.418621448536324,0.7142857142857143,7
bank_marketing,primary_geometry_confirmatory,19,RANDOM,random,False,True,False,288,4,1260,0.0,0.17255338258665115,0.3368643080889084,0.27452113772496933,0.11805222502541676,0.9312291896808427,0.0,7,0.4338167840326263,0.3440608661071374,0.15857121372153654,0.10400423281476659,0.9407521258614968,0.0,7
bank_marketing,primary_geometry_confirmatory,19,NSGA2-MATCHED,nsga2,False,True,False,288,4,1260,0.2424,0.8646858241779777,0.1665337759589455,0.21156220350034977,0.030603494494661,1.1040064951441695,0.29411764705882354,34,0.8214661144767127,0.16841922509619325,0.060096684294175105,0.027053142167241247,1.103628045759993,0.23529411764705882,34
bank_marketing,primary_geometry_confirmatory,20,HISTORICAL-WS-asrun,historical_ws_asrun,False,True,False,288,7,1263,0.0,0.0,0.6023307616184158,0.550848002490855,0.2481232854559831,1.7063260896668064,0.0,4,0.013118386557859612,0.4647364995668391,0.41241831842645904,0.21777037146919342,1.7158979996640937,0.0,4
bank_marketing,primary_geometry_confirmatory,20,HISTORICAL-WS,historical_ws,False,True,False,288,7,1263,0.0,0.19227489927784883,0.22487108106232218,0.11005033380573702,0.009604929597395662,2.1321269941878627,0.0,15,0.14478686536355329,0.24601522330405448,0.23122446384304424,0.008773567710424314,2.078721357099443,0.0,15
bank_marketing,primary_geometry_confirmatory,20,WS-S,ws_s,False,True,False,288,7,1263,0.0,0.13557426453437352,0.23282218067724045,0.11132614558862189,0.005244428338507915,3.6055512754639896,0.0,13,0.09461536797223592,0.2557756830240615,0.22651283734655936,0.005486319774633088,3.6055512754639887,0.0,13
bank_marketing,primary_geometry_confirmatory,20,NBI-S,nbi_s,False,True,False,288,7,1263,0.1333,0.904409039165531,0.09182735009923608,0.1286508560752061,0.0,0.0,1.0,2,0.7100926428051303,0.10156860595257575,0.0,0.0,0.0,1.0,2
bank_marketing,primary_geometry_confirmatory,20,NBI-R,nbi_r,False,True,False,288,7,1263,0.0,0.13557426453437352,0.43528150862533443,0.09653286751972916,0.0,0.0,0.0,20,0.03176592761937968,0.5452902868185948,0.26360086093119073,0.0,0.0,0.0,20
bank_marketing,primary_geometry_confirmatory,20,ANCHOR-INJECTION-CONTROL,nbi_s_plus_anchors,False,True,False,288,7,1263,,0.904409039165531,0.09182735009923608,0.20597736403655467,0.28301740621094496,0.5842222871087155,0.6666666666666666,3,0.7100926428051303,0.10156860595257575,0.0884296361147463,0.2837929574274139,0.7049765446741689,0.6666666666666666,3
bank_marketing,primary_geometry_confirmatory,20,GRID,grid,False,True,False,288,7,1263,0.4667,1.1987998042662995,0.0,0.05459347212989604,0.23666677110283452,1.1957029294090198,1.0,9,0.8893271254038814,0.017334039188219883,0.02246494252670618,0.21398211986646395,1.2472417951483314,0.7777777777777778,9
bank_marketing,primary_geometry_confirmatory,20,RANDOM,random,False,True,False,288,7,1263,0.0,0.29775581092949355,0.31231335118501324,0.3408965094178027,0.016143769072176052,0.07228834922107588,0.0,6,0.2660215760304817,0.24328047464988653,0.31569722172201153,0.031653117861356106,0.15416570104189323,0.0,6
bank_marketing,primary_geometry_confirmatory,20,NSGA2-MATCHED,nsga2,False,True,False,288,7,1263,0.2,0.7412045261499237,0.08740280348178321,0.14618233205149664,0.026227410635976868,0.5928846366958774,0.2,25,0.5638368067890499,0.11793743039906435,0.15907974666253355,0.022494305386688562,0.5631302021788467,0.12,25
bank_marketing,primary_geometry_confirmatory,21,HISTORICAL-WS-asrun,historical_ws_asrun,False,True,False,288,7,1251,0.0,0.5938180663412397,0.2291204924819665,0.10060540455382613,0.04988059957163198,2.4035839245720094,0.875,16,0.4682417186128492,0.30448967743613453,0.17560551241172281,0.04988059957163198,2.4035839245720094,0.0,16
bank_marketing,primary_geometry_confirmatory,21,HISTORICAL-WS,historical_ws,False,True,False,288,7,1251,0.0,0.17478185036189692,0.28394316305461037,0.2079146082903988,0.0,0.0,0.5,2,0.13782024939059148,0.4611243770269434,0.2572061374264542,0.0,0.0,0.0,2
bank_marketing,primary_geometry_confirmatory,21,WS-S,ws_s,False,True,False,288,7,1251,0.0,0.17478185036189692,0.27495814506563454,0.19113808068541835,0.0,0.0,0.5,2,0.13782024939059148,0.45171710593705955,0.24042960982147377,0.0,0.0,0.0,2
bank_marketing,primary_geometry_confirmatory,21,NBI-S,nbi_s,False,True,False,288,7,1251,0.1538,1.0468054111276115,0.08832333120019609,0.05511334759846984,0.09738618303270494,1.8829381054854561,1.0,11,0.8254345775966202,0.11672782960840562,0.07541809700904982,0.09738618303270494,1.8829381054854561,0.18181818181818182,11
bank_marketing,primary_geometry_confirmatory,21,NBI-R,nbi_r,False,True,False,288,7,1251,0.3077,1.0854093188823304,0.07524500436009511,0.1810917463389572,0.15234935331748123,1.0656693149568444,0.8571428571428571,7,0.8558748102820536,0.08408298738066375,0.026667442827160524,0.15234935331748123,1.0656693149568444,0.5714285714285714,7
bank_marketing,primary_geometry_confirmatory,21,ANCHOR-INJECTION-CONTROL,nbi_s_plus_anchors,False,True,False,288,7,1251,,1.0468054111276115,0.08832333120019609,0.0740673072045842,0.18807299993266496,1.8980859070708982,0.9166666666666666,12,0.8254345775966202,0.11672782960840562,0.0926799941642825,0.18807299993266496,1.8980859070708982,0.16666666666666666,12
bank_marketing,primary_geometry_confirmatory,21,GRID,grid,False,True,False,288,7,1251,0.2308,1.036302004104627,0.00011828972591657927,0.022116366696482596,0.2119585438112162,1.3211963143313328,1.0,8,0.8171523550868955,0.06841532323020937,0.09719157718416035,0.2119585438112162,1.3211963143313328,0.375,8
bank_marketing,primary_geometry_confirmatory,21,RANDOM,random,False,True,False,288,7,1251,0.0,0.4767835240908942,0.26970942867878106,0.15535595825815826,0.07840390929153597,0.8983131389416639,0.0,7,0.37595679448108893,0.3697007627175256,0.2000573526881584,0.07840390929153597,0.8983131389416639,0.0,7
bank_marketing,primary_geometry_confirmatory,21,NSGA2-MATCHED,nsga2,False,True,False,288,7,1251,0.0769,0.9720297689384882,0.0823298275974343,0.1392719069118169,0.04290315199094272,1.1799676083957547,0.46153846153846156,26,0.7664719471317967,0.1347044797477495,0.1129825947436989,0.04290315199094272,1.1799676083957547,0.038461538461538464,26
bank_marketing,primary_geometry_confirmatory,22,HISTORICAL-WS-asrun,historical_ws_asrun,False,False,False,288,7,1250,0.0,0.2896752472044766,0.4459239968108905,0.3572489226215982,0.09531136431161827,1.1848366450553738,0.1111111111111111,9,0.13197239520204557,0.6527249040819908,0.5311357551333605,0.09531136431161827,1.1848366450553738,0.0,9
bank_marketing,primary_geometry_confirmatory,22,HISTORICAL-WS,historical_ws,False,False,False,288,7,1250,0.0667,1.4486866582536115,0.03700935998209254,0.183709990865747,0.4770066434664495,1.3346419319770022,1.0,3,0.6600034004701167,0.10394051137984262,0.04026195994593964,0.47700664346644933,1.3346419319770018,0.3333333333333333,3
bank_marketing,primary_geometry_confirmatory,22,WS-S,ws_s,False,False,False,288,7,1250,0.0667,1.446035100324062,0.037414825545911926,0.15895885389897493,0.0,0.0,1.0,2,0.6587953840643084,0.10431894590607409,0.009954489266094426,0.0,0.0,0.0,2
bank_marketing,primary_geometry_confirmatory,22,NBI-S,nbi_s,False,False,False,288,7,1250,0.2667,2.0246093337481432,0.03178853467443634,0.2706377080697223,0.13042479648086572,0.6738138243333424,1.0,6,0.9223865197379244,0.03438543130260893,0.01763466887412719,0.13042479648086572,0.6738138243333426,0.5,6
bank_marketing,primary_geometry_confirmatory,22,NBI-R,nbi_r,False,False,False,288,7,1250,0.2667,2.0265908049397896,0.05805844046597088,0.2778380378276061,0.07330999873864666,0.413187671303781,1.0,6,0.9232892530632911,0.10834070355342228,0.023055062854309954,0.07330999873864665,0.4131876713037809,0.6666666666666666,6
bank_marketing,primary_geometry_confirmatory,22,ANCHOR-INJECTION-CONTROL,nbi_s_plus_anchors,False,False,False,288,7,1250,,2.0246093337481432,0.03178853467443634,0.37340619554667526,0.3773226366295276,1.1384945224618577,0.8571428571428571,7,0.9223865197379244,0.03438543130260893,0.1565464476647365,0.3773226366295276,1.138494522461858,0.42857142857142855,7
bank_marketing,primary_geometry_confirmatory,22,GRID,grid,False,False,False,288,7,1250,0.2,1.061497617649554,0.0,0.021451228088048828,0.23671798608845657,1.4538458697991885,1.0,8,0.4836049488328938,0.13694824843345504,0.18596402517614957,0.23671798608845662,1.453845869799189,0.25,8
bank_marketing,primary_geometry_confirmatory,22,RANDOM,random,False,False,False,288,7,1250,0.0,0.10240332885255028,0.3773107704626622,0.4795040468252092,0.08937478199230912,0.4660605360900662,0.0,8,0.046653667221328764,0.5928164931556419,0.6359604024159061,0.08937478199230928,0.4660605360900674,0.0,8
bank_marketing,primary_geometry_confirmatory,22,NSGA2-MATCHED,nsga2,False,False,False,288,7,1250,0.0,0.9024570853619092,0.12316915946392147,0.31223508867926475,0.07821993631909059,0.7994546766187526,0.3076923076923077,13,0.41114808486966725,0.29262822227075475,0.3775358079400832,0.0782199363190906,0.7994546766187529,0.0,13
bank_marketing,primary_geometry_confirmatory,23,HISTORICAL-WS-asrun,historical_ws_asrun,False,True,False,288,6,1251,0.0,0.0,0.8915818015066579,0.4361533620758438,0.0,0.0,0.0,5,0.08545687794324315,0.5084913096445313,0.22791681175014142,0.0,0.0,0.0,5
bank_marketing,primary_geometry_confirmatory,23,HISTORICAL-WS,historical_ws,False,True,False,288,6,1251,0.0526,0.6315645625102713,0.2453405547963552,0.764177518771805,0.18047886449137931,0.8898141340368642,0.4,5,0.4903444975157937,0.24462771035524283,0.34977045323648326,0.13547081224020407,0.9736186208195662,0.2,5
bank_marketing,primary_geometry_confirmatory,23,WS-S,ws_s,False,True,False,288,6,1251,0.0526,0.6195973449875417,0.2535191942917731,0.5483765755227155,0.18891163491378557,1.8821281573482223,0.2,10,0.48996715388213136,0.24606970282129093,0.27272915531657066,0.13837988073432528,1.9492275612829804,0.1,10
bank_marketing,primary_geometry_confirmatory,23,NBI-S,nbi_s,False,True,False,288,6,1251,0.2632,1.0633521363057858,0.09125341069717087,0.3223611096562587,0.07951324971582813,0.33370294681365453,0.875,8,0.9088302287134699,0.04178565797775072,0.012943965253467804,0.04859187444911076,0.3504702420882545,0.625,8
bank_marketing,primary_geometry_confirmatory,23,NBI-R,nbi_r,False,True,False,288,6,1251,0.1053,0.7622915920019425,0.10071231781971568,0.15823587146360335,0.07535688774006484,0.5436984882324073,0.5,10,0.714836444019358,0.10644472371033886,0.07625627404436999,0.05222946641396418,0.6609352116077292,0.2,10
bank_marketing,primary_geometry_confirmatory,23,ANCHOR-INJECTION-CONTROL,nbi_s_plus_anchors,False,True,False,288,6,1251,,1.0633521363057858,0.09125341069717087,0.3223611096562587,0.07951324971582813,0.33370294681365453,0.875,8,0.9088302287134699,0.04178565797775072,0.012943965253467804,0.04859187444911076,0.3504702420882545,0.625,8
bank_marketing,primary_geometry_confirmatory,23,GRID,grid,False,True,False,288,6,1251,0.2632,1.1429110298835363,0.0,0.03443556701289966,0.14662559949330412,0.7699114349854931,1.0,7,0.8431545367708358,0.047345028077908705,0.00987118570644967,0.11190464944748381,0.9697287680872451,0.7142857142857143,7
bank_marketing,primary_geometry_confirmatory,23,RANDOM,random,False,True,False,288,6,1251,0.0,0.3104905616731716,0.38560259943340713,0.574708452289355,0.1711445089833065,0.9047514149789837,0.0,7,0.41782926344336974,0.263975560292389,0.19511733361427286,0.1108653144479657,0.9840286971239401,0.0,7
bank_marketing,primary_geometry_confirmatory,23,NSGA2-MATCHED,nsga2,False,True,False,288,6,1251,0.1579,0.9627426024231364,0.10004224575316363,0.24405114209940196,0.03172036178318765,1.1845560205885475,0.42424242424242425,33,0.7986791358022215,0.08021205081627696,0.07727444822588982,0.019966352541425713,1.171958698320047,0.09090909090909091,33
bank_marketing,primary_geometry_confirmatory,24,HISTORICAL-WS-asrun,historical_ws_asrun,False,True,False,288,6,1256,0.0,0.2531691227651945,0.436922617929358,0.319232589248894,0.2188094186918207,1.020742114568623,0.0,4,0.1882955911451377,0.38849252265050427,0.27829091040904697,0.22026288998017876,1.1158025531593527,0.0,4
bank_marketing,primary_geometry_confirmatory,24,HISTORICAL-WS,historical_ws,False,True,False,288,6,1256,0.0769,0.5118445955490369,0.19154088062781968,0.18122476210345548,0.32572640498127853,3.3166247903553994,0.09090909090909091,11,0.3234583218081749,0.17307839489808263,0.16033693522989398,0.3062834614744372,3.3166247903554003,0.09090909090909091,11
bank_marketing,primary_geometry_confirmatory,24,WS-S,ws_s,False,True,False,288,6,1256,0.0769,0.5118445955490369,0.19154088062781968,0.1794961372281773,0.37471811112241765,2.82842712474619,0.125,8,0.3234583218081749,0.17307839489808263,0.1543243001587729,0.35235080238070776,2.8284271247461903,0.125,8
bank_marketing,primary_geometry_confirmatory,24,NBI-S,nbi_s,False,True,False,288,6,1256,0.2308,1.2699606519512994,0.14173691972312166,0.19671473169044384,0.13632203772696194,1.7084182454366952,0.3333333333333333,9,0.7702491775873007,0.12522606807207007,0.1175804191685889,0.1293681755557274,1.7775533320012744,0.3333333333333333,9
bank_marketing,primary_geometry_confirmatory,24,NBI-R,nbi_r,False,True,False,288,6,1256,0.0,0.0,0.6648573240475386,0.28194809563068923,,,0.0,1,0.0,0.4983494319551334,0.17691921838506375,,,0.0,1
bank_marketing,primary_geometry_confirmatory,24,ANCHOR-INJECTION-CONTROL,nbi_s_plus_anchors,False,True,False,288,6,1256,,1.2699606519512994,0.14173691972312166,0.2532576843981095,0.249518585673784,1.688554830218242,0.3,10,0.7702491775873007,0.12522606807207007,0.16160113859681977,0.19495428558671452,1.6094256977551338,0.3,10
bank_marketing,primary_geometry_confirmatory,24,GRID,grid,False,True,False,288,6,1256,0.3846,1.1648914190401378,0.0,0.06183499284716454,0.23485200765073902,1.098725510199574,1.0,8,0.6778968524940634,0.03211756337233515,0.08870732014962074,0.23761173298651622,1.2853503742416827,0.625,8
bank_marketing,primary_geometry_confirmatory,24,RANDOM,random,False,True,False,288,6,1256,0.0,0.1682595144233508,0.3114349562938878,0.44696334740644483,0.2601005304889413,0.5225988681533943,0.0,4,0.06561585297236827,0.32604848471346026,0.41215814753919255,0.21762159644965906,0.5258011887351778,0.0,4
bank_marketing,primary_geometry_confirmatory,24,NSGA2-MATCHED,nsga2,False,True,False,288,6,1256,0.0,0.2669297880887084,0.3279296015669287,0.4071795273058356,0.032651980621287074,0.9811552217777688,0.0,27,0.14180764491202813,0.3807036135436818,0.4240598559411739,0.032131816792460265,1.0465783586494253,0.0,27
bank_marketing,primary_geometry_confirmatory,25,HISTORICAL-WS-asrun,historical_ws_asrun,False,True,False,288,5,1261,0.0,0.0,0.7552572977042014,0.5904464937580761,0.04590272046005887,1.1689183591950585,0.0,6,0.14631581922994802,0.5750023771064403,0.28153735804110586,0.03768345413155124,1.1800558495167164,0.0,6
bank_marketing,primary_geometry_confirmatory,25,HISTORICAL-WS,historical_ws,False,True,False,288,5,1261,0.1111,0.5885560548087091,0.2707459702890132,0.3497845864600908,0.17257975330081646,0.8633685634120606,0.6,5,0.5408050788075448,0.19286281180925904,0.17430048739080745,0.13764402363869338,0.8732098601538969,0.4,5
bank_marketing,primary_geometry_confirmatory,25,WS-S,ws_s,False,True,False,288,5,1261,0.0556,0.513493195401099,0.2812180324103855,0.2874828015790435,0.22994220648636687,1.0941328289070642,0.42857142857142855,7,0.505917809715029,0.21099454297228135,0.1622728761800716,0.17493690043526414,1.0841306786974632,0.14285714285714285,7
bank_marketing,primary_geometry_confirmatory,25,NBI-S,nbi_s,False,True,False,288,5,1261,0.2222,0.7558580847887669,0.20394032553454272,0.3371126655647158,0.06690398311362998,0.43028583939989096,0.5555555555555556,9,0.6852757596891561,0.13374780455470098,0.12143966382114105,0.053234290829440305,0.43764968494730216,0.4444444444444444,9
bank_marketing,primary_geometry_confirmatory,25,NBI-R,nbi_r,False,True,False,288,5,1261,0.0556,0.7170905607977438,0.23684600639813672,0.2709533282097644,0.1543913494680547,0.7763223775169117,0.3333333333333333,6,0.6432267226562541,0.17861228562583156,0.1157762256136477,0.11491213611887657,0.7627213532986935,0.16666666666666666,6
bank_marketing,primary_geometry_confirmatory,25,ANCHOR-INJECTION-CONTROL,nbi_s_plus_anchors,False,True,False,288,5,1261,,0.7558580847887669,0.20394032553454272,0.36867212591414383,0.07872271955314615,0.6104833763979881,0.5,10,0.6852757596891561,0.13315580196259277,0.14008536212802017,0.06136110950182628,0.6101396142810938,0.4,10
bank_marketing,primary_geometry_confirmatory,25,GRID,grid,False,True,False,288,5,1261,0.3333,1.0285473900430984,0.0,0.05430742788242278,0.11372030801201004,1.2638572534077919,1.0,10,0.9332406717681253,0.025699471070570575,0.018689759509831882,0.08510698314614737,1.2466236054078454,0.6,10
bank_marketing,primary_geometry_confirmatory,25,RANDOM,random,False,True,False,288,5,1261,0.0,0.029606591682137032,0.5964668191722344,0.3489404464463882,0.08670350224964186,0.6046902915203523,0.0,5,0.3196974397501652,0.45112435946941887,0.19413555873980498,0.06595063769831878,0.5834351772606402,0.0,5
bank_marketing,primary_geometry_confirmatory,25,NSGA2-MATCHED,nsga2,False,True,False,288,5,1261,0.0556,0.646707366366899,0.22451991422376186,0.2520086631683094,0.051842512543796314,1.048262927782589,0.2777777777777778,18,0.707574374625488,0.16180772370971394,0.10550820564001838,0.0392879947118071,1.0205482797341987,0.05555555555555555,18
bank_marketing,primary_geometry_confirmatory,26,HISTORICAL-WS-asrun,historical_ws_asrun,False,True,False,288,7,1263,0.0,0.0,0.7022377110631506,0.24740031036713397,0.14642805138771234,3.1572455650111606,0.0,14,0.1551344496278384,0.7348980921527604,0.3169988224151175,0.1158505099859436,3.0556505285591267,0.0,14
bank_marketing,primary_geometry_confirmatory,26,HISTORICAL-WS,historical_ws,False,True,False,288,7,1263,0.25,0.420743087978355,0.19759934710651672,0.08265649630683045,0.4297432196513619,3.8729833462074184,0.9333333333333333,15,0.23460789474172214,0.10326181206991444,0.018473462153625195,0.35067220553277184,3.8729833462074184,0.9333333333333333,15
bank_marketing,primary_geometry_confirmatory,26,WS-S,ws_s,False,True,False,288,7,1263,0.2143,0.420743087978355,0.1981557770214196,0.08831109352764882,0.4581177199323868,3.6055512754639896,0.9230769230769231,13,0.23460789474172214,0.10402230864763913,0.021883697907754497,0.3733650174674059,3.605551275463989,0.9230769230769231,13
bank_marketing,primary_geometry_confirmatory,26,NBI-S,nbi_s,False,True,False,288,7,1263,0.1964,1.00181818865637,0.06829256600101921,0.08062703898971253,0.11872064427514681,1.938558792208879,1.0,11,0.8436720943108256,0.0315296963589887,0.0,0.11254582914460574,1.9890018627162656,1.0,11
bank_marketing,primary_geometry_confirmatory,26,NBI-R,nbi_r,False,True,False,288,7,1263,0.0357,0.551132909068861,0.41237544743544996,0.1489280355453722,0.011005321325489925,0.17215323607587607,0.75,4,0.6497574758045244,0.4846002787708958,0.012316832965722495,0.011937215707618947,0.22521569889704035,0.5,4
bank_marketing,primary_geometry_confirmatory,26,ANCHOR-INJECTION-CONTROL,nbi_s_plus_anchors,False,True,False,288,7,1263,,1.00181818865637,0.06829256600101921,0.09793526247641371,0.13004738781723604,1.6309716480562684,0.9166666666666666,12,0.8528337788631402,0.028147383504498885,0.004691416316683842,0.11729663154568098,1.6709676344958608,0.9166666666666666,12
bank_marketing,primary_geometry_confirmatory,26,GRID,grid,False,True,False,288,7,1263,0.1607,1.0487459378595545,0.004344610322557888,0.026070639645089055,0.1881476412563605,1.531318495318321,1.0,11,0.901663892231512,0.025209264049342824,0.015424086832836916,0.18117730023406334,1.6498510573861842,0.8181818181818182,11
bank_marketing,primary_geometry_confirmatory,26,RANDOM,random,False,True,False,288,7,1263,0.0,0.1262825753942959,0.47293532977372654,0.3048335776789488,0.13704118997137185,1.0709612984916237,0.0,8,0.38071682855104605,0.5130623882297108,0.20093697577857816,0.13296078809147818,1.1084643554790456,0.0,8
bank_marketing,primary_geometry_confirmatory,26,NSGA2-MATCHED,nsga2,False,True,False,288,7,1263,0.0714,0.3781057245574745,0.38960313081125236,0.25050891424284477,0.052079917643047514,1.0158531113957345,0.5833333333333334,12,0.5587405994738536,0.45429895472451054,0.12049599074286048,0.04697788726909083,1.042586008714418,0.3333333333333333,12
bank_marketing,primary_geometry_confirmatory,27,HISTORICAL-WS-asrun,historical_ws_asrun,False,True,False,288,7,1263,0.0,0.0,0.8380718406245027,0.5148130949136533,0.0,0.0,0.0,2,0.0,1.1684321323238467,0.6504541240106876,0.0,0.0,0.0,2
bank_marketing,primary_geometry_confirmatory,27,HISTORICAL-WS,historical_ws,False,True,False,288,7,1263,0.3111,0.3221339562540796,0.3060370675638085,0.20673007950515732,0.04366582085624844,3.5516560601652802,0.8235294117647058,17,0.2457935324671993,0.10094676286666157,0.2106893910586433,0.04366582085624844,3.5516560601652802,0.8235294117647058,17
bank_marketing,primary_geometry_confirmatory,27,WS-S,ws_s,False,True,False,288,7,1263,0.2444,0.3221339562540796,0.3060370675638085,0.1784780974589492,0.009349645104106795,2.440969752646134,0.8461538461538461,13,0.2457935324671993,0.10094676286666157,0.18655381112233813,0.009349645104106795,2.440969752646134,0.8461538461538461,13
bank_marketing,primary_geometry_confirmatory,27,NBI-S,nbi_s,False,True,False,288,7,1263,0.2,1.0264981639953439,0.05447055294646148,0.07948032099471114,0.15478394917583307,2.267518953267493,0.8181818181818182,11,0.7832350638642576,0.02086621420606145,0.038114287227706316,0.15478394917583307,2.267518953267493,0.8181818181818182,11
bank_marketing,primary_geometry_confirmatory,27,NBI-R,nbi_r,False,True,False,288,7,1263,0.0,0.40468948805275073,0.44056402835057806,0.19215253205176222,0.0,0.0,0.5,2,0.30878476760882706,0.7808256975802744,0.10581881526965567,0.0,0.0,0.0,2
bank_marketing,primary_geometry_confirmatory,27,ANCHOR-INJECTION-CONTROL,nbi_s_plus_anchors,False,True,False,288,7,1263,,1.0264981639953439,0.05447055294646148,0.10667312511957056,0.1666130676106202,1.8404809789393461,0.75,12,0.7832350638642576,0.02086621420606145,0.06875426083314946,0.1666130676106202,1.8404809789393461,0.75,12
bank_marketing,primary_geometry_confirmatory,27,GRID,grid,False,True,False,288,7,1263,0.1556,1.174424243467899,0.0,0.02356531413997743,0.15985147070730873,1.4044133150803058,1.0,10,0.8961051072474053,0.00979517016428504,0.05034252926812756,0.15985147070730873,1.4044133150803058,0.7,10
bank_marketing,primary_geometry_confirmatory,27,RANDOM,random,False,True,False,288,7,1263,0.0,0.21084532971002898,0.4600699307949743,0.30344520322633356,0.051539054850629734,0.7316768963880703,0.0,12,0.16087847116857004,0.7364129077389184,0.36533738345462075,0.051539054850629734,0.7316768963880703,0.0,12
bank_marketing,primary_geometry_confirmatory,27,NSGA2-MATCHED,nsga2,False,True,False,288,7,1263,0.0,0.7323213476401206,0.12975004354773992,0.1922022129857412,0.04007000925858858,0.9054685232817549,0.22727272727272727,22,0.5587732911821075,0.1732708776229408,0.20333602525549044,0.04007000925858858,0.9054685232817549,0.0,22
bank_marketing,primary_geometry_confirmatory,28,HISTORICAL-WS-asrun,historical_ws_asrun,False,True,False,288,4,1250,0.0,0.02071199183642689,0.6820073264489174,0.7764918395693791,0.10027556713871254,1.0391874668188232,0.0,6,0.21875339388690435,0.4815131869237839,0.41663148297864594,0.07965502533725803,1.0960082051822533,0.0,6
bank_marketing,primary_geometry_confirmatory,28,HISTORICAL-WS,historical_ws,False,True,False,288,4,1250,0.0,1.0158772104098521,0.08256525819865791,0.019012856098950627,0.371171166041738,2.8284271247461903,1.0,8,0.5993718439328766,0.14782382661728,0.08196348434468043,0.26959701447029927,2.8284271247461907,0.0,8
bank_marketing,primary_geometry_confirmatory,28,WS-S,ws_s,False,True,False,288,4,1250,0.0,1.0158772104098521,0.08256525819865791,0.019012856098950627,0.371171166041738,2.8284271247461903,1.0,8,0.5993718439328766,0.14782382661728,0.08196348434468043,0.26959701447029927,2.8284271247461907,0.0,8
bank_marketing,primary_geometry_confirmatory,28,NBI-S,nbi_s,False,True,False,288,4,1250,0.1304,2.129674446767885,0.0716599504993786,0.09359644384972564,0.08032662513058034,1.7528797842242447,1.0,11,0.7857502250978928,0.09411183488714507,0.06092375509653938,0.0593349302394013,1.7481597401678985,0.2727272727272727,11
bank_marketing,primary_geometry_confirmatory,28,NBI-R,nbi_r,False,True,False,288,4,1250,0.2609,2.349231459543534,0.18949435108323923,0.3774250972359925,0.034173289837638586,0.5266485634487688,1.0,6,0.8021591887322496,0.11902588390154124,0.0,0.01837424038105055,0.39376605556711225,1.0,6
bank_marketing,primary_geometry_confirmatory,28,ANCHOR-INJECTION-CONTROL,nbi_s_plus_anchors,False,True,False,288,4,1250,,2.129674446767885,0.0716599504993786,0.17347959439930993,0.3338650864067643,2.388115964923174,0.9166666666666666,12,0.7857502250978928,0.09411183488714507,0.08077227900008986,0.16485152193135352,2.093190394952084,0.25,12
bank_marketing,primary_geometry_confirmatory,28,GRID,grid,False,True,False,288,4,1250,0.1304,1.1526639971290018,0.0,0.09881362881675991,0.18477881663920914,1.2473783463398818,1.0,9,0.6841501637365697,0.09548581622453858,0.16077701254971097,0.17001884599070274,1.6369782456346738,0.3333333333333333,9
bank_marketing,primary_geometry_confirmatory,28,RANDOM,random,False,True,False,288,4,1250,0.0,0.6317334505108856,0.2325555158537493,0.30789512443687617,0.10473686083591666,0.22261412202731704,0.25,4,0.39934557794732045,0.23907098053410114,0.20377131176539748,0.004957688147771033,0.01571190228919981,0.0,4
bank_marketing,primary_geometry_confirmatory,28,NSGA2-MATCHED,nsga2,False,True,False,288,4,1250,0.3913,2.3272504455961895,0.03716639566396363,0.3221230042105184,0.09649239054924183,1.2145591467076127,0.75,20,0.8972574340064923,0.041369851095943294,0.0459672736135445,0.05794189721658168,1.1183772323687196,0.45,20
bank_marketing,primary_geometry_confirmatory,29,HISTORICAL-WS-asrun,historical_ws_asrun,False,True,False,288,3,1249,0.0,0.25893758478890416,0.41805552481597347,0.4385899130451876,0.0,0.0,0.46153846153846156,13,0.46057389232864643,0.21450875290990523,0.193256724651397,0.0,0.0,0.0,13
bank_marketing,primary_geometry_confirmatory,29,HISTORICAL-WS,historical_ws,False,True,False,288,3,1249,0.0952,0.46279207233514524,0.1753046510924924,0.018314117604871918,0.0,0.0,1.0,8,0.6356319175106954,0.11896781224987858,0.045254015231580146,0.0,0.0,0.25,8
bank_marketing,primary_geometry_confirmatory,29,WS-S,ws_s,False,True,False,288,3,1249,0.0952,0.46279207233514524,0.1753046510924924,0.020930420119853622,0.0,0.0,1.0,7,0.6356319175106954,0.11896781224987858,0.043099062125314426,0.0,0.0,0.2857142857142857,7
bank_marketing,primary_geometry_confirmatory,29,NBI-S,nbi_s,False,True,False,288,3,1249,0.1905,1.0321202085059915,0.07322958882099724,0.15569875775977624,0.3640992078741706,1.1282035495367089,1.0,4,0.831229351582861,0.07040187080380476,0.0,0.26967210696237015,1.1706326194865517,1.0,4
bank_marketing,primary_geometry_confirmatory,29,NBI-R,nbi_r,False,True,False,288,3,1249,0.0952,0.8235117732482043,0.3049600721431824,0.22507963718443724,0.10665850974983411,0.5994621104835317,0.75,4,0.7248286741696534,0.11945709475343633,0.02357866752236912,0.05807015591722046,0.5709845715223558,0.5,4
bank_marketing,primary_geometry_confirmatory,29,ANCHOR-INJECTION-CONTROL,nbi_s_plus_anchors,False,True,False,288,3,1249,,1.0321202085059915,0.07322958882099724,0.15569875775977624,0.3640992078741706,1.1282035495367089,1.0,4,0.831229351582861,0.07040187080380476,0.0,0.26967210696237015,1.1706326194865517,1.0,4
bank_marketing,primary_geometry_confirmatory,29,GRID,grid,False,True,False,288,3,1249,0.1905,1.0999315652787123,0.0,0.21046178431938278,0.038644658866710806,0.10746596070417143,1.0,6,0.898583545073685,0.053071438368468386,0.03184671936869008,0.022510829401192072,0.10753627134320881,0.6666666666666666,6
bank_marketing,primary_geometry_confirmatory,29,RANDOM,random,False,True,False,288,3,1249,0.0,0.14840652925577463,0.5814552853174524,0.48285506676838935,0.04809766424885157,0.43407206931131087,0.0,9,0.43940523149521815,0.29138128221829945,0.17147208915473883,0.03905453782121586,0.5314964994528063,0.0,9
bank_marketing,primary_geometry_confirmatory,29,NSGA2-MATCHED,nsga2,False,True,False,288,3,1249,0.2857,1.0102239291297683,0.15390132422001565,0.28180301250556733,0.04257787750746324,1.9576899121993556,0.5121951219512195,41,0.8136961510490833,0.07724045006267816,0.09793480912648189,0.03544715551784627,2.359466020100161,0.14634146341463414,41
