dataset,rep,response,pair,beta_ij,error_correlation,disagreement
santander,0,roc_auc,lr-gnb,0.018047447655282767,0.948469992328837,0.0253375
santander,0,roc_auc,lr-knn,0.2016521682723491,0.8186669763619073,0.03996875
santander,0,roc_auc,lr-rf,0.09314401227364122,0.843687194606377,0.03996875
santander,0,roc_auc,lr-xgb,0.04288319544791319,0.9067539734041153,0.03036875
santander,0,roc_auc,gnb-knn,0.24698158272765847,0.7659511807125204,0.05139375
santander,0,roc_auc,gnb-rf,0.07527831771613602,0.8156787768934544,0.05139375
santander,0,roc_auc,gnb-xgb,0.01984526350780602,0.9280166290099772,0.02874375
santander,0,roc_auc,knn-rf,0.20192772168602913,0.9797432661159012,0.0
santander,0,roc_auc,knn-xgb,0.23588689685330771,0.8502288181927032,0.033675
santander,0,roc_auc,rf-xgb,0.05524535707949685,0.8905065775848234,0.033675
santander,0,log_loss,lr-gnb,-0.013048443553441202,0.948469992328837,0.0253375
santander,0,log_loss,lr-knn,-0.14752047047593922,0.8186669763619073,0.03996875
santander,0,log_loss,lr-rf,-0.05344813322366676,0.843687194606377,0.03996875
santander,0,log_loss,lr-xgb,-0.029658601157303233,0.9067539734041153,0.03036875
santander,0,log_loss,gnb-knn,-0.17375207485414512,0.7659511807125204,0.05139375
santander,0,log_loss,gnb-rf,-0.057900274570816423,0.8156787768934544,0.05139375
santander,0,log_loss,gnb-xgb,-0.020057532575014664,0.9280166290099772,0.02874375
santander,0,log_loss,knn-rf,-0.08619076615293703,0.9797432661159012,0.0
santander,0,log_loss,knn-xgb,-0.13639893657660734,0.8502288181927032,0.033675
santander,0,log_loss,rf-xgb,-0.04172905283780959,0.8905065775848234,0.033675
santander,1,roc_auc,lr-gnb,0.018516620479946788,0.9488482867897831,0.02481875
santander,1,roc_auc,lr-knn,0.19709785758354342,0.8192988494193704,0.03959375
santander,1,roc_auc,lr-rf,0.09308725154875053,0.8442970011331454,0.03959375
santander,1,roc_auc,lr-xgb,0.04384308626712752,0.9079250770821764,0.030075
santander,1,roc_auc,gnb-knn,0.24239259310594674,0.7664751016381918,0.0509125
santander,1,roc_auc,gnb-rf,0.07599407825705917,0.8160680312804985,0.0509125
santander,1,roc_auc,gnb-xgb,0.021067360582673555,0.9280849818258476,0.02838125
santander,1,roc_auc,knn-rf,0.19697371708495304,0.9801915275249475,0.0
santander,1,roc_auc,knn-xgb,0.22944360910278366,0.8521040944830154,0.03296875
santander,1,roc_auc,rf-xgb,0.0567961894570419,0.8916455881057341,0.03296875
santander,1,log_loss,lr-gnb,-0.013079911866153565,0.9488482867897831,0.02481875
santander,1,log_loss,lr-knn,-0.14639071452520278,0.8192988494193704,0.03959375
santander,1,log_loss,lr-rf,-0.05359062181626559,0.8442970011331454,0.03959375
santander,1,log_loss,lr-xgb,-0.029543318265290608,0.9079250770821764,0.030075
santander,1,log_loss,gnb-knn,-0.17252360987950388,0.7664751016381918,0.0509125
santander,1,log_loss,gnb-rf,-0.05813631356954671,0.8160680312804985,0.0509125
santander,1,log_loss,gnb-xgb,-0.020180848521947264,0.9280849818258476,0.02838125
santander,1,log_loss,knn-rf,-0.08525900704898931,0.9801915275249475,0.0
santander,1,log_loss,knn-xgb,-0.13468518003971844,0.8521040944830154,0.03296875
santander,1,log_loss,rf-xgb,-0.04195143335175622,0.8916455881057341,0.03296875
santander,2,roc_auc,lr-gnb,0.017700825127432873,0.9491919131849136,0.02505625
santander,2,roc_auc,lr-knn,0.19587191769857085,0.8182234122662563,0.03976875
santander,2,roc_auc,lr-rf,0.09311768941619447,0.8431157857522285,0.03976875
santander,2,roc_auc,lr-xgb,0.042786151051911414,0.9067958151472054,0.03015625
santander,2,roc_auc,gnb-knn,0.2410048752591738,0.7652362136995754,0.0514875
santander,2,roc_auc,gnb-rf,0.07658059932108885,0.8144788925556626,0.0514875
santander,2,roc_auc,gnb-xgb,0.021025810329302064,0.9276280060797415,0.0284125
santander,2,roc_auc,knn-rf,0.1980915338126219,0.9801181517813833,0.0
santander,2,roc_auc,knn-xgb,0.22947347856129793,0.8496662928526815,0.0337125
santander,2,roc_auc,rf-xgb,0.05654378496845558,0.8895795817954544,0.0337125
santander,2,log_loss,lr-gnb,-0.012749319967249928,0.9491919131849136,0.02505625
santander,2,log_loss,lr-knn,-0.14700479418841217,0.8182234122662563,0.03976875
santander,2,log_loss,lr-rf,-0.053606070760534225,0.8431157857522285,0.03976875
santander,2,log_loss,lr-xgb,-0.029591655335679923,0.9067958151472054,0.03015625
santander,2,log_loss,gnb-knn,-0.17301304842924725,0.7652362136995754,0.0514875
santander,2,log_loss,gnb-rf,-0.058252601996969605,0.8144788925556626,0.0514875
santander,2,log_loss,gnb-xgb,-0.020319623608474613,0.9276280060797415,0.0284125
santander,2,log_loss,knn-rf,-0.08548403603024873,0.9801181517813833,0.0
santander,2,log_loss,knn-xgb,-0.13581148776037108,0.8496662928526815,0.0337125
santander,2,log_loss,rf-xgb,-0.04246391416472284,0.8895795817954544,0.0337125
santander,3,roc_auc,lr-gnb,0.018320651689777978,0.9485204696285081,0.02510625
santander,3,roc_auc,lr-knn,0.1922642297098964,0.818259018963649,0.0398625
santander,3,roc_auc,lr-rf,0.09245479264968359,0.8434804677998499,0.0398625
santander,3,roc_auc,lr-xgb,0.042570733330538735,0.9079722321378472,0.029725
santander,3,roc_auc,gnb-knn,0.237683942752823,0.7637953490652869,0.05158125
santander,3,roc_auc,gnb-rf,0.07474603046829542,0.8139687089389294,0.05158125
santander,3,roc_auc,gnb-xgb,0.02038570032171938,0.9279596853772757,0.02865625
santander,3,roc_auc,knn-rf,0.19526658671741992,0.9795604335625543,0.0
santander,3,roc_auc,knn-xgb,0.22734578191157023,0.850934262883778,0.03315
santander,3,roc_auc,rf-xgb,0.05455819506518367,0.8912644614190843,0.03315
santander,3,log_loss,lr-gnb,-0.012994907324347951,0.9485204696285081,0.02510625
santander,3,log_loss,lr-knn,-0.14664576151981956,0.818259018963649,0.0398625
santander,3,log_loss,lr-rf,-0.05305347005649097,0.8434804677998499,0.0398625
santander,3,log_loss,lr-xgb,-0.029259551579655707,0.9079722321378472,0.029725
santander,3,log_loss,gnb-knn,-0.1733315889789666,0.7637953490652869,0.05158125
santander,3,log_loss,gnb-rf,-0.0578289629709548,0.8139687089389294,0.05158125
santander,3,log_loss,gnb-xgb,-0.020127318181520304,0.9279596853772757,0.02865625
santander,3,log_loss,knn-rf,-0.0859515726244528,0.9795604335625543,0.0
santander,3,log_loss,knn-xgb,-0.1353002304246353,0.850934262883778,0.03315
santander,3,log_loss,rf-xgb,-0.04130129732532917,0.8912644614190843,0.03315
santander,4,roc_auc,lr-gnb,0.018019478545402867,0.9481192990250078,0.024975
santander,4,roc_auc,lr-knn,0.19498646513081186,0.8162613893864302,0.04035625
santander,4,roc_auc,lr-rf,0.09273773547927655,0.8414828459800857,0.04035625
santander,4,roc_auc,lr-xgb,0.04166795290863878,0.9063600637519733,0.03015
santander,4,roc_auc,gnb-knn,0.24062033273520056,0.7635117968471348,0.05141875
santander,4,roc_auc,gnb-rf,0.0761223492592541,0.8135634693175122,0.05141875
santander,4,roc_auc,gnb-xgb,0.01955784342644873,0.9277426609792114,0.02825
santander,4,roc_auc,knn-rf,0.19785313376765434,0.9797112971553832,0.0
santander,4,roc_auc,knn-xgb,0.22953072252430753,0.8480365756644626,0.03390625
santander,4,roc_auc,rf-xgb,0.05611939620573647,0.8888452281135589,0.03390625
santander,4,log_loss,lr-gnb,-0.01294093242591736,0.9481192990250078,0.024975
santander,4,log_loss,lr-knn,-0.14929262810243699,0.8162613893864302,0.04035625
santander,4,log_loss,lr-rf,-0.05386369767259466,0.8414828459800857,0.04035625
santander,4,log_loss,lr-xgb,-0.029071368515851292,0.9063600637519733,0.03015
santander,4,log_loss,gnb-knn,-0.1757333838876819,0.7635117968471348,0.05141875
santander,4,log_loss,gnb-rf,-0.05860673342865741,0.8135634693175122,0.05141875
santander,4,log_loss,gnb-xgb,-0.019773091636346052,0.9277426609792114,0.02825
santander,4,log_loss,knn-rf,-0.0875847574599225,0.9797112971553832,0.0
santander,4,log_loss,knn-xgb,-0.13829640132500187,0.8480365756644626,0.03390625
santander,4,log_loss,rf-xgb,-0.042135304895505765,0.8888452281135589,0.03390625
santander,5,roc_auc,lr-gnb,0.018668558745090935,0.9488207972406634,0.02555
santander,5,roc_auc,lr-knn,0.1923805551192573,0.8188614858125018,0.03949375
santander,5,roc_auc,lr-rf,0.0913048767089295,0.8437337744679251,0.03949375
santander,5,roc_auc,lr-xgb,0.043529271737678954,0.9071693259242106,0.030475
santander,5,roc_auc,gnb-knn,0.2386771586319294,0.7663429930101151,0.05156875
santander,5,roc_auc,gnb-rf,0.07373551452221738,0.8155482622033285,0.05156875
santander,5,roc_auc,gnb-xgb,0.02113520775120692,0.928316741455964,0.0284375
santander,5,roc_auc,knn-rf,0.195957183104412,0.9805380145562056,0.0
santander,5,roc_auc,knn-xgb,0.22554718522372003,0.8512384543643554,0.03329375
santander,5,roc_auc,rf-xgb,0.053772793907447713,0.8908456768039494,0.03329375
santander,5,log_loss,lr-gnb,-0.013153424174085437,0.9488207972406634,0.02555
santander,5,log_loss,lr-knn,-0.14566041566015214,0.8188614858125018,0.03949375
santander,5,log_loss,lr-rf,-0.05360388620022505,0.8437337744679251,0.03949375
santander,5,log_loss,lr-xgb,-0.029843239338979977,0.9071693259242106,0.030475
santander,5,log_loss,gnb-knn,-0.17184547239687042,0.7663429930101151,0.05156875
santander,5,log_loss,gnb-rf,-0.0579534696211117,0.8155482622033285,0.05156875
santander,5,log_loss,gnb-xgb,-0.02031323993339365,0.928316741455964,0.0284375
santander,5,log_loss,knn-rf,-0.08446426855558847,0.9805380145562056,0.0
santander,5,log_loss,knn-xgb,-0.13405492537153493,0.8512384543643554,0.03329375
santander,5,log_loss,rf-xgb,-0.042170488345346646,0.8908456768039494,0.03329375
santander,6,roc_auc,lr-gnb,0.017769719526523897,0.9488250506383712,0.024925
santander,6,roc_auc,lr-knn,0.19787438537849705,0.8177603341093539,0.03980625
santander,6,roc_auc,lr-rf,0.09202900139944892,0.8432644462380162,0.03980625
santander,6,roc_auc,lr-xgb,0.04293492905735574,0.9064617014168097,0.030625
santander,6,roc_auc,gnb-knn,0.24412364601280823,0.7647621777938213,0.05150625
santander,6,roc_auc,gnb-rf,0.07509440090825292,0.8145491067768988,0.05150625
santander,6,roc_auc,gnb-xgb,0.02021302758114385,0.9281574147552553,0.0287625
santander,6,roc_auc,knn-rf,0.19962031318508822,0.9800701146702824,0.0
santander,6,roc_auc,knn-xgb,0.23344522516184338,0.8480364151061502,0.03405625
santander,6,roc_auc,rf-xgb,0.05352907755471836,0.8888047466728675,0.03405625
santander,6,log_loss,lr-gnb,-0.012818720331296607,0.9488250506383712,0.024925
santander,6,log_loss,lr-knn,-0.14828865818680823,0.8177603341093539,0.03980625
santander,6,log_loss,lr-rf,-0.05330259672286633,0.8432644462380162,0.03980625
santander,6,log_loss,lr-xgb,-0.02966450880101995,0.9064617014168097,0.030625
santander,6,log_loss,gnb-knn,-0.17485235007676403,0.7647621777938213,0.05150625
santander,6,log_loss,gnb-rf,-0.05808793055862649,0.8145491067768988,0.05150625
santander,6,log_loss,gnb-xgb,-0.020055197951344167,0.9281574147552553,0.0287625
santander,6,log_loss,knn-rf,-0.08698576888834991,0.9800701146702824,0.0
santander,6,log_loss,knn-xgb,-0.13794701602437756,0.8480364151061502,0.03405625
santander,6,log_loss,rf-xgb,-0.04198425035113562,0.8888047466728675,0.03405625
santander,7,roc_auc,lr-gnb,0.01809970155884605,0.9485894214785727,0.02514375
santander,7,roc_auc,lr-knn,0.19938354216556742,0.8196295152458154,0.03929375
santander,7,roc_auc,lr-rf,0.09324936458824296,0.8447987806204557,0.03929375
santander,7,roc_auc,lr-xgb,0.04297109349450179,0.9067355247696172,0.03028125
santander,7,roc_auc,gnb-knn,0.24567574173389417,0.7670909566983974,0.0508875
santander,7,roc_auc,gnb-rf,0.07597517456410596,0.8169181531295376,0.0508875
santander,7,roc_auc,gnb-xgb,0.020347937528913618,0.9281099781773493,0.02885
santander,7,roc_auc,knn-rf,0.20235774431592368,0.9797216866510412,0.0
santander,7,roc_auc,knn-xgb,0.2352960920426205,0.8485549941636911,0.033675
santander,7,roc_auc,rf-xgb,0.05615202141107689,0.889432251342435,0.033675
santander,7,log_loss,lr-gnb,-0.01308849335873448,0.9485894214785727,0.02514375
santander,7,log_loss,lr-knn,-0.14653882550875147,0.8196295152458154,0.03929375
santander,7,log_loss,lr-rf,-0.05294072616402282,0.8447987806204557,0.03929375
santander,7,log_loss,lr-xgb,-0.02958889167754647,0.9067355247696172,0.03028125
santander,7,log_loss,gnb-knn,-0.17301961502480578,0.7670909566983974,0.0508875
santander,7,log_loss,gnb-rf,-0.057561809631969635,0.8169181531295376,0.0508875
santander,7,log_loss,gnb-xgb,-0.02009411325325061,0.9281099781773493,0.02885
santander,7,log_loss,knn-rf,-0.08606182072601193,0.9797216866510412,0.0
santander,7,log_loss,knn-xgb,-0.13678331292991616,0.8485549941636911,0.033675
santander,7,log_loss,rf-xgb,-0.04180777039463934,0.889432251342435,0.033675
santander,8,roc_auc,lr-gnb,0.018100308762031114,0.9493016647102845,0.0249375
santander,8,roc_auc,lr-knn,0.19517776716753787,0.8208117726586275,0.03909375
santander,8,roc_auc,lr-rf,0.09542590381826155,0.8456323736674641,0.03909375
santander,8,roc_auc,lr-xgb,0.04298704628154404,0.9081297518855495,0.030125
santander,8,roc_auc,gnb-knn,0.24150035714816642,0.7686719258995373,0.05043125
santander,8,roc_auc,gnb-rf,0.07818307139504199,0.8179017398661906,0.05043125
santander,8,roc_auc,gnb-xgb,0.020414254309016222,0.9293539884895438,0.0281125
santander,8,roc_auc,knn-rf,0.1992501783905729,0.9800528749993017,0.0
santander,8,roc_auc,knn-xgb,0.23174209149985642,0.850875532430413,0.03334375
santander,8,roc_auc,rf-xgb,0.057061583227284274,0.8910323325014254,0.03334375
santander,8,log_loss,lr-gnb,-0.012820173994970846,0.9493016647102845,0.0249375
santander,8,log_loss,lr-knn,-0.14667880552228563,0.8208117726586275,0.03909375
santander,8,log_loss,lr-rf,-0.052891559859268605,0.8456323736674641,0.03909375
santander,8,log_loss,lr-xgb,-0.02922433235542421,0.9081297518855495,0.030125
santander,8,log_loss,gnb-knn,-0.1729230525831087,0.7686719258995373,0.05043125
santander,8,log_loss,gnb-rf,-0.05735676075331542,0.8179017398661906,0.05043125
santander,8,log_loss,gnb-xgb,-0.019817186709691875,0.9293539884895438,0.0281125
santander,8,log_loss,knn-rf,-0.08590951671577396,0.9800528749993017,0.0
santander,8,log_loss,knn-xgb,-0.13625231967757917,0.850875532430413,0.03334375
santander,8,log_loss,rf-xgb,-0.0412378908659401,0.8910323325014254,0.03334375
santander,9,roc_auc,lr-gnb,0.01867251111097218,0.9488848678217738,0.0252625
santander,9,roc_auc,lr-knn,0.19727536046433142,0.8197897651595545,0.03926875
santander,9,roc_auc,lr-rf,0.09367145902195628,0.8447545789188701,0.03926875
santander,9,roc_auc,lr-xgb,0.04395577570134379,0.9070573867552005,0.02994375
santander,9,roc_auc,gnb-knn,0.24443157406377392,0.7683918971384621,0.05076875
santander,9,roc_auc,gnb-rf,0.07735136263974307,0.817826953508073,0.05076875
santander,9,roc_auc,gnb-xgb,0.02136607234903376,0.9285370808631889,0.02845625
santander,9,roc_auc,knn-rf,0.19958236134371932,0.9798374364775027,0.0
santander,9,roc_auc,knn-xgb,0.23327011996030045,0.8508020257183072,0.033275
santander,9,roc_auc,rf-xgb,0.05586492430823409,0.8909207050437459,0.033275
santander,9,log_loss,lr-gnb,-0.012954897956384437,0.9488848678217738,0.0252625
santander,9,log_loss,lr-knn,-0.1477977776351855,0.8197897651595545,0.03926875
santander,9,log_loss,lr-rf,-0.052960071019358956,0.8447545789188701,0.03926875
santander,9,log_loss,lr-xgb,-0.029732064010153936,0.9070573867552005,0.02994375
santander,9,log_loss,gnb-knn,-0.17405983327687968,0.7683918971384621,0.05076875
santander,9,log_loss,gnb-rf,-0.05736115071081191,0.817826953508073,0.05076875
santander,9,log_loss,gnb-xgb,-0.020167080225990786,0.9285370808631889,0.02845625
santander,9,log_loss,knn-rf,-0.08737919621385987,0.9798374364775027,0.0
santander,9,log_loss,knn-xgb,-0.137095603498876,0.8508020257183072,0.033275
santander,9,log_loss,rf-xgb,-0.04138290713334514,0.8909207050437459,0.033275
santander,10,roc_auc,lr-gnb,0.018255789795828925,0.9486631116963707,0.02513125
santander,10,roc_auc,lr-knn,0.19657710434928194,0.8166165235237361,0.0401875
santander,10,roc_auc,lr-rf,0.092029935602702,0.842010255037865,0.0401875
santander,10,roc_auc,lr-xgb,0.04279039736151402,0.9071865317727423,0.03039375
santander,10,roc_auc,gnb-knn,0.24146741869619381,0.7643765110239471,0.05168125
santander,10,roc_auc,gnb-rf,0.07583007709627343,0.8139192452658971,0.05168125
santander,10,roc_auc,gnb-xgb,0.021417364504209502,0.9275046168511769,0.0290625
santander,10,roc_auc,knn-rf,0.1979624233569932,0.9802404098351941,0.0
santander,10,roc_auc,knn-xgb,0.22917468747630654,0.8486826161489451,0.03378125
santander,10,roc_auc,rf-xgb,0.05592449937147492,0.8888300225273797,0.03378125
santander,10,log_loss,lr-gnb,-0.012968453593964063,0.9486631116963707,0.02513125
santander,10,log_loss,lr-knn,-0.14877005671684357,0.8166165235237361,0.0401875
santander,10,log_loss,lr-rf,-0.053712691085509495,0.842010255037865,0.0401875
santander,10,log_loss,lr-xgb,-0.029349175876276834,0.9071865317727423,0.03039375
santander,10,log_loss,gnb-knn,-0.174919617765671,0.7643765110239471,0.05168125
santander,10,log_loss,gnb-rf,-0.0584306971237335,0.8139192452658971,0.05168125
santander,10,log_loss,gnb-xgb,-0.020310315157084424,0.9275046168511769,0.0290625
santander,10,log_loss,knn-rf,-0.08691324553991964,0.9802404098351941,0.0
santander,10,log_loss,knn-xgb,-0.13755887868859157,0.8486826161489451,0.03378125
santander,10,log_loss,rf-xgb,-0.04231241318925316,0.8888300225273797,0.03378125
santander,11,roc_auc,lr-gnb,0.01808176512860754,0.9485489366468204,0.0255
santander,11,roc_auc,lr-knn,0.1961047130809939,0.8186093565080114,0.039725
santander,11,roc_auc,lr-rf,0.09430918941209065,0.8433170402019585,0.039725
santander,11,roc_auc,lr-xgb,0.044499600669136274,0.9063181795109861,0.0309125
santander,11,roc_auc,gnb-knn,0.24155376953061403,0.7656039726197482,0.0514875
santander,11,roc_auc,gnb-rf,0.07667324270233311,0.8149383435296451,0.0514875
santander,11,roc_auc,gnb-xgb,0.021889943433010983,0.927439225127781,0.0287125
santander,11,roc_auc,knn-rf,0.19770216470977497,0.9798671263851131,0.0
santander,11,roc_auc,knn-xgb,0.2304731279784553,0.850112222425751,0.0334375
santander,11,roc_auc,rf-xgb,0.056147078019606056,0.8900371754101486,0.0334375
santander,11,log_loss,lr-gnb,-0.012929237952138475,0.9485489366468204,0.0255
santander,11,log_loss,lr-knn,-0.1472176681324521,0.8186093565080114,0.039725
santander,11,log_loss,lr-rf,-0.053256649346110574,0.8433170402019585,0.039725
santander,11,log_loss,lr-xgb,-0.029936758890920734,0.9063181795109861,0.0309125
santander,11,log_loss,gnb-knn,-0.17365272047920088,0.7656039726197482,0.0514875
santander,11,log_loss,gnb-rf,-0.057985564978409565,0.8149383435296451,0.0514875
santander,11,log_loss,gnb-xgb,-0.02055183561805496,0.927439225127781,0.0287125
santander,11,log_loss,knn-rf,-0.08634148404098857,0.9798671263851131,0.0
santander,11,log_loss,knn-xgb,-0.13661802779734045,0.850112222425751,0.0334375
santander,11,log_loss,rf-xgb,-0.04179439272773955,0.8900371754101486,0.0334375
santander,12,roc_auc,lr-gnb,0.018077868751209314,0.9487997398945726,0.02491875
santander,12,roc_auc,lr-knn,0.19849282879545246,0.8182736114278469,0.04020625
santander,12,roc_auc,lr-rf,0.09171984233223052,0.8437357733079468,0.04020625
santander,12,roc_auc,lr-xgb,0.04283267024594717,0.907893805024745,0.0301875
santander,12,roc_auc,gnb-knn,0.24351339601469935,0.7652673608691493,0.05115
santander,12,roc_auc,gnb-rf,0.07408951733403968,0.8150431585999374,0.05115
santander,12,roc_auc,gnb-xgb,0.020849096475381024,0.9290625608002776,0.02799375
santander,12,roc_auc,knn-rf,0.2010419437839086,0.9801400293886203,0.0
santander,12,roc_auc,knn-xgb,0.23262830716493504,0.8496472571656943,0.03366875
santander,12,roc_auc,rf-xgb,0.05481209658763797,0.8901082029568333,0.03366875
santander,12,log_loss,lr-gnb,-0.012887319206734735,0.9487997398945726,0.02491875
santander,12,log_loss,lr-knn,-0.14886875135930766,0.8182736114278469,0.04020625
santander,12,log_loss,lr-rf,-0.053034432088401584,0.8437357733079468,0.04020625
santander,12,log_loss,lr-xgb,-0.029206665259417675,0.907893805024745,0.0301875
santander,12,log_loss,gnb-knn,-0.1750936400437605,0.7652673608691493,0.05115
santander,12,log_loss,gnb-rf,-0.05773277210233446,0.8150431585999374,0.05115
santander,12,log_loss,gnb-xgb,-0.01997325094825314,0.9290625608002776,0.02799375
santander,12,log_loss,knn-rf,-0.08784082968177082,0.9801400293886203,0.0
santander,12,log_loss,knn-xgb,-0.13765597247907335,0.8496472571656943,0.03366875
santander,12,log_loss,rf-xgb,-0.04163166414563946,0.8901082029568333,0.03366875
santander,13,roc_auc,lr-gnb,0.018233477040080104,0.9488936233451841,0.0249875
santander,13,roc_auc,lr-knn,0.19637010533542637,0.8194681653848652,0.0393625
santander,13,roc_auc,lr-rf,0.09438758609574682,0.8442473323994004,0.0393625
santander,13,roc_auc,lr-xgb,0.043955420068853446,0.9083531324036086,0.029725
santander,13,roc_auc,gnb-knn,0.2420427048929632,0.7658081560077835,0.0513
santander,13,roc_auc,gnb-rf,0.07682005975846895,0.8151947906226641,0.0513
santander,13,roc_auc,gnb-xgb,0.021046661444063752,0.9281887584418547,0.028875
santander,13,roc_auc,knn-rf,0.19875470436239406,0.9801671345340026,0.0
santander,13,roc_auc,knn-xgb,0.23117598326902616,0.8503972660440358,0.0335375
santander,13,roc_auc,rf-xgb,0.05661733806602598,0.8901123911140365,0.0335375
santander,13,log_loss,lr-gnb,-0.012944083401524212,0.9488936233451841,0.0249875
santander,13,log_loss,lr-knn,-0.14702652059933174,0.8194681653848652,0.0393625
santander,13,log_loss,lr-rf,-0.05338248127788431,0.8442473323994004,0.0393625
santander,13,log_loss,lr-xgb,-0.029414927261387835,0.9083531324036086,0.029725
santander,13,log_loss,gnb-knn,-0.17376043599522495,0.7658081560077835,0.0513
santander,13,log_loss,gnb-rf,-0.058273388811860116,0.8151947906226641,0.0513
santander,13,log_loss,gnb-xgb,-0.020208124076641132,0.9281887584418547,0.028875
santander,13,log_loss,knn-rf,-0.0866423693277491,0.9801671345340026,0.0
santander,13,log_loss,knn-xgb,-0.1366807077514829,0.8503972660440358,0.0335375
santander,13,log_loss,rf-xgb,-0.042126496858514884,0.8901123911140365,0.0335375
santander,14,roc_auc,lr-gnb,0.017403142351304746,0.9489600501322321,0.02501875
santander,14,roc_auc,lr-knn,0.1970380732290271,0.8183834380291267,0.03983125
santander,14,roc_auc,lr-rf,0.09241893015668945,0.8432032341863436,0.03983125
santander,14,roc_auc,lr-xgb,0.042579194682984545,0.9072905429243874,0.030175
santander,14,roc_auc,gnb-knn,0.24183478353637877,0.7657828093438782,0.0512125
santander,14,roc_auc,gnb-rf,0.07658966899515707,0.8148535713578723,0.0512125
santander,14,roc_auc,gnb-xgb,0.020635893849362152,0.927786195723232,0.02878125
santander,14,roc_auc,knn-rf,0.1978647928405377,0.980289909603171,0.0
santander,14,roc_auc,knn-xgb,0.23119009006381736,0.8502035095686296,0.03376875
santander,14,roc_auc,rf-xgb,0.057242032550903765,0.889661078165293,0.03376875
santander,14,log_loss,lr-gnb,-0.012721593972372713,0.9489600501322321,0.02501875
santander,14,log_loss,lr-knn,-0.14746565737577286,0.8183834380291267,0.03983125
santander,14,log_loss,lr-rf,-0.05360728601870085,0.8432032341863436,0.03983125
santander,14,log_loss,lr-xgb,-0.029442426359595097,0.9072905429243874,0.030175
santander,14,log_loss,gnb-knn,-0.17343557980447566,0.7657828093438782,0.0512125
santander,14,log_loss,gnb-rf,-0.05855296124194023,0.8148535713578723,0.0512125
santander,14,log_loss,gnb-xgb,-0.02024665011535637,0.927786195723232,0.02878125
santander,14,log_loss,knn-rf,-0.08588771874156731,0.980289909603171,0.0
santander,14,log_loss,knn-xgb,-0.1360982475846245,0.8502035095686296,0.03376875
santander,14,log_loss,rf-xgb,-0.04249619680175132,0.889661078165293,0.03376875
santander,15,roc_auc,lr-gnb,0.01830518466038089,0.9485155725674566,0.02515625
santander,15,roc_auc,lr-knn,0.20017006441871998,0.8189917161911716,0.03953125
santander,15,roc_auc,lr-rf,0.09144526952921661,0.8442500957978186,0.03953125
santander,15,roc_auc,lr-xgb,0.04226416522538856,0.9075794916234614,0.03025625
santander,15,roc_auc,gnb-knn,0.24772219562863773,0.7660862665761229,0.0510875
santander,15,roc_auc,gnb-rf,0.07571248767821981,0.8158460229297853,0.0510875
santander,15,roc_auc,gnb-xgb,0.019696044997246642,0.9281465303545234,0.028575
santander,15,roc_auc,knn-rf,0.20228584588804166,0.979992093955468,0.0
santander,15,roc_auc,knn-xgb,0.23484756665272907,0.8515473605589736,0.0331875
santander,15,roc_auc,rf-xgb,0.05502316075937097,0.8915242336553865,0.0331875
santander,15,log_loss,lr-gnb,-0.01304127579467565,0.9485155725674566,0.02515625
santander,15,log_loss,lr-knn,-0.14823691709437303,0.8189917161911716,0.03953125
santander,15,log_loss,lr-rf,-0.052836565876961256,0.8442500957978186,0.03953125
santander,15,log_loss,lr-xgb,-0.02919929608970745,0.9075794916234614,0.03025625
santander,15,log_loss,gnb-knn,-0.17524689618342992,0.7660862665761229,0.0510875
santander,15,log_loss,gnb-rf,-0.05779298434580729,0.8158460229297853,0.0510875
santander,15,log_loss,gnb-xgb,-0.019967863959891058,0.9281465303545234,0.028575
santander,15,log_loss,knn-rf,-0.08789488249689142,0.979992093955468,0.0
santander,15,log_loss,knn-xgb,-0.13700646975484013,0.8515473605589736,0.0331875
santander,15,log_loss,rf-xgb,-0.04126068810461592,0.8915242336553865,0.0331875
santander,16,roc_auc,lr-gnb,0.018086078162680264,0.948669253603155,0.02535
santander,16,roc_auc,lr-knn,0.19473277435531045,0.818646126878142,0.03965625
santander,16,roc_auc,lr-rf,0.08912866047418622,0.8443234271746279,0.03965625
santander,16,roc_auc,lr-xgb,0.04337073164798744,0.9075113356641261,0.0302875
santander,16,roc_auc,gnb-knn,0.2414015912662011,0.7645601930944165,0.05173125
santander,16,roc_auc,gnb-rf,0.0728016845370153,0.814856610373441,0.05173125
santander,16,roc_auc,gnb-xgb,0.02027313512496498,0.9286088171623441,0.0288375
santander,16,roc_auc,knn-rf,0.19992400195905824,0.9798862430534858,0.0
santander,16,roc_auc,knn-xgb,0.2314675221624186,0.8482885214827611,0.03383125
santander,16,roc_auc,rf-xgb,0.054721964958611036,0.8891009885819169,0.03383125
santander,16,log_loss,lr-gnb,-0.012749797620657352,0.948669253603155,0.02535
santander,16,log_loss,lr-knn,-0.1498398086364909,0.818646126878142,0.03965625
santander,16,log_loss,lr-rf,-0.05279243079400797,0.8443234271746279,0.03965625
santander,16,log_loss,lr-xgb,-0.029131133532418307,0.9075113356641261,0.0302875
santander,16,log_loss,gnb-knn,-0.1770247417511952,0.7645601930944165,0.05173125
santander,16,log_loss,gnb-rf,-0.05790907317506569,0.814856610373441,0.05173125
santander,16,log_loss,gnb-xgb,-0.01969934956640798,0.9286088171623441,0.0288375
santander,16,log_loss,knn-rf,-0.08962326845657204,0.9798862430534858,0.0
santander,16,log_loss,knn-xgb,-0.14001629501686497,0.8482885214827611,0.03383125
santander,16,log_loss,rf-xgb,-0.042059101838557544,0.8891009885819169,0.03383125
santander,17,roc_auc,lr-gnb,0.01861756770430295,0.9490619389429198,0.0252
santander,17,roc_auc,lr-knn,0.20123724854567265,0.8193904304439694,0.03965
santander,17,roc_auc,lr-rf,0.09069135959148633,0.8446568296619232,0.03965
santander,17,roc_auc,lr-xgb,0.04418129398276993,0.9079209491192918,0.03034375
santander,17,roc_auc,gnb-knn,0.2487649148265385,0.7670981388591426,0.0510375
santander,17,roc_auc,gnb-rf,0.07399382979972557,0.8160905734790906,0.0510375
santander,17,roc_auc,gnb-xgb,0.02099809451226564,0.9287289414888164,0.02849375
santander,17,roc_auc,knn-rf,0.20377511776591972,0.9805436379737987,0.0
santander,17,roc_auc,knn-xgb,0.23659188191783243,0.8499906377576479,0.03344375
santander,17,roc_auc,rf-xgb,0.05405571324585923,0.8899784026046466,0.03344375
santander,17,log_loss,lr-gnb,-0.012976461828864999,0.9490619389429198,0.0252
santander,17,log_loss,lr-knn,-0.14850847065572045,0.8193904304439694,0.03965
santander,17,log_loss,lr-rf,-0.0532485367942212,0.8446568296619232,0.03965
santander,17,log_loss,lr-xgb,-0.029723017634751325,0.9079209491192918,0.03034375
santander,17,log_loss,gnb-knn,-0.17495043815766287,0.7670981388591426,0.0510375
santander,17,log_loss,gnb-rf,-0.05788818922603925,0.8160905734790906,0.0510375
santander,17,log_loss,gnb-xgb,-0.02014809822555741,0.9287289414888164,0.02849375
santander,17,log_loss,knn-rf,-0.08745084958044003,0.9805436379737987,0.0
santander,17,log_loss,knn-xgb,-0.13775266813535014,0.8499906377576479,0.03344375
santander,17,log_loss,rf-xgb,-0.04242265174743742,0.8899784026046466,0.03344375
santander,18,roc_auc,lr-gnb,0.018376054071151116,0.9483701696527213,0.02498125
santander,18,roc_auc,lr-knn,0.19907032642055983,0.8183704401367641,0.03981875
santander,18,roc_auc,lr-rf,0.09219580937701022,0.8436392006750251,0.03981875
santander,18,roc_auc,lr-xgb,0.044605211616027374,0.9073785601441217,0.0295125
santander,18,roc_auc,gnb-knn,0.24488508944634635,0.7650514735249535,0.05135
santander,18,roc_auc,gnb-rf,0.07513919628889176,0.8148918364131422,0.05135
santander,18,roc_auc,gnb-xgb,0.021530586160319554,0.9277367942854663,0.02823125
santander,18,roc_auc,knn-rf,0.20090254577677413,0.9798424048055692,0.0
santander,18,roc_auc,knn-xgb,0.23158793071856854,0.8507241094260976,0.03351875
santander,18,roc_auc,rf-xgb,0.05439397376864186,0.8907918892414561,0.03351875
santander,18,log_loss,lr-gnb,-0.013033969292351164,0.9483701696527213,0.02498125
santander,18,log_loss,lr-knn,-0.14771173742366606,0.8183704401367641,0.03981875
santander,18,log_loss,lr-rf,-0.053100712709661296,0.8436392006750251,0.03981875
santander,18,log_loss,lr-xgb,-0.029888622118486752,0.9073785601441217,0.0295125
santander,18,log_loss,gnb-knn,-0.17421896302439588,0.7650514735249535,0.05135
santander,18,log_loss,gnb-rf,-0.057779523171200886,0.8148918364131422,0.05135
santander,18,log_loss,gnb-xgb,-0.020490443705992623,0.9277367942854663,0.02823125
santander,18,log_loss,knn-rf,-0.08673995056637862,0.9798424048055692,0.0
santander,18,log_loss,knn-xgb,-0.135791548557341,0.8507241094260976,0.03351875
santander,18,log_loss,rf-xgb,-0.041466309820302194,0.8907918892414561,0.03351875
santander,19,roc_auc,lr-gnb,0.017898750568898558,0.9488326787665553,0.0250625
santander,19,roc_auc,lr-knn,0.19610502489139642,0.8187528539269706,0.0396625
santander,19,roc_auc,lr-rf,0.09219075845331237,0.8441104194259429,0.0396625
santander,19,roc_auc,lr-xgb,0.04254275910349947,0.906925883301235,0.03051875
santander,19,roc_auc,gnb-knn,0.24388563722087753,0.7657025040564861,0.0514125
santander,19,roc_auc,gnb-rf,0.07630975579189159,0.8154920425845943,0.0514125
santander,19,roc_auc,gnb-xgb,0.020797474195998422,0.9272372052171526,0.02904375
santander,19,roc_auc,knn-rf,0.1976698184697414,0.9797512077938435,0.0
santander,19,roc_auc,knn-xgb,0.2324663620203225,0.8504103328426333,0.03341875
santander,19,roc_auc,rf-xgb,0.05666372642929618,0.8906858938365624,0.03341875
santander,19,log_loss,lr-gnb,-0.01280943545959165,0.9488326787665553,0.0250625
santander,19,log_loss,lr-knn,-0.14746949673933663,0.8187528539269706,0.0396625
santander,19,log_loss,lr-rf,-0.053246180774547985,0.8441104194259429,0.0396625
santander,19,log_loss,lr-xgb,-0.02930531624563104,0.906925883301235,0.03051875
santander,19,log_loss,gnb-knn,-0.17412027321586532,0.7657025040564861,0.0514125
santander,19,log_loss,gnb-rf,-0.058011540710024456,0.8154920425845943,0.0514125
santander,19,log_loss,gnb-xgb,-0.020305169059693595,0.9272372052171526,0.02904375
santander,19,log_loss,knn-rf,-0.0867131788757089,0.9797512077938435,0.0
santander,19,log_loss,knn-xgb,-0.1368714526116368,0.8504103328426333,0.03341875
santander,19,log_loss,rf-xgb,-0.04188643778794032,0.8906858938365624,0.03341875
santander,20,roc_auc,lr-gnb,0.01884079913899117,0.9479381638404751,0.0254875
santander,20,roc_auc,lr-knn,0.20016055295848006,0.8179393611588247,0.0398625
santander,20,roc_auc,lr-rf,0.09359352700305901,0.8431219746614288,0.0398625
santander,20,roc_auc,lr-xgb,0.044406503705024525,0.9063848952385918,0.03008125
santander,20,roc_auc,gnb-knn,0.24664986587097726,0.7647809107111679,0.0515875
santander,20,roc_auc,gnb-rf,0.07736021541441618,0.8144571354323477,0.0515875
santander,20,roc_auc,gnb-xgb,0.021695626514490862,0.9270001125255186,0.02885625
santander,20,roc_auc,knn-rf,0.20076548723083754,0.9797875064928292,0.0
santander,20,roc_auc,knn-xgb,0.23324525992195516,0.8503265004083104,0.03371875
santander,20,roc_auc,rf-xgb,0.05521662278152606,0.8904085486805479,0.03371875
santander,20,log_loss,lr-gnb,-0.013286176010096518,0.9479381638404751,0.0254875
santander,20,log_loss,lr-knn,-0.14802127122171022,0.8179393611588247,0.0398625
santander,20,log_loss,lr-rf,-0.053326146838296035,0.8431219746614288,0.0398625
santander,20,log_loss,lr-xgb,-0.029998446458895434,0.9063848952385918,0.03008125
santander,20,log_loss,gnb-knn,-0.17473967610316643,0.7647809107111679,0.0515875
santander,20,log_loss,gnb-rf,-0.05839374549357845,0.8144571354323477,0.0515875
santander,20,log_loss,gnb-xgb,-0.02070665459990781,0.9270001125255186,0.02885625
santander,20,log_loss,knn-rf,-0.08702905375337794,0.9797875064928292,0.0
santander,20,log_loss,knn-xgb,-0.13670706174236993,0.8503265004083104,0.03371875
santander,20,log_loss,rf-xgb,-0.041727303615174516,0.8904085486805479,0.03371875
santander,21,roc_auc,lr-gnb,0.01894148517372296,0.9483763825369778,0.025225
santander,21,roc_auc,lr-knn,0.19448111978953675,0.8181394298538816,0.03984375
santander,21,roc_auc,lr-rf,0.09417000441247292,0.8433277816542805,0.03984375
santander,21,roc_auc,lr-xgb,0.04402897274886808,0.907199943223068,0.03013125
santander,21,roc_auc,gnb-knn,0.23960761575363598,0.7665199692168359,0.05113125
santander,21,roc_auc,gnb-rf,0.0769726524227401,0.816079531200654,0.05113125
santander,21,roc_auc,gnb-xgb,0.021252587355560126,0.9280112144976658,0.02880625
santander,21,roc_auc,knn-rf,0.19786438105110005,0.9800354802096649,0.0
santander,21,roc_auc,knn-xgb,0.23029776419153736,0.8505540830437304,0.03325
santander,21,roc_auc,rf-xgb,0.05524525339699382,0.8907602104415571,0.03325
santander,21,log_loss,lr-gnb,-0.013281987653824115,0.9483763825369778,0.025225
santander,21,log_loss,lr-knn,-0.14656067070051915,0.8181394298538816,0.03984375
santander,21,log_loss,lr-rf,-0.053959520053843135,0.8433277816542805,0.03984375
santander,21,log_loss,lr-xgb,-0.02973523079877305,0.907199943223068,0.03013125
santander,21,log_loss,gnb-knn,-0.17234206119736473,0.7665199692168359,0.05113125
santander,21,log_loss,gnb-rf,-0.058302539293135,0.816079531200654,0.05113125
santander,21,log_loss,gnb-xgb,-0.0203276429551624,0.9280112144976658,0.02880625
santander,21,log_loss,knn-rf,-0.08520105877691103,0.9800354802096649,0.0
santander,21,log_loss,knn-xgb,-0.13538610716483046,0.8505540830437304,0.03325
santander,21,log_loss,rf-xgb,-0.04186082009236969,0.8907602104415571,0.03325
santander,22,roc_auc,lr-gnb,0.017988962882783344,0.9486150930986299,0.025325
santander,22,roc_auc,lr-knn,0.198916725857233,0.8192034178913706,0.0396625
santander,22,roc_auc,lr-rf,0.09294528475009545,0.8439915250218678,0.0396625
santander,22,roc_auc,lr-xgb,0.0437132236782507,0.9069546923970372,0.03006875
santander,22,roc_auc,gnb-knn,0.24516396656683614,0.7663612412337745,0.0513
santander,22,roc_auc,gnb-rf,0.07546152298072517,0.8156894902065929,0.0513
santander,22,roc_auc,gnb-xgb,0.020680382921865248,0.9282849599451793,0.02801875
santander,22,roc_auc,knn-rf,0.20219967296557995,0.9800069069437782,0.0
santander,22,roc_auc,knn-xgb,0.23381923694854995,0.8494097508720403,0.03386875
santander,22,roc_auc,rf-xgb,0.055012310024523,0.8898718457593038,0.03386875
santander,22,log_loss,lr-gnb,-0.012951562655690654,0.9486150930986299,0.025325
santander,22,log_loss,lr-knn,-0.1469364943441255,0.8192034178913706,0.0396625
santander,22,log_loss,lr-rf,-0.05326607717122847,0.8439915250218678,0.0396625
santander,22,log_loss,lr-xgb,-0.02970129532583643,0.9069546923970372,0.03006875
santander,22,log_loss,gnb-knn,-0.17342624699602927,0.7663612412337745,0.0513
santander,22,log_loss,gnb-rf,-0.057844516272782115,0.8156894902065929,0.0513
santander,22,log_loss,gnb-xgb,-0.020135429300819768,0.9282849599451793,0.02801875
santander,22,log_loss,knn-rf,-0.08639827759382523,0.9800069069437782,0.0
santander,22,log_loss,knn-xgb,-0.1367491014905322,0.8494097508720403,0.03386875
santander,22,log_loss,rf-xgb,-0.041743143990161546,0.8898718457593038,0.03386875
santander,23,roc_auc,lr-gnb,0.01840936700691076,0.948897791885614,0.0252625
santander,23,roc_auc,lr-knn,0.19992985873683353,0.8190097255014687,0.0396
santander,23,roc_auc,lr-rf,0.09378688536864643,0.8443786870529357,0.0396
santander,23,roc_auc,lr-xgb,0.04394466284247889,0.9075267983545043,0.0300875
santander,23,roc_auc,gnb-knn,0.24691123509636714,0.7666491312183131,0.0511375
santander,23,roc_auc,gnb-rf,0.07634203285147656,0.8166292528057525,0.0511375
santander,23,roc_auc,gnb-xgb,0.02101516090049471,0.9290426689666441,0.0279875
santander,23,roc_auc,knn-rf,0.20087874498446223,0.9798021813299189,0.0
santander,23,roc_auc,knn-xgb,0.2347098447141526,0.8495926374284709,0.033775
santander,23,roc_auc,rf-xgb,0.054613834811096496,0.8904293558807601,0.033775
santander,23,log_loss,lr-gnb,-0.012914867181906736,0.948897791885614,0.0252625
santander,23,log_loss,lr-knn,-0.148577549940627,0.8190097255014687,0.0396
santander,23,log_loss,lr-rf,-0.053277926321150276,0.8443786870529357,0.0396
santander,23,log_loss,lr-xgb,-0.029613630249498146,0.9075267983545043,0.0300875
santander,23,log_loss,gnb-knn,-0.17495418059807477,0.7666491312183131,0.0511375
santander,23,log_loss,gnb-rf,-0.057487128447013286,0.8166292528057525,0.0511375
santander,23,log_loss,gnb-xgb,-0.01994304029221225,0.9290426689666441,0.0279875
santander,23,log_loss,knn-rf,-0.08800399804074704,0.9798021813299189,0.0
santander,23,log_loss,knn-xgb,-0.13797250049523438,0.8495926374284709,0.033775
santander,23,log_loss,rf-xgb,-0.041481715556519694,0.8904293558807601,0.033775
santander,24,roc_auc,lr-gnb,0.01798007914411659,0.948913853191109,0.02498125
santander,24,roc_auc,lr-knn,0.19836593501495173,0.8169672991295395,0.04003125
santander,24,roc_auc,lr-rf,0.09330498949232036,0.842196605777077,0.04003125
santander,24,roc_auc,lr-xgb,0.04356410123574084,0.9064236992755693,0.03041875
santander,24,roc_auc,gnb-knn,0.24367827569463918,0.7659328242475171,0.051125
santander,24,roc_auc,gnb-rf,0.07622413190319155,0.8153779355546751,0.051125
santander,24,roc_auc,gnb-xgb,0.021026818437740347,0.9284450730763739,0.0285125
santander,24,roc_auc,knn-rf,0.19958159090576233,0.9800069599701793,0.0
santander,24,roc_auc,knn-xgb,0.2322346545825726,0.8501600075885517,0.033425
santander,24,roc_auc,rf-xgb,0.05656855778150183,0.8899501253829224,0.033425
santander,24,log_loss,lr-gnb,-0.012890676312476312,0.948913853191109,0.02498125
santander,24,log_loss,lr-knn,-0.1475219520338805,0.8169672991295395,0.04003125
santander,24,log_loss,lr-rf,-0.05363649033463866,0.842196605777077,0.04003125
santander,24,log_loss,lr-xgb,-0.02976308218331125,0.9064236992755693,0.03041875
santander,24,log_loss,gnb-knn,-0.17310542366117854,0.7659328242475171,0.051125
santander,24,log_loss,gnb-rf,-0.057831924474369245,0.8153779355546751,0.051125
santander,24,log_loss,gnb-xgb,-0.02011656246799426,0.9284450730763739,0.0285125
santander,24,log_loss,knn-rf,-0.08584832957954802,0.9800069599701793,0.0
santander,24,log_loss,knn-xgb,-0.13609837813809347,0.8501600075885517,0.033425
santander,24,log_loss,rf-xgb,-0.04184162281826165,0.8899501253829224,0.033425
santander,25,roc_auc,lr-gnb,0.018837341039852296,0.948481897091954,0.0251875
santander,25,roc_auc,lr-knn,0.1953591453265372,0.8193983920870597,0.03946875
santander,25,roc_auc,lr-rf,0.09423841918265163,0.8444657709750099,0.03946875
santander,25,roc_auc,lr-xgb,0.04288931221356784,0.9078920621001549,0.02973125
santander,25,roc_auc,gnb-knn,0.24145637353990113,0.7651828437653002,0.05138125
santander,25,roc_auc,gnb-rf,0.07686592221343724,0.8152750015743984,0.05138125
santander,25,roc_auc,gnb-xgb,0.020426602340267386,0.9283041795492291,0.02819375
santander,25,roc_auc,knn-rf,0.19624918467784158,0.9798822436614665,0.0
santander,25,roc_auc,knn-xgb,0.23147168996797635,0.8503764110070964,0.0336
santander,25,roc_auc,rf-xgb,0.05590704664356272,0.8908075234591206,0.0336
santander,25,log_loss,lr-gnb,-0.01314682620877998,0.948481897091954,0.0251875
santander,25,log_loss,lr-knn,-0.14673671803071933,0.8193983920870597,0.03946875
santander,25,log_loss,lr-rf,-0.0528949167264324,0.8444657709750099,0.03946875
santander,25,log_loss,lr-xgb,-0.029280016706397516,0.9078920621001549,0.02973125
santander,25,log_loss,gnb-knn,-0.17371612814398718,0.7651828437653002,0.05138125
santander,25,log_loss,gnb-rf,-0.05779490340851795,0.8152750015743984,0.05138125
santander,25,log_loss,gnb-xgb,-0.020099705992993988,0.9283041795492291,0.02819375
santander,25,log_loss,knn-rf,-0.08627510926514503,0.9798822436614665,0.0
santander,25,log_loss,knn-xgb,-0.13636526063728732,0.8503764110070964,0.0336
santander,25,log_loss,rf-xgb,-0.04150585661094075,0.8908075234591206,0.0336
santander,26,roc_auc,lr-gnb,0.018383770673696453,0.9485092026936293,0.02509375
santander,26,roc_auc,lr-knn,0.19573686839339954,0.8185655359620775,0.03959375
santander,26,roc_auc,lr-rf,0.09235750466266102,0.8437247351596828,0.03959375
santander,26,roc_auc,lr-xgb,0.043400593438485346,0.9065258820200496,0.0304
santander,26,roc_auc,gnb-knn,0.2411947194836408,0.7660921855401573,0.0512875
santander,26,roc_auc,gnb-rf,0.07539069563006606,0.8160365455368122,0.0512875
santander,26,roc_auc,gnb-xgb,0.02114430242295784,0.9274905760579557,0.02880625
santander,26,roc_auc,knn-rf,0.19716328527382876,0.9798554486302592,0.0
santander,26,roc_auc,knn-xgb,0.2295178835234239,0.8489931241823223,0.03384375
santander,26,roc_auc,rf-xgb,0.054659046182824245,0.8892613707562647,0.03384375
santander,26,log_loss,lr-gnb,-0.013089632293074346,0.9485092026936293,0.02509375
santander,26,log_loss,lr-knn,-0.14658437228135174,0.8185655359620775,0.03959375
santander,26,log_loss,lr-rf,-0.053243440893720656,0.8437247351596828,0.03959375
santander,26,log_loss,lr-xgb,-0.029731225348258505,0.9065258820200496,0.0304
santander,26,log_loss,gnb-knn,-0.1729162433864626,0.7660921855401573,0.0512875
santander,26,log_loss,gnb-rf,-0.05790333691832525,0.8160365455368122,0.0512875
santander,26,log_loss,gnb-xgb,-0.020339442709008698,0.9274905760579557,0.02880625
santander,26,log_loss,knn-rf,-0.085499273489278,0.9798554486302592,0.0
santander,26,log_loss,knn-xgb,-0.13609786542185887,0.8489931241823223,0.03384375
santander,26,log_loss,rf-xgb,-0.04231326141989622,0.8892613707562647,0.03384375
santander,27,roc_auc,lr-gnb,0.01786838372252636,0.9485420287853319,0.0249875
santander,27,roc_auc,lr-knn,0.19697124743195643,0.818364543076272,0.03989375
santander,27,roc_auc,lr-rf,0.09178355743877564,0.8433891408540458,0.03989375
santander,27,roc_auc,lr-xgb,0.043227356826237795,0.9069398174978041,0.03024375
santander,27,roc_auc,gnb-knn,0.24273884963457615,0.7656789438816861,0.05119375
santander,27,roc_auc,gnb-rf,0.07568358384634932,0.8151332269631076,0.05119375
santander,27,roc_auc,gnb-xgb,0.02044009651399592,0.9277716448739917,0.02886875
santander,27,roc_auc,knn-rf,0.19949505508047616,0.9801487117632528,0.0
santander,27,roc_auc,knn-xgb,0.233142082519956,0.850905945193958,0.0334875
santander,27,roc_auc,rf-xgb,0.05463258369103574,0.8908522282346952,0.0334875
santander,27,log_loss,lr-gnb,-0.012942253266032905,0.9485420287853319,0.0249875
santander,27,log_loss,lr-knn,-0.14735181360996774,0.818364543076272,0.03989375
santander,27,log_loss,lr-rf,-0.053223634483189286,0.8433891408540458,0.03989375
santander,27,log_loss,lr-xgb,-0.029502697151408963,0.9069398174978041,0.03024375
santander,27,log_loss,gnb-knn,-0.17387743648357223,0.7656789438816861,0.05119375
santander,27,log_loss,gnb-rf,-0.05794291847160002,0.8151332269631076,0.05119375
santander,27,log_loss,gnb-xgb,-0.020132001874030137,0.9277716448739917,0.02886875
santander,27,log_loss,knn-rf,-0.08599460249025037,0.9801487117632528,0.0
santander,27,log_loss,knn-xgb,-0.13654603277326388,0.850905945193958,0.0334875
santander,27,log_loss,rf-xgb,-0.041485839347424,0.8908522282346952,0.0334875
santander,28,roc_auc,lr-gnb,0.018060284126992787,0.9485362239183953,0.02515
santander,28,roc_auc,lr-knn,0.1968641405095241,0.8185482259314588,0.0398
santander,28,roc_auc,lr-rf,0.09281243459132416,0.843786184960897,0.0398
santander,28,roc_auc,lr-xgb,0.04500964124605633,0.9065625991553783,0.0303375
santander,28,roc_auc,gnb-knn,0.24269907985474903,0.7651352937122231,0.051225
santander,28,roc_auc,gnb-rf,0.07612285919585404,0.8150599607335657,0.051225
santander,28,roc_auc,gnb-xgb,0.021218563981465266,0.9281673673609642,0.02865
santander,28,roc_auc,knn-rf,0.19779218893122197,0.9802696710406995,0.0
santander,28,roc_auc,knn-xgb,0.2325607074010977,0.8493116457542237,0.03365
santander,28,roc_auc,rf-xgb,0.05512303472383806,0.8898057539344976,0.03365
santander,28,log_loss,lr-gnb,-0.012958977830380733,0.9485362239183953,0.02515
santander,28,log_loss,lr-knn,-0.14698848205905174,0.8185482259314588,0.0398
santander,28,log_loss,lr-rf,-0.05354889817543926,0.843786184960897,0.0398
santander,28,log_loss,lr-xgb,-0.030120731377785204,0.9065625991553783,0.0303375
santander,28,log_loss,gnb-knn,-0.17349779217941563,0.7651352937122231,0.051225
santander,28,log_loss,gnb-rf,-0.058358460032627346,0.8150599607335657,0.051225
santander,28,log_loss,gnb-xgb,-0.02031402511787636,0.9281673673609642,0.02865
santander,28,log_loss,knn-rf,-0.0858705603244439,0.9802696710406995,0.0
santander,28,log_loss,knn-xgb,-0.13637798305796592,0.8493116457542237,0.03365
santander,28,log_loss,rf-xgb,-0.04175421452179695,0.8898057539344976,0.03365
santander,29,roc_auc,lr-gnb,0.018222671754069997,0.9483078202025057,0.02536875
santander,29,roc_auc,lr-knn,0.19953597247974364,0.8182291865926246,0.03965625
santander,29,roc_auc,lr-rf,0.09276123252167168,0.8432115369617212,0.03965625
santander,29,roc_auc,lr-xgb,0.043479812202946944,0.9056331758495295,0.03039375
santander,29,roc_auc,gnb-knn,0.24530945996078524,0.7658733049052712,0.0510875
santander,29,roc_auc,gnb-rf,0.07573836296166803,0.8154243128065962,0.0510875
santander,29,roc_auc,gnb-xgb,0.020686624044399804,0.9276669009038659,0.0287625
santander,29,roc_auc,knn-rf,0.20115352226512306,0.9799197311284897,0.0
santander,29,roc_auc,knn-xgb,0.23656227475236002,0.849945911846251,0.033675
santander,29,roc_auc,rf-xgb,0.05634108412070571,0.8901291901592788,0.033675
santander,29,log_loss,lr-gnb,-0.012970080995064054,0.9483078202025057,0.02536875
santander,29,log_loss,lr-knn,-0.14988465996844605,0.8182291865926246,0.03965625
santander,29,log_loss,lr-rf,-0.05351643754223309,0.8432115369617212,0.03965625
santander,29,log_loss,lr-xgb,-0.0297657528573802,0.9056331758495295,0.03039375
santander,29,log_loss,gnb-knn,-0.17637894437588397,0.7658733049052712,0.0510875
santander,29,log_loss,gnb-rf,-0.05797649272823624,0.8154243128065962,0.0510875
santander,29,log_loss,gnb-xgb,-0.02020100758556223,0.9276669009038659,0.0287625
santander,29,log_loss,knn-rf,-0.08851080902087066,0.9799197311284897,0.0
santander,29,log_loss,knn-xgb,-0.13921042315642457,0.849945911846251,0.033675
santander,29,log_loss,rf-xgb,-0.041572389541002175,0.8901291901592788,0.033675
bnp,0,roc_auc,lr-gnb,0.15169294612771445,-0.2624038408057073,0.7275739153254024
bnp,0,roc_auc,lr-knn,0.08538837111358549,0.8939132266117346,0.06453376487053884
bnp,0,roc_auc,lr-rf,0.009315094596039852,0.950094852055006,0.055841060181945415
bnp,0,roc_auc,lr-xgb,0.031117175405648956,0.9080991731734513,0.07516182645206439
bnp,0,roc_auc,gnb-knn,0.08887086655983722,-0.36863141648412734,0.784541200139958
bnp,0,roc_auc,gnb-rf,0.1572291274866513,-0.3259855929539602,0.7543080825752274
bnp,0,roc_auc,gnb-xgb,0.16741184107434237,-0.2618856737338109,0.7076955038488454
bnp,0,roc_auc,knn-rf,0.06095000001981554,0.9409638582188504,0.03642188593421974
bnp,0,roc_auc,knn-xgb,0.11467224781042332,0.8411602468529736,0.08775804758572428
bnp,0,roc_auc,rf-xgb,0.019346209778990264,0.9250050777040333,0.06452283065080476
bnp,0,log_loss,lr-gnb,-4.131319817246782,-0.2624038408057073,0.7275739153254024
bnp,0,log_loss,lr-knn,0.37987020374446684,0.8939132266117346,0.06453376487053884
bnp,0,log_loss,lr-rf,0.39540381151227844,0.950094852055006,0.055841060181945415
bnp,0,log_loss,lr-xgb,0.3786408843553146,0.9080991731734513,0.07516182645206439
bnp,0,log_loss,gnb-knn,-4.140589340516914,-0.36863141648412734,0.784541200139958
bnp,0,log_loss,gnb-rf,-4.14785240405093,-0.3259855929539602,0.7543080825752274
bnp,0,log_loss,gnb-xgb,-4.180635856966486,-0.2618856737338109,0.7076955038488454
bnp,0,log_loss,knn-rf,0.39748175359233706,0.9409638582188504,0.03642188593421974
bnp,0,log_loss,knn-xgb,0.3588066033656356,0.8411602468529736,0.08775804758572428
bnp,0,log_loss,rf-xgb,0.3839577271710104,0.9250050777040333,0.06452283065080476
bnp,1,roc_auc,lr-gnb,0.15852360655830927,-0.26935196429934344,0.7325599195241428
bnp,1,roc_auc,lr-knn,0.08630713266211099,0.8948852535258479,0.061636196641007696
bnp,1,roc_auc,lr-rf,0.009432888575163334,0.9507398687029873,0.053883834849545134
bnp,1,roc_auc,lr-xgb,0.03159631958780307,0.9098478178988221,0.074287088873338
bnp,1,roc_auc,gnb-knn,0.09687281808360404,-0.37853693634174174,0.7874606368089573
bnp,1,roc_auc,gnb-rf,0.16381253180972755,-0.33669208135039347,0.7573587298810357
bnp,1,roc_auc,gnb-xgb,0.17411582505138057,-0.27135785044054633,0.7104290587823653
bnp,1,roc_auc,knn-rf,0.06033103272697593,0.9414052019231951,0.03620320153953814
bnp,1,roc_auc,knn-xgb,0.11206441276052366,0.84336767461513,0.08676303358992302
bnp,1,roc_auc,rf-xgb,0.018410978968555813,0.9258839908701418,0.06348407977606718
bnp,1,log_loss,lr-gnb,-4.151589096933842,-0.26935196429934344,0.7325599195241428
bnp,1,log_loss,lr-knn,0.3820530848693957,0.8948852535258479,0.061636196641007696
bnp,1,log_loss,lr-rf,0.39733816532221156,0.9507398687029873,0.053883834849545134
bnp,1,log_loss,lr-xgb,0.3805765086075079,0.9098478178988221,0.074287088873338
bnp,1,log_loss,gnb-knn,-4.160343467398224,-0.37853693634174174,0.7874606368089573
bnp,1,log_loss,gnb-rf,-4.169781023714919,-0.33669208135039347,0.7573587298810357
bnp,1,log_loss,gnb-xgb,-4.2035412737593,-0.27135785044054633,0.7104290587823653
bnp,1,log_loss,knn-rf,0.3996284132797015,0.9414052019231951,0.03620320153953814
bnp,1,log_loss,knn-xgb,0.3615811625280853,0.84336767461513,0.08676303358992302
bnp,1,log_loss,rf-xgb,0.38634170170409177,0.9258839908701418,0.06348407977606718
bnp,2,roc_auc,lr-gnb,0.11227063120264225,-0.11083933936913729,0.6527619839048285
bnp,2,roc_auc,lr-knn,0.08599799592068319,0.8939607301322579,0.06363715885234429
bnp,2,roc_auc,lr-rf,0.011167060364991599,0.950618347459095,0.05565517844646606
bnp,2,roc_auc,lr-xgb,0.03213502547135483,0.9094884344109081,0.07535864240727781
bnp,2,roc_auc,gnb-knn,0.06453092085716716,-0.2199246564074168,0.7094012421273618
bnp,2,roc_auc,gnb-rf,0.11843832077976901,-0.17519487301515002,0.6800319279216235
bnp,2,roc_auc,gnb-xgb,0.12581215093378062,-0.1273782596448457,0.6336489678096571
bnp,2,roc_auc,knn-rf,0.061763451645057366,0.9405143965114754,0.03623600419874038
bnp,2,roc_auc,knn-xgb,0.1126704720358793,0.8424379778666853,0.08834849545136458
bnp,2,roc_auc,rf-xgb,0.019296592818061953,0.9263001576353957,0.06387771168649405
bnp,2,log_loss,lr-gnb,-3.649005415057238,-0.11083933936913729,0.6527619839048285
bnp,2,log_loss,lr-knn,0.3304425243361393,0.8939607301322579,0.06363715885234429
bnp,2,log_loss,lr-rf,0.3459158448337546,0.950618347459095,0.05565517844646606
bnp,2,log_loss,lr-xgb,0.32890718483284065,0.9094884344109081,0.07535864240727781
bnp,2,log_loss,gnb-knn,-3.669530639718121,-0.2199246564074168,0.7094012421273618
bnp,2,log_loss,gnb-rf,-3.672215647427028,-0.17519487301515002,0.6800319279216235
bnp,2,log_loss,gnb-xgb,-3.698825570824949,-0.1273782596448457,0.6336489678096571
bnp,2,log_loss,knn-rf,0.3479890484269393,0.9405143965114754,0.03623600419874038
bnp,2,log_loss,knn-xgb,0.30851944663696296,0.8424379778666853,0.08834849545136458
bnp,2,log_loss,rf-xgb,0.3342140115531498,0.9263001576353957,0.06387771168649405
bnp,3,roc_auc,lr-gnb,0.11573938607042888,-0.12491835528530904,0.6585461861441567
bnp,3,roc_auc,lr-knn,0.08537723356199256,0.8930031778912255,0.0647743177046886
bnp,3,roc_auc,lr-rf,0.010202097430944357,0.9497935058411433,0.05591759972008398
bnp,3,roc_auc,lr-xgb,0.03289532431240838,0.9083920852765061,0.07559919524142757
bnp,3,roc_auc,gnb-knn,0.0668261407065387,-0.23181067998131685,0.7149448915325403
bnp,3,roc_auc,gnb-rf,0.11998773332667756,-0.18668283922886875,0.6844602869139258
bnp,3,roc_auc,gnb-xgb,0.12968528823073067,-0.13946107468961044,0.6393019594121764
bnp,3,roc_auc,knn-rf,0.06168762441141151,0.9400094537824764,0.037416899930020994
bnp,3,roc_auc,knn-xgb,0.11374224619979402,0.8417473201483867,0.08911389083275018
bnp,3,roc_auc,rf-xgb,0.019451065466601136,0.9257845818116932,0.06376836948915325
bnp,3,log_loss,lr-gnb,-3.6904430055759283,-0.12491835528530904,0.6585461861441567
bnp,3,log_loss,lr-knn,0.3341983256031317,0.8930031778912255,0.0647743177046886
bnp,3,log_loss,lr-rf,0.3500275868290852,0.9497935058411433,0.05591759972008398
bnp,3,log_loss,lr-xgb,0.33299855355963837,0.9083920852765061,0.07559919524142757
bnp,3,log_loss,gnb-knn,-3.7104262402514228,-0.23181067998131685,0.7149448915325403
bnp,3,log_loss,gnb-rf,-3.7123990854720934,-0.18668283922886875,0.6844602869139258
bnp,3,log_loss,gnb-xgb,-3.7403491687759245,-0.13946107468961044,0.6393019594121764
bnp,3,log_loss,knn-rf,0.3521766980448643,0.9400094537824764,0.037416899930020994
bnp,3,log_loss,knn-xgb,0.3131038911487946,0.8417473201483867,0.08911389083275018
bnp,3,log_loss,rf-xgb,0.3387485501958518,0.9257845818116932,0.06376836948915325
bnp,4,roc_auc,lr-gnb,0.15904241494722782,-0.2816484797263928,0.7354246850944717
bnp,4,roc_auc,lr-knn,0.08511748496010715,0.8940881691113988,0.06447909377186845
bnp,4,roc_auc,lr-rf,0.009332718294134068,0.9504246126078227,0.05514127011896431
bnp,4,roc_auc,lr-xgb,0.03335709483674831,0.9080021916901214,0.07475726032190343
bnp,4,roc_auc,gnb-knn,0.099160015863899,-0.3886927018348352,0.7923154303708887
bnp,4,roc_auc,gnb-rf,0.16553169866602946,-0.347540868897251,0.7627930370888734
bnp,4,roc_auc,gnb-xgb,0.1775302806332436,-0.2788425436984801,0.7137858642407278
bnp,4,roc_auc,knn-rf,0.06158642100900513,0.9409391272609082,0.03671710986703989
bnp,4,roc_auc,knn-xgb,0.11434235025675236,0.8412468699156208,0.08957312806158152
bnp,4,roc_auc,rf-xgb,0.01943638917839019,0.9247019929975847,0.06545223932820154
bnp,4,log_loss,lr-gnb,-4.172148349772042,-0.2816484797263928,0.7354246850944717
bnp,4,log_loss,lr-knn,0.3840065852747477,0.8940881691113988,0.06447909377186845
bnp,4,log_loss,lr-rf,0.3993516304562229,0.9504246126078227,0.05514127011896431
bnp,4,log_loss,lr-xgb,0.38238075535605,0.9080021916901214,0.07475726032190343
bnp,4,log_loss,gnb-knn,-4.177362063057863,-0.3886927018348352,0.7923154303708887
bnp,4,log_loss,gnb-rf,-4.187726628778546,-0.347540868897251,0.7627930370888734
bnp,4,log_loss,gnb-xgb,-4.2213851034449545,-0.2788425436984801,0.7137858642407278
bnp,4,log_loss,knn-rf,0.40153187068542906,0.9409391272609082,0.03671710986703989
bnp,4,log_loss,knn-xgb,0.36278352921091467,0.8412468699156208,0.08957312806158152
bnp,4,log_loss,rf-xgb,0.38794649655895963,0.9247019929975847,0.06545223932820154
bnp,5,roc_auc,lr-gnb,0.12227874699365304,-0.14009592752870145,0.6682557732680195
bnp,5,roc_auc,lr-knn,0.08676459673027667,0.8937254380374159,0.06348407977606718
bnp,5,roc_auc,lr-rf,0.010387346661743124,0.950630127563699,0.055283414975507345
bnp,5,roc_auc,lr-xgb,0.03292272926844397,0.9080394639519512,0.07533677396780966
bnp,5,roc_auc,gnb-knn,0.07451960576461003,-0.25124449279872907,0.7242389783065081
bnp,5,roc_auc,gnb-rf,0.12898445927315372,-0.20173662491011154,0.6944322953114066
bnp,5,roc_auc,gnb-xgb,0.1383775662644282,-0.1518329710226877,0.646934044786564
bnp,5,roc_auc,knn-rf,0.06329931550836676,0.9405573021742868,0.03623600419874038
bnp,5,roc_auc,knn-xgb,0.11436526898283589,0.8415520492528317,0.08900454863540938
bnp,5,roc_auc,rf-xgb,0.01926281530196361,0.9260703643117889,0.06501487053883835
bnp,5,log_loss,lr-gnb,-3.740253159555273,-0.14009592752870145,0.6682557732680195
bnp,5,log_loss,lr-knn,0.3388386814889524,0.8937254380374159,0.06348407977606718
bnp,5,log_loss,lr-rf,0.35466007864355376,0.950630127563699,0.055283414975507345
bnp,5,log_loss,lr-xgb,0.33754800151032527,0.9080394639519512,0.07533677396780966
bnp,5,log_loss,gnb-knn,-3.7622043876376026,-0.25124449279872907,0.7242389783065081
bnp,5,log_loss,gnb-rf,-3.761121875171562,-0.20173662491011154,0.6944322953114066
bnp,5,log_loss,gnb-xgb,-3.78846438312264,-0.1518329710226877,0.646934044786564
bnp,5,log_loss,knn-rf,0.35702402965976926,0.9405573021742868,0.03623600419874038
bnp,5,log_loss,knn-xgb,0.3184945307467953,0.8415520492528317,0.08900454863540938
bnp,5,log_loss,rf-xgb,0.34436513632175103,0.9260703643117889,0.06501487053883835
bnp,6,roc_auc,lr-gnb,0.15519969850922555,-0.2710970882227162,0.731772655703289
bnp,6,roc_auc,lr-knn,0.08675189910893533,0.8938495945269416,0.06371369839048285
bnp,6,roc_auc,lr-rf,0.01111613056304761,0.9492386120904894,0.055414625612316304
bnp,6,roc_auc,lr-xgb,0.03371615318093424,0.9074768933004796,0.07672541987403779
bnp,6,roc_auc,gnb-knn,0.0945907474094132,-0.37893459929503004,0.7880292162351294
bnp,6,roc_auc,gnb-rf,0.15976763577380504,-0.3380104401458159,0.7578398355493352
bnp,6,roc_auc,gnb-xgb,0.17216525820001483,-0.2727237538706727,0.7093247025892232
bnp,6,roc_auc,knn-rf,0.06168340310749132,0.9404914539580438,0.037318491952414275
bnp,6,roc_auc,knn-xgb,0.11361572463397104,0.8434754308655596,0.08928883834849545
bnp,6,roc_auc,rf-xgb,0.019165958323144494,0.9267356132411013,0.06458843596920924
bnp,6,log_loss,lr-gnb,-4.141594459760514,-0.2710970882227162,0.731772655703289
bnp,6,log_loss,lr-knn,0.3807733658996645,0.8938495945269416,0.06371369839048285
bnp,6,log_loss,lr-rf,0.39594252778223016,0.9492386120904894,0.055414625612316304
bnp,6,log_loss,lr-xgb,0.3788314327402248,0.9074768933004796,0.07672541987403779
bnp,6,log_loss,gnb-knn,-4.148869689730433,-0.37893459929503004,0.7880292162351294
bnp,6,log_loss,gnb-rf,-4.159340769271991,-0.3380104401458159,0.7578398355493352
bnp,6,log_loss,gnb-xgb,-4.192287128852151,-0.2727237538706727,0.7093247025892232
bnp,6,log_loss,knn-rf,0.3981549010467552,0.9404914539580438,0.037318491952414275
bnp,6,log_loss,knn-xgb,0.3601827322213792,0.8434754308655596,0.08928883834849545
bnp,6,log_loss,rf-xgb,0.38542050133054473,0.9267356132411013,0.06458843596920924
bnp,7,roc_auc,lr-gnb,0.1624482747161738,-0.27776433679756335,0.7342765920223933
bnp,7,roc_auc,lr-knn,0.08678893466100832,0.8924328530156743,0.06456656752974108
bnp,7,roc_auc,lr-rf,0.010163972001511534,0.9496183967625023,0.055414625612316304
bnp,7,roc_auc,lr-xgb,0.032580708911372325,0.9082859985681534,0.07669261721483554
bnp,7,roc_auc,gnb-knn,0.10185485308570041,-0.3903516246394987,0.7911236004198741
bnp,7,roc_auc,gnb-rf,0.16858475513402293,-0.34661611809589166,0.7627711686494052
bnp,7,roc_auc,gnb-xgb,0.17970816321218508,-0.2786298542255965,0.7125174947515746
bnp,7,roc_auc,knn-rf,0.06115602656678831,0.9409468168757921,0.035503411476557035
bnp,7,roc_auc,knn-xgb,0.11307503011536148,0.8419261492258113,0.0891029566130161
bnp,7,roc_auc,rf-xgb,0.01889720839151865,0.9250802137720401,0.0656927921623513
bnp,7,log_loss,lr-gnb,-4.1747530364838354,-0.27776433679756335,0.7342765920223933
bnp,7,log_loss,lr-knn,0.3841042145378901,0.8924328530156743,0.06456656752974108
bnp,7,log_loss,lr-rf,0.3996990196583401,0.9496183967625023,0.055414625612316304
bnp,7,log_loss,lr-xgb,0.38249477108865104,0.9082859985681534,0.07669261721483554
bnp,7,log_loss,gnb-knn,-4.186087675757005,-0.3903516246394987,0.7911236004198741
bnp,7,log_loss,gnb-rf,-4.192488552576066,-0.34661611809589166,0.7627711686494052
bnp,7,log_loss,gnb-xgb,-4.224640928028443,-0.2786298542255965,0.7125174947515746
bnp,7,log_loss,knn-rf,0.40206512682823226,0.9409468168757921,0.035503411476557035
bnp,7,log_loss,knn-xgb,0.36321194032007853,0.8419261492258113,0.0891029566130161
bnp,7,log_loss,rf-xgb,0.3882109163981933,0.9250802137720401,0.0656927921623513
bnp,8,roc_auc,lr-gnb,0.15969561463592297,-0.27403638791140966,0.7329754198740378
bnp,8,roc_auc,lr-knn,0.08465091487647722,0.8948458981626878,0.06318885584324703
bnp,8,roc_auc,lr-rf,0.009507903761376224,0.950854969705815,0.054671098670398884
bnp,8,roc_auc,lr-xgb,0.030858673253428393,0.9101383887018704,0.07440736529041288
bnp,8,roc_auc,gnb-knn,0.09950842358659373,-0.38092648760203135,0.788510321903429
bnp,8,roc_auc,gnb-rf,0.16617601017988282,-0.33758625254368935,0.7581022568229531
bnp,8,roc_auc,gnb-xgb,0.17536220559956306,-0.27200092172934925,0.7099370188943317
bnp,8,roc_auc,knn-rf,0.06093847134728203,0.9406938823583553,0.036968596920923726
bnp,8,roc_auc,knn-xgb,0.1096331520611989,0.8433838746718485,0.08885146955913226
bnp,8,roc_auc,rf-xgb,0.017470761949836877,0.9267053998632862,0.06332006648005599
bnp,8,log_loss,lr-gnb,-4.16176157761546,-0.27403638791140966,0.7329754198740378
bnp,8,log_loss,lr-knn,0.3831527156496543,0.8948458981626878,0.06318885584324703
bnp,8,log_loss,lr-rf,0.3984971729975587,0.950854969705815,0.054671098670398884
bnp,8,log_loss,lr-xgb,0.38218142023268364,0.9101383887018704,0.07440736529041288
bnp,8,log_loss,gnb-knn,-4.169524095611237,-0.38092648760203135,0.788510321903429
bnp,8,log_loss,gnb-rf,-4.177837801204629,-0.33758625254368935,0.7581022568229531
bnp,8,log_loss,gnb-xgb,-4.208654840311341,-0.27200092172934925,0.7099370188943317
bnp,8,log_loss,knn-rf,0.40023353613689727,0.9406938823583553,0.036968596920923726
bnp,8,log_loss,knn-xgb,0.36235052277088975,0.8433838746718485,0.08885146955913226
bnp,8,log_loss,rf-xgb,0.3873276371946295,0.9267053998632862,0.06332006648005599
bnp,9,roc_auc,lr-gnb,0.11582174138797774,-0.13778672793754082,0.6664516270118964
bnp,9,roc_auc,lr-knn,0.08450728009292069,0.8934359229466652,0.06299203988803359
bnp,9,roc_auc,lr-rf,0.010567973925685759,0.9498612796574611,0.055031927921623515
bnp,9,roc_auc,lr-xgb,0.03400397164525093,0.9074389457619381,0.07629898530440868
bnp,9,roc_auc,gnb-knn,0.0709841462519154,-0.2445194987646608,0.7226425822253324
bnp,9,roc_auc,gnb-rf,0.12364815919846228,-0.20182454996596114,0.6941261371588523
bnp,9,roc_auc,gnb-xgb,0.13153018547902184,-0.14769800559316917,0.6461795836249126
bnp,9,roc_auc,knn-rf,0.06119015382164106,0.9407843765165348,0.035339398180545836
bnp,9,roc_auc,knn-xgb,0.11373855751265848,0.8405379161464751,0.08892800909727082
bnp,9,roc_auc,rf-xgb,0.01951639483106904,0.9249896413873364,0.06485085724282715
bnp,9,log_loss,lr-gnb,-3.7262498868531986,-0.13778672793754082,0.6664516270118964
bnp,9,log_loss,lr-knn,0.3381293676138468,0.8934359229466652,0.06299203988803359
bnp,9,log_loss,lr-rf,0.353464734865084,0.9498612796574611,0.055031927921623515
bnp,9,log_loss,lr-xgb,0.3365077820600494,0.9074389457619381,0.07629898530440868
bnp,9,log_loss,gnb-knn,-3.744991050132373,-0.2445194987646608,0.7226425822253324
bnp,9,log_loss,gnb-rf,-3.748366221533734,-0.20182454996596114,0.6941261371588523
bnp,9,log_loss,gnb-xgb,-3.7734167517923236,-0.14769800559316917,0.6461795836249126
bnp,9,log_loss,knn-rf,0.35594572303656813,0.9407843765165348,0.035339398180545836
bnp,9,log_loss,knn-xgb,0.31740164849129426,0.8405379161464751,0.08892800909727082
bnp,9,log_loss,rf-xgb,0.3426869453155654,0.9249896413873364,0.06485085724282715
bnp,10,roc_auc,lr-gnb,0.11405970621552614,-0.12128413629737872,0.658721133659902
bnp,10,roc_auc,lr-knn,0.08561109266762001,0.8938984275928958,0.06269681595521344
bnp,10,roc_auc,lr-rf,0.010982045537053287,0.9500191659684377,0.053960374387683696
bnp,10,roc_auc,lr-xgb,0.03225769845687454,0.9094417531729382,0.07359823303009097
bnp,10,roc_auc,gnb-knn,0.06814804267570773,-0.2333306556907233,0.714769944016795
bnp,10,roc_auc,gnb-rf,0.11789215378480689,-0.18325310248952476,0.6847117739678097
bnp,10,roc_auc,gnb-xgb,0.12483778949492397,-0.1378877890593861,0.6400564205738278
bnp,10,roc_auc,knn-rf,0.059434905729409904,0.9414258342016304,0.036246938418474456
bnp,10,roc_auc,knn-xgb,0.11110222037760291,0.843272230063918,0.08706919174247725
bnp,10,roc_auc,rf-xgb,0.0195877149854895,0.926523677458286,0.06330913226032191
bnp,10,log_loss,lr-gnb,-3.6761815027360947,-0.12128413629737872,0.658721133659902
bnp,10,log_loss,lr-knn,0.3328567213750986,0.8938984275928958,0.06269681595521344
bnp,10,log_loss,lr-rf,0.3481606360140016,0.9500191659684377,0.053960374387683696
bnp,10,log_loss,lr-xgb,0.331032006694467,0.9094417531729382,0.07359823303009097
bnp,10,log_loss,gnb-knn,-3.6999933474432583,-0.2333306556907233,0.714769944016795
bnp,10,log_loss,gnb-rf,-3.698337946600761,-0.18325310248952476,0.6847117739678097
bnp,10,log_loss,gnb-xgb,-3.728272640949976,-0.1378877890593861,0.6400564205738278
bnp,10,log_loss,knn-rf,0.35084349447743446,0.9414258342016304,0.036246938418474456
bnp,10,log_loss,knn-xgb,0.31135668137883454,0.843272230063918,0.08706919174247725
bnp,10,log_loss,rf-xgb,0.3368536175088557,0.926523677458286,0.06330913226032191
bnp,11,roc_auc,lr-gnb,0.16587155579673063,-0.28154675088220926,0.7383003848845346
bnp,11,roc_auc,lr-knn,0.0860678306560021,0.8956910832584917,0.06220477606717985
bnp,11,roc_auc,lr-rf,0.009667880021322905,0.9510891427043882,0.05501005948215535
bnp,11,roc_auc,lr-xgb,0.033064254498675894,0.9083494537537911,0.07540237928621414
bnp,11,roc_auc,gnb-knn,0.10352214394264059,-0.39111782701983017,0.7933323128061581
bnp,11,roc_auc,gnb-rf,0.1710410552722459,-0.3497444594202497,0.7645753149055283
bnp,11,roc_auc,gnb-xgb,0.1805861806149316,-0.2822283264823098,0.7159289713086074
bnp,11,roc_auc,knn-rf,0.06098957120382931,0.9420776035968897,0.035995451364590626
bnp,11,roc_auc,knn-xgb,0.11417907790636307,0.8425855585688217,0.08765963960811757
bnp,11,roc_auc,rf-xgb,0.01976505384628302,0.9253616595429283,0.06386677746675998
bnp,11,log_loss,lr-gnb,-4.18451135410721,-0.28154675088220926,0.7383003848845346
bnp,11,log_loss,lr-knn,0.3860640972795877,0.8956910832584917,0.06220477606717985
bnp,11,log_loss,lr-rf,0.4010233507520783,0.9510891427043882,0.05501005948215535
bnp,11,log_loss,lr-xgb,0.3833362756545581,0.9083494537537911,0.07540237928621414
bnp,11,log_loss,gnb-knn,-4.193234432467805,-0.39111782701983017,0.7933323128061581
bnp,11,log_loss,gnb-rf,-4.202631277866132,-0.3497444594202497,0.7645753149055283
bnp,11,log_loss,gnb-xgb,-4.238396441710952,-0.2822283264823098,0.7159289713086074
bnp,11,log_loss,knn-rf,0.4033753372677323,0.9420776035968897,0.035995451364590626
bnp,11,log_loss,knn-xgb,0.36489766371496474,0.8425855585688217,0.08765963960811757
bnp,11,log_loss,rf-xgb,0.38958689049512696,0.9253616595429283,0.06386677746675998
bnp,12,roc_auc,lr-gnb,0.15987373739835287,-0.2681359136355022,0.7295639433170049
bnp,12,roc_auc,lr-knn,0.08772826621028099,0.8930535586019862,0.0647196466060182
bnp,12,roc_auc,lr-rf,0.010506924181375887,0.9493197788263726,0.05609254723582925
bnp,12,roc_auc,lr-xgb,0.032557041729329717,0.9067301528321081,0.07561012946116165
bnp,12,roc_auc,gnb-knn,0.0960179710930884,-0.37799583603612785,0.7875918474457663
bnp,12,roc_auc,gnb-rf,0.1653632465725382,-0.3317800555248315,0.755062543736879
bnp,12,roc_auc,gnb-xgb,0.1771596843742923,-0.26730661442248305,0.7082531490552834
bnp,12,roc_auc,knn-rf,0.06367710581221853,0.9391429493101262,0.03845565080475857
bnp,12,roc_auc,knn-xgb,0.11496302760241313,0.8402136167027847,0.08898268019594122
bnp,12,roc_auc,rf-xgb,0.018860266091383693,0.9261943524375932,0.06286082925122463
bnp,12,log_loss,lr-gnb,-4.153520651669729,-0.2681359136355022,0.7295639433170049
bnp,12,log_loss,lr-knn,0.3819572877576072,0.8930535586019862,0.0647196466060182
bnp,12,log_loss,lr-rf,0.39756402412761516,0.9493197788263726,0.05609254723582925
bnp,12,log_loss,lr-xgb,0.3804043525465961,0.9067301528321081,0.07561012946116165
bnp,12,log_loss,gnb-knn,-4.1641314737545825,-0.37799583603612785,0.7875918474457663
bnp,12,log_loss,gnb-rf,-4.169924435237933,-0.3317800555248315,0.755062543736879
bnp,12,log_loss,gnb-xgb,-4.202722881647213,-0.26730661442248305,0.7082531490552834
bnp,12,log_loss,knn-rf,0.39931605336445974,0.9391429493101262,0.03845565080475857
bnp,12,log_loss,knn-xgb,0.36104488915208455,0.8402136167027847,0.08898268019594122
bnp,12,log_loss,rf-xgb,0.38696922999727024,0.9261943524375932,0.06286082925122463
bnp,13,roc_auc,lr-gnb,0.12475554106556169,-0.14712536356672265,0.6714704338698391
bnp,13,roc_auc,lr-knn,0.08627285952333741,0.8946816789507426,0.0630357767669699
bnp,13,roc_auc,lr-rf,0.010391857052683084,0.9504913822481846,0.054474282715185444
bnp,13,roc_auc,lr-xgb,0.029886288961675334,0.9103704416031525,0.07602562981105668
bnp,13,roc_auc,gnb-knn,0.071897335146619,-0.2589874455033714,0.7270490727781665
bnp,13,roc_auc,gnb-rf,0.12819060564493423,-0.2095423345680333,0.6960286913925823
bnp,13,roc_auc,gnb-xgb,0.134839280540214,-0.15654190067050977,0.6495035864240728
bnp,13,roc_auc,knn-rf,0.06124371521475647,0.9407230841460251,0.03841191392582225
bnp,13,roc_auc,knn-xgb,0.11032505162824614,0.8425603595403428,0.08935444366689993
bnp,13,roc_auc,rf-xgb,0.0176987723055948,0.9262575581706475,0.06410733030090973
bnp,13,log_loss,lr-gnb,-3.759975919739637,-0.14712536356672265,0.6714704338698391
bnp,13,log_loss,lr-knn,0.3416763194122512,0.8946816789507426,0.0630357767669699
bnp,13,log_loss,lr-rf,0.3572429514106197,0.9504913822481846,0.054474282715185444
bnp,13,log_loss,lr-xgb,0.3407518742502812,0.9103704416031525,0.07602562981105668
bnp,13,log_loss,gnb-knn,-3.7821039763159097,-0.2589874455033714,0.7270490727781665
bnp,13,log_loss,gnb-rf,-3.7815045426629217,-0.2095423345680333,0.6960286913925823
bnp,13,log_loss,gnb-xgb,-3.807511488040449,-0.15654190067050977,0.6495035864240728
bnp,13,log_loss,knn-rf,0.35923416581396983,0.9407230841460251,0.03841191392582225
bnp,13,log_loss,knn-xgb,0.32084487868683675,0.8425603595403428,0.08935444366689993
bnp,13,log_loss,rf-xgb,0.3462253030225868,0.9262575581706475,0.06410733030090973
bnp,14,roc_auc,lr-gnb,0.11801529855377624,-0.12291070621396019,0.658305633310007
bnp,14,roc_auc,lr-knn,0.08645609999030776,0.8932783272614018,0.06424947515745276
bnp,14,roc_auc,lr-rf,0.009567310446307653,0.950391917567062,0.054550822253324
bnp,14,roc_auc,lr-xgb,0.03056813253052071,0.9100948962599651,0.07362010146955913
bnp,14,roc_auc,gnb-knn,0.0696646179819762,-0.22992757129708138,0.7144419174247726
bnp,14,roc_auc,gnb-rf,0.12471008288900143,-0.18429007353274385,0.6844274842547236
bnp,14,roc_auc,gnb-xgb,0.13015839998442646,-0.13484237564416493,0.6376290237928621
bnp,14,roc_auc,knn-rf,0.06174475052471573,0.9407352882960944,0.036968596920923726
bnp,14,roc_auc,knn-xgb,0.11157001970212185,0.8426316757988895,0.08929977256822953
bnp,14,roc_auc,rf-xgb,0.01749896895208103,0.9268906857523054,0.06289363191042688
bnp,14,log_loss,lr-gnb,-3.694517532583405,-0.12291070621396019,0.658305633310007
bnp,14,log_loss,lr-knn,0.3345999196122491,0.8932783272614018,0.06424947515745276
bnp,14,log_loss,lr-rf,0.35052419523140543,0.950391917567062,0.054550822253324
bnp,14,log_loss,lr-xgb,0.33412010685801874,0.9100948962599651,0.07362010146955913
bnp,14,log_loss,gnb-knn,-3.7155826601134803,-0.22992757129708138,0.7144419174247726
bnp,14,log_loss,gnb-rf,-3.7170281767302535,-0.18429007353274385,0.6844274842547236
bnp,14,log_loss,gnb-xgb,-3.742401704636963,-0.13484237564416493,0.6376290237928621
bnp,14,log_loss,knn-rf,0.35278973119565804,0.9407352882960944,0.036968596920923726
bnp,14,log_loss,knn-xgb,0.31426909306365747,0.8426316757988895,0.08929977256822953
bnp,14,log_loss,rf-xgb,0.33990004089266423,0.9268906857523054,0.06289363191042688
bnp,15,roc_auc,lr-gnb,0.11744942449438445,-0.1288577678885,0.6626574527641708
bnp,15,roc_auc,lr-knn,0.08245832217145999,0.8951848616267654,0.06284989503149055
bnp,15,roc_auc,lr-rf,0.01106936556177418,0.9497364188495939,0.054310269419174245
bnp,15,roc_auc,lr-xgb,0.03197506686555629,0.9088456894648652,0.07488847095871239
bnp,15,roc_auc,gnb-knn,0.07392512544767138,-0.23917628060377275,0.715863365990203
bnp,15,roc_auc,gnb-rf,0.12343668097600213,-0.19136049457187027,0.6886480930720784
bnp,15,roc_auc,gnb-xgb,0.13018796559504664,-0.14310624623798213,0.6426368964310707
bnp,15,roc_auc,knn-rf,0.05861770275753919,0.9418681995491182,0.03594078026592022
bnp,15,roc_auc,knn-xgb,0.10862694847013117,0.8441079004690716,0.08757216585024492
bnp,15,roc_auc,rf-xgb,0.019569864067685572,0.9256575057793186,0.06409639608117565
bnp,15,log_loss,lr-gnb,-3.7040968723021144,-0.1288577678885,0.6626574527641708
bnp,15,log_loss,lr-knn,0.33635127363438616,0.8951848616267654,0.06284989503149055
bnp,15,log_loss,lr-rf,0.35114304908283445,0.9497364188495939,0.054310269419174245
bnp,15,log_loss,lr-xgb,0.3343309317927946,0.9088456894648652,0.07488847095871239
bnp,15,log_loss,gnb-knn,-3.724874804980103,-0.23917628060377275,0.715863365990203
bnp,15,log_loss,gnb-rf,-3.7260260848791105,-0.19136049457187027,0.6886480930720784
bnp,15,log_loss,gnb-xgb,-3.7540946001087265,-0.14310624623798213,0.6426368964310707
bnp,15,log_loss,knn-rf,0.3539645743177485,0.9418681995491182,0.03594078026592022
bnp,15,log_loss,knn-xgb,0.31530098169185633,0.8441079004690716,0.08757216585024492
bnp,15,log_loss,rf-xgb,0.33993146831633947,0.9256575057793186,0.06409639608117565
bnp,16,roc_auc,lr-gnb,0.10944691035055154,-0.1262990425480757,0.6602628586424073
bnp,16,roc_auc,lr-knn,0.0831530577770796,0.8949156633470022,0.06397611966410077
bnp,16,roc_auc,lr-rf,0.010833783036977906,0.949535871067668,0.0556879811056683
bnp,16,roc_auc,lr-xgb,0.032785940867567254,0.9078956161654063,0.076069366689993
bnp,16,roc_auc,gnb-knn,0.06325163461987171,-0.23429946091125586,0.715863365990203
bnp,16,roc_auc,gnb-rf,0.11498930055585688,-0.18793861502312834,0.6843290762771168
bnp,16,roc_auc,gnb-xgb,0.12361480020300375,-0.1410045173585331,0.6395643806857942
bnp,16,roc_auc,knn-rf,0.060568985618155935,0.9398224176654326,0.03938505948215535
bnp,16,roc_auc,knn-xgb,0.11011206976010318,0.8434640122307845,0.08931070678796361
bnp,16,roc_auc,rf-xgb,0.01831882645272831,0.9277195116073176,0.06217197340797761
bnp,16,log_loss,lr-gnb,-3.6845999614890044,-0.1262990425480757,0.6602628586424073
bnp,16,log_loss,lr-knn,0.33422410180450257,0.8949156633470022,0.06397611966410077
bnp,16,log_loss,lr-rf,0.3491642332188081,0.949535871067668,0.0556879811056683
bnp,16,log_loss,lr-xgb,0.3318966209146149,0.9078956161654063,0.076069366689993
bnp,16,log_loss,gnb-knn,-3.705737615194578,-0.23429946091125586,0.715863365990203
bnp,16,log_loss,gnb-rf,-3.706885255228718,-0.18793861502312834,0.6843290762771168
bnp,16,log_loss,gnb-xgb,-3.7350699400397773,-0.1410045173585331,0.6395643806857942
bnp,16,log_loss,knn-rf,0.3512571949373916,0.9398224176654326,0.03938505948215535
bnp,16,log_loss,knn-xgb,0.3133127511190172,0.8434640122307845,0.08931070678796361
bnp,16,log_loss,rf-xgb,0.33880825537073944,0.9277195116073176,0.06217197340797761
bnp,17,roc_auc,lr-gnb,0.11249368567534007,-0.11543875205341836,0.6535711161651504
bnp,17,roc_auc,lr-knn,0.08526016378916121,0.8931012983045737,0.06457750174947516
bnp,17,roc_auc,lr-rf,0.010845051381018767,0.9490894460746585,0.056365902729181246
bnp,17,roc_auc,lr-xgb,0.03291659476336206,0.9090617998982532,0.07563199790062981
bnp,17,roc_auc,gnb-knn,0.06723293123730589,-0.22492791174180726,0.7087014520643807
bnp,17,roc_auc,gnb-rf,0.11857473183564515,-0.17870190192552873,0.6805895731280616
bnp,17,roc_auc,gnb-xgb,0.12732599735545636,-0.13083590520039168,0.6330694541637508
bnp,17,roc_auc,knn-rf,0.060633701120327066,0.9412632453356187,0.03659683344996501
bnp,17,roc_auc,knn-xgb,0.1136464368937737,0.8423101139979478,0.08973714135759273
bnp,17,roc_auc,rf-xgb,0.02009771223524437,0.9255455437914772,0.06510234429671098
bnp,17,log_loss,lr-gnb,-3.657729715951808,-0.11543875205341836,0.6535711161651504
bnp,17,log_loss,lr-knn,0.331101116115995,0.8931012983045737,0.06457750174947516
bnp,17,log_loss,lr-rf,0.3466689272572253,0.9490894460746585,0.056365902729181246
bnp,17,log_loss,lr-xgb,0.33008394022931664,0.9090617998982532,0.07563199790062981
bnp,17,log_loss,gnb-knn,-3.680207640455135,-0.22492791174180726,0.7087014520643807
bnp,17,log_loss,gnb-rf,-3.6801478068143125,-0.17870190192552873,0.6805895731280616
bnp,17,log_loss,gnb-xgb,-3.7079618496639073,-0.13083590520039168,0.6330694541637508
bnp,17,log_loss,knn-rf,0.34932161660747507,0.9412632453356187,0.03659683344996501
bnp,17,log_loss,knn-xgb,0.31047443554951426,0.8423101139979478,0.08973714135759273
bnp,17,log_loss,rf-xgb,0.33578308161959036,0.9255455437914772,0.06510234429671098
bnp,18,roc_auc,lr-gnb,0.1047422541363523,-0.09704768258645229,0.6433913575927221
bnp,18,roc_auc,lr-knn,0.08656065765845053,0.8926214527259589,0.06452283065080476
bnp,18,roc_auc,lr-rf,0.011049996129474327,0.9494044392616078,0.05583012596221134
bnp,18,roc_auc,lr-xgb,0.03229189991991288,0.9084610244877649,0.07335768019594122
bnp,18,roc_auc,gnb-knn,0.06033108484473293,-0.2048206350648298,0.6985326277116864
bnp,18,roc_auc,gnb-rf,0.10911976464014206,-0.159489446569252,0.67050822253324
bnp,18,roc_auc,gnb-xgb,0.11902975887253209,-0.1172840092296985,0.6254045661301609
bnp,18,roc_auc,knn-rf,0.06077044795540232,0.9405843897918481,0.03642188593421974
bnp,18,roc_auc,knn-xgb,0.1145056737276083,0.8418301306989195,0.08795486354093772
bnp,18,roc_auc,rf-xgb,0.020597456121963287,0.9254798848223333,0.06391051434569629
bnp,18,log_loss,lr-gnb,-3.586449700761145,-0.09704768258645229,0.6433913575927221
bnp,18,log_loss,lr-knn,0.3234250672546406,0.8926214527259589,0.06452283065080476
bnp,18,log_loss,lr-rf,0.33895221286243804,0.9494044392616078,0.05583012596221134
bnp,18,log_loss,lr-xgb,0.3223233310065231,0.9084610244877649,0.07335768019594122
bnp,18,log_loss,gnb-knn,-3.609939793991881,-0.2048206350648298,0.6985326277116864
bnp,18,log_loss,gnb-rf,-3.609741732433613,-0.159489446569252,0.67050822253324
bnp,18,log_loss,gnb-xgb,-3.6385481013770438,-0.1172840092296985,0.6254045661301609
bnp,18,log_loss,knn-rf,0.341421562537932,0.9405843897918481,0.03642188593421974
bnp,18,log_loss,knn-xgb,0.3026855937793471,0.8418301306989195,0.08795486354093772
bnp,18,log_loss,rf-xgb,0.3280847022303619,0.9254798848223333,0.06391051434569629
bnp,19,roc_auc,lr-gnb,0.16129541436312655,-0.27024950479930593,0.7321334849545137
bnp,19,roc_auc,lr-knn,0.08643948578301422,0.8929352729613484,0.06415106717984605
bnp,19,roc_auc,lr-rf,0.00962409906849715,0.9501495946702482,0.054572690692792164
bnp,19,roc_auc,lr-xgb,0.03052490203741476,0.9104914370969545,0.07464791812456263
bnp,19,roc_auc,gnb-knn,0.09919639810119363,-0.3782625871636558,0.789199177746676
bnp,19,roc_auc,gnb-rf,0.16925679205463295,-0.3343775927002366,0.7585614940517844
bnp,19,roc_auc,gnb-xgb,0.17826835737779045,-0.26803538345480793,0.7094231105668299
bnp,19,roc_auc,knn-rf,0.061465616866257955,0.9408783046818371,0.036935794261721486
bnp,19,roc_auc,knn-xgb,0.1125075129226867,0.842517264407143,0.08880773268019594
bnp,19,roc_auc,rf-xgb,0.01821188110265748,0.9268436648626672,0.06287176347095871
bnp,19,log_loss,lr-gnb,-4.141580242191318,-0.27024950479930593,0.7321334849545137
bnp,19,log_loss,lr-knn,0.38093811065067046,0.8929352729613484,0.06415106717984605
bnp,19,log_loss,lr-rf,0.3962639620057393,0.9501495946702482,0.054572690692792164
bnp,19,log_loss,lr-xgb,0.37965180459434544,0.9104914370969545,0.07464791812456263
bnp,19,log_loss,gnb-knn,-4.150131090102051,-0.3782625871636558,0.789199177746676
bnp,19,log_loss,gnb-rf,-4.157289990133934,-0.3343775927002366,0.7585614940517844
bnp,19,log_loss,gnb-xgb,-4.189488610176683,-0.26803538345480793,0.7094231105668299
bnp,19,log_loss,knn-rf,0.39838019436950917,0.9408783046818371,0.036935794261721486
bnp,19,log_loss,knn-xgb,0.3598656304495677,0.842517264407143,0.08880773268019594
bnp,19,log_loss,rf-xgb,0.38501209010058113,0.9268436648626672,0.06287176347095871
bnp,20,roc_auc,lr-gnb,0.1178720427422093,-0.12486895634226716,0.6601535164450665
bnp,20,roc_auc,lr-knn,0.08490316433242051,0.8941879435471972,0.06263121063680896
bnp,20,roc_auc,lr-rf,0.009496778136225403,0.9512394750627541,0.05507566480055983
bnp,20,roc_auc,lr-xgb,0.031149422865975218,0.9080052961557152,0.07565386634009796
bnp,20,roc_auc,gnb-knn,0.07231851915184717,-0.23836211973979302,0.7152619839048285
bnp,20,roc_auc,gnb-rf,0.12505892272049923,-0.1870676808482799,0.6862753673897831
bnp,20,roc_auc,gnb-xgb,0.13303111298658643,-0.13350471786703336,0.6388645906228132
bnp,20,roc_auc,knn-rf,0.06231718811446396,0.9406596519832492,0.035962648705388386
bnp,20,roc_auc,knn-xgb,0.11273620978698276,0.8398811086519635,0.08905921973407978
bnp,20,roc_auc,rf-xgb,0.01831767557739772,0.9248835218453718,0.06602081875437368
bnp,20,log_loss,lr-gnb,-3.6961769897035746,-0.12486895634226716,0.6601535164450665
bnp,20,log_loss,lr-knn,0.33495712934475474,0.8941879435471972,0.06263121063680896
bnp,20,log_loss,lr-rf,0.35088030916237556,0.9512394750627541,0.05507566480055983
bnp,20,log_loss,lr-xgb,0.3337879572804031,0.9080052961557152,0.07565386634009796
bnp,20,log_loss,gnb-knn,-3.720442032370829,-0.23836211973979302,0.7152619839048285
bnp,20,log_loss,gnb-rf,-3.7179094517779463,-0.1870676808482799,0.6862753673897831
bnp,20,log_loss,gnb-xgb,-3.7395039395283005,-0.13350471786703336,0.6388645906228132
bnp,20,log_loss,knn-rf,0.35281939445948685,0.9406596519832492,0.035962648705388386
bnp,20,log_loss,knn-xgb,0.3143536388221566,0.8398811086519635,0.08905921973407978
bnp,20,log_loss,rf-xgb,0.3400239173755579,0.9248835218453718,0.06602081875437368
bnp,21,roc_auc,lr-gnb,0.17113475298759945,-0.2946257609234244,0.7411870188943317
bnp,21,roc_auc,lr-knn,0.08658018073704574,0.8927412981022812,0.06527729181245626
bnp,21,roc_auc,lr-rf,0.009657418134051743,0.9494028754459306,0.05543649405178446
bnp,21,roc_auc,lr-xgb,0.031664210537355464,0.9083795656701227,0.07645206438068579
bnp,21,roc_auc,gnb-knn,0.10737721501226871,-0.40559177565497173,0.7986135409377186
bnp,21,roc_auc,gnb-rf,0.17698303440861007,-0.3604951419857576,0.7677571728481456
bnp,21,roc_auc,gnb-xgb,0.18889467382300773,-0.28998179350565645,0.7190561581525542
bnp,21,roc_auc,knn-rf,0.061287225192118155,0.9404816995117521,0.03807295311406578
bnp,21,roc_auc,knn-xgb,0.1127500428062138,0.8416925154525156,0.08922323303009097
bnp,21,roc_auc,rf-xgb,0.01828565550743999,0.9262659922803365,0.06403079076277117
bnp,21,log_loss,lr-gnb,-4.232621942205585,-0.2946257609234244,0.7411870188943317
bnp,21,log_loss,lr-knn,0.3898401365655354,0.8927412981022812,0.06527729181245626
bnp,21,log_loss,lr-rf,0.40551398902720814,0.9494028754459306,0.05543649405178446
bnp,21,log_loss,lr-xgb,0.38886668303507044,0.9083795656701227,0.07645206438068579
bnp,21,log_loss,gnb-knn,-4.240690205328072,-0.40559177565497173,0.7986135409377186
bnp,21,log_loss,gnb-rf,-4.248380812383667,-0.3604951419857576,0.7677571728481456
bnp,21,log_loss,gnb-xgb,-4.279550831264739,-0.28998179350565645,0.7190561581525542
bnp,21,log_loss,knn-rf,0.4077914729741947,0.9404816995117521,0.03807295311406578
bnp,21,log_loss,knn-xgb,0.36924256107785713,0.8416925154525156,0.08922323303009097
bnp,21,log_loss,rf-xgb,0.3946135754182696,0.9262659922803365,0.06403079076277117
bnp,22,roc_auc,lr-gnb,0.11365496073023368,-0.13541263000028522,0.6658721133659902
bnp,22,roc_auc,lr-knn,0.08535822225305092,0.8944669092876085,0.06274055283414975
bnp,22,roc_auc,lr-rf,0.010406899852872797,0.9493802175022755,0.05533808607417775
bnp,22,roc_auc,lr-xgb,0.03077036218162177,0.9095387751000961,0.07528210286913926
bnp,22,roc_auc,gnb-knn,0.06527011153803808,-0.24165798960075408,0.7207181595521344
bnp,22,roc_auc,gnb-rf,0.12017901393128594,-0.19619450162855895,0.690791200139958
bnp,22,roc_auc,gnb-xgb,0.1264943661629333,-0.14541271995901692,0.6448674772568229
bnp,22,roc_auc,knn-rf,0.0614720798987467,0.9404856420943914,0.036793649405178444
bnp,22,roc_auc,knn-xgb,0.11107007342289761,0.8431648803105302,0.08825008747375787
bnp,22,roc_auc,rf-xgb,0.01735608613966999,0.927541517108427,0.06344034289713087
bnp,22,log_loss,lr-gnb,-3.7246174640202967,-0.13541263000028522,0.6658721133659902
bnp,22,log_loss,lr-knn,0.3379237343532169,0.8944669092876085,0.06274055283414975
bnp,22,log_loss,lr-rf,0.3531748247446864,0.9493802175022755,0.05533808607417775
bnp,22,log_loss,lr-xgb,0.33673230587228253,0.9095387751000961,0.07528210286913926
bnp,22,log_loss,gnb-knn,-3.7432722813935717,-0.24165798960075408,0.7207181595521344
bnp,22,log_loss,gnb-rf,-3.7454736860001416,-0.19619450162855895,0.690791200139958
bnp,22,log_loss,gnb-xgb,-3.771288379524016,-0.14541271995901692,0.6448674772568229
bnp,22,log_loss,knn-rf,0.3555940484377388,0.9404856420943914,0.036793649405178444
bnp,22,log_loss,knn-xgb,0.3169896241151725,0.8431648803105302,0.08825008747375787
bnp,22,log_loss,rf-xgb,0.34261267289926534,0.927541517108427,0.06344034289713087
bnp,23,roc_auc,lr-gnb,0.1623692570986508,-0.27742366417113445,0.735337211336599
bnp,23,roc_auc,lr-knn,0.08710134803789121,0.8944823937068114,0.06307951364590623
bnp,23,roc_auc,lr-rf,0.010160940996296497,0.9502737230891721,0.05461642757172848
bnp,23,roc_auc,lr-xgb,0.03491052303122766,0.9067355937953869,0.07697690692792163
bnp,23,roc_auc,gnb-knn,0.09827234254234285,-0.38637797980091876,0.7913532190342897
bnp,23,roc_auc,gnb-rf,0.16876858774996717,-0.3416636563654615,0.759731455563331
bnp,23,roc_auc,gnb-xgb,0.18038815202536762,-0.2750725246992961,0.7120473233030091
bnp,23,roc_auc,knn-rf,0.06427277957436739,0.9386920310725668,0.03842284814555633
bnp,23,roc_auc,knn-xgb,0.11750434705466832,0.8405237824179217,0.08925603568929322
bnp,23,roc_auc,rf-xgb,0.019484176817654575,0.9267145365342022,0.0640635934219734
bnp,23,log_loss,lr-gnb,-4.164523985811844,-0.27742366417113445,0.735337211336599
bnp,23,log_loss,lr-knn,0.38323329037947407,0.8944823937068114,0.06307951364590623
bnp,23,log_loss,lr-rf,0.3985963424555642,0.9502737230891721,0.05461642757172848
bnp,23,log_loss,lr-xgb,0.38046256117457544,0.9067355937953869,0.07697690692792163
bnp,23,log_loss,gnb-knn,-4.172165610828547,-0.38637797980091876,0.7913532190342897
bnp,23,log_loss,gnb-rf,-4.181350117392548,-0.3416636563654615,0.759731455563331
bnp,23,log_loss,gnb-xgb,-4.213433323303894,-0.2750725246992961,0.7120473233030091
bnp,23,log_loss,knn-rf,0.3999288615449879,0.9386920310725668,0.03842284814555633
bnp,23,log_loss,knn-xgb,0.36121801910094387,0.8405237824179217,0.08925603568929322
bnp,23,log_loss,rf-xgb,0.3873069045386961,0.9267145365342022,0.0640635934219734
bnp,24,roc_auc,lr-gnb,0.11795062770126602,-0.12155215450453895,0.6557251574527642
bnp,24,roc_auc,lr-knn,0.08577963928297963,0.8925383635115566,0.06556158152554234
bnp,24,roc_auc,lr-rf,0.010462081430989367,0.9501663714793113,0.05614721833449965
bnp,24,roc_auc,lr-xgb,0.033484662508582064,0.9081607615344531,0.07602562981105668
bnp,24,roc_auc,gnb-knn,0.07089238835461087,-0.22895969946573305,0.7129548635409377
bnp,24,roc_auc,gnb-rf,0.12393117670547216,-0.1841993852648108,0.6832028516445067
bnp,24,roc_auc,gnb-xgb,0.1339416593002123,-0.14004211851146373,0.638022655703289
bnp,24,roc_auc,knn-rf,0.06166471807203888,0.9401144970684959,0.03699046536039188
bnp,24,roc_auc,knn-xgb,0.11530059360740659,0.840981950390769,0.08844690342897131
bnp,24,roc_auc,rf-xgb,0.021103819877453578,0.9253321173435841,0.06427134359692092
bnp,24,log_loss,lr-gnb,-3.6836705328300883,-0.12155215450453895,0.6557251574527642
bnp,24,log_loss,lr-knn,0.3334141189748371,0.8925383635115566,0.06556158152554234
bnp,24,log_loss,lr-rf,0.34915210195641233,0.9501663714793113,0.05614721833449965
bnp,24,log_loss,lr-xgb,0.33146053670535747,0.9081607615344531,0.07602562981105668
bnp,24,log_loss,gnb-knn,-3.704046715576641,-0.22895969946573305,0.7129548635409377
bnp,24,log_loss,gnb-rf,-3.7063333284271884,-0.1841993852648108,0.6832028516445067
bnp,24,log_loss,gnb-xgb,-3.7386316694669954,-0.14004211851146373,0.638022655703289
bnp,24,log_loss,knn-rf,0.3515829500236699,0.9401144970684959,0.03699046536039188
bnp,24,log_loss,knn-xgb,0.312022719552163,0.840981950390769,0.08844690342897131
bnp,24,log_loss,rf-xgb,0.3378542692872375,0.9253321173435841,0.06427134359692092
bnp,25,roc_auc,lr-gnb,0.11085186405635006,-0.11853547600869621,0.6561406578026592
bnp,25,roc_auc,lr-knn,0.08831542881860166,0.8932929490629842,0.06268588173547936
bnp,25,roc_auc,lr-rf,0.011279723706145828,0.9496343301420701,0.05495538838348495
bnp,25,roc_auc,lr-xgb,0.034277690037930464,0.9068426767332431,0.07509622113365991
bnp,25,roc_auc,gnb-knn,0.061161224159133276,-0.22753621355356335,0.7109976382085375
bnp,25,roc_auc,gnb-rf,0.11496377917685852,-0.18047381716888866,0.6832575227431771
bnp,25,roc_auc,gnb-xgb,0.12461561319738523,-0.13569911063258003,0.637618089573128
bnp,25,roc_auc,knn-rf,0.06313565649234976,0.9417912376078781,0.03473801609517145
bnp,25,roc_auc,knn-xgb,0.11633564551951062,0.8406720184552638,0.08695984954513646
bnp,25,roc_auc,rf-xgb,0.020704647185686653,0.9239318006258604,0.06514608117564731
bnp,25,log_loss,lr-gnb,-3.6613294907599574,-0.11853547600869621,0.6561406578026592
bnp,25,log_loss,lr-knn,0.3312433233489986,0.8932929490629842,0.06268588173547936
bnp,25,log_loss,lr-rf,0.3468082534283542,0.9496343301420701,0.05495538838348495
bnp,25,log_loss,lr-xgb,0.32891216473461027,0.9068426767332431,0.07509622113365991
bnp,25,log_loss,gnb-knn,-3.683174697950726,-0.22753621355356335,0.7109976382085375
bnp,25,log_loss,gnb-rf,-3.6826678150639713,-0.18047381716888866,0.6832575227431771
bnp,25,log_loss,gnb-xgb,-3.715051502305119,-0.13569911063258003,0.637618089573128
bnp,25,log_loss,knn-rf,0.3494880703847998,0.9417912376078781,0.03473801609517145
bnp,25,log_loss,knn-xgb,0.3093996783982107,0.8406720184552638,0.08695984954513646
bnp,25,log_loss,rf-xgb,0.3348438660843729,0.9239318006258604,0.06514608117564731
bnp,26,roc_auc,lr-gnb,0.16315696119627587,-0.2839898760393232,0.7386721483554933
bnp,26,roc_auc,lr-knn,0.08854458222222769,0.8929355315339662,0.06312325052484255
bnp,26,roc_auc,lr-rf,0.011639343014670955,0.94872727938487,0.05635496850944716
bnp,26,roc_auc,lr-xgb,0.03358498946034927,0.9076095495687383,0.07697690692792163
bnp,26,roc_auc,gnb-knn,0.10032652609401937,-0.3950793395024559,0.7939664975507348
bnp,26,roc_auc,gnb-rf,0.17008973776973368,-0.35214455130296,0.7647830650804759
bnp,26,roc_auc,gnb-xgb,0.18133726622739732,-0.2859812570296737,0.7177659202239328
bnp,26,roc_auc,knn-rf,0.06331623509129236,0.940641287931346,0.036771780965710286
bnp,26,roc_auc,knn-xgb,0.11571394221875508,0.8424683238515744,0.08680677046885935
bnp,26,roc_auc,rf-xgb,0.019572996406583165,0.9260603425837016,0.06346221133659902
bnp,26,log_loss,lr-gnb,-4.182232304943803,-0.2839898760393232,0.7386721483554933
bnp,26,log_loss,lr-knn,0.38482152833188255,0.8929355315339662,0.06312325052484255
bnp,26,log_loss,lr-rf,0.3999066580643801,0.94872727938487,0.05635496850944716
bnp,26,log_loss,lr-xgb,0.38306248988450187,0.9076095495687383,0.07697690692792163
bnp,26,log_loss,gnb-knn,-4.192867676380815,-0.3950793395024559,0.7939664975507348
bnp,26,log_loss,gnb-rf,-4.200400633026155,-0.35214455130296,0.7647830650804759
bnp,26,log_loss,gnb-xgb,-4.2347836900919935,-0.2859812570296737,0.7177659202239328
bnp,26,log_loss,knn-rf,0.40243758295599874,0.940641287931346,0.036771780965710286
bnp,26,log_loss,knn-xgb,0.36391774102025404,0.8424683238515744,0.08680677046885935
bnp,26,log_loss,rf-xgb,0.3890006455747572,0.9260603425837016,0.06346221133659902
bnp,27,roc_auc,lr-gnb,0.1159757897851309,-0.12553996720739619,0.6585680545836249
bnp,27,roc_auc,lr-knn,0.08788348272242771,0.8922235955845913,0.06435881735479357
bnp,27,roc_auc,lr-rf,0.01033535069039404,0.9509101141862919,0.055742652204338695
bnp,27,roc_auc,lr-xgb,0.03211737689311911,0.9095105182576001,0.07492127361791462
bnp,27,roc_auc,gnb-knn,0.06671470811143942,-0.23327569619789393,0.7154259972008398
bnp,27,roc_auc,gnb-rf,0.1203672045759916,-0.18775525020369774,0.6852912876137159
bnp,27,roc_auc,gnb-xgb,0.12700497916047448,-0.14065275802590327,0.6396737228831351
bnp,27,roc_auc,knn-rf,0.06311581458962046,0.9403736754903386,0.03724195241427572
bnp,27,roc_auc,knn-xgb,0.1128750780960473,0.8426284328902233,0.08858904828551435
bnp,27,roc_auc,rf-xgb,0.019105530447890207,0.9264484207016735,0.06359342197340798
bnp,27,log_loss,lr-gnb,-3.6752585717705366,-0.12553996720739619,0.6585680545836249
bnp,27,log_loss,lr-knn,0.3319653040270741,0.8922235955845913,0.06435881735479357
bnp,27,log_loss,lr-rf,0.34828784146193315,0.9509101141862919,0.055742652204338695
bnp,27,log_loss,lr-xgb,0.3310099078066806,0.9095105182576001,0.07492127361791462
bnp,27,log_loss,gnb-knn,-3.6956262452105317,-0.23327569619789393,0.7154259972008398
bnp,27,log_loss,gnb-rf,-3.697112459198371,-0.18775525020369774,0.6852912876137159
bnp,27,log_loss,gnb-xgb,-3.727095860151846,-0.14065275802590327,0.6396737228831351
bnp,27,log_loss,knn-rf,0.3501320328997174,0.9403736754903386,0.03724195241427572
bnp,27,log_loss,knn-xgb,0.3108369616251435,0.8426284328902233,0.08858904828551435
bnp,27,log_loss,rf-xgb,0.3366361098505757,0.9264484207016735,0.06359342197340798
bnp,28,roc_auc,lr-gnb,0.10388379065046743,-0.08876285139609488,0.6410842372288313
bnp,28,roc_auc,lr-knn,0.08534064683352807,0.8948189069787961,0.062095433869839047
bnp,28,roc_auc,lr-rf,0.011108139503379633,0.9498698713203017,0.054638296011196644
bnp,28,roc_auc,lr-xgb,0.0329135251077024,0.9080076010506033,0.07522743177046885
bnp,28,roc_auc,gnb-knn,0.05751881356231037,-0.19785551991667072,0.6953726382085375
bnp,28,roc_auc,gnb-rf,0.10904205808498457,-0.1498731549418512,0.6647786913925823
bnp,28,roc_auc,gnb-xgb,0.11523177982011434,-0.10820643485022838,0.622255510846746
bnp,28,roc_auc,knn-rf,0.06283693746406982,0.939757227780703,0.03785426871938419
bnp,28,roc_auc,knn-xgb,0.11185267479868988,0.8421976268389714,0.08739721833449965
bnp,28,roc_auc,rf-xgb,0.01883317084787972,0.9267210657200571,0.06237972358292512
bnp,28,log_loss,lr-gnb,-3.5484996263939457,-0.08876285139609488,0.6410842372288313
bnp,28,log_loss,lr-knn,0.3198973319383026,0.8948189069787961,0.062095433869839047
bnp,28,log_loss,lr-rf,0.3350944302387038,0.9498698713203017,0.054638296011196644
bnp,28,log_loss,lr-xgb,0.31756365395199637,0.9080076010506033,0.07522743177046885
bnp,28,log_loss,gnb-knn,-3.574582997921968,-0.19785551991667072,0.6953726382085375
bnp,28,log_loss,gnb-rf,-3.5724094737000907,-0.1498731549418512,0.6647786913925823
bnp,28,log_loss,gnb-xgb,-3.5992761587435482,-0.10820643485022838,0.622255510846746
bnp,28,log_loss,knn-rf,0.33727003454266546,0.939757227780703,0.03785426871938419
bnp,28,log_loss,knn-xgb,0.2986567223738088,0.8421976268389714,0.08739721833449965
bnp,28,log_loss,rf-xgb,0.32436556165913677,0.9267210657200571,0.06237972358292512
bnp,29,roc_auc,lr-gnb,0.11092792048210887,-0.09931188405163353,0.6435553708887334
bnp,29,roc_auc,lr-knn,0.0854733590783891,0.8935676019971734,0.06469777816655004
bnp,29,roc_auc,lr-rf,0.011802594950598766,0.9491156783258451,0.05558957312806158
bnp,29,roc_auc,lr-xgb,0.03397611250263011,0.9065600434352279,0.07767669699090272
bnp,29,roc_auc,gnb-knn,0.06406974050311343,-0.20889071675703297,0.7005335899230231
bnp,29,roc_auc,gnb-rf,0.11345425370970597,-0.16185844173870975,0.6695788138558433
bnp,29,roc_auc,gnb-xgb,0.12425017555090778,-0.1154626826482038,0.6229553009097271
bnp,29,roc_auc,knn-rf,0.06135868806528899,0.9399538702185201,0.0382807032890133
bnp,29,roc_auc,knn-xgb,0.11370597497059172,0.8388925470182852,0.09190211686494051
bnp,29,roc_auc,rf-xgb,0.020321212966387225,0.9243170035825231,0.06553971308607418
bnp,29,log_loss,lr-gnb,-3.596237476625502,-0.09931188405163353,0.6435553708887334
bnp,29,log_loss,lr-knn,0.32449646983824976,0.8935676019971734,0.06469777816655004
bnp,29,log_loss,lr-rf,0.33992286444487907,0.9491156783258451,0.05558957312806158
bnp,29,log_loss,lr-xgb,0.3224175550363665,0.9065600434352279,0.07767669699090272
bnp,29,log_loss,gnb-knn,-3.620246594097096,-0.20889071675703297,0.7005335899230231
bnp,29,log_loss,gnb-rf,-3.620621905079916,-0.16185844173870975,0.6695788138558433
bnp,29,log_loss,gnb-xgb,-3.645869070944025,-0.1154626826482038,0.6229553009097271
bnp,29,log_loss,knn-rf,0.3423705955083929,0.9399538702185201,0.0382807032890133
bnp,29,log_loss,knn-xgb,0.3027034223292997,0.8388925470182852,0.09190211686494051
bnp,29,log_loss,rf-xgb,0.32877678709244895,0.9243170035825231,0.06553971308607418
porto,0,roc_auc,lr-gnb,0.013259894710684728,0.15744627505847,0.32775625
porto,0,roc_auc,lr-knn,0.06519280432612773,0.9919654873496705,6.25e-06
porto,0,roc_auc,lr-rf,0.02165705543451446,0.9973074425421738,6.25e-06
porto,0,roc_auc,lr-xgb,0.04623661574445592,0.9893512929439308,6.25e-05
porto,0,roc_auc,gnb-knn,0.08408544740755697,0.12372403477633029,0.3277625
porto,0,roc_auc,gnb-rf,0.02476158309302412,0.1438334097761844,0.3277625
porto,0,roc_auc,gnb-xgb,0.06422759238346809,0.14119910742393316,0.32769375
porto,0,roc_auc,knn-rf,0.054863826411340355,0.9938147123014365,0.0
porto,0,roc_auc,knn-xgb,0.06705317931748096,0.9854528503952474,6.875e-05
porto,0,roc_auc,rf-xgb,0.04304685022652466,0.990059657378436,6.875e-05
porto,0,log_loss,lr-gnb,-1.7901662031902177,0.15744627505847,0.32775625
porto,0,log_loss,lr-knn,0.15478758466551923,0.9919654873496705,6.25e-06
porto,0,log_loss,lr-rf,0.1650022386435775,0.9973074425421738,6.25e-06
porto,0,log_loss,lr-xgb,0.15792707038445758,0.9893512929439308,6.25e-05
porto,0,log_loss,gnb-knn,-1.8107657327620108,0.12372403477633029,0.3277625
porto,0,log_loss,gnb-rf,-1.7964618494440319,0.1438334097761844,0.3277625
porto,0,log_loss,gnb-xgb,-1.8029678430470464,0.14119910742393316,0.32769375
porto,0,log_loss,knn-rf,0.15551024252417095,0.9938147123014365,0.0
porto,0,log_loss,knn-xgb,0.15192550544842917,0.9854528503952474,6.875e-05
porto,0,log_loss,rf-xgb,0.15797880422108945,0.990059657378436,6.875e-05
porto,1,roc_auc,lr-gnb,0.00010631537953698089,0.11606918507946523,0.37823125
porto,1,roc_auc,lr-knn,0.05949854983370456,0.9919237669133653,6.25e-06
porto,1,roc_auc,lr-rf,0.01834079163871516,0.9973345973539297,6.25e-06
porto,1,roc_auc,lr-xgb,0.04233443212926602,0.9895643368436928,6.25e-05
porto,1,roc_auc,gnb-knn,0.07091833936137304,0.0830156485948154,0.3782375
porto,1,roc_auc,gnb-rf,0.004823896040411557,0.10270503435908598,0.3782375
porto,1,roc_auc,gnb-xgb,0.04911777323202371,0.09959169810786614,0.37819375
porto,1,roc_auc,knn-rf,0.04690351719677499,0.9938278968318615,0.0
porto,1,roc_auc,knn-xgb,0.05986496151729409,0.9856306704972001,5.625e-05
porto,1,roc_auc,rf-xgb,0.038547618156663965,0.9902833297448241,5.625e-05
porto,1,log_loss,lr-gnb,-2.0383018512712887,0.11606918507946523,0.37823125
porto,1,log_loss,lr-knn,0.1780372179131773,0.9919237669133653,6.25e-06
porto,1,log_loss,lr-rf,0.18856622682034757,0.9973345973539297,6.25e-06
porto,1,log_loss,lr-xgb,0.1815873006999278,0.9895643368436928,6.25e-05
porto,1,log_loss,gnb-knn,-2.0607862278851665,0.0830156485948154,0.3782375
porto,1,log_loss,gnb-rf,-2.0441625797665877,0.10270503435908598,0.3782375
porto,1,log_loss,gnb-xgb,-2.0526693224939474,0.09959169810786614,0.37819375
porto,1,log_loss,knn-rf,0.17881491844271213,0.9938278968318615,0.0
porto,1,log_loss,knn-xgb,0.17522963753251342,0.9856306704972001,5.625e-05
porto,1,log_loss,rf-xgb,0.18157172016070133,0.9902833297448241,5.625e-05
porto,2,roc_auc,lr-gnb,0.0034938012561129272,0.13046003715616747,0.35843125
porto,2,roc_auc,lr-knn,0.060567573951611886,0.9917635399968016,0.0
porto,2,roc_auc,lr-rf,0.0217176862030658,0.9970437876282113,0.0
porto,2,roc_auc,lr-xgb,0.0436527220485835,0.9887951519226055,8.125e-05
porto,2,roc_auc,gnb-knn,0.08017088473316458,0.09592115629619069,0.35843125
porto,2,roc_auc,gnb-rf,0.013437975048983919,0.11583669992665425,0.35843125
porto,2,roc_auc,gnb-xgb,0.052496433804665954,0.11298045010685868,0.3583875
porto,2,roc_auc,knn-rf,0.05131615552430446,0.9938650219157976,0.0
porto,2,roc_auc,knn-xgb,0.06286548442193016,0.9850278166353618,8.125e-05
porto,2,roc_auc,rf-xgb,0.042441036545776356,0.9896677135504818,8.125e-05
porto,2,log_loss,lr-gnb,-1.9417800193121697,0.13046003715616747,0.35843125
porto,2,log_loss,lr-knn,0.16896735008686004,0.9917635399968016,0.0
porto,2,log_loss,lr-rf,0.17898006063545197,0.9970437876282113,0.0
porto,2,log_loss,lr-xgb,0.17206003863861696,0.9887951519226055,8.125e-05
porto,2,log_loss,gnb-knn,-1.9645577183367906,0.09592115629619069,0.35843125
porto,2,log_loss,gnb-rf,-1.948089095327215,0.11583669992665425,0.35843125
porto,2,log_loss,gnb-xgb,-1.9560618477050657,0.11298045010685868,0.3583875
porto,2,log_loss,knn-rf,0.16979270479193176,0.9938650219157976,0.0
porto,2,log_loss,knn-xgb,0.16586218705435177,0.9850278166353618,8.125e-05
porto,2,log_loss,rf-xgb,0.172211233931587,0.9896677135504818,8.125e-05
porto,3,roc_auc,lr-gnb,-0.012854737790923942,0.11299045844551635,0.38260625
porto,3,roc_auc,lr-knn,0.06193647959447121,0.991709255301753,6.25e-06
porto,3,roc_auc,lr-rf,0.0161473975555555,0.9971354457344697,6.25e-06
porto,3,roc_auc,lr-xgb,0.039927469262866944,0.989030794160068,8.75e-05
porto,3,roc_auc,gnb-knn,0.054573108601275955,0.07923504673805536,0.3826125
porto,3,roc_auc,gnb-rf,-0.005187810221470857,0.10007275378612782,0.3826125
porto,3,roc_auc,gnb-xgb,0.033798193206451166,0.0968313802195325,0.38253125
porto,3,roc_auc,knn-rf,0.05126621194189329,0.9937772574319169,0.0
porto,3,roc_auc,knn-xgb,0.07124287504895627,0.9849775876672081,8.125e-05
porto,3,roc_auc,rf-xgb,0.038881358543710665,0.9897611233066813,8.125e-05
porto,3,log_loss,lr-gnb,-2.0247525630730294,0.11299045844551635,0.38260625
porto,3,log_loss,lr-knn,0.1755751820037282,0.991709255301753,6.25e-06
porto,3,log_loss,lr-rf,0.1863532040639701,0.9971354457344697,6.25e-06
porto,3,log_loss,lr-xgb,0.17945900414899507,0.989030794160068,8.75e-05
porto,3,log_loss,gnb-knn,-2.0469837716895114,0.07923504673805536,0.3826125
porto,3,log_loss,gnb-rf,-2.0304252798737004,0.10007275378612782,0.3826125
porto,3,log_loss,gnb-xgb,-2.0385724079912477,0.0968313802195325,0.38253125
porto,3,log_loss,knn-rf,0.17634250950570293,0.9937772574319169,0.0
porto,3,log_loss,knn-xgb,0.17240844773758437,0.9849775876672081,8.125e-05
porto,3,log_loss,rf-xgb,0.17943128113162254,0.9897611233066813,8.125e-05
porto,4,roc_auc,lr-gnb,0.002515929433508368,0.14656541638549136,0.33955
porto,4,roc_auc,lr-knn,0.06581062406899393,0.991697409075035,6.25e-06
porto,4,roc_auc,lr-rf,0.019166225421903715,0.9970817371653454,6.25e-06
porto,4,roc_auc,lr-xgb,0.04695212713558283,0.9887501696191717,0.000125
porto,4,roc_auc,gnb-knn,0.07446686939497238,0.11032468282569802,0.33955625
porto,4,roc_auc,gnb-rf,0.004529431172558329,0.13176854442615507,0.33955625
porto,4,roc_auc,gnb-xgb,0.04949252839644103,0.12873355776905065,0.3394625
porto,4,roc_auc,knn-rf,0.05342989736166237,0.9937785331975548,0.0
porto,4,roc_auc,knn-xgb,0.07254025990876008,0.984963787127712,0.00011875
porto,4,roc_auc,rf-xgb,0.04185175593458279,0.9895946246522355,0.00011875
porto,4,log_loss,lr-gnb,-1.840886559578885,0.14656541638549136,0.33955
porto,4,log_loss,lr-knn,0.15893521837314833,0.991697409075035,6.25e-06
porto,4,log_loss,lr-rf,0.16941091817446452,0.9970817371653454,6.25e-06
porto,4,log_loss,lr-xgb,0.16235810553326407,0.9887501696191717,0.000125
porto,4,log_loss,gnb-knn,-1.863032783104785,0.11032468282569802,0.33955625
porto,4,log_loss,gnb-rf,-1.8477572887987725,0.13176854442615507,0.33955625
porto,4,log_loss,gnb-xgb,-1.8543479334907658,0.12873355776905065,0.3394625
porto,4,log_loss,knn-rf,0.15969142430464126,0.9937785331975548,0.0
porto,4,log_loss,knn-xgb,0.15552860040532057,0.984963787127712,0.00011875
porto,4,log_loss,rf-xgb,0.1624284525557692,0.9895946246522355,0.00011875
porto,5,roc_auc,lr-gnb,-0.0034145995750201608,0.13483021452459376,0.3544
porto,5,roc_auc,lr-knn,0.0626334408988797,0.9917690933671145,0.0
porto,5,roc_auc,lr-rf,0.019440437473786543,0.9971546531283788,0.0
porto,5,roc_auc,lr-xgb,0.04637430863844261,0.9887701024152111,8.125e-05
porto,5,roc_auc,gnb-knn,0.06373907600243234,0.10018292260636226,0.3544
porto,5,roc_auc,gnb-rf,0.0033886037029793314,0.12045142046620937,0.3544
porto,5,roc_auc,gnb-xgb,0.044700770173405346,0.11788512495029922,0.35433125
porto,5,roc_auc,knn-rf,0.05128923816622677,0.9937809515285596,0.0
porto,5,roc_auc,knn-xgb,0.06576606097336801,0.9850419892945957,8.125e-05
porto,5,roc_auc,rf-xgb,0.04290952485718158,0.9897049369446512,8.125e-05
porto,5,log_loss,lr-gnb,-1.8985104217310242,0.13483021452459376,0.3544
porto,5,log_loss,lr-knn,0.16445538168008805,0.9917690933671145,0.0
porto,5,log_loss,lr-rf,0.1745558495495374,0.9971546531283788,0.0
porto,5,log_loss,lr-xgb,0.16761109629981463,0.9887701024152111,8.125e-05
porto,5,log_loss,gnb-knn,-1.919930379226012,0.10018292260636226,0.3544
porto,5,log_loss,gnb-rf,-1.9050521794581723,0.12045142046620937,0.3544
porto,5,log_loss,gnb-xgb,-1.9125034767867977,0.11788512495029922,0.35433125
porto,5,log_loss,knn-rf,0.16521438428524293,0.9937809515285596,0.0
porto,5,log_loss,knn-xgb,0.16154295018819506,0.9850419892945957,8.125e-05
porto,5,log_loss,rf-xgb,0.16761558673254573,0.9897049369446512,8.125e-05
porto,6,roc_auc,lr-gnb,-0.0005892725931034848,0.1389631015217109,0.34730625
porto,6,roc_auc,lr-knn,0.060346517112911224,0.992026788074788,0.0
porto,6,roc_auc,lr-rf,0.02291920508572265,0.9972352786031559,0.0
porto,6,roc_auc,lr-xgb,0.05008004084637385,0.9891592763124629,6.25e-05
porto,6,roc_auc,gnb-knn,0.07302482880617145,0.10561224127963721,0.34730625
porto,6,roc_auc,gnb-rf,0.012263062164145078,0.1264497576842812,0.34730625
porto,6,roc_auc,gnb-xgb,0.05238856916534662,0.12303015885886474,0.34726875
porto,6,roc_auc,knn-rf,0.05140396741740394,0.9938434663441037,0.0
porto,6,roc_auc,knn-xgb,0.06495542022973161,0.9854421732753654,6.25e-05
porto,6,roc_auc,rf-xgb,0.04310802341879816,0.9900392538300169,6.25e-05
porto,6,log_loss,lr-gnb,-1.8962694854862716,0.1389631015217109,0.34730625
porto,6,log_loss,lr-knn,0.16470077812137002,0.992026788074788,0.0
porto,6,log_loss,lr-rf,0.175068952485546,0.9972352786031559,0.0
porto,6,log_loss,lr-xgb,0.1680113739182464,0.9891592763124629,6.25e-05
porto,6,log_loss,gnb-knn,-1.918967828119658,0.10561224127963721,0.34730625
porto,6,log_loss,gnb-rf,-1.9024739936494344,0.1264497576842812,0.34730625
porto,6,log_loss,gnb-xgb,-1.9106202529341831,0.12303015885886474,0.34726875
porto,6,log_loss,knn-rf,0.16523582096438616,0.9938434663441037,0.0
porto,6,log_loss,knn-xgb,0.16173205283277103,0.9854421732753654,6.25e-05
porto,6,log_loss,rf-xgb,0.16822853199874,0.9900392538300169,6.25e-05
porto,7,roc_auc,lr-gnb,-0.00025197704945978394,0.1426323682946756,0.34371875
porto,7,roc_auc,lr-knn,0.062293963450619105,0.9918462233737564,0.0
porto,7,roc_auc,lr-rf,0.02115934433241018,0.997182062859848,0.0
porto,7,roc_auc,lr-xgb,0.04576426070109474,0.9890324661305002,6.25e-05
porto,7,roc_auc,gnb-knn,0.07045223133157696,0.10905958241613498,0.34371875
porto,7,roc_auc,gnb-rf,0.0069176877711778495,0.12903187186795123,0.34371875
porto,7,roc_auc,gnb-xgb,0.046187721134315574,0.1257650607303661,0.34366875
porto,7,roc_auc,knn-rf,0.054095759375438535,0.9937985292618048,0.0
porto,7,roc_auc,knn-xgb,0.0721932308952775,0.9853080083010326,6.25e-05
porto,7,roc_auc,rf-xgb,0.043285576817948535,0.9899551403554717,6.25e-05
porto,7,log_loss,lr-gnb,-1.8637139464947075,0.1426323682946756,0.34371875
porto,7,log_loss,lr-knn,0.16123047161595483,0.9918462233737564,0.0
porto,7,log_loss,lr-rf,0.1717090505250572,0.997182062859848,0.0
porto,7,log_loss,lr-xgb,0.16485038957656517,0.9890324661305002,6.25e-05
porto,7,log_loss,gnb-knn,-1.8849532369549227,0.10905958241613498,0.34371875
porto,7,log_loss,gnb-rf,-1.8697685777046003,0.12903187186795123,0.34371875
porto,7,log_loss,gnb-xgb,-1.876728257694927,0.1257650607303661,0.34366875
porto,7,log_loss,knn-rf,0.16204087270467782,0.9937985292618048,0.0
porto,7,log_loss,knn-xgb,0.1583433848126995,0.9853080083010326,6.25e-05
porto,7,log_loss,rf-xgb,0.16487581438383614,0.9899551403554717,6.25e-05
porto,8,roc_auc,lr-gnb,0.003119833661922311,0.1566202826486178,0.32925625
porto,8,roc_auc,lr-knn,0.059171398607069686,0.9920047281813292,0.0
porto,8,roc_auc,lr-rf,0.019037246938550245,0.997384772041894,0.0
porto,8,roc_auc,lr-xgb,0.04465115297068445,0.9892211567118123,5.625e-05
porto,8,roc_auc,gnb-knn,0.06630554706160519,0.12450389364671843,0.32925625
porto,8,roc_auc,gnb-rf,0.007814280777747817,0.14446262349470185,0.32925625
porto,8,roc_auc,gnb-xgb,0.04755230517905218,0.14065256780775415,0.3292
porto,8,roc_auc,knn-rf,0.04974888188006321,0.9937904437884068,0.0
porto,8,roc_auc,knn-xgb,0.06615019154983431,0.9854639455098249,5.625e-05
porto,8,roc_auc,rf-xgb,0.04068317852597181,0.9900758362624975,5.625e-05
porto,8,log_loss,lr-gnb,-1.780613624004556,0.1566202826486178,0.32925625
porto,8,log_loss,lr-knn,0.1533552206527908,0.9920047281813292,0.0
porto,8,log_loss,lr-rf,0.1637559690506401,0.997384772041894,0.0
porto,8,log_loss,lr-xgb,0.15679850838464038,0.9892211567118123,5.625e-05
porto,8,log_loss,gnb-knn,-1.7993635657583327,0.12450389364671843,0.32925625
porto,8,log_loss,gnb-rf,-1.7860121250602448,0.14446262349470185,0.32925625
porto,8,log_loss,gnb-xgb,-1.7929734154896542,0.14065256780775415,0.3292
porto,8,log_loss,knn-rf,0.15406028401570618,0.9937904437884068,0.0
porto,8,log_loss,knn-xgb,0.15050354867297341,0.9854639455098249,5.625e-05
porto,8,log_loss,rf-xgb,0.1568239266901914,0.9900758362624975,5.625e-05
porto,9,roc_auc,lr-gnb,-5.609529727002016e-06,0.12840859866585788,0.361875
porto,9,roc_auc,lr-knn,0.06645398714374232,0.9919579667890083,0.0
porto,9,roc_auc,lr-rf,0.021401299554065,0.9972971164899357,0.0
porto,9,roc_auc,lr-xgb,0.046732015106598856,0.9893828440131194,5e-05
porto,9,roc_auc,gnb-knn,0.07633024184966253,0.09378983185936574,0.361875
porto,9,roc_auc,gnb-rf,0.008683938862275142,0.11428806819520106,0.361875
porto,9,roc_auc,gnb-xgb,0.05182497350761106,0.11169296838229743,0.361825
porto,9,roc_auc,knn-rf,0.055190749123707805,0.9938350024498003,0.0
porto,9,roc_auc,knn-xgb,0.07321382867378902,0.9855417758008794,5e-05
porto,9,roc_auc,rf-xgb,0.04126542240993647,0.990135211796053,5e-05
porto,9,log_loss,lr-gnb,-1.964222417014971,0.12840859866585788,0.361875
porto,9,log_loss,lr-knn,0.17188975969565823,0.9919579667890083,0.0
porto,9,log_loss,lr-rf,0.18153067941202328,0.9972971164899357,0.0
porto,9,log_loss,lr-xgb,0.17463372990566028,0.9893828440131194,5e-05
porto,9,log_loss,gnb-knn,-1.9871573093680108,0.09378983185936574,0.361875
porto,9,log_loss,gnb-rf,-1.970733562680861,0.11428806819520106,0.361875
porto,9,log_loss,gnb-xgb,-1.9784229242324192,0.11169296838229743,0.361825
porto,9,log_loss,knn-rf,0.17261635188397492,0.9938350024498003,0.0
porto,9,log_loss,knn-xgb,0.16861396377196558,0.9855417758008794,5e-05
porto,9,log_loss,rf-xgb,0.1747621458930001,0.990135211796053,5e-05
porto,10,roc_auc,lr-gnb,-0.0020625188637420355,0.08914636329119406,0.40616875
porto,10,roc_auc,lr-knn,0.05975864323496802,0.9918205722087393,0.0
porto,10,roc_auc,lr-rf,0.020059169513451547,0.9971242377117893,0.0
porto,10,roc_auc,lr-xgb,0.04272832778043534,0.9891546194110391,6.875e-05
porto,10,roc_auc,gnb-knn,0.06265522199239659,0.0570550165016754,0.40616875
porto,10,roc_auc,gnb-rf,0.005283263343479838,0.0758794715266075,0.40616875
porto,10,roc_auc,gnb-xgb,0.041879146415445656,0.07425793281319813,0.4061125
porto,10,roc_auc,knn-rf,0.04665711089864122,0.9938666043603446,0.0
porto,10,roc_auc,knn-xgb,0.06812713649965792,0.9853112709036481,6.875e-05
porto,10,roc_auc,rf-xgb,0.03862508625517336,0.9899736514678017,6.875e-05
porto,10,log_loss,lr-gnb,-2.2054273799727597,0.08914636329119406,0.40616875
porto,10,log_loss,lr-knn,0.19390303826609012,0.9918205722087393,0.0
porto,10,log_loss,lr-rf,0.20400578016490117,0.9971242377117893,0.0
porto,10,log_loss,lr-xgb,0.19720122930235118,0.9891546194110391,6.875e-05
porto,10,log_loss,gnb-knn,-2.2276098027648414,0.0570550165016754,0.40616875
porto,10,log_loss,gnb-rf,-2.211453358163671,0.0758794715266075,0.40616875
porto,10,log_loss,gnb-xgb,-2.22065459852052,0.07425793281319813,0.4061125
porto,10,log_loss,knn-rf,0.194566896610021,0.9938666043603446,0.0
porto,10,log_loss,knn-xgb,0.19075454041223688,0.9853112709036481,6.875e-05
porto,10,log_loss,rf-xgb,0.1972893548828084,0.9899736514678017,6.875e-05
porto,11,roc_auc,lr-gnb,0.003683808678215994,0.13101554944403165,0.35768125
porto,11,roc_auc,lr-knn,0.06262638750392577,0.9919270211950034,0.0
porto,11,roc_auc,lr-rf,0.01932981354148544,0.9971874173259219,0.0
porto,11,roc_auc,lr-xgb,0.042452677862881205,0.9890726099591524,9.375e-05
porto,11,roc_auc,gnb-knn,0.07250795514801545,0.09790375159130128,0.35768125
porto,11,roc_auc,gnb-rf,0.010453232363796361,0.11708591010002464,0.35768125
porto,11,roc_auc,gnb-xgb,0.04777678051582179,0.11525514692112196,0.3575875
porto,11,roc_auc,knn-rf,0.051631256580827345,0.993838448905093,0.0
porto,11,roc_auc,knn-xgb,0.06807608038298148,0.9852345292889867,9.375e-05
porto,11,roc_auc,rf-xgb,0.0416317183390853,0.9898686049859964,9.375e-05
porto,11,log_loss,lr-gnb,-1.9598187552886897,0.13101554944403165,0.35768125
porto,11,log_loss,lr-knn,0.17077514897773843,0.9919270211950034,0.0
porto,11,log_loss,lr-rf,0.18135010654454553,0.9971874173259219,0.0
porto,11,log_loss,lr-xgb,0.17453549354992354,0.9890726099591524,9.375e-05
porto,11,log_loss,gnb-knn,-1.9808233934982515,0.09790375159130128,0.35768125
porto,11,log_loss,gnb-rf,-1.9658598617195946,0.11708591010002464,0.35768125
porto,11,log_loss,gnb-xgb,-1.972488046483851,0.11525514692112196,0.3575875
porto,11,log_loss,knn-rf,0.1713045671042309,0.993838448905093,0.0
porto,11,log_loss,knn-xgb,0.16766833832650102,0.9852345292889867,9.375e-05
porto,11,log_loss,rf-xgb,0.17454504387352898,0.9898686049859964,9.375e-05
porto,12,roc_auc,lr-gnb,-0.006484167182625344,0.16223289204098193,0.3247625
porto,12,roc_auc,lr-knn,0.06315433242194401,0.9918219892228826,6.25e-06
porto,12,roc_auc,lr-rf,0.01584375007297234,0.997216802952096,6.25e-06
porto,12,roc_auc,lr-xgb,0.043557250228919986,0.9890267354728922,6.25e-05
porto,12,roc_auc,gnb-knn,0.0637733092071715,0.12737326010904534,0.32476875
porto,12,roc_auc,gnb-rf,0.0020274015638528375,0.14803781471831456,0.32476875
porto,12,roc_auc,gnb-xgb,0.037584917963742526,0.1445747315814305,0.3247
porto,12,roc_auc,knn-rf,0.05139371422166694,0.9938194720325338,0.0
porto,12,roc_auc,knn-xgb,0.07157890119755506,0.9851575343163463,6.875e-05
porto,12,roc_auc,rf-xgb,0.039835342700784704,0.989864660782093,6.875e-05
porto,12,log_loss,lr-gnb,-1.7894075960977036,0.16223289204098193,0.3247625
porto,12,log_loss,lr-knn,0.15496366088732888,0.9918219892228826,6.25e-06
porto,12,log_loss,lr-rf,0.16563332626773108,0.997216802952096,6.25e-06
porto,12,log_loss,lr-xgb,0.15851994882966514,0.9890267354728922,6.25e-05
porto,12,log_loss,gnb-knn,-1.810468882751696,0.12737326010904534,0.32476875
porto,12,log_loss,gnb-rf,-1.795782111075558,0.14803781471831456,0.32476875
porto,12,log_loss,gnb-xgb,-1.801920176124608,0.1445747315814305,0.3247
porto,12,log_loss,knn-rf,0.15569182797332404,0.9938194720325338,0.0
porto,12,log_loss,knn-xgb,0.15178547735856796,0.9851575343163463,6.875e-05
porto,12,log_loss,rf-xgb,0.15861009947870497,0.989864660782093,6.875e-05
porto,13,roc_auc,lr-gnb,0.018471243681093152,0.235706759886282,0.25034375
porto,13,roc_auc,lr-knn,0.06452065712880478,0.9918641710862995,0.0
porto,13,roc_auc,lr-rf,0.020982851105767142,0.9971726756088535,0.0
porto,13,roc_auc,lr-xgb,0.045738386802305686,0.9891907005058994,8.125e-05
porto,13,roc_auc,gnb-knn,0.06948793520828755,0.20213396952553947,0.25034375
porto,13,roc_auc,gnb-rf,0.020449296056312072,0.22097320533079043,0.25034375
porto,13,roc_auc,gnb-xgb,0.0495856322253293,0.21761976701047622,0.250275
porto,13,roc_auc,knn-rf,0.05408918436532617,0.9939157630646694,0.0
porto,13,roc_auc,knn-xgb,0.06993635627695954,0.9853700354656126,8.125e-05
porto,13,roc_auc,rf-xgb,0.042397046452319564,0.9899993978929201,8.125e-05
porto,13,log_loss,lr-gnb,-1.4235225265108244,0.235706759886282,0.25034375
porto,13,log_loss,lr-knn,0.12081613743128485,0.9918641710862995,0.0
porto,13,log_loss,lr-rf,0.1312783957402826,0.9971726756088535,0.0
porto,13,log_loss,lr-xgb,0.12441876459049112,0.9891907005058994,8.125e-05
porto,13,log_loss,gnb-knn,-1.4394710326974618,0.20213396952553947,0.25034375
porto,13,log_loss,gnb-rf,-1.4299053498683585,0.22097320533079043,0.25034375
porto,13,log_loss,gnb-xgb,-1.4323541711063905,0.21761976701047622,0.250275
porto,13,log_loss,knn-rf,0.12166909560263728,0.9939157630646694,0.0
porto,13,log_loss,knn-xgb,0.1177201613459522,0.9853700354656126,8.125e-05
porto,13,log_loss,rf-xgb,0.12456888983622161,0.9899993978929201,8.125e-05
porto,14,roc_auc,lr-gnb,-0.0024117432824467544,0.13642767759128305,0.3533125
porto,14,roc_auc,lr-knn,0.0635054413307106,0.9917367337405977,0.0
porto,14,roc_auc,lr-rf,0.019118671746760074,0.9971965023305364,0.0
porto,14,roc_auc,lr-xgb,0.04884229916062233,0.9889596103082254,8.125e-05
porto,14,roc_auc,gnb-knn,0.06882038282802161,0.10148756875738277,0.3533125
porto,14,roc_auc,gnb-rf,0.0076362888361583,0.12254760733932873,0.3533125
porto,14,roc_auc,gnb-xgb,0.046582578874855285,0.1191576679564562,0.35324375
porto,14,roc_auc,knn-rf,0.05272966690559411,0.9937094193459782,0.0
porto,14,roc_auc,knn-xgb,0.06712745009406201,0.9850482457923181,8.125e-05
porto,14,roc_auc,rf-xgb,0.04040168609274941,0.9898419596110046,8.125e-05
porto,14,log_loss,lr-gnb,-1.920224576171707,0.13642767759128305,0.3533125
porto,14,log_loss,lr-knn,0.16668627317128681,0.9917367337405977,0.0
porto,14,log_loss,lr-rf,0.17743180782726875,0.9971965023305364,0.0
porto,14,log_loss,lr-xgb,0.17033352910901428,0.9889596103082254,8.125e-05
porto,14,log_loss,gnb-knn,-1.943512586055475,0.10148756875738277,0.3533125
porto,14,log_loss,gnb-rf,-1.926442306021397,0.12254760733932873,0.3533125
porto,14,log_loss,gnb-xgb,-1.935047686617122,0.1191576679564562,0.35324375
porto,14,log_loss,knn-rf,0.16754764993048607,0.9937094193459782,0.0
porto,14,log_loss,knn-xgb,0.16406757997215685,0.9850482457923181,8.125e-05
porto,14,log_loss,rf-xgb,0.17065728431529803,0.9898419596110046,8.125e-05
porto,15,roc_auc,lr-gnb,-0.0023621205486880625,0.1269729821479177,0.36510625
porto,15,roc_auc,lr-knn,0.061580175861651015,0.9918797018494754,0.0
porto,15,roc_auc,lr-rf,0.021815302229635347,0.9971478379670279,0.0
porto,15,roc_auc,lr-xgb,0.04361125595725013,0.9893771619374319,5.625e-05
porto,15,roc_auc,gnb-knn,0.08075969997746979,0.09179973940926414,0.36510625
porto,15,roc_auc,gnb-rf,0.0028655628019330637,0.11323971780268748,0.36510625
porto,15,roc_auc,gnb-xgb,0.04297300520519076,0.10965284792474315,0.3650625
porto,15,roc_auc,knn-rf,0.05075074082739184,0.9938369751168152,0.0
porto,15,roc_auc,knn-xgb,0.06988229813472328,0.9856314013238212,5.625e-05
porto,15,roc_auc,rf-xgb,0.040935915539680234,0.9902409774146419,5.625e-05
porto,15,log_loss,lr-gnb,-1.9216204827042866,0.1269729821479177,0.36510625
porto,15,log_loss,lr-knn,0.16600320711367175,0.9918797018494754,0.0
porto,15,log_loss,lr-rf,0.17604828352659746,0.9971478379670279,0.0
porto,15,log_loss,lr-xgb,0.16937683644307616,0.9893771619374319,5.625e-05
porto,15,log_loss,gnb-knn,-1.9457417807086523,0.09179973940926414,0.36510625
porto,15,log_loss,gnb-rf,-1.9278634030947215,0.11323971780268748,0.36510625
porto,15,log_loss,gnb-xgb,-1.9359565557506433,0.10965284792474315,0.3650625
porto,15,log_loss,knn-rf,0.16662507292989137,0.9938369751168152,0.0
porto,15,log_loss,knn-xgb,0.16287933299794596,0.9856314013238212,5.625e-05
porto,15,log_loss,rf-xgb,0.16937903336447868,0.9902409774146419,5.625e-05
porto,16,roc_auc,lr-gnb,-0.009301143863694072,0.056885125074339814,0.44431875
porto,16,roc_auc,lr-knn,0.06365773058725213,0.9918105579042532,0.0
porto,16,roc_auc,lr-rf,0.017395194372316958,0.997116530891497,0.0
porto,16,roc_auc,lr-xgb,0.043871692829609454,0.9886838573202146,6.875e-05
porto,16,roc_auc,gnb-knn,0.05927063900293117,0.025393199293523547,0.44431875
porto,16,roc_auc,gnb-rf,-0.001745181966431364,0.042864104586688954,0.44431875
porto,16,roc_auc,gnb-xgb,0.03630241398575473,0.04225493029345051,0.4442625
porto,16,roc_auc,knn-rf,0.05018679114941349,0.9938414328600862,0.0
porto,16,roc_auc,knn-xgb,0.06948913176987517,0.9848220605413883,6.875e-05
porto,16,roc_auc,rf-xgb,0.03827908595642793,0.9896220502979215,6.875e-05
porto,16,log_loss,lr-gnb,-2.5727235333822938,0.056885125074339814,0.44431875
porto,16,log_loss,lr-knn,0.23339041026310253,0.9918105579042532,0.0
porto,16,log_loss,lr-rf,0.2433677567721675,0.997116530891497,0.0
porto,16,log_loss,lr-xgb,0.23636142775905483,0.9886838573202146,6.875e-05
porto,16,log_loss,gnb-knn,-2.5981293119670306,0.025393199293523547,0.44431875
porto,16,log_loss,gnb-rf,-2.579137594916919,0.042864104586688954,0.44431875
porto,16,log_loss,gnb-xgb,-2.58942439223075,0.04225493029345051,0.4442625
porto,16,log_loss,knn-rf,0.2340243457549255,0.9938414328600862,0.0
porto,16,log_loss,knn-xgb,0.23023450592339276,0.9848220605413883,6.875e-05
porto,16,log_loss,rf-xgb,0.2365105849643463,0.9896220502979215,6.875e-05
porto,17,roc_auc,lr-gnb,-0.00957295745354625,0.10237009249093898,0.393825
porto,17,roc_auc,lr-knn,0.05762266094184437,0.991819153094559,1.25e-05
porto,17,roc_auc,lr-rf,0.015994736539624688,0.9971388472722198,1.25e-05
porto,17,roc_auc,lr-xgb,0.036756708189133014,0.9890825203833347,5.625e-05
porto,17,roc_auc,gnb-knn,0.059464020024944775,0.06944574549682762,0.3938375
porto,17,roc_auc,gnb-rf,-0.002937739965860775,0.08909473965338346,0.3938375
porto,17,roc_auc,gnb-xgb,0.03380285880410039,0.08711054639404962,0.39380625
porto,17,roc_auc,knn-rf,0.04770463316005247,0.9938668043009996,0.0
porto,17,roc_auc,knn-xgb,0.06091317788317967,0.98518826277919,4.375e-05
porto,17,roc_auc,rf-xgb,0.0336224760334507,0.9898161905465884,4.375e-05
porto,17,log_loss,lr-gnb,-2.1577924960496855,0.10237009249093898,0.393825
porto,17,log_loss,lr-knn,0.19054774213762796,0.991819153094559,1.25e-05
porto,17,log_loss,lr-rf,0.20057451288521277,0.9971388472722198,1.25e-05
porto,17,log_loss,lr-xgb,0.1938616596378453,0.9890825203833347,5.625e-05
porto,17,log_loss,gnb-knn,-2.180675775607899,0.06944574549682762,0.3938375
porto,17,log_loss,gnb-rf,-2.16371565057362,0.08909473965338346,0.3938375
porto,17,log_loss,gnb-xgb,-2.171855016851729,0.08711054639404962,0.39380625
porto,17,log_loss,knn-rf,0.1912343600395326,0.9938668043009996,0.0
porto,17,log_loss,knn-xgb,0.1874262032358278,0.98518826277919,4.375e-05
porto,17,log_loss,rf-xgb,0.19384463915817252,0.9898161905465884,4.375e-05
porto,18,roc_auc,lr-gnb,0.004420500091189328,0.1664121592764584,0.318525
porto,18,roc_auc,lr-knn,0.06530128680066219,0.9917246125543742,0.0
porto,18,roc_auc,lr-rf,0.019277752311530505,0.9972229402746728,0.0
porto,18,roc_auc,lr-xgb,0.04449555615407985,0.9889997560631053,8.125e-05
porto,18,roc_auc,gnb-knn,0.07247339111512896,0.13046041725521876,0.318525
porto,18,roc_auc,gnb-rf,0.00772365859399915,0.15243939426205827,0.318525
porto,18,roc_auc,gnb-xgb,0.047637342671810634,0.14975416000934882,0.31844375
porto,18,roc_auc,knn-rf,0.053187837470352606,0.9937102664926357,0.0
porto,18,roc_auc,knn-xgb,0.06941402685501795,0.9849919742870306,8.125e-05
porto,18,roc_auc,rf-xgb,0.04133265348903903,0.9897584421351407,8.125e-05
porto,18,log_loss,lr-gnb,-1.7311175681367743,0.1664121592764584,0.318525
porto,18,log_loss,lr-knn,0.1484600722314879,0.9917246125543742,0.0
porto,18,log_loss,lr-rf,0.1591792284284475,0.9972229402746728,0.0
porto,18,log_loss,lr-xgb,0.1521466091131432,0.9889997560631053,8.125e-05
porto,18,log_loss,gnb-knn,-1.7517884863711055,0.13046041725521876,0.318525
porto,18,log_loss,gnb-rf,-1.737114564741943,0.15243939426205827,0.318525
porto,18,log_loss,gnb-xgb,-1.7428296199688975,0.14975416000934882,0.31844375
porto,18,log_loss,knn-rf,0.14933852392008445,0.9937102664926357,0.0
porto,18,log_loss,knn-xgb,0.1454255749211291,0.9849919742870306,8.125e-05
porto,18,log_loss,rf-xgb,0.15223637189418204,0.9897584421351407,8.125e-05
porto,19,roc_auc,lr-gnb,0.001204922910114259,0.13913379977270868,0.34731875
porto,19,roc_auc,lr-knn,0.06314460797183163,0.9920207170849852,0.0
porto,19,roc_auc,lr-rf,0.020132221860696742,0.9973016665269133,0.0
porto,19,roc_auc,lr-xgb,0.04803635184956645,0.989507964936023,3.125e-05
porto,19,roc_auc,gnb-knn,0.07461549747234475,0.10458606462408261,0.34731875
porto,19,roc_auc,gnb-rf,0.0054413666274030215,0.12624701861400725,0.34731875
porto,19,roc_auc,gnb-xgb,0.05028795251235674,0.12208736539683383,0.3472875
porto,19,roc_auc,knn-rf,0.04974912431398726,0.9938776864728732,0.0
porto,19,roc_auc,knn-xgb,0.06422187153360495,0.9858197897263435,3.125e-05
porto,19,roc_auc,rf-xgb,0.042552042517928435,0.9904329286752768,3.125e-05
porto,19,log_loss,lr-gnb,-1.8933894614190698,0.13913379977270868,0.34731875
porto,19,log_loss,lr-knn,0.1644567833360271,0.9920207170849852,0.0
porto,19,log_loss,lr-rf,0.17477615305378186,0.9973016665269133,0.0
porto,19,log_loss,lr-xgb,0.16785324507222432,0.989507964936023,3.125e-05
porto,19,log_loss,gnb-knn,-1.9153773639191445,0.10458606462408261,0.34731875
porto,19,log_loss,gnb-rf,-1.8988091857599965,0.12624701861400725,0.34731875
porto,19,log_loss,gnb-xgb,-1.9065726431512615,0.12208736539683383,0.3472875
porto,19,log_loss,knn-rf,0.16514103708374725,0.9938776864728732,0.0
porto,19,log_loss,knn-xgb,0.16160454444650552,0.9858197897263435,3.125e-05
porto,19,log_loss,rf-xgb,0.1680786657942478,0.9904329286752768,3.125e-05
porto,20,roc_auc,lr-gnb,-0.004595754221531023,0.13928177046572054,0.35019375
porto,20,roc_auc,lr-knn,0.06319698424664794,0.9918409428538928,0.0
porto,20,roc_auc,lr-rf,0.018276735634147,0.9972867465490189,0.0
porto,20,roc_auc,lr-xgb,0.044384631170737765,0.989076425227585,8.125e-05
porto,20,roc_auc,gnb-knn,0.06754718711540253,0.10350068974186476,0.35019375
porto,20,roc_auc,gnb-rf,-0.0025875540656535856,0.1254783876932388,0.35019375
porto,20,roc_auc,gnb-xgb,0.040097153289187504,0.12363997070978687,0.350125
porto,20,roc_auc,knn-rf,0.05216429831358771,0.9937348029594953,0.0
porto,20,roc_auc,knn-xgb,0.06803700284343273,0.9851025560206986,8.125e-05
porto,20,roc_auc,rf-xgb,0.039203976087511805,0.9898958020734172,8.125e-05
porto,20,log_loss,lr-gnb,-1.8843830450601367,0.13928177046572054,0.35019375
porto,20,log_loss,lr-knn,0.1632879057262779,0.9918409428538928,0.0
porto,20,log_loss,lr-rf,0.17356598222096625,0.9972867465490189,0.0
porto,20,log_loss,lr-xgb,0.16632248778839664,0.989076425227585,8.125e-05
porto,20,log_loss,gnb-knn,-1.9069185056348763,0.10350068974186476,0.35019375
porto,20,log_loss,gnb-rf,-1.8903468050949106,0.1254783876932388,0.35019375
porto,20,log_loss,gnb-xgb,-1.8968358204057894,0.12363997070978687,0.350125
porto,20,log_loss,knn-rf,0.16390441454029644,0.9937348029594953,0.0
porto,20,log_loss,knn-xgb,0.15987565221811464,0.9851025560206986,8.125e-05
porto,20,log_loss,rf-xgb,0.16644072196088988,0.9898958020734172,8.125e-05
porto,21,roc_auc,lr-gnb,0.01870926975780446,0.22727053038418332,0.255
porto,21,roc_auc,lr-knn,0.0662748211807124,0.9917662241246386,0.0
porto,21,roc_auc,lr-rf,0.024093499435583032,0.9972003305431517,0.0
porto,21,roc_auc,lr-xgb,0.0481992914678574,0.9891678578958082,8.125e-05
porto,21,roc_auc,gnb-knn,0.08475506682026035,0.19023859177428343,0.255
porto,21,roc_auc,gnb-rf,0.024247508681845775,0.21310026052144135,0.255
porto,21,roc_auc,gnb-xgb,0.06312731026206586,0.20937200728963218,0.25491875
porto,21,roc_auc,knn-rf,0.053072465676849756,0.9937759114531164,0.0
porto,21,roc_auc,knn-xgb,0.07069127137211792,0.9852058877995586,8.125e-05
porto,21,roc_auc,rf-xgb,0.04963793311780096,0.9899626119290825,8.125e-05
porto,21,log_loss,lr-gnb,-1.4516802000393974,0.22727053038418332,0.255
porto,21,log_loss,lr-knn,0.12238767422569793,0.9917662241246386,0.0
porto,21,log_loss,lr-rf,0.13373773062608002,0.9972003305431517,0.0
porto,21,log_loss,lr-xgb,0.12684804602395922,0.9891678578958082,8.125e-05
porto,21,log_loss,gnb-knn,-1.469895971136976,0.19023859177428343,0.255
porto,21,log_loss,gnb-rf,-1.4580427915554013,0.21310026052144135,0.255
porto,21,log_loss,gnb-xgb,-1.4610711603944773,0.20937200728963218,0.25491875
porto,21,log_loss,knn-rf,0.12324431566077887,0.9937759114531164,0.0
porto,21,log_loss,knn-xgb,0.11965109001443462,0.9852058877995586,8.125e-05
porto,21,log_loss,rf-xgb,0.1268594669909131,0.9899626119290825,8.125e-05
porto,22,roc_auc,lr-gnb,0.023225393218588353,0.2259431340055887,0.257075
porto,22,roc_auc,lr-knn,0.0640591177277359,0.9919468686890957,0.0
porto,22,roc_auc,lr-rf,0.023712216789828044,0.9971899730465461,0.0
porto,22,roc_auc,lr-xgb,0.04499651399719773,0.9891859233182773,3.125e-05
porto,22,roc_auc,gnb-knn,0.07302240770181756,0.19229790769035268,0.257075
porto,22,roc_auc,gnb-rf,0.02793618183808033,0.21141370839339998,0.257075
porto,22,roc_auc,gnb-xgb,0.06155986916837275,0.20833664214535183,0.25704375
porto,22,roc_auc,knn-rf,0.0527003682162791,0.9938803761349794,0.0
porto,22,roc_auc,knn-xgb,0.0657387564230169,0.9853668344831488,3.125e-05
porto,22,roc_auc,rf-xgb,0.043177894755656254,0.9900634494475874,3.125e-05
porto,22,log_loss,lr-gnb,-1.486299074895976,0.2259431340055887,0.257075
porto,22,log_loss,lr-knn,0.12691788447873015,0.9919468686890957,0.0
porto,22,log_loss,lr-rf,0.13766975574904422,0.9971899730465461,0.0
porto,22,log_loss,lr-xgb,0.13056521315810865,0.9891859233182773,3.125e-05
porto,22,log_loss,gnb-knn,-1.5016129126456836,0.19229790769035268,0.257075
porto,22,log_loss,gnb-rf,-1.4928433915226509,0.21141370839339998,0.257075
porto,22,log_loss,gnb-xgb,-1.4948546774697282,0.20833664214535183,0.25704375
porto,22,log_loss,knn-rf,0.1274507302652297,0.9938803761349794,0.0
porto,22,log_loss,knn-xgb,0.12403224680175101,0.9853668344831488,3.125e-05
porto,22,log_loss,rf-xgb,0.13059532943745045,0.9900634494475874,3.125e-05
porto,23,roc_auc,lr-gnb,-0.006065639378640741,0.14920213729759318,0.3420125
porto,23,roc_auc,lr-knn,0.06235564535326191,0.9919964201528076,0.0
porto,23,roc_auc,lr-rf,0.015390463619794903,0.9972766998315311,0.0
porto,23,roc_auc,lr-xgb,0.03545563938952101,0.9889044023734228,8.125e-05
porto,23,roc_auc,gnb-knn,0.05354584400323059,0.11649031182227972,0.3420125
porto,23,roc_auc,gnb-rf,-0.0030396970935883116,0.13631576407271923,0.3420125
porto,23,roc_auc,gnb-xgb,0.03334686524061148,0.1323437334740113,0.34194375
porto,23,roc_auc,knn-rf,0.05347455782151922,0.9938243627694404,0.0
porto,23,roc_auc,knn-xgb,0.06603690106992202,0.9851327366245165,8.125e-05
porto,23,roc_auc,rf-xgb,0.033919128729719805,0.9897201106190279,8.125e-05
porto,23,log_loss,lr-gnb,-1.819582765804733,0.14920213729759318,0.3420125
porto,23,log_loss,lr-knn,0.15692828811188236,0.9919964201528076,0.0
porto,23,log_loss,lr-rf,0.1672121467833752,0.9972766998315311,0.0
porto,23,log_loss,lr-xgb,0.16037763916913278,0.9889044023734228,8.125e-05
porto,23,log_loss,gnb-knn,-1.8394899379647869,0.11649031182227972,0.3420125
porto,23,log_loss,gnb-rf,-1.8252297283307821,0.13631576407271923,0.3420125
porto,23,log_loss,gnb-xgb,-1.8322047972465807,0.1323437334740113,0.34194375
porto,23,log_loss,knn-rf,0.15763209654709145,0.9938243627694404,0.0
porto,23,log_loss,knn-xgb,0.15366544848160701,0.9851327366245165,8.125e-05
porto,23,log_loss,rf-xgb,0.1603859059946865,0.9897201106190279,8.125e-05
porto,24,roc_auc,lr-gnb,-0.008065159843264447,0.11214572478458805,0.38118125
porto,24,roc_auc,lr-knn,0.05838747870623823,0.9919759826271183,0.0
porto,24,roc_auc,lr-rf,0.01897458465712598,0.9972508914835949,0.0
porto,24,roc_auc,lr-xgb,0.03967920935163338,0.9893440475467534,5.625e-05
porto,24,roc_auc,gnb-knn,0.06885490606386635,0.07828910764130055,0.38118125
porto,24,roc_auc,gnb-rf,0.005289332084774889,0.0980573776132752,0.38118125
porto,24,roc_auc,gnb-xgb,0.04312787912471516,0.09629491410739248,0.381125
porto,24,roc_auc,knn-rf,0.046618366753202745,0.99392078154089,0.0
porto,24,roc_auc,knn-xgb,0.06299650428830081,0.9855823639875031,5.625e-05
porto,24,roc_auc,rf-xgb,0.036593585861721234,0.9901628741699358,5.625e-05
porto,24,log_loss,lr-gnb,-2.0104480790782917,0.11214572478458805,0.38118125
porto,24,log_loss,lr-knn,0.1741402928957539,0.9919759826271183,0.0
porto,24,log_loss,lr-rf,0.18456015532194397,0.9972508914835949,0.0
porto,24,log_loss,lr-xgb,0.1777351156926537,0.9893440475467534,5.625e-05
porto,24,log_loss,gnb-knn,-2.0336932200064344,0.07828910764130055,0.38118125
porto,24,log_loss,gnb-rf,-2.016879609153386,0.0980573776132752,0.38118125
porto,24,log_loss,gnb-xgb,-2.024925404981523,0.09629491410739248,0.381125
porto,24,log_loss,knn-rf,0.1749251769270006,0.99392078154089,0.0
porto,24,log_loss,knn-xgb,0.17160461767387047,0.9855823639875031,5.625e-05
porto,24,log_loss,rf-xgb,0.1779028370390492,0.9901628741699358,5.625e-05
porto,25,roc_auc,lr-gnb,0.012551759740694113,0.13814976065122944,0.3476
porto,25,roc_auc,lr-knn,0.06300590423861202,0.9917325675930804,6.25e-06
porto,25,roc_auc,lr-rf,0.021620799542727664,0.9971455393330466,6.25e-06
porto,25,roc_auc,lr-xgb,0.04364920198406619,0.9889047137699889,6.875e-05
porto,25,roc_auc,gnb-knn,0.08066570216832969,0.10365763616469661,0.34760625
porto,25,roc_auc,gnb-rf,0.020380803982021467,0.12446058953063385,0.34760625
porto,25,roc_auc,gnb-xgb,0.05629053099913062,0.1202101539768758,0.34754375
porto,25,roc_auc,knn-rf,0.05179353884472193,0.9937989564136948,0.0
porto,25,roc_auc,knn-xgb,0.07143619261042831,0.9850976234010037,6.25e-05
porto,25,roc_auc,rf-xgb,0.042739307924264835,0.9897428568944874,6.25e-05
porto,25,log_loss,lr-gnb,-1.8989197793212425,0.13814976065122944,0.3476
porto,25,log_loss,lr-knn,0.16438339175273786,0.9917325675930804,6.25e-06
porto,25,log_loss,lr-rf,0.17501452392658345,0.9971455393330466,6.25e-06
porto,25,log_loss,lr-xgb,0.16809259836082324,0.9889047137699889,6.875e-05
porto,25,log_loss,gnb-knn,-1.920370135486872,0.10365763616469661,0.34760625
porto,25,log_loss,gnb-rf,-1.905356598127672,0.12446058953063385,0.34760625
porto,25,log_loss,gnb-xgb,-1.9122921672848636,0.1202101539768758,0.34754375
porto,25,log_loss,knn-rf,0.16501989688490018,0.9937989564136948,0.0
porto,25,log_loss,knn-xgb,0.1614071036207374,0.9850976234010037,6.25e-05
porto,25,log_loss,rf-xgb,0.16804190748696013,0.9897428568944874,6.25e-05
porto,26,roc_auc,lr-gnb,0.0071762327000423065,0.16584478932811178,0.3216125
porto,26,roc_auc,lr-knn,0.060155315523042874,0.9917658089571234,1.25e-05
porto,26,roc_auc,lr-rf,0.021854628339089133,0.9970976459567137,1.25e-05
porto,26,roc_auc,lr-xgb,0.04712345406866614,0.9890053332701505,3.75e-05
porto,26,roc_auc,gnb-knn,0.0752498195235829,0.1316065144093214,0.321625
porto,26,roc_auc,gnb-rf,0.010546578257596306,0.15159018308146519,0.321625
porto,26,roc_auc,gnb-xgb,0.055516620826205454,0.14843776471622822,0.3215875
porto,26,roc_auc,knn-rf,0.0524365830334248,0.993723750357642,0.0
porto,26,roc_auc,knn-xgb,0.06807300507000014,0.9851448551322728,3.75e-05
porto,26,roc_auc,rf-xgb,0.04227428245311016,0.9898883320187962,3.75e-05
porto,26,log_loss,lr-gnb,-1.736274361599972,0.16584478932811178,0.3216125
porto,26,log_loss,lr-knn,0.14904401603783954,0.9917658089571234,1.25e-05
porto,26,log_loss,lr-rf,0.15948534685234345,0.9970976459567137,1.25e-05
porto,26,log_loss,lr-xgb,0.15242247582820517,0.9890053332701505,3.75e-05
porto,26,log_loss,gnb-knn,-1.756277085320587,0.1316065144093214,0.321625
porto,26,log_loss,gnb-rf,-1.7426365372841148,0.15159018308146519,0.321625
porto,26,log_loss,gnb-xgb,-1.7496353295539597,0.14843776471622822,0.3215875
porto,26,log_loss,knn-rf,0.14978780714225412,0.993723750357642,0.0
porto,26,log_loss,knn-xgb,0.14607821239937477,0.9851448551322728,3.75e-05
porto,26,log_loss,rf-xgb,0.15254587329727176,0.9898883320187962,3.75e-05
porto,27,roc_auc,lr-gnb,0.011241034238426706,0.21110199016348444,0.2723
porto,27,roc_auc,lr-knn,0.07066148070308653,0.9916473066228431,6.25e-06
porto,27,roc_auc,lr-rf,0.02322056538106554,0.9971178117946075,6.25e-06
porto,27,roc_auc,lr-xgb,0.04782591740180819,0.9890535459369462,9.375e-05
porto,27,roc_auc,gnb-knn,0.08011588764455602,0.17486398177299922,0.27230625
porto,27,roc_auc,gnb-rf,0.015980932607820297,0.19578508429135635,0.27230625
porto,27,roc_auc,gnb-xgb,0.05463589692300208,0.1922558025317852,0.27223125
porto,27,roc_auc,knn-rf,0.05691542770699165,0.9937328604128298,0.0
porto,27,roc_auc,knn-xgb,0.07016242393291151,0.9850255294859867,8.75e-05
porto,27,roc_auc,rf-xgb,0.04431796023908996,0.9898449490440445,8.75e-05
porto,27,log_loss,lr-gnb,-1.536091169875795,0.21110199016348444,0.2723
porto,27,log_loss,lr-knn,0.13104810864348934,0.9916473066228431,6.25e-06
porto,27,log_loss,lr-rf,0.14163034905561073,0.9971178117946075,6.25e-06
porto,27,log_loss,lr-xgb,0.1344074701115039,0.9890535459369462,9.375e-05
porto,27,log_loss,gnb-knn,-1.555168458426604,0.17486398177299922,0.27230625
porto,27,log_loss,gnb-rf,-1.5429221784621787,0.19578508429135635,0.27230625
porto,27,log_loss,gnb-xgb,-1.5467437011570833,0.1922558025317852,0.27223125
porto,27,log_loss,knn-rf,0.13172467263874102,0.9937328604128298,0.0
porto,27,log_loss,knn-xgb,0.12810791364683988,0.9850255294859867,8.75e-05
porto,27,log_loss,rf-xgb,0.13455788357612442,0.9898449490440445,8.75e-05
porto,28,roc_auc,lr-gnb,-0.003119979436506437,0.12305304485586496,0.3671625
porto,28,roc_auc,lr-knn,0.06363081142110255,0.9918967103961481,0.0
porto,28,roc_auc,lr-rf,0.019301621247078682,0.9973845753596622,0.0
porto,28,roc_auc,lr-xgb,0.044581942619332904,0.9887612645179179,0.0001125
porto,28,roc_auc,gnb-knn,0.07266523789609924,0.08851257348137256,0.3671625
porto,28,roc_auc,gnb-rf,0.005194062497763219,0.11024567429204274,0.3671625
porto,28,roc_auc,gnb-xgb,0.049606854753165064,0.10767250390414794,0.36705
porto,28,roc_auc,knn-rf,0.05125972925162725,0.9937194075697842,0.0
porto,28,roc_auc,knn-xgb,0.06867362898228009,0.9847874281827435,0.0001125
porto,28,roc_auc,rf-xgb,0.04132022650922362,0.9895805139263145,0.0001125
porto,28,log_loss,lr-gnb,-1.985431130819091,0.12305304485586496,0.3671625
porto,28,log_loss,lr-knn,0.17361017772673512,0.9918967103961481,0.0
porto,28,log_loss,lr-rf,0.18347903074314825,0.9973845753596622,0.0
porto,28,log_loss,lr-xgb,0.1764172904260754,0.9887612645179179,0.0001125
porto,28,log_loss,gnb-knn,-2.008136120910795,0.08851257348137256,0.3671625
porto,28,log_loss,gnb-rf,-1.9911875323850463,0.11024567429204274,0.3671625
porto,28,log_loss,gnb-xgb,-1.999115176831981,0.10767250390414794,0.36705
porto,28,log_loss,knn-rf,0.17427702256051208,0.9937194075697842,0.0
porto,28,log_loss,knn-xgb,0.17014337424533482,0.9847874281827435,0.0001125
porto,28,log_loss,rf-xgb,0.17649836092948767,0.9895805139263145,0.0001125
porto,29,roc_auc,lr-gnb,-0.008399029212255937,0.13059853553997228,0.35943125
porto,29,roc_auc,lr-knn,0.06309090887738693,0.9917355456977814,1.25e-05
porto,29,roc_auc,lr-rf,0.017448624448874184,0.9971211353359508,1.25e-05
porto,29,roc_auc,lr-xgb,0.04594383988370476,0.9891366275170995,7.5e-05
porto,29,roc_auc,gnb-knn,0.06603389632433188,0.09541478907628055,0.35944375
porto,29,roc_auc,gnb-rf,-0.0014669990957099088,0.11705248830818388,0.35944375
porto,29,roc_auc,gnb-xgb,0.03380117733040011,0.11330192096591592,0.35939375
porto,29,roc_auc,knn-rf,0.0525338532262557,0.9937624187450014,0.0
porto,29,roc_auc,knn-xgb,0.07033056205860679,0.9852286964771867,7.5e-05
porto,29,roc_auc,rf-xgb,0.04182773572894005,0.990036489080495,7.5e-05
porto,29,log_loss,lr-gnb,-1.9791590064386997,0.13059853553997228,0.35943125
porto,29,log_loss,lr-knn,0.17303203216649418,0.9917355456977814,1.25e-05
porto,29,log_loss,lr-rf,0.18357597579582718,0.9971211353359508,1.25e-05
porto,29,log_loss,lr-xgb,0.17688461248227427,0.9891366275170995,7.5e-05
porto,29,log_loss,gnb-knn,-2.0021773269878915,0.09541478907628055,0.35944375
porto,29,log_loss,gnb-rf,-1.985302411619202,0.11705248830818388,0.35944375
porto,29,log_loss,gnb-xgb,-1.9933019425075078,0.11330192096591592,0.35939375
porto,29,log_loss,knn-rf,0.1737095944217042,0.9937624187450014,0.0
porto,29,log_loss,knn-xgb,0.17020285926088166,0.9852286964771867,7.5e-05
porto,29,log_loss,rf-xgb,0.176958101782278,0.990036489080495,7.5e-05
uci_credit,0,roc_auc,lr-gnb,0.08273299815142598,-0.2552955363181899,0.7404583333333333
uci_credit,0,roc_auc,lr-knn,0.05689183668871439,0.9216094250855091,0.043333333333333335
uci_credit,0,roc_auc,lr-rf,0.07438200910777348,0.9110327590024903,0.04708333333333333
uci_credit,0,roc_auc,lr-xgb,0.09282555393130676,0.8504240731683742,0.07116666666666667
uci_credit,0,roc_auc,gnb-knn,0.07774851201202981,-0.2900197192258366,0.723625
uci_credit,0,roc_auc,gnb-rf,0.1106446077832759,-0.26006224544235473,0.7097916666666667
uci_credit,0,roc_auc,gnb-xgb,0.13826366617487817,-0.20257612137722344,0.6997916666666667
uci_credit,0,roc_auc,knn-rf,0.036460797763071984,0.9513266383788249,0.04733333333333333
uci_credit,0,roc_auc,knn-xgb,0.06006569538386189,0.8867878646317088,0.07225
uci_credit,0,roc_auc,rf-xgb,0.02677442807802377,0.9415251613257665,0.04758333333333333
uci_credit,0,log_loss,lr-gnb,-0.8433574278773172,-0.2552955363181899,0.7404583333333333
uci_credit,0,log_loss,lr-knn,-0.004303923626851988,0.9216094250855091,0.043333333333333335
uci_credit,0,log_loss,lr-rf,-0.006571454660945775,0.9110327590024903,0.04708333333333333
uci_credit,0,log_loss,lr-xgb,-0.04926794918592681,0.8504240731683742,0.07116666666666667
uci_credit,0,log_loss,gnb-knn,-0.8848143554570942,-0.2900197192258366,0.723625
uci_credit,0,log_loss,gnb-rf,-0.8601767054498978,-0.26006224544235473,0.7097916666666667
uci_credit,0,log_loss,gnb-xgb,-0.9103829578204308,-0.20257612137722344,0.6997916666666667
uci_credit,0,log_loss,knn-rf,0.01211393824958884,0.9513266383788249,0.04733333333333333
uci_credit,0,log_loss,knn-xgb,-0.0304707388049143,0.8867878646317088,0.07225
uci_credit,0,log_loss,rf-xgb,-0.009550632492597355,0.9415251613257665,0.04758333333333333
uci_credit,1,roc_auc,lr-gnb,0.07791781023986727,-0.18989016126987265,0.719
uci_credit,1,roc_auc,lr-knn,0.05605515875823086,0.9225098001958354,0.043541666666666666
uci_credit,1,roc_auc,lr-rf,0.07308017773289543,0.9117065477851343,0.0515
uci_credit,1,roc_auc,lr-xgb,0.08898003323027259,0.8513429656584142,0.07508333333333334
uci_credit,1,roc_auc,gnb-knn,0.0758889499584301,-0.22372292649500214,0.6980416666666667
uci_credit,1,roc_auc,gnb-rf,0.10408237709241308,-0.19838164852869322,0.6836666666666666
uci_credit,1,roc_auc,gnb-xgb,0.13349618484045922,-0.1419882790859828,0.6745
uci_credit,1,roc_auc,knn-rf,0.037676953192357754,0.9529695199202962,0.04570833333333333
uci_credit,1,roc_auc,knn-xgb,0.06006042936139194,0.8865995716693177,0.07470833333333333
uci_credit,1,roc_auc,rf-xgb,0.027782970356718284,0.9411712540679765,0.04733333333333333
uci_credit,1,log_loss,lr-gnb,-0.675138036756897,-0.18989016126987265,0.719
uci_credit,1,log_loss,lr-knn,-0.015958643893589072,0.9225098001958354,0.043541666666666666
uci_credit,1,log_loss,lr-rf,-0.018309066749164105,0.9117065477851343,0.0515
uci_credit,1,log_loss,lr-xgb,-0.06170573216932873,0.8513429656584142,0.07508333333333334
uci_credit,1,log_loss,gnb-knn,-0.7141156910907587,-0.22372292649500214,0.6980416666666667
uci_credit,1,log_loss,gnb-rf,-0.6914382352859585,-0.19838164852869322,0.6836666666666666
uci_credit,1,log_loss,gnb-xgb,-0.7406202886391076,-0.1419882790859828,0.6745
uci_credit,1,log_loss,knn-rf,0.000577145555768932,0.9529695199202962,0.04570833333333333
uci_credit,1,log_loss,knn-xgb,-0.04203545099235123,0.8865995716693177,0.07470833333333333
uci_credit,1,log_loss,rf-xgb,-0.02253486522505499,0.9411712540679765,0.04733333333333333
uci_credit,2,roc_auc,lr-gnb,0.09173451767395635,-0.14354615510246124,0.7062916666666667
uci_credit,2,roc_auc,lr-knn,0.055686186011974975,0.9216115482135929,0.04004166666666667
uci_credit,2,roc_auc,lr-rf,0.07257371252775702,0.9133165226091934,0.04620833333333333
uci_credit,2,roc_auc,lr-xgb,0.08960964070738786,0.8555355805062291,0.066875
uci_credit,2,roc_auc,gnb-knn,0.08492827612970077,-0.17854175380090334,0.6921666666666667
uci_credit,2,roc_auc,gnb-rf,0.11047798695037403,-0.1495381556522904,0.6750833333333334
uci_credit,2,roc_auc,gnb-xgb,0.14207584232218295,-0.098209906419666,0.6704166666666667
uci_credit,2,roc_auc,knn-rf,0.04069162293791195,0.9509234906121441,0.04475
uci_credit,2,roc_auc,knn-xgb,0.06223819542064325,0.8873492432078776,0.066
uci_credit,2,roc_auc,rf-xgb,0.02957470922868799,0.9420312184365678,0.042666666666666665
uci_credit,2,log_loss,lr-gnb,-0.5498374413169285,-0.14354615510246124,0.7062916666666667
uci_credit,2,log_loss,lr-knn,-0.02347381032084149,0.9216115482135929,0.04004166666666667
uci_credit,2,log_loss,lr-rf,-0.025616439528600377,0.9133165226091934,0.04620833333333333
uci_credit,2,log_loss,lr-xgb,-0.06813948852228324,0.8555355805062291,0.066875
uci_credit,2,log_loss,gnb-knn,-0.5827474910745398,-0.17854175380090334,0.6921666666666667
uci_credit,2,log_loss,gnb-rf,-0.5637957173115397,-0.1495381556522904,0.6750833333333334
uci_credit,2,log_loss,gnb-xgb,-0.6180661941988952,-0.098209906419666,0.6704166666666667
uci_credit,2,log_loss,knn-rf,-0.007294998227588501,0.9509234906121441,0.04475
uci_credit,2,log_loss,knn-xgb,-0.05099342954803024,0.8873492432078776,0.066
uci_credit,2,log_loss,rf-xgb,-0.029932126986788488,0.9420312184365678,0.042666666666666665
uci_credit,3,roc_auc,lr-gnb,0.0683418931298273,-0.2237439660738668,0.7247916666666666
uci_credit,3,roc_auc,lr-knn,0.060995204531917424,0.9211027100550779,0.04120833333333333
uci_credit,3,roc_auc,lr-rf,0.07547351806260882,0.9104916682605778,0.0465
uci_credit,3,roc_auc,lr-xgb,0.09030542537751085,0.853616185266193,0.06895833333333333
uci_credit,3,roc_auc,gnb-knn,0.07372619067252262,-0.26393868364030254,0.71225
uci_credit,3,roc_auc,gnb-rf,0.09950191046515167,-0.23631317440523122,0.697625
uci_credit,3,roc_auc,gnb-xgb,0.12660856538286513,-0.18360410826264245,0.6873333333333334
uci_credit,3,roc_auc,knn-rf,0.040256846294272064,0.9502999722300224,0.04570833333333333
uci_credit,3,roc_auc,knn-xgb,0.06199372944914687,0.8881828811759427,0.0695
uci_credit,3,roc_auc,rf-xgb,0.028231441602915464,0.9431064439329152,0.043958333333333335
uci_credit,3,log_loss,lr-gnb,-0.8158215593436832,-0.2237439660738668,0.7247916666666666
uci_credit,3,log_loss,lr-knn,-0.0069722362097289076,0.9211027100550779,0.04120833333333333
uci_credit,3,log_loss,lr-rf,-0.007844916225563159,0.9104916682605778,0.0465
uci_credit,3,log_loss,lr-xgb,-0.048558147208786595,0.853616185266193,0.06895833333333333
uci_credit,3,log_loss,gnb-knn,-0.8605820868414757,-0.26393868364030254,0.71225
uci_credit,3,log_loss,gnb-rf,-0.8350182238368804,-0.23631317440523122,0.697625
uci_credit,3,log_loss,gnb-xgb,-0.8882151558118319,-0.18360410826264245,0.6873333333333334
uci_credit,3,log_loss,knn-rf,0.009788603663014595,0.9502999722300224,0.04570833333333333
uci_credit,3,log_loss,knn-xgb,-0.030633836635280492,0.8881828811759427,0.0695
uci_credit,3,log_loss,rf-xgb,-0.009751809033562653,0.9431064439329152,0.043958333333333335
uci_credit,4,roc_auc,lr-gnb,0.07329204914206044,-0.12121602121513081,0.6994583333333333
uci_credit,4,roc_auc,lr-knn,0.056306358060143724,0.9240643213255965,0.042625
uci_credit,4,roc_auc,lr-rf,0.07317818136919607,0.912354881197906,0.04441666666666667
uci_credit,4,roc_auc,lr-xgb,0.08667855647450251,0.8523040511550436,0.069875
uci_credit,4,roc_auc,gnb-knn,0.06968345198586023,-0.15795055764603436,0.6813333333333333
uci_credit,4,roc_auc,gnb-rf,0.09352204770973782,-0.13187338819610323,0.6720416666666666
uci_credit,4,roc_auc,gnb-xgb,0.12236763796721561,-0.08299784481125091,0.6635
uci_credit,4,roc_auc,knn-rf,0.038690357795601704,0.9505201805307225,0.051125
uci_credit,4,roc_auc,knn-xgb,0.058798808753660586,0.8861515139770488,0.07483333333333334
uci_credit,4,roc_auc,rf-xgb,0.027116548232385185,0.9420574887377302,0.04654166666666667
uci_credit,4,log_loss,lr-gnb,-0.5195388981832451,-0.12121602121513081,0.6994583333333333
uci_credit,4,log_loss,lr-knn,-0.02508218911630193,0.9240643213255965,0.042625
uci_credit,4,log_loss,lr-rf,-0.02729076448955725,0.912354881197906,0.04441666666666667
uci_credit,4,log_loss,lr-xgb,-0.07047396641347003,0.8523040511550436,0.069875
uci_credit,4,log_loss,gnb-knn,-0.5534035022465922,-0.15795055764603436,0.6813333333333333
uci_credit,4,log_loss,gnb-rf,-0.5346802841344467,-0.13187338819610323,0.6720416666666666
uci_credit,4,log_loss,gnb-xgb,-0.584950750546587,-0.08299784481125091,0.6635
uci_credit,4,log_loss,knn-rf,-0.009388857227167646,0.9505201805307225,0.051125
uci_credit,4,log_loss,knn-xgb,-0.05194481134199924,0.8861515139770488,0.07483333333333334
uci_credit,4,log_loss,rf-xgb,-0.031865618893582415,0.9420574887377302,0.04654166666666667
uci_credit,5,roc_auc,lr-gnb,0.07108552386658706,-0.21120652325722208,0.7324166666666667
uci_credit,5,roc_auc,lr-knn,0.05511963568037387,0.9240070607185663,0.041625
uci_credit,5,roc_auc,lr-rf,0.0725815852038777,0.9127605483962299,0.048375
uci_credit,5,roc_auc,lr-xgb,0.08733774231703628,0.8530305547553078,0.07016666666666667
uci_credit,5,roc_auc,gnb-knn,0.06784767842096429,-0.25001585975330476,0.715375
uci_credit,5,roc_auc,gnb-rf,0.09571192777139526,-0.2171113780243633,0.6989583333333333
uci_credit,5,roc_auc,gnb-xgb,0.11703480088820517,-0.15854654155108935,0.6915833333333333
uci_credit,5,roc_auc,knn-rf,0.04019919019925511,0.9495330808739636,0.04883333333333333
uci_credit,5,roc_auc,knn-xgb,0.06030910166502998,0.8859120393339776,0.07154166666666667
uci_credit,5,roc_auc,rf-xgb,0.02682555099641526,0.9426290771007573,0.045208333333333336
uci_credit,5,log_loss,lr-gnb,-0.6731400037153006,-0.21120652325722208,0.7324166666666667
uci_credit,5,log_loss,lr-knn,-0.01656304447305125,0.9240070607185663,0.041625
uci_credit,5,log_loss,lr-rf,-0.01849732095910428,0.9127605483962299,0.048375
uci_credit,5,log_loss,lr-xgb,-0.06168172128341198,0.8530305547553078,0.07016666666666667
uci_credit,5,log_loss,gnb-knn,-0.713071533106516,-0.25001585975330476,0.715375
uci_credit,5,log_loss,gnb-rf,-0.6879642617835856,-0.2171113780243633,0.6989583333333333
uci_credit,5,log_loss,gnb-xgb,-0.7407843408863428,-0.15854654155108935,0.6915833333333333
uci_credit,5,log_loss,knn-rf,-0.001795531926229721,0.9495330808739636,0.04883333333333333
uci_credit,5,log_loss,knn-xgb,-0.04373405223947427,0.8859120393339776,0.07154166666666667
uci_credit,5,log_loss,rf-xgb,-0.022350544349872825,0.9426290771007573,0.045208333333333336
uci_credit,6,roc_auc,lr-gnb,0.06563241448501561,-0.22761671509130757,0.7335
uci_credit,6,roc_auc,lr-knn,0.06105866964131307,0.9199906608221112,0.040875
uci_credit,6,roc_auc,lr-rf,0.07739877242992965,0.9095393582705336,0.04725
uci_credit,6,roc_auc,lr-xgb,0.08995691714938703,0.847283293216172,0.072375
uci_credit,6,roc_auc,gnb-knn,0.06726757241823256,-0.2672669940977781,0.7175416666666666
uci_credit,6,roc_auc,gnb-rf,0.10024096913712266,-0.23579660431590305,0.7028333333333333
uci_credit,6,roc_auc,gnb-xgb,0.1250429053821529,-0.17380007310904058,0.6915416666666667
uci_credit,6,roc_auc,knn-rf,0.04051230117931759,0.9496989758017986,0.04620833333333333
uci_credit,6,roc_auc,knn-xgb,0.05997033302453687,0.8840308664332689,0.07066666666666667
uci_credit,6,roc_auc,rf-xgb,0.02655611372259159,0.9418414024376348,0.04529166666666667
uci_credit,6,log_loss,lr-gnb,-0.7518680116496237,-0.22761671509130757,0.7335
uci_credit,6,log_loss,lr-knn,-0.013169065372500705,0.9199906608221112,0.040875
uci_credit,6,log_loss,lr-rf,-0.014355815802121641,0.9095393582705336,0.04725
uci_credit,6,log_loss,lr-xgb,-0.05656458231276029,0.847283293216172,0.072375
uci_credit,6,log_loss,gnb-knn,-0.7937142238734349,-0.2672669940977781,0.7175416666666666
uci_credit,6,log_loss,gnb-rf,-0.7693774906675783,-0.23579660431590305,0.7028333333333333
uci_credit,6,log_loss,gnb-xgb,-0.8182750483156206,-0.17380007310904058,0.6915416666666667
uci_credit,6,log_loss,knn-rf,0.004103986584211072,0.9496989758017986,0.04620833333333333
uci_credit,6,log_loss,knn-xgb,-0.038596353020640406,0.8840308664332689,0.07066666666666667
uci_credit,6,log_loss,rf-xgb,-0.016573826633517585,0.9418414024376348,0.04529166666666667
uci_credit,7,roc_auc,lr-gnb,0.0916017763259655,-0.12643721476720696,0.698875
uci_credit,7,roc_auc,lr-knn,0.05187990607159709,0.9220892610864602,0.04525
uci_credit,7,roc_auc,lr-rf,0.06839130981215036,0.9113273934136787,0.04754166666666667
uci_credit,7,roc_auc,lr-xgb,0.07810158439465953,0.8531103303305638,0.06829166666666667
uci_credit,7,roc_auc,gnb-knn,0.0851031615309692,-0.16427366139196137,0.677625
uci_credit,7,roc_auc,gnb-rf,0.11185846000667499,-0.13623170769499507,0.6683333333333333
uci_credit,7,roc_auc,gnb-xgb,0.1347700921022087,-0.08300552588138724,0.6635833333333333
uci_credit,7,roc_auc,knn-rf,0.036340549742493566,0.9508619560479057,0.047125
uci_credit,7,roc_auc,knn-xgb,0.053395747600799015,0.8867263065566107,0.06954166666666667
uci_credit,7,roc_auc,rf-xgb,0.024235604189277726,0.9418517487901659,0.043916666666666666
uci_credit,7,log_loss,lr-gnb,-0.5330216513469087,-0.12643721476720696,0.698875
uci_credit,7,log_loss,lr-knn,-0.02513889632871824,0.9220892610864602,0.04525
uci_credit,7,log_loss,lr-rf,-0.026914479503057476,0.9113273934136787,0.04754166666666667
uci_credit,7,log_loss,lr-xgb,-0.0665170878867466,0.8531103303305638,0.06829166666666667
uci_credit,7,log_loss,gnb-knn,-0.5682489626481821,-0.16427366139196137,0.677625
uci_credit,7,log_loss,gnb-rf,-0.5478254049530275,-0.13623170769499507,0.6683333333333333
uci_credit,7,log_loss,gnb-xgb,-0.5972664123267306,-0.08300552588138724,0.6635833333333333
uci_credit,7,log_loss,knn-rf,-0.008494603683703916,0.9508619560479057,0.047125
uci_credit,7,log_loss,knn-xgb,-0.04825708757594466,0.8867263065566107,0.06954166666666667
uci_credit,7,log_loss,rf-xgb,-0.027958847128541464,0.9418517487901659,0.043916666666666666
uci_credit,8,roc_auc,lr-gnb,0.069389891670663,-0.17639014487271445,0.7160833333333333
uci_credit,8,roc_auc,lr-knn,0.056230828658949766,0.9235814600235113,0.04008333333333333
uci_credit,8,roc_auc,lr-rf,0.07100119960624729,0.9139787253455991,0.04654166666666667
uci_credit,8,roc_auc,lr-xgb,0.08719227431395149,0.8564131699317952,0.06904166666666667
uci_credit,8,roc_auc,gnb-knn,0.06426287287866628,-0.2144374383070872,0.6995833333333333
uci_credit,8,roc_auc,gnb-rf,0.09002690200767527,-0.1907214139527235,0.6865416666666667
uci_credit,8,roc_auc,gnb-xgb,0.12123164849187984,-0.1346466766251435,0.6769583333333333
uci_credit,8,roc_auc,knn-rf,0.037485064524709566,0.9506780077216113,0.044958333333333336
uci_credit,8,roc_auc,knn-xgb,0.05807640659531291,0.8868542315654352,0.070125
uci_credit,8,roc_auc,rf-xgb,0.026756666791306838,0.9426730436633775,0.04375
uci_credit,8,log_loss,lr-gnb,-0.6444833553730699,-0.17639014487271445,0.7160833333333333
uci_credit,8,log_loss,lr-knn,-0.01760783671805656,0.9235814600235113,0.04008333333333333
uci_credit,8,log_loss,lr-rf,-0.01981165224480086,0.9139787253455991,0.04654166666666667
uci_credit,8,log_loss,lr-xgb,-0.06113965854418291,0.8564131699317952,0.06904166666666667
uci_credit,8,log_loss,gnb-knn,-0.6815397099186185,-0.2144374383070872,0.6995833333333333
uci_credit,8,log_loss,gnb-rf,-0.6631079080741845,-0.1907214139527235,0.6865416666666667
uci_credit,8,log_loss,gnb-xgb,-0.7116927886938113,-0.1346466766251435,0.6769583333333333
uci_credit,8,log_loss,knn-rf,-0.0021463259135834356,0.9506780077216113,0.044958333333333336
uci_credit,8,log_loss,knn-xgb,-0.045128303802983744,0.8868542315654352,0.070125
uci_credit,8,log_loss,rf-xgb,-0.023712352910567835,0.9426730436633775,0.04375
uci_credit,9,roc_auc,lr-gnb,0.08094083535845098,-0.15308555657862355,0.7072083333333333
uci_credit,9,roc_auc,lr-knn,0.05179261338947255,0.9247121155404686,0.041791666666666664
uci_credit,9,roc_auc,lr-rf,0.06914436551288783,0.9144157964279157,0.04541666666666667
uci_credit,9,roc_auc,lr-xgb,0.08525469450170697,0.8546850051263952,0.06795833333333333
uci_credit,9,roc_auc,gnb-knn,0.07395814731145633,-0.1912033635313925,0.69025
uci_credit,9,roc_auc,gnb-rf,0.0983986228055036,-0.1629509262030674,0.678625
uci_credit,9,roc_auc,gnb-xgb,0.125809117519893,-0.11189223507717544,0.6705833333333333
uci_credit,9,roc_auc,knn-rf,0.03873228852176758,0.9522492352387986,0.04579166666666667
uci_credit,9,roc_auc,knn-xgb,0.06091097341825384,0.8860210442866332,0.07033333333333333
uci_credit,9,roc_auc,rf-xgb,0.027127576836738054,0.9407711576588972,0.043458333333333335
uci_credit,9,log_loss,lr-gnb,-0.583332697374356,-0.15308555657862355,0.7072083333333333
uci_credit,9,log_loss,lr-knn,-0.02090436307342662,0.9247121155404686,0.041791666666666664
uci_credit,9,log_loss,lr-rf,-0.022883620322036724,0.9144157964279157,0.04541666666666667
uci_credit,9,log_loss,lr-xgb,-0.06544897243577907,0.8546850051263952,0.06795833333333333
uci_credit,9,log_loss,gnb-knn,-0.6222167256546332,-0.1912033635313925,0.69025
uci_credit,9,log_loss,gnb-rf,-0.6001534465734059,-0.1629509262030674,0.678625
uci_credit,9,log_loss,gnb-xgb,-0.6538685706507543,-0.11189223507717544,0.6705833333333333
uci_credit,9,log_loss,knn-rf,-0.005185989950346581,0.9522492352387986,0.04579166666666667
uci_credit,9,log_loss,knn-xgb,-0.047332906469349095,0.8860210442866332,0.07033333333333333
uci_credit,9,log_loss,rf-xgb,-0.026440024277331275,0.9407711576588972,0.043458333333333335
uci_credit,10,roc_auc,lr-gnb,0.08984121716664645,-0.1850877084938345,0.7123333333333334
uci_credit,10,roc_auc,lr-knn,0.05271136298069912,0.9209763622611723,0.042875
uci_credit,10,roc_auc,lr-rf,0.07214487326657693,0.9108173000403046,0.048916666666666664
uci_credit,10,roc_auc,lr-xgb,0.08353539450279368,0.850640989013605,0.070875
uci_credit,10,roc_auc,gnb-knn,0.08012134521444092,-0.22117200897356556,0.693125
uci_credit,10,roc_auc,gnb-rf,0.1120053627972214,-0.19617283219754272,0.6805833333333333
uci_credit,10,roc_auc,gnb-xgb,0.14235017743667155,-0.14048607084114956,0.671875
uci_credit,10,roc_auc,knn-rf,0.03633146179528057,0.9524137987940585,0.047875
uci_credit,10,roc_auc,knn-xgb,0.059542814116131035,0.8855827823819481,0.07241666666666667
uci_credit,10,roc_auc,rf-xgb,0.027807028337866413,0.9405151665842119,0.04604166666666667
uci_credit,10,log_loss,lr-gnb,-0.7141594097663416,-0.1850877084938345,0.7123333333333334
uci_credit,10,log_loss,lr-knn,-0.013442002897390753,0.9209763622611723,0.042875
uci_credit,10,log_loss,lr-rf,-0.01544186523780433,0.9108173000403046,0.048916666666666664
uci_credit,10,log_loss,lr-xgb,-0.05689519466192006,0.850640989013605,0.070875
uci_credit,10,log_loss,gnb-knn,-0.7557388001794718,-0.22117200897356556,0.693125
uci_credit,10,log_loss,gnb-rf,-0.7332464654855457,-0.19617283219754272,0.6805833333333333
uci_credit,10,log_loss,gnb-xgb,-0.781769446892176,-0.14048607084114956,0.671875
uci_credit,10,log_loss,knn-rf,0.004184192041968959,0.9524137987940585,0.047875
uci_credit,10,log_loss,knn-xgb,-0.03928920128297059,0.8855827823819481,0.07241666666666667
uci_credit,10,log_loss,rf-xgb,-0.017826921484123348,0.9405151665842119,0.04604166666666667
uci_credit,11,roc_auc,lr-gnb,0.09316431847980577,-0.20818649802042744,0.7225
uci_credit,11,roc_auc,lr-knn,0.05083985573926689,0.9239182283707733,0.0405
uci_credit,11,roc_auc,lr-rf,0.06804246083310483,0.9145790070303288,0.0455
uci_credit,11,roc_auc,lr-xgb,0.08252171058540991,0.8557763289604018,0.06795833333333333
uci_credit,11,roc_auc,gnb-knn,0.0877002453953053,-0.24895683745328367,0.7061666666666667
uci_credit,11,roc_auc,gnb-rf,0.11563270940509474,-0.21987579746694613,0.6939166666666666
uci_credit,11,roc_auc,gnb-xgb,0.1432535122388987,-0.16707870799323063,0.6880416666666667
uci_credit,11,roc_auc,knn-rf,0.035793831339823834,0.9518547785010381,0.046
uci_credit,11,roc_auc,knn-xgb,0.05423356154646668,0.8882448177496592,0.071125
uci_credit,11,roc_auc,rf-xgb,0.024121414274370423,0.9428748342459028,0.045208333333333336
uci_credit,11,log_loss,lr-gnb,-0.7278570870624022,-0.20818649802042744,0.7225
uci_credit,11,log_loss,lr-knn,-0.01250166588254642,0.9239182283707733,0.0405
uci_credit,11,log_loss,lr-rf,-0.014076233743914868,0.9145790070303288,0.0455
uci_credit,11,log_loss,lr-xgb,-0.05488311367348553,0.8557763289604018,0.06795833333333333
uci_credit,11,log_loss,gnb-knn,-0.7695353094981245,-0.24895683745328367,0.7061666666666667
uci_credit,11,log_loss,gnb-rf,-0.7434507545408547,-0.21987579746694613,0.6939166666666666
uci_credit,11,log_loss,gnb-xgb,-0.7964861039921444,-0.16707870799323063,0.6880416666666667
uci_credit,11,log_loss,knn-rf,0.003974487992532749,0.9518547785010381,0.046
uci_credit,11,log_loss,knn-xgb,-0.036793960670606723,0.8882448177496592,0.071125
uci_credit,11,log_loss,rf-xgb,-0.01660115673174678,0.9428748342459028,0.045208333333333336
uci_credit,12,roc_auc,lr-gnb,0.07744875475631713,-0.18111968998416061,0.7211666666666666
uci_credit,12,roc_auc,lr-knn,0.05582776854726773,0.921083103347652,0.03979166666666667
uci_credit,12,roc_auc,lr-rf,0.0698539624038702,0.912016392831594,0.04733333333333333
uci_credit,12,roc_auc,lr-xgb,0.08430175524121042,0.8524999311924616,0.06954166666666667
uci_credit,12,roc_auc,gnb-knn,0.077252989750209,-0.22166644288732323,0.704875
uci_credit,12,roc_auc,gnb-rf,0.10166900243910448,-0.18997477710911564,0.68775
uci_credit,12,roc_auc,gnb-xgb,0.12916321348128557,-0.13214071594627988,0.6787083333333334
uci_credit,12,roc_auc,knn-rf,0.03649634394415613,0.9520467998905856,0.04620833333333333
uci_credit,12,roc_auc,knn-xgb,0.05525780771281111,0.8880507624226519,0.07016666666666667
uci_credit,12,roc_auc,rf-xgb,0.025945889937302624,0.9425290308032889,0.044458333333333336
uci_credit,12,log_loss,lr-gnb,-0.6297203887420595,-0.18111968998416061,0.7211666666666666
uci_credit,12,log_loss,lr-knn,-0.02046284868179782,0.921083103347652,0.03979166666666667
uci_credit,12,log_loss,lr-rf,-0.021729118935789105,0.912016392831594,0.04733333333333333
uci_credit,12,log_loss,lr-xgb,-0.06492054373226008,0.8524999311924616,0.06954166666666667
uci_credit,12,log_loss,gnb-knn,-0.6705768307980711,-0.22166644288732323,0.704875
uci_credit,12,log_loss,gnb-rf,-0.6455833996637217,-0.18997477710911564,0.68775
uci_credit,12,log_loss,gnb-xgb,-0.6974721142708874,-0.13214071594627988,0.6787083333333334
uci_credit,12,log_loss,knn-rf,-0.003006250969659785,0.9520467998905856,0.04620833333333333
uci_credit,12,log_loss,knn-xgb,-0.044435276364055726,0.8880507624226519,0.07016666666666667
uci_credit,12,log_loss,rf-xgb,-0.0246066003362595,0.9425290308032889,0.044458333333333336
uci_credit,13,roc_auc,lr-gnb,0.07104376095544751,-0.18858768971168877,0.7198333333333333
uci_credit,13,roc_auc,lr-knn,0.05508940182430938,0.9207909604893726,0.043375
uci_credit,13,roc_auc,lr-rf,0.06963349436303468,0.9123829353109728,0.045
uci_credit,13,roc_auc,lr-xgb,0.08336704139037088,0.8521970485280853,0.07141666666666667
uci_credit,13,roc_auc,gnb-knn,0.0692997621081135,-0.22498031837304275,0.7012916666666666
uci_credit,13,roc_auc,gnb-rf,0.09360190238609267,-0.20041855022290767,0.6911666666666667
uci_credit,13,roc_auc,gnb-xgb,0.12222725370829968,-0.1426741710260784,0.6776666666666666
uci_credit,13,roc_auc,knn-rf,0.037772433275867545,0.9513240880299839,0.04679166666666667
uci_credit,13,roc_auc,knn-xgb,0.05867247110599498,0.8861486459048606,0.07020833333333333
uci_credit,13,roc_auc,rf-xgb,0.025613822159890276,0.9409001172513755,0.04541666666666667
uci_credit,13,log_loss,lr-gnb,-0.6693614304231112,-0.18858768971168877,0.7198333333333333
uci_credit,13,log_loss,lr-knn,-0.01704684002845193,0.9207909604893726,0.043375
uci_credit,13,log_loss,lr-rf,-0.018262292001489766,0.9123829353109728,0.045
uci_credit,13,log_loss,lr-xgb,-0.06066841982167359,0.8521970485280853,0.07141666666666667
uci_credit,13,log_loss,gnb-knn,-0.7083015297925104,-0.22498031837304275,0.7012916666666666
uci_credit,13,log_loss,gnb-rf,-0.6861098658817497,-0.20041855022290767,0.6911666666666667
uci_credit,13,log_loss,gnb-xgb,-0.7378022529397572,-0.1426741710260784,0.6776666666666666
uci_credit,13,log_loss,knn-rf,-0.00028973029696088837,0.9513240880299839,0.04679166666666667
uci_credit,13,log_loss,knn-xgb,-0.04142442116766107,0.8861486459048606,0.07020833333333333
uci_credit,13,log_loss,rf-xgb,-0.021073612047591617,0.9409001172513755,0.04541666666666667
uci_credit,14,roc_auc,lr-gnb,0.07060073843471343,-0.21900910898882034,0.73025
uci_credit,14,roc_auc,lr-knn,0.05595711385427976,0.9202939602230192,0.04441666666666667
uci_credit,14,roc_auc,lr-rf,0.0728750617337619,0.9118825572550993,0.046
uci_credit,14,roc_auc,lr-xgb,0.08795290483319373,0.8533263937863167,0.0695
uci_credit,14,roc_auc,gnb-knn,0.07028038680824888,-0.2565121775937403,0.713
uci_credit,14,roc_auc,gnb-rf,0.0980913519076898,-0.2298920312203305,0.6993333333333334
uci_credit,14,roc_auc,gnb-xgb,0.12734743796360126,-0.16936832595042303,0.6901666666666667
uci_credit,14,roc_auc,knn-rf,0.03849595712916298,0.9510751755573934,0.04533333333333334
uci_credit,14,roc_auc,knn-xgb,0.05853124487633994,0.8862120609159923,0.07075
uci_credit,14,roc_auc,rf-xgb,0.027248996090790456,0.9410037036298734,0.04625
uci_credit,14,log_loss,lr-gnb,-0.7284346924720355,-0.21900910898882034,0.73025
uci_credit,14,log_loss,lr-knn,-0.013372152616126218,0.9202939602230192,0.04441666666666667
uci_credit,14,log_loss,lr-rf,-0.01580309378329381,0.9118825572550993,0.046
uci_credit,14,log_loss,lr-xgb,-0.058289212367140686,0.8533263937863167,0.0695
uci_credit,14,log_loss,gnb-knn,-0.7686847754561528,-0.2565121775937403,0.713
uci_credit,14,log_loss,gnb-rf,-0.7458594294604368,-0.2298920312203305,0.6993333333333334
uci_credit,14,log_loss,gnb-xgb,-0.7968165341895577,-0.16936832595042303,0.6901666666666667
uci_credit,14,log_loss,knn-rf,0.0032838113636524113,0.9510751755573934,0.04533333333333334
uci_credit,14,log_loss,knn-xgb,-0.03914094104880861,0.8862120609159923,0.07075
uci_credit,14,log_loss,rf-xgb,-0.019220206586682442,0.9410037036298734,0.04625
uci_credit,15,roc_auc,lr-gnb,0.07068495416432391,-0.20159098836595338,0.7275416666666666
uci_credit,15,roc_auc,lr-knn,0.05492858219227226,0.9197045143354557,0.043208333333333335
uci_credit,15,roc_auc,lr-rf,0.06943729099252804,0.9110611189460596,0.04608333333333333
uci_credit,15,roc_auc,lr-xgb,0.082726183405339,0.8530504231410826,0.0695
uci_credit,15,roc_auc,gnb-knn,0.06738223612957128,-0.23794095199200177,0.7089166666666666
uci_credit,15,roc_auc,gnb-rf,0.09417277499544896,-0.20666236481790998,0.6947916666666667
uci_credit,15,roc_auc,gnb-xgb,0.11599760986362184,-0.15071625822736215,0.6855416666666667
uci_credit,15,roc_auc,knn-rf,0.03845790073687927,0.9512884677249245,0.04670833333333333
uci_credit,15,roc_auc,knn-xgb,0.05691572764954142,0.8878046763770913,0.070625
uci_credit,15,roc_auc,rf-xgb,0.026104490554802684,0.9423668661529679,0.04466666666666667
uci_credit,15,log_loss,lr-gnb,-0.6690352588175794,-0.20159098836595338,0.7275416666666666
uci_credit,15,log_loss,lr-knn,-0.018845684472928476,0.9197045143354557,0.043208333333333335
uci_credit,15,log_loss,lr-rf,-0.02058035594831753,0.9110611189460596,0.04608333333333333
uci_credit,15,log_loss,lr-xgb,-0.06288684587373594,0.8530504231410826,0.0695
uci_credit,15,log_loss,gnb-knn,-0.7083886080277504,-0.23794095199200177,0.7089166666666666
uci_credit,15,log_loss,gnb-rf,-0.685040328645673,-0.20666236481790998,0.6947916666666667
uci_credit,15,log_loss,gnb-xgb,-0.7360572490506729,-0.15071625822736215,0.6855416666666667
uci_credit,15,log_loss,knn-rf,-0.0009506534885300733,0.9512884677249245,0.04670833333333333
uci_credit,15,log_loss,knn-xgb,-0.04345749599507706,0.8878046763770913,0.070625
uci_credit,15,log_loss,rf-xgb,-0.022239550407399777,0.9423668661529679,0.04466666666666667
uci_credit,16,roc_auc,lr-gnb,0.06772565280943799,-0.18057507271802148,0.7228333333333333
uci_credit,16,roc_auc,lr-knn,0.059218714332819,0.9203652541365149,0.043791666666666666
uci_credit,16,roc_auc,lr-rf,0.07446557621895422,0.911193521125035,0.04783333333333333
uci_credit,16,roc_auc,lr-xgb,0.08470073181478055,0.851874695116992,0.074
uci_credit,16,roc_auc,gnb-knn,0.06388385890251036,-0.21629930962339386,0.704125
uci_credit,16,roc_auc,gnb-rf,0.09184936800847832,-0.1886515706780798,0.6895833333333333
uci_credit,16,roc_auc,gnb-xgb,0.12141236073608852,-0.1364398441354712,0.6808333333333333
uci_credit,16,roc_auc,knn-rf,0.038515130567588596,0.9520917709020532,0.04570833333333333
uci_credit,16,roc_auc,knn-xgb,0.05800902990638092,0.8876640508403015,0.072125
uci_credit,16,roc_auc,rf-xgb,0.026609440103401827,0.9408083132902307,0.04725
uci_credit,16,log_loss,lr-gnb,-0.6197150222301433,-0.18057507271802148,0.7228333333333333
uci_credit,16,log_loss,lr-knn,-0.02041842324715662,0.9203652541365149,0.043791666666666666
uci_credit,16,log_loss,lr-rf,-0.022077988171911644,0.911193521125035,0.04783333333333333
uci_credit,16,log_loss,lr-xgb,-0.06455641459512707,0.851874695116992,0.074
uci_credit,16,log_loss,gnb-knn,-0.6585278091269244,-0.21629930962339386,0.704125
uci_credit,16,log_loss,gnb-rf,-0.6368150939583835,-0.1886515706780798,0.6895833333333333
uci_credit,16,log_loss,gnb-xgb,-0.6906274986244576,-0.1364398441354712,0.6808333333333333
uci_credit,16,log_loss,knn-rf,-0.002884146190886616,0.9520917709020532,0.04570833333333333
uci_credit,16,log_loss,knn-xgb,-0.04403953121506948,0.8876640508403015,0.072125
uci_credit,16,log_loss,rf-xgb,-0.02405212305975124,0.9408083132902307,0.04725
uci_credit,17,roc_auc,lr-gnb,0.0766661606824447,-0.1973718414773624,0.7316666666666667
uci_credit,17,roc_auc,lr-knn,0.05305639040588092,0.9255010190911725,0.043208333333333335
uci_credit,17,roc_auc,lr-rf,0.0687093607708773,0.9139207520638526,0.04791666666666667
uci_credit,17,roc_auc,lr-xgb,0.08644297746460472,0.8532090402651619,0.072375
uci_credit,17,roc_auc,gnb-knn,0.07409454294014228,-0.23774658434746482,0.7130416666666667
uci_credit,17,roc_auc,gnb-rf,0.10095075748562543,-0.20514850395995327,0.6985
uci_credit,17,roc_auc,gnb-xgb,0.1298993609290644,-0.1532246985478891,0.6889583333333333
uci_credit,17,roc_auc,knn-rf,0.036543317422589094,0.9521272591254796,0.048791666666666664
uci_credit,17,roc_auc,knn-xgb,0.05948340310060855,0.8855356687239331,0.07441666666666667
uci_credit,17,roc_auc,rf-xgb,0.027994629356487,0.9395853118918295,0.04645833333333333
uci_credit,17,log_loss,lr-gnb,-0.6360504022545806,-0.1973718414773624,0.7316666666666667
uci_credit,17,log_loss,lr-knn,-0.017664064363731108,0.9255010190911725,0.043208333333333335
uci_credit,17,log_loss,lr-rf,-0.020644411475565727,0.9139207520638526,0.04791666666666667
uci_credit,17,log_loss,lr-xgb,-0.06233802396661581,0.8532090402651619,0.072375
uci_credit,17,log_loss,gnb-knn,-0.6751140331203276,-0.23774658434746482,0.7130416666666667
uci_credit,17,log_loss,gnb-rf,-0.6512029464319096,-0.20514850395995327,0.6985
uci_credit,17,log_loss,gnb-xgb,-0.7038501553857089,-0.1532246985478891,0.6889583333333333
uci_credit,17,log_loss,knn-rf,-0.002056103021448652,0.9521272591254796,0.048791666666666664
uci_credit,17,log_loss,knn-xgb,-0.044045844220311936,0.8855356687239331,0.07441666666666667
uci_credit,17,log_loss,rf-xgb,-0.023915296502797334,0.9395853118918295,0.04645833333333333
uci_credit,18,roc_auc,lr-gnb,0.07926128616745959,-0.1883401470692221,0.7166666666666667
uci_credit,18,roc_auc,lr-knn,0.05399555455935229,0.923623820026565,0.043333333333333335
uci_credit,18,roc_auc,lr-rf,0.07081274567255758,0.9136202631564758,0.043833333333333335
uci_credit,18,roc_auc,lr-xgb,0.08492430996223987,0.8551538509399325,0.06616666666666667
uci_credit,18,roc_auc,gnb-knn,0.07548487938019277,-0.22532478364152642,0.7006666666666667
uci_credit,18,roc_auc,gnb-rf,0.10378940940140224,-0.1992122970616041,0.6894166666666667
uci_credit,18,roc_auc,gnb-xgb,0.13412406428194235,-0.14176672759589948,0.67875
uci_credit,18,roc_auc,knn-rf,0.03770988304333511,0.9498024874871026,0.049
uci_credit,18,roc_auc,knn-xgb,0.057443852085254835,0.8848524858334909,0.07025
uci_credit,18,roc_auc,rf-xgb,0.02536208259806383,0.9425184831790888,0.04175
uci_credit,18,log_loss,lr-gnb,-0.668495155657191,-0.1883401470692221,0.7166666666666667
uci_credit,18,log_loss,lr-knn,-0.015640188338511024,0.923623820026565,0.043333333333333335
uci_credit,18,log_loss,lr-rf,-0.017557929127838268,0.9136202631564758,0.043833333333333335
uci_credit,18,log_loss,lr-xgb,-0.05852024300329994,0.8551538509399325,0.06616666666666667
uci_credit,18,log_loss,gnb-knn,-0.7047905453518182,-0.22532478364152642,0.7006666666666667
uci_credit,18,log_loss,gnb-rf,-0.6848917663915147,-0.1992122970616041,0.6894166666666667
uci_credit,18,log_loss,gnb-xgb,-0.7361367930246451,-0.14176672759589948,0.67875
uci_credit,18,log_loss,knn-rf,-5.8700800508737494e-05,0.9498024874871026,0.049
uci_credit,18,log_loss,knn-xgb,-0.04205515440139046,0.8848524858334909,0.07025
uci_credit,18,log_loss,rf-xgb,-0.02021558287098224,0.9425184831790888,0.04175
uci_credit,19,roc_auc,lr-gnb,0.07608608320075644,-0.2061736172990927,0.7269166666666667
uci_credit,19,roc_auc,lr-knn,0.05937849550514984,0.9209851710645238,0.04479166666666667
uci_credit,19,roc_auc,lr-rf,0.07373272212541238,0.9117966643033883,0.04829166666666666
uci_credit,19,roc_auc,lr-xgb,0.08449987564834505,0.8521288020310253,0.07258333333333333
uci_credit,19,roc_auc,gnb-knn,0.07366257678218102,-0.24069996900836374,0.7070416666666667
uci_credit,19,roc_auc,gnb-rf,0.10309549835176468,-0.21636894624081182,0.6960416666666667
uci_credit,19,roc_auc,gnb-xgb,0.13213954912643766,-0.16094975194075917,0.6865833333333333
uci_credit,19,roc_auc,knn-rf,0.04087880104068331,0.950422224750541,0.04516666666666667
uci_credit,19,roc_auc,knn-xgb,0.06097518582740555,0.8847363247179013,0.072375
uci_credit,19,roc_auc,rf-xgb,0.02551851894463919,0.9412639745210285,0.04670833333333333
uci_credit,19,log_loss,lr-gnb,-0.6988059503357583,-0.2061736172990927,0.7269166666666667
uci_credit,19,log_loss,lr-knn,-0.014828978881554641,0.9209851710645238,0.04479166666666667
uci_credit,19,log_loss,lr-rf,-0.017237854032781774,0.9117966643033883,0.04829166666666666
uci_credit,19,log_loss,lr-xgb,-0.05820799845123048,0.8521288020310253,0.07258333333333333
uci_credit,19,log_loss,gnb-knn,-0.7371443484138525,-0.24069996900836374,0.7070416666666667
uci_credit,19,log_loss,gnb-rf,-0.7177664898639124,-0.21636894624081182,0.6960416666666667
uci_credit,19,log_loss,gnb-xgb,-0.7698046954681288,-0.16094975194075917,0.6865833333333333
uci_credit,19,log_loss,knn-rf,0.0013659355458903732,0.950422224750541,0.04516666666666667
uci_credit,19,log_loss,knn-xgb,-0.04065010701005592,0.8847363247179013,0.072375
uci_credit,19,log_loss,rf-xgb,-0.018909162055170015,0.9412639745210285,0.04670833333333333
uci_credit,20,roc_auc,lr-gnb,0.07897036796835216,-0.20847083342190348,0.720875
uci_credit,20,roc_auc,lr-knn,0.055673510734695786,0.9222805736449907,0.041375
uci_credit,20,roc_auc,lr-rf,0.06874645242301358,0.9136492790308451,0.04825
uci_credit,20,roc_auc,lr-xgb,0.07958464022900213,0.8570663144696585,0.07083333333333333
uci_credit,20,roc_auc,gnb-knn,0.0784094571254701,-0.2425048036068716,0.70575
uci_credit,20,roc_auc,gnb-rf,0.10601681323850509,-0.2188966754135465,0.691625
uci_credit,20,roc_auc,gnb-xgb,0.13033167565433867,-0.16628772463891173,0.682875
uci_credit,20,roc_auc,knn-rf,0.03726976792095571,0.9500974749808436,0.046625
uci_credit,20,roc_auc,knn-xgb,0.05597152653411845,0.8876054370245996,0.07204166666666667
uci_credit,20,roc_auc,rf-xgb,0.02468886738117515,0.942544330792126,0.046
uci_credit,20,log_loss,lr-gnb,-0.7437052060666101,-0.20847083342190348,0.720875
uci_credit,20,log_loss,lr-knn,-0.011882611051050346,0.9222805736449907,0.041375
uci_credit,20,log_loss,lr-rf,-0.013180945604293837,0.9136492790308451,0.04825
uci_credit,20,log_loss,lr-xgb,-0.053004652055705925,0.8570663144696585,0.07083333333333333
uci_credit,20,log_loss,gnb-knn,-0.7833861743134858,-0.2425048036068716,0.70575
uci_credit,20,log_loss,gnb-rf,-0.7623510304307098,-0.2188966754135465,0.691625
uci_credit,20,log_loss,gnb-xgb,-0.8101453315971014,-0.16628772463891173,0.682875
uci_credit,20,log_loss,knn-rf,0.0044014780416526955,0.9500974749808436,0.046625
uci_credit,20,log_loss,knn-xgb,-0.03657409380880408,0.8876054370245996,0.07204166666666667
uci_credit,20,log_loss,rf-xgb,-0.015723298475542435,0.942544330792126,0.046
uci_credit,21,roc_auc,lr-gnb,0.08259066251967734,-0.2185406280830023,0.7299166666666667
uci_credit,21,roc_auc,lr-knn,0.05522047121007645,0.9197172543038635,0.043083333333333335
uci_credit,21,roc_auc,lr-rf,0.07244432660694,0.9094719496346186,0.043416666666666666
uci_credit,21,roc_auc,lr-xgb,0.08541205141024522,0.8492410367759551,0.06929166666666667
uci_credit,21,roc_auc,gnb-knn,0.07958537325526027,-0.2525120049267666,0.71275
uci_credit,21,roc_auc,gnb-rf,0.10576155153595079,-0.22620247984449054,0.7033333333333334
uci_credit,21,roc_auc,gnb-xgb,0.12588912933975582,-0.16632098144937932,0.6929583333333333
uci_credit,21,roc_auc,knn-rf,0.038029721010499395,0.9494467595498167,0.04641666666666667
uci_credit,21,roc_auc,knn-xgb,0.05740775850064059,0.884452458223144,0.07129166666666667
uci_credit,21,roc_auc,rf-xgb,0.025080695900851158,0.9404774987593837,0.04529166666666667
uci_credit,21,log_loss,lr-gnb,-0.7178719997448504,-0.2185406280830023,0.7299166666666667
uci_credit,21,log_loss,lr-knn,-0.015210076205795786,0.9197172543038635,0.043083333333333335
uci_credit,21,log_loss,lr-rf,-0.016850916629121193,0.9094719496346186,0.043416666666666666
uci_credit,21,log_loss,lr-xgb,-0.06065172640439531,0.8492410367759551,0.06929166666666667
uci_credit,21,log_loss,gnb-knn,-0.7583536735254861,-0.2525120049267666,0.71275
uci_credit,21,log_loss,gnb-rf,-0.7365045919895691,-0.22620247984449054,0.7033333333333334
uci_credit,21,log_loss,gnb-xgb,-0.7890112759357927,-0.16632098144937932,0.6929583333333333
uci_credit,21,log_loss,knn-rf,0.0023079218134283153,0.9494467595498167,0.04641666666666667
uci_credit,21,log_loss,knn-xgb,-0.04079911321377375,0.884452458223144,0.07129166666666667
uci_credit,21,log_loss,rf-xgb,-0.019610420062144973,0.9404774987593837,0.04529166666666667
uci_credit,22,roc_auc,lr-gnb,0.08909056464178744,-0.16436729836649028,0.7135833333333333
uci_credit,22,roc_auc,lr-knn,0.056147425135937346,0.921119645412996,0.04025
uci_credit,22,roc_auc,lr-rf,0.07425846246014955,0.9115872529945994,0.045875
uci_credit,22,roc_auc,lr-xgb,0.08407467626882625,0.8566233388297009,0.06904166666666667
uci_credit,22,roc_auc,gnb-knn,0.08462670945048978,-0.19933028504137323,0.69475
uci_credit,22,roc_auc,gnb-rf,0.11009396635394042,-0.1722804936467936,0.684375
uci_credit,22,roc_auc,gnb-xgb,0.13941799885548345,-0.11954086517466862,0.674125
uci_credit,22,roc_auc,knn-rf,0.039353393933769354,0.950883382123327,0.046875
uci_credit,22,roc_auc,knn-xgb,0.05943448660130782,0.888360901292733,0.06879166666666667
uci_credit,22,roc_auc,rf-xgb,0.025249480587041795,0.943368198644249,0.044833333333333336
uci_credit,22,log_loss,lr-gnb,-0.6300788279791176,-0.16436729836649028,0.7135833333333333
uci_credit,22,log_loss,lr-knn,-0.017735557875090832,0.921119645412996,0.04025
uci_credit,22,log_loss,lr-rf,-0.01909667082039479,0.9115872529945994,0.045875
uci_credit,22,log_loss,lr-xgb,-0.0600871240865638,0.8566233388297009,0.06904166666666667
uci_credit,22,log_loss,gnb-knn,-0.6662952682232519,-0.19933028504137323,0.69475
uci_credit,22,log_loss,gnb-rf,-0.6444887570156496,-0.1722804936467936,0.684375
uci_credit,22,log_loss,gnb-xgb,-0.6966585380860817,-0.11954086517466862,0.674125
uci_credit,22,log_loss,knn-rf,-0.001827278472737004,0.950883382123327,0.046875
uci_credit,22,log_loss,knn-xgb,-0.04294003382877465,0.888360901292733,0.06879166666666667
uci_credit,22,log_loss,rf-xgb,-0.021680028088409964,0.943368198644249,0.044833333333333336
uci_credit,23,roc_auc,lr-gnb,0.08359691339851072,-0.16998386105631572,0.714125
uci_credit,23,roc_auc,lr-knn,0.061756686231745295,0.9184160413167107,0.042875
uci_credit,23,roc_auc,lr-rf,0.07531196705049925,0.9092394685663959,0.04725
uci_credit,23,roc_auc,lr-xgb,0.09128574372872778,0.8493896001296465,0.0695
uci_credit,23,roc_auc,gnb-knn,0.08157743184745603,-0.2058069269246023,0.6976666666666667
uci_credit,23,roc_auc,gnb-rf,0.10582210586991248,-0.1792532561980473,0.6837916666666667
uci_credit,23,roc_auc,gnb-xgb,0.13513585695733044,-0.1246793385155314,0.6744583333333334
uci_credit,23,roc_auc,knn-rf,0.03693647181987947,0.9507611324662963,0.045625
uci_credit,23,roc_auc,knn-xgb,0.06032995660953644,0.8862640943715596,0.068875
uci_credit,23,roc_auc,rf-xgb,0.027632788667289798,0.9419974252958379,0.04275
uci_credit,23,log_loss,lr-gnb,-0.6224107619197639,-0.16998386105631572,0.714125
uci_credit,23,log_loss,lr-knn,-0.020591106501955156,0.9184160413167107,0.042875
uci_credit,23,log_loss,lr-rf,-0.022161886692928068,0.9092394685663959,0.04725
uci_credit,23,log_loss,lr-xgb,-0.0630100790127115,0.8493896001296465,0.0695
uci_credit,23,log_loss,gnb-knn,-0.6596279160505918,-0.2058069269246023,0.6976666666666667
uci_credit,23,log_loss,gnb-rf,-0.6391731892626048,-0.1792532561980473,0.6837916666666667
uci_credit,23,log_loss,gnb-xgb,-0.6883509127853125,-0.1246793385155314,0.6744583333333334
uci_credit,23,log_loss,knn-rf,-0.003130232858022719,0.9507611324662963,0.045625
uci_credit,23,log_loss,knn-xgb,-0.04371600760489802,0.8862640943715596,0.068875
uci_credit,23,log_loss,rf-xgb,-0.022612482368829845,0.9419974252958379,0.04275
uci_credit,24,roc_auc,lr-gnb,0.07165590102326524,-0.21871262310405212,0.7371666666666666
uci_credit,24,roc_auc,lr-knn,0.054531065501871895,0.9223837478376833,0.042541666666666665
uci_credit,24,roc_auc,lr-rf,0.07011327502220488,0.9139615722859363,0.044208333333333336
uci_credit,24,roc_auc,lr-xgb,0.08330224909268513,0.8566986597264523,0.065375
uci_credit,24,roc_auc,gnb-knn,0.07080759150762539,-0.25927832227825426,0.720125
uci_credit,24,roc_auc,gnb-rf,0.09404297838423148,-0.22145682201700453,0.7052083333333333
uci_credit,24,roc_auc,gnb-xgb,0.11599901564107395,-0.1632974151428686,0.6957916666666667
uci_credit,24,roc_auc,knn-rf,0.03777372890210717,0.9503080131193693,0.04625
uci_credit,24,roc_auc,knn-xgb,0.05613031954361544,0.8862549977834786,0.06808333333333333
uci_credit,24,roc_auc,rf-xgb,0.027241730648804197,0.9430852762451473,0.042166666666666665
uci_credit,24,log_loss,lr-gnb,-0.6636969486376656,-0.21871262310405212,0.7371666666666666
uci_credit,24,log_loss,lr-knn,-0.018415819018616664,0.9223837478376833,0.042541666666666665
uci_credit,24,log_loss,lr-rf,-0.019675356329879046,0.9139615722859363,0.044208333333333336
uci_credit,24,log_loss,lr-xgb,-0.06292842315313252,0.8566986597264523,0.065375
uci_credit,24,log_loss,gnb-knn,-0.7006804341975237,-0.25927832227825426,0.720125
uci_credit,24,log_loss,gnb-rf,-0.676357878652057,-0.22145682201700453,0.7052083333333333
uci_credit,24,log_loss,gnb-xgb,-0.7337414909668083,-0.1632974151428686,0.6957916666666667
uci_credit,24,log_loss,knn-rf,-0.0023769556665412805,0.9503080131193693,0.04625
uci_credit,24,log_loss,knn-xgb,-0.04628498751368634,0.8862549977834786,0.06808333333333333
uci_credit,24,log_loss,rf-xgb,-0.02523564633728559,0.9430852762451473,0.042166666666666665
uci_credit,25,roc_auc,lr-gnb,0.07978519604832218,-0.2601388820773954,0.7375833333333334
uci_credit,25,roc_auc,lr-knn,0.05633526215950066,0.9205653941730768,0.041833333333333333
uci_credit,25,roc_auc,lr-rf,0.07363183841380305,0.9104375513650056,0.044458333333333336
uci_credit,25,roc_auc,lr-xgb,0.08713899583794915,0.8527899395565351,0.06733333333333333
uci_credit,25,roc_auc,gnb-knn,0.08458758367771346,-0.2966032129010502,0.7208333333333333
uci_credit,25,roc_auc,gnb-rf,0.1119989072741977,-0.26920634804914645,0.7092916666666667
uci_credit,25,roc_auc,gnb-xgb,0.13785460668358074,-0.2124241703206414,0.7013333333333334
uci_credit,25,roc_auc,knn-rf,0.035332076644308597,0.9518460143917645,0.043375
uci_credit,25,roc_auc,knn-xgb,0.05692210598431224,0.8873678553664187,0.07
uci_credit,25,roc_auc,rf-xgb,0.02503766721220524,0.9421294107145644,0.044708333333333336
uci_credit,25,log_loss,lr-gnb,-0.9512669149121951,-0.2601388820773954,0.7375833333333334
uci_credit,25,log_loss,lr-knn,0.003752387961262302,0.9205653941730768,0.041833333333333333
uci_credit,25,log_loss,lr-rf,0.001783786883565175,0.9104375513650056,0.044458333333333336
uci_credit,25,log_loss,lr-xgb,-0.0385021863717806,0.8527899395565351,0.06733333333333333
uci_credit,25,log_loss,gnb-knn,-0.9947986789707779,-0.2966032129010502,0.7208333333333333
uci_credit,25,log_loss,gnb-rf,-0.9713795237003403,-0.26920634804914645,0.7092916666666667
uci_credit,25,log_loss,gnb-xgb,-1.0199606056030897,-0.2124241703206414,0.7013333333333334
uci_credit,25,log_loss,knn-rf,0.020741680879583835,0.9518460143917645,0.043375
uci_credit,25,log_loss,knn-xgb,-0.021583468069201195,0.8873678553664187,0.07
uci_credit,25,log_loss,rf-xgb,-0.0008630702428427117,0.9421294107145644,0.044708333333333336
uci_credit,26,roc_auc,lr-gnb,0.07407116723009721,-0.20388802916812634,0.724625
uci_credit,26,roc_auc,lr-knn,0.05945791567644815,0.9192970936210985,0.043
uci_credit,26,roc_auc,lr-rf,0.07559525408820855,0.9091561243135057,0.050208333333333334
uci_credit,26,roc_auc,lr-xgb,0.08896543321195316,0.8466952004491954,0.07604166666666666
uci_credit,26,roc_auc,gnb-knn,0.07447279895996428,-0.23743867457919124,0.7042083333333333
uci_credit,26,roc_auc,gnb-rf,0.10244415577095034,-0.21250947707048273,0.69325
uci_credit,26,roc_auc,gnb-xgb,0.13840249035300134,-0.1587759338516453,0.6815833333333333
uci_credit,26,roc_auc,knn-rf,0.03654785211408562,0.950982730890053,0.04745833333333333
uci_credit,26,roc_auc,knn-xgb,0.05528901016568015,0.8847883656286302,0.07320833333333333
uci_credit,26,roc_auc,rf-xgb,0.025929463112981388,0.9407135600213709,0.04775
uci_credit,26,log_loss,lr-gnb,-0.7112243656181253,-0.20388802916812634,0.724625
uci_credit,26,log_loss,lr-knn,-0.015489549463606464,0.9192970936210985,0.043
uci_credit,26,log_loss,lr-rf,-0.01734929500581517,0.9091561243135057,0.050208333333333334
uci_credit,26,log_loss,lr-xgb,-0.06188697005738919,0.8466952004491954,0.07604166666666666
uci_credit,26,log_loss,gnb-knn,-0.7496010511364044,-0.23743867457919124,0.7042083333333333
uci_credit,26,log_loss,gnb-rf,-0.7301883182384619,-0.21250947707048273,0.69325
uci_credit,26,log_loss,gnb-xgb,-0.7854889831753202,-0.1587759338516453,0.6815833333333333
uci_credit,26,log_loss,knn-rf,0.002765216282892613,0.950982730890053,0.04745833333333333
uci_credit,26,log_loss,knn-xgb,-0.0405532398521847,0.8847883656286302,0.07320833333333333
uci_credit,26,log_loss,rf-xgb,-0.020219833701391465,0.9407135600213709,0.04775
uci_credit,27,roc_auc,lr-gnb,0.08090727375221263,-0.22311801717274626,0.731875
uci_credit,27,roc_auc,lr-knn,0.05689335730788367,0.9218932398608125,0.041125
uci_credit,27,roc_auc,lr-rf,0.07417828467060439,0.9103491724363422,0.0465
uci_credit,27,roc_auc,lr-xgb,0.08877893945570925,0.8506985227982417,0.069
uci_credit,27,roc_auc,gnb-knn,0.07837211485128592,-0.2539269503578671,0.7138333333333333
uci_credit,27,roc_auc,gnb-rf,0.10687146069721276,-0.227636220668925,0.7007916666666667
uci_credit,27,roc_auc,gnb-xgb,0.1328643403822024,-0.1684375078272546,0.690625
uci_credit,27,roc_auc,knn-rf,0.0380911493318854,0.9503658768288089,0.04645833333333333
uci_credit,27,roc_auc,knn-xgb,0.05940169759632451,0.8857576647278955,0.070875
uci_credit,27,roc_auc,rf-xgb,0.026238831516953276,0.9413237754740508,0.04533333333333334
uci_credit,27,log_loss,lr-gnb,-0.734573395600465,-0.22311801717274626,0.731875
uci_credit,27,log_loss,lr-knn,-0.013089001529935015,0.9218932398608125,0.041125
uci_credit,27,log_loss,lr-rf,-0.015255281516780794,0.9103491724363422,0.0465
uci_credit,27,log_loss,lr-xgb,-0.05839743713351897,0.8506985227982417,0.069
uci_credit,27,log_loss,gnb-knn,-0.7747698189208485,-0.2539269503578671,0.7138333333333333
uci_credit,27,log_loss,gnb-rf,-0.7517350579424982,-0.227636220668925,0.7007916666666667
uci_credit,27,log_loss,gnb-xgb,-0.8028529715718566,-0.1684375078272546,0.690625
uci_credit,27,log_loss,knn-rf,0.0035088770582679674,0.9503658768288089,0.04645833333333333
uci_credit,27,log_loss,knn-xgb,-0.04010979225744729,0.8857576647278955,0.070875
uci_credit,27,log_loss,rf-xgb,-0.018094296964575207,0.9413237754740508,0.04533333333333334
uci_credit,28,roc_auc,lr-gnb,0.07907848580583499,-0.18289793569594784,0.7270416666666667
uci_credit,28,roc_auc,lr-knn,0.05550532974368694,0.9226224109389044,0.041541666666666664
uci_credit,28,roc_auc,lr-rf,0.07319660890212776,0.911628549691964,0.04808333333333333
uci_credit,28,roc_auc,lr-xgb,0.0873054681110581,0.8528645740794943,0.06904166666666667
uci_credit,28,roc_auc,gnb-knn,0.07528822582671957,-0.22153148530850789,0.7081666666666667
uci_credit,28,roc_auc,gnb-rf,0.10050266168016064,-0.1890221435762074,0.690125
uci_credit,28,roc_auc,gnb-xgb,0.12444729753396289,-0.13087450642952161,0.686
uci_credit,28,roc_auc,knn-rf,0.03844583310532368,0.9524593377768967,0.04604166666666667
uci_credit,28,roc_auc,knn-xgb,0.06044470517205455,0.8872552227985251,0.06991666666666667
uci_credit,28,roc_auc,rf-xgb,0.026223525700816097,0.9408509627387247,0.046375
uci_credit,28,log_loss,lr-gnb,-0.5884760883616043,-0.18289793569594784,0.7270416666666667
uci_credit,28,log_loss,lr-knn,-0.022485844274144864,0.9226224109389044,0.041541666666666664
uci_credit,28,log_loss,lr-rf,-0.02378352892144142,0.911628549691964,0.04808333333333333
uci_credit,28,log_loss,lr-xgb,-0.06572036957493099,0.8528645740794943,0.06904166666666667
uci_credit,28,log_loss,gnb-knn,-0.6269402830699915,-0.22153148530850789,0.7081666666666667
uci_credit,28,log_loss,gnb-rf,-0.601768231255062,-0.1890221435762074,0.690125
uci_credit,28,log_loss,gnb-xgb,-0.6528525223078518,-0.13087450642952161,0.686
uci_credit,28,log_loss,knn-rf,-0.005586532008686529,0.9524593377768967,0.04604166666666667
uci_credit,28,log_loss,knn-xgb,-0.04796903871194341,0.8872552227985251,0.06991666666666667
uci_credit,28,log_loss,rf-xgb,-0.027431473736495793,0.9408509627387247,0.046375
uci_credit,29,roc_auc,lr-gnb,0.08337779392389988,-0.24535868346556305,0.73075
uci_credit,29,roc_auc,lr-knn,0.05210651533221672,0.9230219502140402,0.041125
uci_credit,29,roc_auc,lr-rf,0.068170532348382,0.9130306190777135,0.04895833333333333
uci_credit,29,roc_auc,lr-xgb,0.08485360619817439,0.8544012593604486,0.07083333333333333
uci_credit,29,roc_auc,gnb-knn,0.08811279673414152,-0.2791844430809578,0.7127916666666667
uci_credit,29,roc_auc,gnb-rf,0.11237954816229268,-0.25500060196440494,0.6995416666666666
uci_credit,29,roc_auc,gnb-xgb,0.13721874733349249,-0.19618457642711337,0.6899166666666666
uci_credit,29,roc_auc,knn-rf,0.035068169482564304,0.9527676595854352,0.04716666666666667
uci_credit,29,roc_auc,knn-xgb,0.05548785086158477,0.888456707448234,0.07120833333333333
uci_credit,29,roc_auc,rf-xgb,0.026007824319480122,0.9415913373078544,0.044125
uci_credit,29,log_loss,lr-gnb,-0.9178324267537497,-0.24535868346556305,0.73075
uci_credit,29,log_loss,lr-knn,0.002152931557818219,0.9230219502140402,0.041125
uci_credit,29,log_loss,lr-rf,0.0005354089861877576,0.9130306190777135,0.04895833333333333
uci_credit,29,log_loss,lr-xgb,-0.04130328599040667,0.8544012593604486,0.07083333333333333
uci_credit,29,log_loss,gnb-knn,-0.9634909995640621,-0.2791844430809578,0.7127916666666667
uci_credit,29,log_loss,gnb-rf,-0.9402002977405014,-0.25500060196440494,0.6995416666666666
uci_credit,29,log_loss,gnb-xgb,-0.9879678188123959,-0.19618457642711337,0.6899166666666666
uci_credit,29,log_loss,knn-rf,0.019133676634365937,0.9527676595854352,0.04716666666666667
uci_credit,29,log_loss,knn-xgb,-0.02202860378879476,0.888456707448234,0.07120833333333333
uci_credit,29,log_loss,rf-xgb,-0.002938806814426931,0.9415913373078544,0.044125
