dataset,rep,cost,set,support,count,n_front
santander,0,weighted,empirical_reference,gnb+xgb,92,227
santander,0,weighted,empirical_reference,lr+gnb,59,227
santander,0,weighted,empirical_reference,gnb+rf+xgb,19,227
santander,0,weighted,empirical_reference,lr+gnb+xgb,17,227
santander,0,weighted,empirical_reference,gnb+knn+rf+xgb,13,227
santander,0,weighted,empirical_reference,lr+gnb+rf+xgb,13,227
santander,0,weighted,empirical_reference,lr,9,227
santander,0,weighted,empirical_reference,gnb,5,227
santander,0,weighted,nbi_A,lr+rf+xgb,5,12
santander,0,weighted,nbi_A,gnb+knn+rf+xgb,3,12
santander,0,weighted,nbi_A,lr+gnb+rf,2,12
santander,0,weighted,nbi_A,lr,1,12
santander,0,weighted,nbi_A,gnb+rf+xgb,1,12
santander,0,weighted,nbi_B,gnb+rf+xgb,9,16
santander,0,weighted,nbi_B,lr+gnb,2,16
santander,0,weighted,nbi_B,lr+gnb+xgb,2,16
santander,0,weighted,nbi_B,lr,1,16
santander,0,weighted,nbi_B,gnb+xgb,1,16
santander,0,weighted,nbi_B,gnb+knn+rf+xgb,1,16
santander,0,weighted,nbi_C,gnb+rf+xgb,10,32
santander,0,weighted,nbi_C,gnb+knn+rf+xgb,10,32
santander,0,weighted,nbi_C,lr+gnb+xgb,9,32
santander,0,weighted,nbi_C,lr,1,32
santander,0,weighted,nbi_C,gnb+xgb,1,32
santander,0,weighted,nbi_C,lr+gnb+rf+xgb,1,32
santander,0,weighted,ws_random_scalarization,gnb+xgb,44,53
santander,0,weighted,ws_random_scalarization,lr+gnb,4,53
santander,0,weighted,ws_random_scalarization,gnb+rf+xgb,3,53
santander,0,weighted,ws_random_scalarization,lr,1,53
santander,0,weighted,ws_random_scalarization,gnb,1,53
santander,0,weighted,random_dirichlet_budget,lr+gnb+knn+rf+xgb,8,8
santander,0,weighted,design_runs,lr+gnb,3,7
santander,0,weighted,design_runs,gnb+xgb,2,7
santander,0,weighted,design_runs,gnb,1,7
santander,0,weighted,design_runs,lr,1,7
santander,0,weighted,single_objective_refs,gnb,1,4
santander,0,weighted,single_objective_refs,gnb+xgb,1,4
santander,0,weighted,single_objective_refs,gnb+knn+rf+xgb,1,4
santander,0,weighted,single_objective_refs,lr,1,4
santander,0,support,empirical_reference,gnb+xgb,16,55
santander,0,support,empirical_reference,gnb+rf+xgb,15,55
santander,0,support,empirical_reference,gnb+knn+rf+xgb,12,55
santander,0,support,empirical_reference,lr,6,55
santander,0,support,empirical_reference,lr+gnb+rf+xgb,4,55
santander,0,support,empirical_reference,gnb,1,55
santander,0,support,empirical_reference,lr+gnb+xgb,1,55
santander,0,support,nbi_A,gnb+knn+rf+xgb,3,7
santander,0,support,nbi_A,lr,1,7
santander,0,support,nbi_A,gnb+rf+xgb,1,7
santander,0,support,nbi_A,gnb+knn+xgb,1,7
santander,0,support,nbi_A,lr+gnb+rf,1,7
santander,0,support,nbi_B,gnb+rf+xgb,7,11
santander,0,support,nbi_B,lr,1,11
santander,0,support,nbi_B,lr+gnb,1,11
santander,0,support,nbi_B,gnb+xgb,1,11
santander,0,support,nbi_B,gnb+knn+rf+xgb,1,11
santander,0,support,nbi_C,gnb+rf+xgb,10,24
santander,0,support,nbi_C,gnb+knn+rf+xgb,10,24
santander,0,support,nbi_C,lr,1,24
santander,0,support,nbi_C,gnb+xgb,1,24
santander,0,support,nbi_C,lr+gnb+xgb,1,24
santander,0,support,nbi_C,lr+gnb,1,24
santander,0,support,ws_random_scalarization,gnb,10,15
santander,0,support,ws_random_scalarization,gnb+rf+xgb,3,15
santander,0,support,ws_random_scalarization,gnb+xgb,1,15
santander,0,support,ws_random_scalarization,lr,1,15
santander,0,support,random_dirichlet_budget,lr+gnb+knn+rf+xgb,4,5
santander,0,support,random_dirichlet_budget,gnb+knn+rf+xgb,1,5
santander,0,support,design_runs,gnb+xgb,2,4
santander,0,support,design_runs,gnb,1,4
santander,0,support,design_runs,lr,1,4
santander,0,support,single_objective_refs,gnb,1,4
santander,0,support,single_objective_refs,gnb+xgb,1,4
santander,0,support,single_objective_refs,gnb+knn+rf+xgb,1,4
santander,0,support,single_objective_refs,lr,1,4
santander,1,weighted,empirical_reference,gnb+xgb,91,276
santander,1,weighted,empirical_reference,lr+gnb,68,276
santander,1,weighted,empirical_reference,lr+gnb+xgb,40,276
santander,1,weighted,empirical_reference,gnb+knn+rf+xgb,26,276
santander,1,weighted,empirical_reference,gnb+rf+xgb,26,276
santander,1,weighted,empirical_reference,lr+gnb+rf+xgb,18,276
santander,1,weighted,empirical_reference,gnb+knn+xgb,2,276
santander,1,weighted,empirical_reference,lr+gnb+knn+rf+xgb,2,276
santander,1,weighted,empirical_reference,gnb,2,276
santander,1,weighted,empirical_reference,lr,1,276
santander,1,weighted,nbi_A,lr+gnb+rf+xgb,5,15
santander,1,weighted,nbi_A,lr+rf+xgb,4,15
santander,1,weighted,nbi_A,gnb+knn+rf+xgb,4,15
santander,1,weighted,nbi_A,lr,1,15
santander,1,weighted,nbi_A,lr+gnb+xgb,1,15
santander,1,weighted,nbi_B,gnb+knn+rf+xgb,9,21
santander,1,weighted,nbi_B,gnb+rf+xgb,5,21
santander,1,weighted,nbi_B,lr+gnb,2,21
santander,1,weighted,nbi_B,lr+gnb+rf,2,21
santander,1,weighted,nbi_B,lr,1,21
santander,1,weighted,nbi_B,gnb+xgb,1,21
santander,1,weighted,nbi_B,lr+gnb+xgb,1,21
santander,1,weighted,nbi_C,gnb+knn+rf+xgb,25,37
santander,1,weighted,nbi_C,lr+gnb+xgb,5,37
santander,1,weighted,nbi_C,gnb+rf+xgb,5,37
santander,1,weighted,nbi_C,lr,1,37
santander,1,weighted,nbi_C,gnb+xgb,1,37
santander,1,weighted,ws_random_scalarization,gnb+xgb,48,57
santander,1,weighted,ws_random_scalarization,gnb+rf+xgb,8,57
santander,1,weighted,ws_random_scalarization,gnb,1,57
santander,1,weighted,random_dirichlet_budget,lr+gnb+knn+rf+xgb,2,2
santander,1,weighted,design_runs,lr+gnb,3,7
santander,1,weighted,design_runs,gnb+xgb,2,7
santander,1,weighted,design_runs,gnb,1,7
santander,1,weighted,design_runs,lr,1,7
santander,1,weighted,single_objective_refs,gnb,1,4
santander,1,weighted,single_objective_refs,gnb+xgb,1,4
santander,1,weighted,single_objective_refs,gnb+knn+rf+xgb,1,4
santander,1,weighted,single_objective_refs,lr,1,4
santander,1,support,empirical_reference,gnb+knn+rf+xgb,28,94
santander,1,support,empirical_reference,gnb+rf+xgb,25,94
santander,1,support,empirical_reference,gnb+xgb,21,94
santander,1,support,empirical_reference,lr+gnb+rf+xgb,11,94
santander,1,support,empirical_reference,lr,2,94
santander,1,support,empirical_reference,gnb+knn+xgb,2,94
santander,1,support,empirical_reference,gnb,2,94
santander,1,support,empirical_reference,lr+gnb+knn+rf+xgb,2,94
santander,1,support,empirical_reference,lr+gnb+xgb,1,94
santander,1,support,nbi_A,gnb+knn+rf+xgb,3,9
santander,1,support,nbi_A,lr+gnb+rf+xgb,2,9
santander,1,support,nbi_A,lr,1,9
santander,1,support,nbi_A,lr+gnb+xgb,1,9
santander,1,support,nbi_A,gnb+knn+xgb,1,9
santander,1,support,nbi_A,lr+rf+xgb,1,9
santander,1,support,nbi_B,gnb+knn+rf+xgb,9,17
santander,1,support,nbi_B,gnb+rf+xgb,5,17
santander,1,support,nbi_B,lr,1,17
santander,1,support,nbi_B,lr+gnb,1,17
santander,1,support,nbi_B,gnb+xgb,1,17
santander,1,support,nbi_C,gnb+knn+rf+xgb,25,33
santander,1,support,nbi_C,gnb+rf+xgb,5,33
santander,1,support,nbi_C,lr,1,33
santander,1,support,nbi_C,gnb+xgb,1,33
santander,1,support,nbi_C,lr+gnb,1,33
santander,1,support,ws_random_scalarization,gnb+rf+xgb,8,10
santander,1,support,ws_random_scalarization,gnb,1,10
santander,1,support,ws_random_scalarization,gnb+xgb,1,10
santander,1,support,random_dirichlet_budget,lr+gnb+knn+rf+xgb,2,4
santander,1,support,random_dirichlet_budget,lr+knn+rf+xgb,1,4
santander,1,support,random_dirichlet_budget,lr+gnb+knn+rf,1,4
santander,1,support,design_runs,gnb+xgb,2,4
santander,1,support,design_runs,gnb,1,4
santander,1,support,design_runs,lr,1,4
santander,1,support,single_objective_refs,gnb,1,4
santander,1,support,single_objective_refs,gnb+xgb,1,4
santander,1,support,single_objective_refs,gnb+knn+rf+xgb,1,4
santander,1,support,single_objective_refs,lr,1,4
santander,2,weighted,empirical_reference,gnb+xgb,97,238
santander,2,weighted,empirical_reference,lr+gnb,64,238
santander,2,weighted,empirical_reference,gnb+rf+xgb,34,238
santander,2,weighted,empirical_reference,gnb+knn+rf+xgb,13,238
santander,2,weighted,empirical_reference,lr+gnb+xgb,12,238
santander,2,weighted,empirical_reference,lr+gnb+rf+xgb,8,238
santander,2,weighted,empirical_reference,lr,7,238
santander,2,weighted,empirical_reference,gnb+knn+xgb,1,238
santander,2,weighted,empirical_reference,lr+gnb+knn+rf+xgb,1,238
santander,2,weighted,empirical_reference,gnb,1,238
santander,2,weighted,nbi_A,lr+rf+xgb,5,13
santander,2,weighted,nbi_A,gnb+knn+rf+xgb,4,13
santander,2,weighted,nbi_A,lr,1,13
santander,2,weighted,nbi_A,lr+gnb+rf,1,13
santander,2,weighted,nbi_A,gnb+rf+xgb,1,13
santander,2,weighted,nbi_A,gnb+knn+xgb,1,13
santander,2,weighted,nbi_B,gnb+rf+xgb,14,26
santander,2,weighted,nbi_B,gnb+knn+rf+xgb,5,26
santander,2,weighted,nbi_B,lr+gnb+xgb,4,26
santander,2,weighted,nbi_B,lr,1,26
santander,2,weighted,nbi_B,gnb+xgb,1,26
santander,2,weighted,nbi_B,lr+rf+xgb,1,26
santander,2,weighted,nbi_C,gnb+knn+rf+xgb,14,37
santander,2,weighted,nbi_C,gnb+rf+xgb,13,37
santander,2,weighted,nbi_C,lr+gnb+xgb,8,37
santander,2,weighted,nbi_C,lr,1,37
santander,2,weighted,nbi_C,gnb+xgb,1,37
santander,2,weighted,ws_random_scalarization,gnb+xgb,48,59
santander,2,weighted,ws_random_scalarization,gnb+rf+xgb,5,59
santander,2,weighted,ws_random_scalarization,lr+gnb,4,59
santander,2,weighted,ws_random_scalarization,lr+gnb+xgb,1,59
santander,2,weighted,ws_random_scalarization,gnb,1,59
santander,2,weighted,random_dirichlet_budget,lr+gnb+knn+rf+xgb,5,5
santander,2,weighted,design_runs,lr+gnb,3,7
santander,2,weighted,design_runs,gnb+xgb,2,7
santander,2,weighted,design_runs,gnb,1,7
santander,2,weighted,design_runs,lr,1,7
santander,2,weighted,single_objective_refs,gnb,1,4
santander,2,weighted,single_objective_refs,gnb+xgb,1,4
santander,2,weighted,single_objective_refs,gnb+knn+rf+xgb,1,4
santander,2,weighted,single_objective_refs,lr,1,4
santander,2,support,empirical_reference,gnb+xgb,38,93
santander,2,support,empirical_reference,gnb+rf+xgb,31,93
santander,2,support,empirical_reference,gnb+knn+rf+xgb,15,93
santander,2,support,empirical_reference,lr+gnb+rf+xgb,3,93
santander,2,support,empirical_reference,gnb,2,93
santander,2,support,empirical_reference,lr+gnb+xgb,2,93
santander,2,support,empirical_reference,gnb+knn+xgb,1,93
santander,2,support,empirical_reference,lr,1,93
santander,2,support,nbi_A,gnb+knn+rf+xgb,2,7
santander,2,support,nbi_A,lr+gnb+rf,2,7
santander,2,support,nbi_A,lr,1,7
santander,2,support,nbi_A,gnb+rf+xgb,1,7
santander,2,support,nbi_A,gnb+knn+xgb,1,7
santander,2,support,nbi_B,gnb+rf+xgb,10,17
santander,2,support,nbi_B,gnb+knn+rf+xgb,5,17
santander,2,support,nbi_B,lr,1,17
santander,2,support,nbi_B,gnb+xgb,1,17
santander,2,support,nbi_C,gnb+knn+rf+xgb,14,29
santander,2,support,nbi_C,gnb+rf+xgb,12,29
santander,2,support,nbi_C,lr,1,29
santander,2,support,nbi_C,gnb+xgb,1,29
santander,2,support,nbi_C,lr+gnb,1,29
santander,2,support,ws_random_scalarization,gnb+xgb,25,31
santander,2,support,ws_random_scalarization,gnb+rf+xgb,5,31
santander,2,support,ws_random_scalarization,gnb,1,31
santander,2,support,random_dirichlet_budget,lr+gnb+knn+rf+xgb,2,3
santander,2,support,random_dirichlet_budget,gnb+knn+rf+xgb,1,3
santander,2,support,design_runs,gnb+xgb,2,4
santander,2,support,design_runs,gnb,1,4
santander,2,support,design_runs,lr,1,4
santander,2,support,single_objective_refs,gnb,1,4
santander,2,support,single_objective_refs,gnb+xgb,1,4
santander,2,support,single_objective_refs,gnb+knn+rf+xgb,1,4
santander,2,support,single_objective_refs,lr,1,4
santander,3,weighted,empirical_reference,gnb+xgb,73,195
santander,3,weighted,empirical_reference,lr+gnb,62,195
santander,3,weighted,empirical_reference,gnb+knn+rf+xgb,22,195
santander,3,weighted,empirical_reference,gnb+rf+xgb,12,195
santander,3,weighted,empirical_reference,lr+gnb+xgb,7,195
santander,3,weighted,empirical_reference,lr,6,195
santander,3,weighted,empirical_reference,gnb,6,195
santander,3,weighted,empirical_reference,lr+gnb+rf+xgb,5,195
santander,3,weighted,empirical_reference,gnb+knn+xgb,2,195
santander,3,weighted,nbi_A,lr+gnb+xgb,4,9
santander,3,weighted,nbi_A,lr+gnb+knn+xgb,2,9
santander,3,weighted,nbi_A,lr,1,9
santander,3,weighted,nbi_A,gnb+knn+xgb,1,9
santander,3,weighted,nbi_A,gnb,1,9
santander,3,weighted,nbi_B,lr+gnb+xgb,10,14
santander,3,weighted,nbi_B,lr,1,14
santander,3,weighted,nbi_B,gnb+xgb,1,14
santander,3,weighted,nbi_B,lr+gnb+knn+xgb,1,14
santander,3,weighted,nbi_B,lr+gnb+knn+rf+xgb,1,14
santander,3,weighted,nbi_C,gnb+knn+rf+xgb,28,34
santander,3,weighted,nbi_C,lr+gnb+xgb,3,34
santander,3,weighted,nbi_C,lr,1,34
santander,3,weighted,nbi_C,gnb+xgb,1,34
santander,3,weighted,nbi_C,gnb+knn+xgb,1,34
santander,3,weighted,ws_random_scalarization,gnb+xgb,32,33
santander,3,weighted,ws_random_scalarization,gnb,1,33
santander,3,weighted,random_dirichlet_budget,lr+gnb+rf+xgb,1,1
santander,3,weighted,design_runs,lr+gnb,3,7
santander,3,weighted,design_runs,gnb+xgb,2,7
santander,3,weighted,design_runs,gnb,1,7
santander,3,weighted,design_runs,lr,1,7
santander,3,weighted,single_objective_refs,gnb,1,4
santander,3,weighted,single_objective_refs,gnb+xgb,1,4
santander,3,weighted,single_objective_refs,lr+gnb+knn+rf+xgb,1,4
santander,3,weighted,single_objective_refs,lr,1,4
santander,3,support,empirical_reference,gnb+knn+rf+xgb,23,59
santander,3,support,empirical_reference,gnb+xgb,13,59
santander,3,support,empirical_reference,gnb+rf+xgb,12,59
santander,3,support,empirical_reference,lr+gnb+rf+xgb,4,59
santander,3,support,empirical_reference,gnb,2,59
santander,3,support,empirical_reference,gnb+knn+xgb,2,59
santander,3,support,empirical_reference,lr+gnb+xgb,2,59
santander,3,support,empirical_reference,lr,1,59
santander,3,support,nbi_A,gnb+knn+xgb,4,8
santander,3,support,nbi_A,lr,1,8
santander,3,support,nbi_A,lr+gnb+knn+xgb,1,8
santander,3,support,nbi_A,lr+gnb+xgb,1,8
santander,3,support,nbi_A,gnb,1,8
santander,3,support,nbi_B,lr,1,4
santander,3,support,nbi_B,gnb+xgb,1,4
santander,3,support,nbi_B,lr+gnb+knn+xgb,1,4
santander,3,support,nbi_B,lr+gnb+knn+rf+xgb,1,4
santander,3,support,nbi_C,gnb+knn+rf+xgb,28,32
santander,3,support,nbi_C,lr,1,32
santander,3,support,nbi_C,gnb+xgb,1,32
santander,3,support,nbi_C,gnb+knn+xgb,1,32
santander,3,support,nbi_C,lr+gnb,1,32
santander,3,support,ws_random_scalarization,gnb,33,34
santander,3,support,ws_random_scalarization,gnb+xgb,1,34
santander,3,support,random_dirichlet_budget,lr+gnb+rf+xgb,1,1
santander,3,support,design_runs,gnb+xgb,2,4
santander,3,support,design_runs,gnb,1,4
santander,3,support,design_runs,lr,1,4
santander,3,support,single_objective_refs,gnb,2,5
santander,3,support,single_objective_refs,gnb+xgb,1,5
santander,3,support,single_objective_refs,lr+gnb+knn+rf+xgb,1,5
santander,3,support,single_objective_refs,lr,1,5
santander,4,weighted,empirical_reference,gnb+xgb,93,238
santander,4,weighted,empirical_reference,lr+gnb,62,238
santander,4,weighted,empirical_reference,gnb+knn+rf+xgb,32,238
santander,4,weighted,empirical_reference,gnb+rf+xgb,14,238
santander,4,weighted,empirical_reference,lr+gnb+rf+xgb,14,238
santander,4,weighted,empirical_reference,lr+gnb+xgb,9,238
santander,4,weighted,empirical_reference,lr,5,238
santander,4,weighted,empirical_reference,lr+gnb+knn+rf+xgb,5,238
santander,4,weighted,empirical_reference,gnb,4,238
santander,4,weighted,nbi_A,lr+rf+xgb,5,13
santander,4,weighted,nbi_A,gnb+knn+rf+xgb,4,13
santander,4,weighted,nbi_A,lr+gnb+rf,2,13
santander,4,weighted,nbi_A,lr,1,13
santander,4,weighted,nbi_A,gnb+rf+xgb,1,13
santander,4,weighted,nbi_B,gnb+knn+rf+xgb,12,18
santander,4,weighted,nbi_B,lr+gnb+rf,3,18
santander,4,weighted,nbi_B,lr,1,18
santander,4,weighted,nbi_B,lr+gnb,1,18
santander,4,weighted,nbi_B,gnb+xgb,1,18
santander,4,weighted,nbi_C,gnb+knn+rf+xgb,29,36
santander,4,weighted,nbi_C,lr+gnb+xgb,4,36
santander,4,weighted,nbi_C,lr,1,36
santander,4,weighted,nbi_C,gnb+xgb,1,36
santander,4,weighted,nbi_C,gnb+rf+xgb,1,36
santander,4,weighted,ws_random_scalarization,gnb+xgb,52,56
santander,4,weighted,ws_random_scalarization,gnb+rf+xgb,4,56
santander,4,weighted,random_dirichlet_budget,lr+gnb+knn+rf+xgb,5,5
santander,4,weighted,design_runs,lr+gnb,3,7
santander,4,weighted,design_runs,gnb+xgb,2,7
santander,4,weighted,design_runs,gnb,1,7
santander,4,weighted,design_runs,lr,1,7
santander,4,weighted,single_objective_refs,gnb,1,4
santander,4,weighted,single_objective_refs,gnb+xgb,1,4
santander,4,weighted,single_objective_refs,gnb+knn+rf+xgb,1,4
santander,4,weighted,single_objective_refs,lr,1,4
santander,4,support,empirical_reference,gnb+knn+rf+xgb,35,75
santander,4,support,empirical_reference,gnb+rf+xgb,17,75
santander,4,support,empirical_reference,gnb+xgb,9,75
santander,4,support,empirical_reference,lr+gnb+rf+xgb,9,75
santander,4,support,empirical_reference,lr,2,75
santander,4,support,empirical_reference,gnb,2,75
santander,4,support,empirical_reference,lr+gnb+knn+rf+xgb,1,75
santander,4,support,nbi_A,gnb+knn+rf+xgb,3,6
santander,4,support,nbi_A,lr,1,6
santander,4,support,nbi_A,gnb+rf+xgb,1,6
santander,4,support,nbi_A,lr+gnb+rf,1,6
santander,4,support,nbi_B,gnb+knn+rf+xgb,12,15
santander,4,support,nbi_B,lr,1,15
santander,4,support,nbi_B,lr+gnb,1,15
santander,4,support,nbi_B,gnb+xgb,1,15
santander,4,support,nbi_C,gnb+knn+rf+xgb,29,32
santander,4,support,nbi_C,lr,1,32
santander,4,support,nbi_C,gnb+xgb,1,32
santander,4,support,nbi_C,gnb+rf+xgb,1,32
santander,4,support,ws_random_scalarization,gnb+rf+xgb,4,5
santander,4,support,ws_random_scalarization,gnb+xgb,1,5
santander,4,support,random_dirichlet_budget,lr+gnb+knn+rf+xgb,3,4
santander,4,support,random_dirichlet_budget,lr+gnb+knn+xgb,1,4
santander,4,support,design_runs,gnb+xgb,2,4
santander,4,support,design_runs,gnb,1,4
santander,4,support,design_runs,lr,1,4
santander,4,support,single_objective_refs,gnb,1,4
santander,4,support,single_objective_refs,gnb+xgb,1,4
santander,4,support,single_objective_refs,gnb+knn+rf+xgb,1,4
santander,4,support,single_objective_refs,lr,1,4
santander,5,weighted,empirical_reference,gnb+xgb,92,224
santander,5,weighted,empirical_reference,lr+gnb,59,224
santander,5,weighted,empirical_reference,gnb+knn+rf+xgb,22,224
santander,5,weighted,empirical_reference,gnb+rf+xgb,16,224
santander,5,weighted,empirical_reference,lr+gnb+rf+xgb,12,224
santander,5,weighted,empirical_reference,lr,9,224
santander,5,weighted,empirical_reference,lr+gnb+xgb,8,224
santander,5,weighted,empirical_reference,gnb,5,224
santander,5,weighted,empirical_reference,lr+gnb+knn+rf+xgb,1,224
santander,5,weighted,nbi_A,lr+rf+xgb,5,14
santander,5,weighted,nbi_A,gnb+knn+rf+xgb,4,14
santander,5,weighted,nbi_A,lr+gnb+rf,2,14
santander,5,weighted,nbi_A,lr,1,14
santander,5,weighted,nbi_A,lr+gnb+xgb,1,14
santander,5,weighted,nbi_A,gnb+rf+xgb,1,14
santander,5,weighted,nbi_B,gnb+knn+rf+xgb,8,21
santander,5,weighted,nbi_B,gnb+rf+xgb,7,21
santander,5,weighted,nbi_B,lr+gnb,2,21
santander,5,weighted,nbi_B,lr+gnb+rf,2,21
santander,5,weighted,nbi_B,lr,1,21
santander,5,weighted,nbi_B,gnb+xgb,1,21
santander,5,weighted,nbi_C,gnb+knn+rf+xgb,20,37
santander,5,weighted,nbi_C,gnb+rf+xgb,8,37
santander,5,weighted,nbi_C,lr+gnb+xgb,5,37
santander,5,weighted,nbi_C,lr,1,37
santander,5,weighted,nbi_C,gnb+xgb,1,37
santander,5,weighted,nbi_C,lr+gnb+rf,1,37
santander,5,weighted,nbi_C,lr+gnb+rf+xgb,1,37
santander,5,weighted,ws_random_scalarization,gnb+xgb,45,54
santander,5,weighted,ws_random_scalarization,gnb+rf+xgb,5,54
santander,5,weighted,ws_random_scalarization,lr+gnb,2,54
santander,5,weighted,ws_random_scalarization,gnb,2,54
santander,5,weighted,random_dirichlet_budget,lr+gnb+knn+rf+xgb,5,6
santander,5,weighted,random_dirichlet_budget,lr+gnb+rf+xgb,1,6
santander,5,weighted,design_runs,lr+gnb,3,6
santander,5,weighted,design_runs,gnb+xgb,1,6
santander,5,weighted,design_runs,gnb,1,6
santander,5,weighted,design_runs,lr,1,6
santander,5,weighted,single_objective_refs,gnb,1,4
santander,5,weighted,single_objective_refs,gnb+xgb,1,4
santander,5,weighted,single_objective_refs,gnb+knn+rf+xgb,1,4
santander,5,weighted,single_objective_refs,lr,1,4
santander,5,support,empirical_reference,gnb+knn+rf+xgb,22,61
santander,5,support,empirical_reference,gnb+xgb,14,61
santander,5,support,empirical_reference,gnb+rf+xgb,13,61
santander,5,support,empirical_reference,lr+gnb+rf+xgb,5,61
santander,5,support,empirical_reference,lr,5,61
santander,5,support,empirical_reference,gnb,2,61
santander,5,support,nbi_A,gnb+knn+rf+xgb,3,7
santander,5,support,nbi_A,lr,1,7
santander,5,support,nbi_A,lr+gnb+xgb,1,7
santander,5,support,nbi_A,gnb+rf+xgb,1,7
santander,5,support,nbi_A,lr+gnb+rf,1,7
santander,5,support,nbi_B,gnb+knn+rf+xgb,8,17
santander,5,support,nbi_B,gnb+rf+xgb,6,17
santander,5,support,nbi_B,lr,1,17
santander,5,support,nbi_B,lr+gnb,1,17
santander,5,support,nbi_B,gnb+xgb,1,17
santander,5,support,nbi_C,gnb+knn+rf+xgb,20,31
santander,5,support,nbi_C,gnb+rf+xgb,8,31
santander,5,support,nbi_C,lr,1,31
santander,5,support,nbi_C,gnb+xgb,1,31
santander,5,support,nbi_C,lr+gnb,1,31
santander,5,support,ws_random_scalarization,gnb+rf+xgb,5,9
santander,5,support,ws_random_scalarization,gnb,3,9
santander,5,support,ws_random_scalarization,gnb+xgb,1,9
santander,5,support,random_dirichlet_budget,lr+gnb+knn+rf+xgb,3,5
santander,5,support,random_dirichlet_budget,gnb+knn+rf+xgb,1,5
santander,5,support,random_dirichlet_budget,lr+gnb+rf+xgb,1,5
santander,5,support,design_runs,gnb+xgb,1,3
santander,5,support,design_runs,gnb,1,3
santander,5,support,design_runs,lr,1,3
santander,5,support,single_objective_refs,gnb,1,4
santander,5,support,single_objective_refs,gnb+xgb,1,4
santander,5,support,single_objective_refs,gnb+knn+rf+xgb,1,4
santander,5,support,single_objective_refs,lr,1,4
santander,6,weighted,empirical_reference,gnb+xgb,82,206
santander,6,weighted,empirical_reference,lr+gnb,49,206
santander,6,weighted,empirical_reference,gnb+knn+rf+xgb,33,206
santander,6,weighted,empirical_reference,gnb+rf+xgb,16,206
santander,6,weighted,empirical_reference,lr+gnb+rf+xgb,7,206
santander,6,weighted,empirical_reference,lr+gnb+xgb,6,206
santander,6,weighted,empirical_reference,lr,5,206
santander,6,weighted,empirical_reference,gnb,5,206
santander,6,weighted,empirical_reference,lr+gnb+knn+rf+xgb,3,206
santander,6,weighted,nbi_A,lr+rf+xgb,5,13
santander,6,weighted,nbi_A,gnb+knn+rf+xgb,4,13
santander,6,weighted,nbi_A,lr+gnb+rf,2,13
santander,6,weighted,nbi_A,lr,1,13
santander,6,weighted,nbi_A,gnb+rf+xgb,1,13
santander,6,weighted,nbi_B,gnb+knn+rf+xgb,6,20
santander,6,weighted,nbi_B,lr+gnb,5,20
santander,6,weighted,nbi_B,lr+gnb+rf,5,20
santander,6,weighted,nbi_B,gnb+rf+xgb,2,20
santander,6,weighted,nbi_B,lr,1,20
santander,6,weighted,nbi_B,gnb+xgb,1,20
santander,6,weighted,nbi_C,gnb+knn+rf+xgb,30,36
santander,6,weighted,nbi_C,lr+gnb+xgb,4,36
santander,6,weighted,nbi_C,lr,1,36
santander,6,weighted,nbi_C,gnb+xgb,1,36
santander,6,weighted,ws_random_scalarization,gnb+xgb,35,39
santander,6,weighted,ws_random_scalarization,gnb+rf+xgb,4,39
santander,6,weighted,random_dirichlet_budget,lr+gnb+knn+rf+xgb,8,9
santander,6,weighted,random_dirichlet_budget,lr+gnb+rf+xgb,1,9
santander,6,weighted,design_runs,lr+gnb,3,7
santander,6,weighted,design_runs,gnb+xgb,2,7
santander,6,weighted,design_runs,gnb,1,7
santander,6,weighted,design_runs,lr,1,7
santander,6,weighted,single_objective_refs,gnb,1,4
santander,6,weighted,single_objective_refs,gnb+xgb,1,4
santander,6,weighted,single_objective_refs,gnb+knn+rf+xgb,1,4
santander,6,weighted,single_objective_refs,lr,1,4
santander,6,support,empirical_reference,gnb+knn+rf+xgb,36,68
santander,6,support,empirical_reference,gnb+xgb,13,68
santander,6,support,empirical_reference,gnb+rf+xgb,11,68
santander,6,support,empirical_reference,lr+gnb+rf+xgb,4,68
santander,6,support,empirical_reference,gnb,1,68
santander,6,support,empirical_reference,lr+gnb+xgb,1,68
santander,6,support,empirical_reference,lr,1,68
santander,6,support,empirical_reference,lr+gnb+knn+rf+xgb,1,68
santander,6,support,nbi_A,gnb+knn+rf+xgb,3,8
santander,6,support,nbi_A,gnb+knn+xgb,2,8
santander,6,support,nbi_A,lr,1,8
santander,6,support,nbi_A,gnb+rf+xgb,1,8
santander,6,support,nbi_A,lr+gnb+rf,1,8
santander,6,support,nbi_B,gnb+knn+rf+xgb,6,11
santander,6,support,nbi_B,gnb+rf+xgb,2,11
santander,6,support,nbi_B,lr,1,11
santander,6,support,nbi_B,lr+gnb,1,11
santander,6,support,nbi_B,gnb+xgb,1,11
santander,6,support,nbi_C,gnb+knn+rf+xgb,30,32
santander,6,support,nbi_C,lr,1,32
santander,6,support,nbi_C,gnb+xgb,1,32
santander,6,support,ws_random_scalarization,gnb+rf+xgb,4,5
santander,6,support,ws_random_scalarization,gnb+xgb,1,5
santander,6,support,random_dirichlet_budget,lr+gnb+knn+rf+xgb,4,5
santander,6,support,random_dirichlet_budget,lr+gnb+rf+xgb,1,5
santander,6,support,design_runs,gnb+xgb,2,4
santander,6,support,design_runs,gnb,1,4
santander,6,support,design_runs,lr,1,4
santander,6,support,single_objective_refs,gnb,1,4
santander,6,support,single_objective_refs,gnb+xgb,1,4
santander,6,support,single_objective_refs,gnb+knn+rf+xgb,1,4
santander,6,support,single_objective_refs,lr,1,4
santander,7,weighted,empirical_reference,gnb+xgb,100,225
santander,7,weighted,empirical_reference,lr+gnb,47,225
santander,7,weighted,empirical_reference,gnb+knn+rf+xgb,23,225
santander,7,weighted,empirical_reference,gnb+rf+xgb,19,225
santander,7,weighted,empirical_reference,lr+gnb+xgb,14,225
santander,7,weighted,empirical_reference,lr+gnb+rf+xgb,10,225
santander,7,weighted,empirical_reference,gnb,6,225
santander,7,weighted,empirical_reference,lr,5,225
santander,7,weighted,empirical_reference,lr+gnb+knn+rf+xgb,1,225
santander,7,weighted,nbi_A,lr+rf+xgb,4,14
santander,7,weighted,nbi_A,gnb+knn+rf+xgb,4,14
santander,7,weighted,nbi_A,lr+gnb+rf+xgb,3,14
santander,7,weighted,nbi_A,lr,1,14
santander,7,weighted,nbi_A,lr+xgb,1,14
santander,7,weighted,nbi_A,gnb+rf+xgb,1,14
santander,7,weighted,nbi_B,gnb+rf+xgb,8,26
santander,7,weighted,nbi_B,gnb+knn+rf+xgb,8,26
santander,7,weighted,nbi_B,lr+gnb+xgb,4,26
santander,7,weighted,nbi_B,lr+gnb+rf,4,26
santander,7,weighted,nbi_B,lr,1,26
santander,7,weighted,nbi_B,gnb+xgb,1,26
santander,7,weighted,nbi_C,gnb+knn+rf+xgb,20,38
santander,7,weighted,nbi_C,lr+gnb+xgb,7,38
santander,7,weighted,nbi_C,gnb+rf+xgb,7,38
santander,7,weighted,nbi_C,gnb+xgb,2,38
santander,7,weighted,nbi_C,lr,1,38
santander,7,weighted,nbi_C,lr+gnb+rf+xgb,1,38
santander,7,weighted,ws_random_scalarization,gnb+xgb,54,63
santander,7,weighted,ws_random_scalarization,gnb,5,63
santander,7,weighted,ws_random_scalarization,gnb+rf+xgb,4,63
santander,7,weighted,random_dirichlet_budget,lr+gnb+knn+rf+xgb,5,5
santander,7,weighted,design_runs,lr+gnb,3,7
santander,7,weighted,design_runs,gnb+xgb,2,7
santander,7,weighted,design_runs,gnb,1,7
santander,7,weighted,design_runs,lr,1,7
santander,7,weighted,single_objective_refs,gnb,1,4
santander,7,weighted,single_objective_refs,gnb+xgb,1,4
santander,7,weighted,single_objective_refs,gnb+knn+rf+xgb,1,4
santander,7,weighted,single_objective_refs,lr,1,4
santander,7,support,empirical_reference,gnb+knn+rf+xgb,27,63
santander,7,support,empirical_reference,gnb+rf+xgb,15,63
santander,7,support,empirical_reference,gnb+xgb,11,63
santander,7,support,empirical_reference,lr+gnb+rf+xgb,6,63
santander,7,support,empirical_reference,lr,2,63
santander,7,support,empirical_reference,gnb,2,63
santander,7,support,nbi_A,gnb+knn+rf+xgb,3,10
santander,7,support,nbi_A,gnb+knn+xgb,2,10
santander,7,support,nbi_A,lr,1,10
santander,7,support,nbi_A,lr+xgb,1,10
santander,7,support,nbi_A,gnb+rf+xgb,1,10
santander,7,support,nbi_A,lr+gnb+rf+xgb,1,10
santander,7,support,nbi_A,lr+gnb+rf,1,10
santander,7,support,nbi_B,gnb+knn+rf+xgb,8,17
santander,7,support,nbi_B,gnb+rf+xgb,7,17
santander,7,support,nbi_B,lr,1,17
santander,7,support,nbi_B,gnb+xgb,1,17
santander,7,support,nbi_C,gnb+knn+rf+xgb,20,30
santander,7,support,nbi_C,gnb+rf+xgb,6,30
santander,7,support,nbi_C,gnb+xgb,2,30
santander,7,support,nbi_C,lr,1,30
santander,7,support,nbi_C,lr+gnb,1,30
santander,7,support,ws_random_scalarization,gnb,5,10
santander,7,support,ws_random_scalarization,gnb+rf+xgb,4,10
santander,7,support,ws_random_scalarization,gnb+xgb,1,10
santander,7,support,random_dirichlet_budget,lr+gnb+knn+rf+xgb,4,4
santander,7,support,design_runs,gnb+xgb,2,4
santander,7,support,design_runs,gnb,1,4
santander,7,support,design_runs,lr,1,4
santander,7,support,single_objective_refs,gnb,1,4
santander,7,support,single_objective_refs,gnb+xgb,1,4
santander,7,support,single_objective_refs,gnb+knn+rf+xgb,1,4
santander,7,support,single_objective_refs,lr,1,4
santander,8,weighted,empirical_reference,gnb+xgb,90,273
santander,8,weighted,empirical_reference,lr+gnb,71,273
santander,8,weighted,empirical_reference,gnb+knn+rf+xgb,34,273
santander,8,weighted,empirical_reference,lr+gnb+xgb,27,273
santander,8,weighted,empirical_reference,gnb+rf+xgb,23,273
santander,8,weighted,empirical_reference,lr+gnb+rf+xgb,9,273
santander,8,weighted,empirical_reference,lr+gnb+knn+rf+xgb,7,273
santander,8,weighted,empirical_reference,lr,5,273
santander,8,weighted,empirical_reference,gnb,4,273
santander,8,weighted,empirical_reference,gnb+knn+xgb,3,273
santander,8,weighted,nbi_A,lr+rf+xgb,4,13
santander,8,weighted,nbi_A,gnb+knn+rf+xgb,4,13
santander,8,weighted,nbi_A,lr+gnb+rf+xgb,2,13
santander,8,weighted,nbi_A,lr,1,13
santander,8,weighted,nbi_A,lr+xgb,1,13
santander,8,weighted,nbi_A,gnb+rf+xgb,1,13
santander,8,weighted,nbi_B,lr+gnb+rf,5,16
santander,8,weighted,nbi_B,lr+gnb+xgb,4,16
santander,8,weighted,nbi_B,gnb+knn+rf+xgb,4,16
santander,8,weighted,nbi_B,lr,1,16
santander,8,weighted,nbi_B,gnb+xgb,1,16
santander,8,weighted,nbi_B,gnb+rf+xgb,1,16
santander,8,weighted,nbi_C,gnb+knn+rf+xgb,24,45
santander,8,weighted,nbi_C,lr+gnb+xgb,16,45
santander,8,weighted,nbi_C,gnb+rf+xgb,2,45
santander,8,weighted,nbi_C,lr,1,45
santander,8,weighted,nbi_C,gnb+xgb,1,45
santander,8,weighted,nbi_C,lr+gnb,1,45
santander,8,weighted,ws_random_scalarization,gnb+xgb,35,41
santander,8,weighted,ws_random_scalarization,gnb+rf+xgb,6,41
santander,8,weighted,random_dirichlet_budget,lr+gnb+knn+rf+xgb,4,4
santander,8,weighted,design_runs,lr+gnb,3,7
santander,8,weighted,design_runs,gnb+xgb,2,7
santander,8,weighted,design_runs,gnb,1,7
santander,8,weighted,design_runs,lr,1,7
santander,8,weighted,single_objective_refs,gnb,1,4
santander,8,weighted,single_objective_refs,gnb+xgb,1,4
santander,8,weighted,single_objective_refs,gnb+knn+rf+xgb,1,4
santander,8,weighted,single_objective_refs,lr,1,4
santander,8,support,empirical_reference,gnb+knn+rf+xgb,30,83
santander,8,support,empirical_reference,gnb+xgb,20,83
santander,8,support,empirical_reference,gnb+rf+xgb,18,83
santander,8,support,empirical_reference,lr+gnb+rf+xgb,7,83
santander,8,support,empirical_reference,gnb+knn+xgb,3,83
santander,8,support,empirical_reference,lr+gnb+xgb,2,83
santander,8,support,empirical_reference,lr+gnb+knn+rf+xgb,1,83
santander,8,support,empirical_reference,gnb,1,83
santander,8,support,empirical_reference,lr,1,83
santander,8,support,nbi_A,gnb+knn+rf+xgb,2,8
santander,8,support,nbi_A,gnb+knn+xgb,2,8
santander,8,support,nbi_A,lr,1,8
santander,8,support,nbi_A,lr+xgb,1,8
santander,8,support,nbi_A,gnb+rf+xgb,1,8
santander,8,support,nbi_A,lr+gnb+rf,1,8
santander,8,support,nbi_B,gnb+knn+rf+xgb,4,8
santander,8,support,nbi_B,lr,1,8
santander,8,support,nbi_B,gnb+xgb,1,8
santander,8,support,nbi_B,lr+xgb,1,8
santander,8,support,nbi_B,gnb+rf+xgb,1,8
santander,8,support,nbi_C,gnb+knn+rf+xgb,24,32
santander,8,support,nbi_C,lr+gnb+xgb,3,32
santander,8,support,nbi_C,gnb+rf+xgb,2,32
santander,8,support,nbi_C,lr,1,32
santander,8,support,nbi_C,gnb+xgb,1,32
santander,8,support,nbi_C,lr+gnb,1,32
santander,8,support,ws_random_scalarization,gnb+rf+xgb,6,7
santander,8,support,ws_random_scalarization,gnb+xgb,1,7
santander,8,support,random_dirichlet_budget,lr+gnb+knn+rf+xgb,3,3
santander,8,support,design_runs,gnb+xgb,2,4
santander,8,support,design_runs,gnb,1,4
santander,8,support,design_runs,lr,1,4
santander,8,support,single_objective_refs,gnb,1,4
santander,8,support,single_objective_refs,gnb+xgb,1,4
santander,8,support,single_objective_refs,gnb+knn+rf+xgb,1,4
santander,8,support,single_objective_refs,lr,1,4
santander,9,weighted,empirical_reference,gnb+xgb,77,204
santander,9,weighted,empirical_reference,lr+gnb,56,204
santander,9,weighted,empirical_reference,gnb+knn+rf+xgb,24,204
santander,9,weighted,empirical_reference,lr+gnb+xgb,12,204
santander,9,weighted,empirical_reference,gnb+rf+xgb,10,204
santander,9,weighted,empirical_reference,lr+gnb+rf+xgb,8,204
santander,9,weighted,empirical_reference,lr,6,204
santander,9,weighted,empirical_reference,gnb,6,204
santander,9,weighted,empirical_reference,gnb+knn+xgb,3,204
santander,9,weighted,empirical_reference,lr+gnb+knn+rf+xgb,2,204
santander,9,weighted,nbi_A,lr+gnb+xgb,4,9
santander,9,weighted,nbi_A,lr+gnb+knn+xgb,2,9
santander,9,weighted,nbi_A,lr,1,9
santander,9,weighted,nbi_A,gnb+knn+xgb,1,9
santander,9,weighted,nbi_A,gnb,1,9
santander,9,weighted,nbi_B,lr+gnb+xgb,7,11
santander,9,weighted,nbi_B,lr,1,11
santander,9,weighted,nbi_B,gnb+xgb,1,11
santander,9,weighted,nbi_B,lr+gnb+knn+xgb,1,11
santander,9,weighted,nbi_B,gnb+knn+rf+xgb,1,11
santander,9,weighted,nbi_C,gnb+knn+rf+xgb,29,51
santander,9,weighted,nbi_C,lr+gnb+xgb,19,51
santander,9,weighted,nbi_C,lr,1,51
santander,9,weighted,nbi_C,gnb+xgb,1,51
santander,9,weighted,nbi_C,gnb+knn+xgb,1,51
santander,9,weighted,ws_random_scalarization,gnb+xgb,33,36
santander,9,weighted,ws_random_scalarization,gnb,3,36
santander,9,weighted,random_dirichlet_budget,lr+gnb+knn+rf+xgb,5,5
santander,9,weighted,design_runs,lr+gnb,3,7
santander,9,weighted,design_runs,gnb+xgb,2,7
santander,9,weighted,design_runs,gnb,1,7
santander,9,weighted,design_runs,lr,1,7
santander,9,weighted,single_objective_refs,gnb,1,4
santander,9,weighted,single_objective_refs,gnb+xgb,1,4
santander,9,weighted,single_objective_refs,gnb+knn+rf+xgb,1,4
santander,9,weighted,single_objective_refs,lr,1,4
santander,9,support,empirical_reference,gnb+knn+rf+xgb,25,63
santander,9,support,empirical_reference,gnb+xgb,16,63
santander,9,support,empirical_reference,gnb+rf+xgb,10,63
santander,9,support,empirical_reference,lr+gnb+rf+xgb,5,63
santander,9,support,empirical_reference,gnb+knn+xgb,3,63
santander,9,support,empirical_reference,lr,2,63
santander,9,support,empirical_reference,gnb,1,63
santander,9,support,empirical_reference,lr+gnb+xgb,1,63
santander,9,support,nbi_A,gnb+knn+xgb,4,8
santander,9,support,nbi_A,lr,1,8
santander,9,support,nbi_A,lr+gnb+knn+xgb,1,8
santander,9,support,nbi_A,lr+gnb+xgb,1,8
santander,9,support,nbi_A,gnb,1,8
santander,9,support,nbi_B,lr,1,4
santander,9,support,nbi_B,gnb+xgb,1,4
santander,9,support,nbi_B,lr+gnb+knn+xgb,1,4
santander,9,support,nbi_B,gnb+knn+rf+xgb,1,4
santander,9,support,nbi_C,gnb+knn+rf+xgb,29,37
santander,9,support,nbi_C,lr+gnb+xgb,5,37
santander,9,support,nbi_C,lr,1,37
santander,9,support,nbi_C,gnb+xgb,1,37
santander,9,support,nbi_C,gnb+knn+xgb,1,37
santander,9,support,ws_random_scalarization,gnb,31,32
santander,9,support,ws_random_scalarization,gnb+xgb,1,32
santander,9,support,random_dirichlet_budget,lr+gnb+knn+rf+xgb,4,4
santander,9,support,design_runs,gnb+xgb,2,4
santander,9,support,design_runs,gnb,1,4
santander,9,support,design_runs,lr,1,4
santander,9,support,single_objective_refs,gnb,2,5
santander,9,support,single_objective_refs,gnb+xgb,1,5
santander,9,support,single_objective_refs,gnb+knn+rf+xgb,1,5
santander,9,support,single_objective_refs,lr,1,5
santander,10,weighted,empirical_reference,gnb+xgb,97,205
santander,10,weighted,empirical_reference,lr+gnb,49,205
santander,10,weighted,empirical_reference,gnb+rf+xgb,22,205
santander,10,weighted,empirical_reference,gnb+knn+rf+xgb,12,205
santander,10,weighted,empirical_reference,lr+gnb+xgb,8,205
santander,10,weighted,empirical_reference,lr+gnb+rf+xgb,8,205
santander,10,weighted,empirical_reference,lr,4,205
santander,10,weighted,empirical_reference,gnb,4,205
santander,10,weighted,empirical_reference,lr+gnb+knn+rf+xgb,1,205
santander,10,weighted,nbi_A,lr+gnb+rf+xgb,5,15
santander,10,weighted,nbi_A,lr+rf+xgb,4,15
santander,10,weighted,nbi_A,gnb+knn+rf+xgb,4,15
santander,10,weighted,nbi_A,lr,1,15
santander,10,weighted,nbi_A,lr+gnb+xgb,1,15
santander,10,weighted,nbi_B,gnb+rf+xgb,7,14
santander,10,weighted,nbi_B,lr+gnb+rf,2,14
santander,10,weighted,nbi_B,lr+gnb+xgb,2,14
santander,10,weighted,nbi_B,lr,1,14
santander,10,weighted,nbi_B,gnb+xgb,1,14
santander,10,weighted,nbi_B,gnb+knn+rf+xgb,1,14
santander,10,weighted,nbi_C,gnb+rf+xgb,15,32
santander,10,weighted,nbi_C,lr+gnb+xgb,8,32
santander,10,weighted,nbi_C,gnb+knn+rf+xgb,7,32
santander,10,weighted,nbi_C,lr,1,32
santander,10,weighted,nbi_C,gnb+xgb,1,32
santander,10,weighted,ws_random_scalarization,gnb+xgb,51,63
santander,10,weighted,ws_random_scalarization,gnb+rf+xgb,6,63
santander,10,weighted,ws_random_scalarization,gnb,5,63
santander,10,weighted,ws_random_scalarization,lr+gnb,1,63
santander,10,weighted,random_dirichlet_budget,lr+gnb+knn+rf+xgb,4,5
santander,10,weighted,random_dirichlet_budget,lr+gnb+rf+xgb,1,5
santander,10,weighted,design_runs,lr+gnb,3,7
santander,10,weighted,design_runs,gnb+xgb,2,7
santander,10,weighted,design_runs,gnb,1,7
santander,10,weighted,design_runs,lr,1,7
santander,10,weighted,single_objective_refs,gnb,1,4
santander,10,weighted,single_objective_refs,gnb+xgb,1,4
santander,10,weighted,single_objective_refs,gnb+knn+rf+xgb,1,4
santander,10,weighted,single_objective_refs,lr,1,4
santander,10,support,empirical_reference,gnb+rf+xgb,23,57
santander,10,support,empirical_reference,gnb+xgb,15,57
santander,10,support,empirical_reference,gnb+knn+rf+xgb,12,57
santander,10,support,empirical_reference,lr+gnb+rf+xgb,3,57
santander,10,support,empirical_reference,gnb,2,57
santander,10,support,empirical_reference,lr,1,57
santander,10,support,empirical_reference,lr+gnb+knn+rf+xgb,1,57
santander,10,support,nbi_A,gnb+knn+rf+xgb,3,8
santander,10,support,nbi_A,lr+gnb+rf+xgb,2,8
santander,10,support,nbi_A,lr,1,8
santander,10,support,nbi_A,lr+gnb+xgb,1,8
santander,10,support,nbi_A,lr+rf+xgb,1,8
santander,10,support,nbi_B,gnb+rf+xgb,6,9
santander,10,support,nbi_B,lr,1,9
santander,10,support,nbi_B,gnb+xgb,1,9
santander,10,support,nbi_B,gnb+knn+rf+xgb,1,9
santander,10,support,nbi_C,gnb+rf+xgb,14,24
santander,10,support,nbi_C,gnb+knn+rf+xgb,7,24
santander,10,support,nbi_C,lr,1,24
santander,10,support,nbi_C,gnb+xgb,1,24
santander,10,support,nbi_C,lr+gnb,1,24
santander,10,support,ws_random_scalarization,gnb+rf+xgb,6,12
santander,10,support,ws_random_scalarization,gnb,5,12
santander,10,support,ws_random_scalarization,gnb+xgb,1,12
santander,10,support,random_dirichlet_budget,lr+gnb+knn+rf+xgb,2,3
santander,10,support,random_dirichlet_budget,lr+gnb+rf+xgb,1,3
santander,10,support,design_runs,gnb+xgb,2,4
santander,10,support,design_runs,gnb,1,4
santander,10,support,design_runs,lr,1,4
santander,10,support,single_objective_refs,gnb,1,4
santander,10,support,single_objective_refs,gnb+xgb,1,4
santander,10,support,single_objective_refs,gnb+knn+rf+xgb,1,4
santander,10,support,single_objective_refs,lr,1,4
santander,11,weighted,empirical_reference,gnb+xgb,90,193
santander,11,weighted,empirical_reference,lr+gnb,59,193
santander,11,weighted,empirical_reference,gnb+rf+xgb,19,193
santander,11,weighted,empirical_reference,lr+gnb+xgb,12,193
santander,11,weighted,empirical_reference,lr,5,193
santander,11,weighted,empirical_reference,gnb,5,193
santander,11,weighted,empirical_reference,gnb+knn+rf+xgb,2,193
santander,11,weighted,empirical_reference,gnb+knn+xgb,1,193
santander,11,weighted,nbi_A,gnb+knn+rf+xgb,4,13
santander,11,weighted,nbi_A,lr+rf+xgb,3,13
santander,11,weighted,nbi_A,lr+gnb+rf+xgb,3,13
santander,11,weighted,nbi_A,lr,1,13
santander,11,weighted,nbi_A,lr+xgb,1,13
santander,11,weighted,nbi_A,lr+gnb+xgb,1,13
santander,11,weighted,nbi_B,gnb+rf+xgb,9,19
santander,11,weighted,nbi_B,lr+gnb+xgb,4,19
santander,11,weighted,nbi_B,lr+gnb+rf,3,19
santander,11,weighted,nbi_B,lr,1,19
santander,11,weighted,nbi_B,lr+gnb,1,19
santander,11,weighted,nbi_B,gnb+xgb,1,19
santander,11,weighted,nbi_C,lr+gnb+xgb,11,23
santander,11,weighted,nbi_C,gnb+rf+xgb,9,23
santander,11,weighted,nbi_C,gnb+xgb,2,23
santander,11,weighted,nbi_C,lr,1,23
santander,11,weighted,ws_random_scalarization,gnb+xgb,41,63
santander,11,weighted,ws_random_scalarization,gnb,15,63
santander,11,weighted,ws_random_scalarization,lr+gnb,4,63
santander,11,weighted,ws_random_scalarization,gnb+rf+xgb,2,63
santander,11,weighted,ws_random_scalarization,lr,1,63
santander,11,weighted,random_dirichlet_budget,lr+gnb+knn+rf+xgb,8,9
santander,11,weighted,random_dirichlet_budget,gnb+knn+rf+xgb,1,9
santander,11,weighted,design_runs,lr+gnb,3,7
santander,11,weighted,design_runs,gnb+xgb,2,7
santander,11,weighted,design_runs,gnb,1,7
santander,11,weighted,design_runs,lr,1,7
santander,11,weighted,single_objective_refs,gnb,1,4
santander,11,weighted,single_objective_refs,gnb+xgb,1,4
santander,11,weighted,single_objective_refs,gnb+rf+xgb,1,4
santander,11,weighted,single_objective_refs,lr,1,4
santander,11,support,empirical_reference,gnb+rf+xgb,16,36
santander,11,support,empirical_reference,gnb+xgb,13,36
santander,11,support,empirical_reference,gnb+knn+rf+xgb,2,36
santander,11,support,empirical_reference,gnb,2,36
santander,11,support,empirical_reference,lr,1,36
santander,11,support,empirical_reference,lr+gnb+xgb,1,36
santander,11,support,empirical_reference,gnb+knn+xgb,1,36
santander,11,support,nbi_A,gnb+knn+rf+xgb,3,10
santander,11,support,nbi_A,gnb+knn+xgb,2,10
santander,11,support,nbi_A,lr,1,10
santander,11,support,nbi_A,lr+xgb,1,10
santander,11,support,nbi_A,lr+gnb+xgb,1,10
santander,11,support,nbi_A,lr+gnb+rf+xgb,1,10
santander,11,support,nbi_A,lr+rf+xgb,1,10
santander,11,support,nbi_B,gnb+rf+xgb,8,11
santander,11,support,nbi_B,lr,1,11
santander,11,support,nbi_B,lr+gnb,1,11
santander,11,support,nbi_B,gnb+xgb,1,11
santander,11,support,nbi_C,gnb+rf+xgb,9,13
santander,11,support,nbi_C,gnb+xgb,2,13
santander,11,support,nbi_C,lr,1,13
santander,11,support,nbi_C,lr+gnb,1,13
santander,11,support,ws_random_scalarization,gnb,16,20
santander,11,support,ws_random_scalarization,gnb+rf+xgb,2,20
santander,11,support,ws_random_scalarization,gnb+xgb,1,20
santander,11,support,ws_random_scalarization,lr,1,20
santander,11,support,random_dirichlet_budget,lr+gnb+knn+rf+xgb,2,4
santander,11,support,random_dirichlet_budget,lr+gnb+knn+xgb,1,4
santander,11,support,random_dirichlet_budget,gnb+knn+rf+xgb,1,4
santander,11,support,design_runs,gnb+xgb,2,4
santander,11,support,design_runs,gnb,1,4
santander,11,support,design_runs,lr,1,4
santander,11,support,single_objective_refs,gnb,1,4
santander,11,support,single_objective_refs,gnb+xgb,1,4
santander,11,support,single_objective_refs,gnb+rf+xgb,1,4
santander,11,support,single_objective_refs,lr,1,4
santander,12,weighted,empirical_reference,gnb+xgb,89,194
santander,12,weighted,empirical_reference,lr+gnb,53,194
santander,12,weighted,empirical_reference,gnb+rf+xgb,16,194
santander,12,weighted,empirical_reference,lr+gnb+xgb,12,194
santander,12,weighted,empirical_reference,lr+gnb+rf+xgb,11,194
santander,12,weighted,empirical_reference,lr,4,194
santander,12,weighted,empirical_reference,gnb,4,194
santander,12,weighted,empirical_reference,lr+gnb+knn+rf+xgb,2,194
santander,12,weighted,empirical_reference,gnb+knn+rf+xgb,2,194
santander,12,weighted,empirical_reference,lr+xgb,1,194
santander,12,weighted,nbi_A,lr+rf+xgb,4,12
santander,12,weighted,nbi_A,lr+gnb+rf+xgb,3,12
santander,12,weighted,nbi_A,gnb+knn+rf+xgb,3,12
santander,12,weighted,nbi_A,lr,1,12
santander,12,weighted,nbi_A,lr+gnb+xgb,1,12
santander,12,weighted,nbi_B,lr+gnb+xgb,8,18
santander,12,weighted,nbi_B,lr+gnb+rf+xgb,5,18
santander,12,weighted,nbi_B,lr+gnb+rf,2,18
santander,12,weighted,nbi_B,lr,1,18
santander,12,weighted,nbi_B,gnb+rf+xgb,1,18
santander,12,weighted,nbi_B,gnb+xgb,1,18
santander,12,weighted,nbi_C,lr+gnb+xgb,9,22
santander,12,weighted,nbi_C,gnb+rf+xgb,8,22
santander,12,weighted,nbi_C,gnb+xgb,2,22
santander,12,weighted,nbi_C,lr,1,22
santander,12,weighted,nbi_C,lr+gnb,1,22
santander,12,weighted,nbi_C,lr+gnb+rf+xgb,1,22
santander,12,weighted,ws_random_scalarization,gnb+xgb,46,63
santander,12,weighted,ws_random_scalarization,gnb,9,63
santander,12,weighted,ws_random_scalarization,gnb+rf+xgb,4,63
santander,12,weighted,ws_random_scalarization,lr+gnb,3,63
santander,12,weighted,ws_random_scalarization,lr,1,63
santander,12,weighted,random_dirichlet_budget,lr+gnb+knn+rf+xgb,6,6
santander,12,weighted,design_runs,lr+gnb,3,7
santander,12,weighted,design_runs,gnb+xgb,2,7
santander,12,weighted,design_runs,gnb,1,7
santander,12,weighted,design_runs,lr,1,7
santander,12,weighted,single_objective_refs,gnb,1,4
santander,12,weighted,single_objective_refs,gnb+xgb,1,4
santander,12,weighted,single_objective_refs,lr+gnb+rf+xgb,1,4
santander,12,weighted,single_objective_refs,lr,1,4
santander,12,support,empirical_reference,gnb+rf+xgb,16,47
santander,12,support,empirical_reference,gnb+xgb,14,47
santander,12,support,empirical_reference,lr+gnb+rf+xgb,7,47
santander,12,support,empirical_reference,gnb,3,47
santander,12,support,empirical_reference,lr+gnb+knn+rf+xgb,2,47
santander,12,support,empirical_reference,gnb+knn+rf+xgb,2,47
santander,12,support,empirical_reference,lr+gnb+knn+xgb,1,47
santander,12,support,empirical_reference,lr,1,47
santander,12,support,empirical_reference,lr+gnb+xgb,1,47
santander,12,support,nbi_A,gnb+knn+rf+xgb,3,7
santander,12,support,nbi_A,lr,1,7
santander,12,support,nbi_A,lr+gnb+xgb,1,7
santander,12,support,nbi_A,lr+gnb+rf+xgb,1,7
santander,12,support,nbi_A,lr+rf+xgb,1,7
santander,12,support,nbi_B,lr+gnb+rf+xgb,5,7
santander,12,support,nbi_B,lr,1,7
santander,12,support,nbi_B,gnb+xgb,1,7
santander,12,support,nbi_C,gnb+rf+xgb,8,13
santander,12,support,nbi_C,gnb+xgb,2,13
santander,12,support,nbi_C,lr,1,13
santander,12,support,nbi_C,lr+gnb,1,13
santander,12,support,nbi_C,lr+gnb+rf+xgb,1,13
santander,12,support,ws_random_scalarization,gnb,10,17
santander,12,support,ws_random_scalarization,gnb+rf+xgb,4,17
santander,12,support,ws_random_scalarization,gnb+xgb,2,17
santander,12,support,ws_random_scalarization,lr,1,17
santander,12,support,random_dirichlet_budget,lr+gnb+knn+rf+xgb,2,2
santander,12,support,design_runs,gnb+xgb,2,4
santander,12,support,design_runs,gnb,1,4
santander,12,support,design_runs,lr,1,4
santander,12,support,single_objective_refs,gnb,1,4
santander,12,support,single_objective_refs,gnb+xgb,1,4
santander,12,support,single_objective_refs,lr+gnb+rf+xgb,1,4
santander,12,support,single_objective_refs,lr,1,4
santander,13,weighted,empirical_reference,gnb+xgb,94,217
santander,13,weighted,empirical_reference,lr+gnb,49,217
santander,13,weighted,empirical_reference,gnb+knn+rf+xgb,25,217
santander,13,weighted,empirical_reference,gnb+rf+xgb,14,217
santander,13,weighted,empirical_reference,lr+gnb+xgb,9,217
santander,13,weighted,empirical_reference,lr+gnb+knn+rf+xgb,8,217
santander,13,weighted,empirical_reference,lr+gnb+rf+xgb,6,217
santander,13,weighted,empirical_reference,lr,5,217
santander,13,weighted,empirical_reference,gnb,4,217
santander,13,weighted,empirical_reference,gnb+knn+xgb,2,217
santander,13,weighted,empirical_reference,lr+xgb,1,217
santander,13,weighted,nbi_A,lr+rf+xgb,4,13
santander,13,weighted,nbi_A,gnb+knn+rf+xgb,4,13
santander,13,weighted,nbi_A,lr,1,13
santander,13,weighted,nbi_A,lr+gnb+xgb,1,13
santander,13,weighted,nbi_A,lr+gnb+rf+xgb,1,13
santander,13,weighted,nbi_A,gnb+rf+xgb,1,13
santander,13,weighted,nbi_A,lr+gnb+rf,1,13
santander,13,weighted,nbi_B,gnb+knn+rf+xgb,9,25
santander,13,weighted,nbi_B,gnb+rf+xgb,5,25
santander,13,weighted,nbi_B,lr+gnb,3,25
santander,13,weighted,nbi_B,lr+gnb+rf,3,25
santander,13,weighted,nbi_B,lr+gnb+xgb,2,25
santander,13,weighted,nbi_B,lr,1,25
santander,13,weighted,nbi_B,gnb+xgb,1,25
santander,13,weighted,nbi_B,lr+gnb+knn+rf+xgb,1,25
santander,13,weighted,nbi_C,gnb+knn+rf+xgb,25,37
santander,13,weighted,nbi_C,lr+gnb+xgb,5,37
santander,13,weighted,nbi_C,gnb+rf+xgb,4,37
santander,13,weighted,nbi_C,lr,1,37
santander,13,weighted,nbi_C,gnb+xgb,1,37
santander,13,weighted,nbi_C,lr+gnb+knn+rf+xgb,1,37
santander,13,weighted,ws_random_scalarization,gnb+xgb,49,57
santander,13,weighted,ws_random_scalarization,gnb+rf+xgb,7,57
santander,13,weighted,ws_random_scalarization,lr+gnb,1,57
santander,13,weighted,random_dirichlet_budget,lr+gnb+knn+rf+xgb,8,9
santander,13,weighted,random_dirichlet_budget,lr+gnb+rf+xgb,1,9
santander,13,weighted,design_runs,lr+gnb,3,7
santander,13,weighted,design_runs,gnb+xgb,2,7
santander,13,weighted,design_runs,gnb,1,7
santander,13,weighted,design_runs,lr,1,7
santander,13,weighted,single_objective_refs,gnb,1,4
santander,13,weighted,single_objective_refs,gnb+xgb,1,4
santander,13,weighted,single_objective_refs,lr+gnb+knn+rf+xgb,1,4
santander,13,weighted,single_objective_refs,lr,1,4
santander,13,support,empirical_reference,gnb+knn+rf+xgb,25,66
santander,13,support,empirical_reference,gnb+xgb,15,66
santander,13,support,empirical_reference,gnb+rf+xgb,11,66
santander,13,support,empirical_reference,lr+gnb+knn+rf+xgb,7,66
santander,13,support,empirical_reference,lr+gnb+rf+xgb,3,66
santander,13,support,empirical_reference,gnb+knn+xgb,2,66
santander,13,support,empirical_reference,lr,2,66
santander,13,support,empirical_reference,gnb,1,66
santander,13,support,nbi_A,gnb+knn+rf+xgb,3,9
santander,13,support,nbi_A,gnb+knn+xgb,2,9
santander,13,support,nbi_A,lr,1,9
santander,13,support,nbi_A,lr+gnb+xgb,1,9
santander,13,support,nbi_A,gnb+rf+xgb,1,9
santander,13,support,nbi_A,lr+gnb+rf,1,9
santander,13,support,nbi_B,gnb+knn+rf+xgb,9,17
santander,13,support,nbi_B,gnb+rf+xgb,4,17
santander,13,support,nbi_B,lr,1,17
santander,13,support,nbi_B,lr+gnb,1,17
santander,13,support,nbi_B,gnb+xgb,1,17
santander,13,support,nbi_B,lr+gnb+knn+rf+xgb,1,17
santander,13,support,nbi_C,gnb+knn+rf+xgb,25,33
santander,13,support,nbi_C,gnb+rf+xgb,4,33
santander,13,support,nbi_C,lr,1,33
santander,13,support,nbi_C,gnb+xgb,1,33
santander,13,support,nbi_C,lr+gnb,1,33
santander,13,support,nbi_C,lr+gnb+knn+rf+xgb,1,33
santander,13,support,ws_random_scalarization,gnb+rf+xgb,7,9
santander,13,support,ws_random_scalarization,gnb+xgb,1,9
santander,13,support,ws_random_scalarization,lr+gnb,1,9
santander,13,support,random_dirichlet_budget,lr+gnb+knn+rf+xgb,3,4
santander,13,support,random_dirichlet_budget,lr+gnb+rf+xgb,1,4
santander,13,support,design_runs,gnb+xgb,2,4
santander,13,support,design_runs,gnb,1,4
santander,13,support,design_runs,lr,1,4
santander,13,support,single_objective_refs,gnb,1,4
santander,13,support,single_objective_refs,gnb+xgb,1,4
santander,13,support,single_objective_refs,lr+gnb+knn+rf+xgb,1,4
santander,13,support,single_objective_refs,lr,1,4
santander,14,weighted,empirical_reference,gnb+xgb,89,200
santander,14,weighted,empirical_reference,lr+gnb,56,200
santander,14,weighted,empirical_reference,gnb+rf+xgb,22,200
santander,14,weighted,empirical_reference,lr+gnb+rf+xgb,11,200
santander,14,weighted,empirical_reference,lr,8,200
santander,14,weighted,empirical_reference,lr+gnb+xgb,7,200
santander,14,weighted,empirical_reference,gnb+knn+rf+xgb,4,200
santander,14,weighted,empirical_reference,gnb,2,200
santander,14,weighted,empirical_reference,lr+gnb+knn+rf+xgb,1,200
santander,14,weighted,nbi_A,lr+rf+xgb,4,13
santander,14,weighted,nbi_A,gnb+knn+rf+xgb,4,13
santander,14,weighted,nbi_A,lr,1,13
santander,14,weighted,nbi_A,lr+gnb+xgb,1,13
santander,14,weighted,nbi_A,lr+gnb+rf+xgb,1,13
santander,14,weighted,nbi_A,gnb+rf+xgb,1,13
santander,14,weighted,nbi_A,lr+gnb+rf,1,13
santander,14,weighted,nbi_B,gnb+rf+xgb,9,20
santander,14,weighted,nbi_B,lr+gnb+rf,5,20
santander,14,weighted,nbi_B,lr+gnb+xgb,3,20
santander,14,weighted,nbi_B,lr,1,20
santander,14,weighted,nbi_B,gnb+xgb,1,20
santander,14,weighted,nbi_B,lr+gnb+rf+xgb,1,20
santander,14,weighted,nbi_C,gnb+rf+xgb,15,25
santander,14,weighted,nbi_C,lr+gnb+xgb,7,25
santander,14,weighted,nbi_C,lr,1,25
santander,14,weighted,nbi_C,gnb+xgb,1,25
santander,14,weighted,nbi_C,lr+gnb+rf+xgb,1,25
santander,14,weighted,ws_random_scalarization,gnb+xgb,41,61
santander,14,weighted,ws_random_scalarization,gnb,10,61
santander,14,weighted,ws_random_scalarization,gnb+rf+xgb,7,61
santander,14,weighted,ws_random_scalarization,lr+gnb,3,61
santander,14,weighted,random_dirichlet_budget,lr+gnb+knn+rf+xgb,6,7
santander,14,weighted,random_dirichlet_budget,lr+gnb+rf+xgb,1,7
santander,14,weighted,design_runs,lr+gnb,3,7
santander,14,weighted,design_runs,gnb+xgb,2,7
santander,14,weighted,design_runs,gnb,1,7
santander,14,weighted,design_runs,lr,1,7
santander,14,weighted,single_objective_refs,gnb,1,4
santander,14,weighted,single_objective_refs,gnb+xgb,1,4
santander,14,weighted,single_objective_refs,lr+gnb+rf+xgb,1,4
santander,14,weighted,single_objective_refs,lr,1,4
santander,14,support,empirical_reference,gnb+rf+xgb,26,57
santander,14,support,empirical_reference,gnb+xgb,14,57
santander,14,support,empirical_reference,lr,5,57
santander,14,support,empirical_reference,lr+gnb+rf+xgb,4,57
santander,14,support,empirical_reference,gnb+knn+rf+xgb,4,57
santander,14,support,empirical_reference,gnb,2,57
santander,14,support,empirical_reference,lr+gnb,1,57
santander,14,support,empirical_reference,lr+gnb+knn+rf+xgb,1,57
santander,14,support,nbi_A,gnb+knn+rf+xgb,3,9
santander,14,support,nbi_A,gnb+knn+xgb,2,9
santander,14,support,nbi_A,lr,1,9
santander,14,support,nbi_A,lr+gnb+xgb,1,9
santander,14,support,nbi_A,gnb+rf+xgb,1,9
santander,14,support,nbi_A,lr+gnb+rf,1,9
santander,14,support,nbi_B,gnb+rf+xgb,6,10
santander,14,support,nbi_B,lr,1,10
santander,14,support,nbi_B,gnb+xgb,1,10
santander,14,support,nbi_B,lr+xgb,1,10
santander,14,support,nbi_B,lr+gnb+rf+xgb,1,10
santander,14,support,nbi_C,gnb+rf+xgb,13,17
santander,14,support,nbi_C,lr,1,17
santander,14,support,nbi_C,gnb+xgb,1,17
santander,14,support,nbi_C,lr+gnb,1,17
santander,14,support,nbi_C,lr+gnb+rf+xgb,1,17
santander,14,support,ws_random_scalarization,gnb,10,17
santander,14,support,ws_random_scalarization,gnb+rf+xgb,6,17
santander,14,support,ws_random_scalarization,gnb+xgb,1,17
santander,14,support,random_dirichlet_budget,lr+gnb+knn+rf+xgb,3,4
santander,14,support,random_dirichlet_budget,lr+gnb+rf+xgb,1,4
santander,14,support,design_runs,gnb+xgb,2,4
santander,14,support,design_runs,gnb,1,4
santander,14,support,design_runs,lr,1,4
santander,14,support,single_objective_refs,gnb,1,4
santander,14,support,single_objective_refs,gnb+xgb,1,4
santander,14,support,single_objective_refs,lr+gnb+rf+xgb,1,4
santander,14,support,single_objective_refs,lr,1,4
santander,15,weighted,empirical_reference,gnb+xgb,86,213
santander,15,weighted,empirical_reference,lr+gnb,65,213
santander,15,weighted,empirical_reference,gnb+rf+xgb,20,213
santander,15,weighted,empirical_reference,lr+gnb+xgb,12,213
santander,15,weighted,empirical_reference,lr+gnb+rf+xgb,11,213
santander,15,weighted,empirical_reference,lr,9,213
santander,15,weighted,empirical_reference,gnb+knn+rf+xgb,7,213
santander,15,weighted,empirical_reference,gnb,2,213
santander,15,weighted,empirical_reference,lr+gnb+knn+rf+xgb,1,213
santander,15,weighted,nbi_A,lr+rf+xgb,4,13
santander,15,weighted,nbi_A,gnb+knn+rf+xgb,4,13
santander,15,weighted,nbi_A,lr,1,13
santander,15,weighted,nbi_A,lr+gnb+xgb,1,13
santander,15,weighted,nbi_A,lr+gnb+rf+xgb,1,13
santander,15,weighted,nbi_A,gnb+rf+xgb,1,13
santander,15,weighted,nbi_A,lr+gnb+rf,1,13
santander,15,weighted,nbi_B,lr+gnb+xgb,3,10
santander,15,weighted,nbi_B,lr+gnb+rf,2,10
santander,15,weighted,nbi_B,gnb+rf+xgb,2,10
santander,15,weighted,nbi_B,lr,1,10
santander,15,weighted,nbi_B,gnb+xgb,1,10
santander,15,weighted,nbi_B,lr+xgb,1,10
santander,15,weighted,nbi_C,lr+gnb+xgb,8,21
santander,15,weighted,nbi_C,gnb+rf+xgb,7,21
santander,15,weighted,nbi_C,lr+gnb+rf+xgb,3,21
santander,15,weighted,nbi_C,lr,1,21
santander,15,weighted,nbi_C,gnb+xgb,1,21
santander,15,weighted,nbi_C,lr+gnb,1,21
santander,15,weighted,ws_random_scalarization,gnb+xgb,43,64
santander,15,weighted,ws_random_scalarization,gnb,14,64
santander,15,weighted,ws_random_scalarization,lr+gnb,5,64
santander,15,weighted,ws_random_scalarization,gnb+rf+xgb,2,64
santander,15,weighted,random_dirichlet_budget,lr+gnb+knn+rf+xgb,5,6
santander,15,weighted,random_dirichlet_budget,lr+gnb+rf+xgb,1,6
santander,15,weighted,design_runs,lr+gnb,3,7
santander,15,weighted,design_runs,gnb+xgb,2,7
santander,15,weighted,design_runs,gnb,1,7
santander,15,weighted,design_runs,lr,1,7
santander,15,weighted,single_objective_refs,gnb,1,4
santander,15,weighted,single_objective_refs,gnb+xgb,1,4
santander,15,weighted,single_objective_refs,gnb+rf+xgb,1,4
santander,15,weighted,single_objective_refs,lr,1,4
santander,15,support,empirical_reference,gnb+rf+xgb,17,48
santander,15,support,empirical_reference,gnb+xgb,12,48
santander,15,support,empirical_reference,gnb+knn+rf+xgb,7,48
santander,15,support,empirical_reference,lr+gnb+rf+xgb,7,48
santander,15,support,empirical_reference,gnb,2,48
santander,15,support,empirical_reference,gnb+knn+xgb,1,48
santander,15,support,empirical_reference,lr,1,48
santander,15,support,empirical_reference,lr+gnb+knn+rf+xgb,1,48
santander,15,support,nbi_A,gnb+knn+rf+xgb,3,7
santander,15,support,nbi_A,lr,1,7
santander,15,support,nbi_A,lr+gnb+xgb,1,7
santander,15,support,nbi_A,gnb+rf+xgb,1,7
santander,15,support,nbi_A,lr+gnb+rf,1,7
santander,15,support,nbi_B,lr,1,4
santander,15,support,nbi_B,gnb+xgb,1,4
santander,15,support,nbi_B,lr+xgb,1,4
santander,15,support,nbi_B,gnb+rf+xgb,1,4
santander,15,support,nbi_C,gnb+rf+xgb,7,14
santander,15,support,nbi_C,lr+gnb+rf+xgb,3,14
santander,15,support,nbi_C,lr,1,14
santander,15,support,nbi_C,gnb+xgb,1,14
santander,15,support,nbi_C,lr+gnb,1,14
santander,15,support,nbi_C,lr+gnb+xgb,1,14
santander,15,support,ws_random_scalarization,gnb,14,17
santander,15,support,ws_random_scalarization,gnb+rf+xgb,2,17
santander,15,support,ws_random_scalarization,gnb+xgb,1,17
santander,15,support,random_dirichlet_budget,lr+gnb+rf+xgb,1,2
santander,15,support,random_dirichlet_budget,lr+gnb+knn+rf+xgb,1,2
santander,15,support,design_runs,gnb+xgb,2,4
santander,15,support,design_runs,gnb,1,4
santander,15,support,design_runs,lr,1,4
santander,15,support,single_objective_refs,gnb,1,4
santander,15,support,single_objective_refs,gnb+xgb,1,4
santander,15,support,single_objective_refs,gnb+rf+xgb,1,4
santander,15,support,single_objective_refs,lr,1,4
santander,16,weighted,empirical_reference,gnb+xgb,86,216
santander,16,weighted,empirical_reference,lr+gnb,56,216
santander,16,weighted,empirical_reference,gnb+knn+rf+xgb,26,216
santander,16,weighted,empirical_reference,gnb+rf+xgb,16,216
santander,16,weighted,empirical_reference,lr+gnb+xgb,9,216
santander,16,weighted,empirical_reference,lr+gnb+rf+xgb,9,216
santander,16,weighted,empirical_reference,lr,8,216
santander,16,weighted,empirical_reference,gnb,5,216
santander,16,weighted,empirical_reference,lr+xgb,1,216
santander,16,weighted,nbi_A,lr+gnb+xgb,4,11
santander,16,weighted,nbi_A,gnb+knn+xgb,3,11
santander,16,weighted,nbi_A,lr+gnb+knn+xgb,2,11
santander,16,weighted,nbi_A,lr,1,11
santander,16,weighted,nbi_A,gnb,1,11
santander,16,weighted,nbi_B,lr+gnb+xgb,7,11
santander,16,weighted,nbi_B,lr,1,11
santander,16,weighted,nbi_B,gnb+xgb,1,11
santander,16,weighted,nbi_B,lr+gnb+knn+xgb,1,11
santander,16,weighted,nbi_B,gnb+knn+rf+xgb,1,11
santander,16,weighted,nbi_C,gnb+knn+rf+xgb,25,35
santander,16,weighted,nbi_C,lr+gnb+xgb,4,35
santander,16,weighted,nbi_C,gnb+rf+xgb,4,35
santander,16,weighted,nbi_C,lr,1,35
santander,16,weighted,nbi_C,gnb+xgb,1,35
santander,16,weighted,ws_random_scalarization,gnb+xgb,41,48
santander,16,weighted,ws_random_scalarization,gnb,7,48
santander,16,weighted,random_dirichlet_budget,lr+gnb+knn+rf+xgb,7,7
santander,16,weighted,design_runs,lr+gnb,3,7
santander,16,weighted,design_runs,gnb+xgb,2,7
santander,16,weighted,design_runs,gnb,1,7
santander,16,weighted,design_runs,lr,1,7
santander,16,weighted,single_objective_refs,gnb,1,4
santander,16,weighted,single_objective_refs,gnb+xgb,1,4
santander,16,weighted,single_objective_refs,gnb+knn+rf+xgb,1,4
santander,16,weighted,single_objective_refs,lr,1,4
santander,16,support,empirical_reference,gnb+knn+rf+xgb,29,65
santander,16,support,empirical_reference,gnb+rf+xgb,15,65
santander,16,support,empirical_reference,gnb+xgb,10,65
santander,16,support,empirical_reference,lr+gnb+rf+xgb,5,65
santander,16,support,empirical_reference,lr,5,65
santander,16,support,empirical_reference,gnb,1,65
santander,16,support,nbi_A,gnb+knn+xgb,3,7
santander,16,support,nbi_A,lr,1,7
santander,16,support,nbi_A,lr+gnb+knn+xgb,1,7
santander,16,support,nbi_A,lr+gnb+xgb,1,7
santander,16,support,nbi_A,gnb,1,7
santander,16,support,nbi_B,lr,1,4
santander,16,support,nbi_B,gnb+xgb,1,4
santander,16,support,nbi_B,lr+gnb+knn+xgb,1,4
santander,16,support,nbi_B,gnb+knn+rf+xgb,1,4
santander,16,support,nbi_C,gnb+knn+rf+xgb,25,32
santander,16,support,nbi_C,gnb+rf+xgb,4,32
santander,16,support,nbi_C,lr,1,32
santander,16,support,nbi_C,gnb+xgb,1,32
santander,16,support,nbi_C,lr+gnb,1,32
santander,16,support,ws_random_scalarization,gnb,23,24
santander,16,support,ws_random_scalarization,gnb+xgb,1,24
santander,16,support,random_dirichlet_budget,lr+gnb+knn+rf+xgb,3,4
santander,16,support,random_dirichlet_budget,lr+gnb+knn+rf,1,4
santander,16,support,design_runs,gnb+xgb,2,4
santander,16,support,design_runs,gnb,1,4
santander,16,support,design_runs,lr,1,4
santander,16,support,single_objective_refs,gnb,2,5
santander,16,support,single_objective_refs,gnb+xgb,1,5
santander,16,support,single_objective_refs,gnb+knn+rf+xgb,1,5
santander,16,support,single_objective_refs,lr,1,5
santander,17,weighted,empirical_reference,gnb+xgb,90,206
santander,17,weighted,empirical_reference,lr+gnb,53,206
santander,17,weighted,empirical_reference,gnb+rf+xgb,30,206
santander,17,weighted,empirical_reference,lr+gnb+xgb,11,206
santander,17,weighted,empirical_reference,lr,8,206
santander,17,weighted,empirical_reference,gnb+knn+rf+xgb,4,206
santander,17,weighted,empirical_reference,lr+gnb+rf+xgb,4,206
santander,17,weighted,empirical_reference,gnb,3,206
santander,17,weighted,empirical_reference,lr+gnb+knn+rf+xgb,2,206
santander,17,weighted,empirical_reference,gnb+knn+xgb,1,206
santander,17,weighted,nbi_A,lr+rf+xgb,4,13
santander,17,weighted,nbi_A,gnb+knn+rf+xgb,4,13
santander,17,weighted,nbi_A,lr+gnb+rf,2,13
santander,17,weighted,nbi_A,lr,1,13
santander,17,weighted,nbi_A,lr+gnb+xgb,1,13
santander,17,weighted,nbi_A,gnb+rf+xgb,1,13
santander,17,weighted,nbi_B,gnb+rf+xgb,9,17
santander,17,weighted,nbi_B,lr+gnb+rf,3,17
santander,17,weighted,nbi_B,lr+gnb+xgb,2,17
santander,17,weighted,nbi_B,lr,1,17
santander,17,weighted,nbi_B,gnb+xgb,1,17
santander,17,weighted,nbi_B,gnb+knn+rf+xgb,1,17
santander,17,weighted,nbi_C,gnb+rf+xgb,17,31
santander,17,weighted,nbi_C,lr+gnb+xgb,9,31
santander,17,weighted,nbi_C,gnb+knn+rf+xgb,3,31
santander,17,weighted,nbi_C,lr,1,31
santander,17,weighted,nbi_C,gnb+xgb,1,31
santander,17,weighted,ws_random_scalarization,gnb+xgb,48,61
santander,17,weighted,ws_random_scalarization,gnb,8,61
santander,17,weighted,ws_random_scalarization,lr+gnb,3,61
santander,17,weighted,ws_random_scalarization,gnb+rf+xgb,2,61
santander,17,weighted,random_dirichlet_budget,lr+gnb+knn+rf+xgb,8,8
santander,17,weighted,design_runs,lr+gnb,3,6
santander,17,weighted,design_runs,gnb+xgb,1,6
santander,17,weighted,design_runs,gnb,1,6
santander,17,weighted,design_runs,lr,1,6
santander,17,weighted,single_objective_refs,gnb,1,4
santander,17,weighted,single_objective_refs,gnb+xgb,1,4
santander,17,weighted,single_objective_refs,gnb+knn+rf+xgb,1,4
santander,17,weighted,single_objective_refs,lr,1,4
santander,17,support,empirical_reference,gnb+rf+xgb,27,50
santander,17,support,empirical_reference,gnb+xgb,9,50
santander,17,support,empirical_reference,gnb+knn+rf+xgb,5,50
santander,17,support,empirical_reference,lr+gnb+knn+rf+xgb,2,50
santander,17,support,empirical_reference,gnb,2,50
santander,17,support,empirical_reference,lr+gnb+rf+xgb,1,50
santander,17,support,empirical_reference,lr,1,50
santander,17,support,empirical_reference,lr+gnb+xgb,1,50
santander,17,support,empirical_reference,gnb+knn+xgb,1,50
santander,17,support,empirical_reference,lr+gnb,1,50
santander,17,support,nbi_A,gnb+knn+rf+xgb,3,7
santander,17,support,nbi_A,lr,1,7
santander,17,support,nbi_A,lr+gnb+xgb,1,7
santander,17,support,nbi_A,gnb+rf+xgb,1,7
santander,17,support,nbi_A,lr+gnb+rf,1,7
santander,17,support,nbi_B,gnb+rf+xgb,7,10
santander,17,support,nbi_B,lr,1,10
santander,17,support,nbi_B,gnb+xgb,1,10
santander,17,support,nbi_B,gnb+knn+rf+xgb,1,10
santander,17,support,nbi_C,gnb+rf+xgb,17,24
santander,17,support,nbi_C,gnb+knn+rf+xgb,3,24
santander,17,support,nbi_C,lr,1,24
santander,17,support,nbi_C,gnb+xgb,1,24
santander,17,support,nbi_C,lr+gnb,1,24
santander,17,support,nbi_C,lr+gnb+xgb,1,24
santander,17,support,ws_random_scalarization,gnb,8,11
santander,17,support,ws_random_scalarization,gnb+rf+xgb,2,11
santander,17,support,ws_random_scalarization,gnb+xgb,1,11
santander,17,support,random_dirichlet_budget,lr+gnb+knn+rf+xgb,3,3
santander,17,support,design_runs,gnb+xgb,1,3
santander,17,support,design_runs,gnb,1,3
santander,17,support,design_runs,lr,1,3
santander,17,support,single_objective_refs,gnb,1,4
santander,17,support,single_objective_refs,gnb+xgb,1,4
santander,17,support,single_objective_refs,gnb+knn+rf+xgb,1,4
santander,17,support,single_objective_refs,lr,1,4
santander,18,weighted,empirical_reference,gnb+xgb,88,209
santander,18,weighted,empirical_reference,lr+gnb,50,209
santander,18,weighted,empirical_reference,gnb+knn+rf+xgb,24,209
santander,18,weighted,empirical_reference,gnb+rf+xgb,14,209
santander,18,weighted,empirical_reference,lr+gnb+rf+xgb,10,209
santander,18,weighted,empirical_reference,lr+gnb+xgb,10,209
santander,18,weighted,empirical_reference,lr,5,209
santander,18,weighted,empirical_reference,gnb,4,209
santander,18,weighted,empirical_reference,lr+gnb+knn+rf+xgb,3,209
santander,18,weighted,empirical_reference,gnb+knn+xgb,1,209
santander,18,weighted,nbi_A,gnb+knn+rf+xgb,4,13
santander,18,weighted,nbi_A,lr+rf+xgb,3,13
santander,18,weighted,nbi_A,lr,1,13
santander,18,weighted,nbi_A,lr+xgb,1,13
santander,18,weighted,nbi_A,lr+gnb+xgb,1,13
santander,18,weighted,nbi_A,lr+gnb+rf+xgb,1,13
santander,18,weighted,nbi_A,gnb+rf+xgb,1,13
santander,18,weighted,nbi_A,lr+gnb+rf,1,13
santander,18,weighted,nbi_B,gnb+knn+rf+xgb,7,23
santander,18,weighted,nbi_B,lr+gnb+rf,5,23
santander,18,weighted,nbi_B,gnb+rf+xgb,4,23
santander,18,weighted,nbi_B,lr+gnb+xgb,3,23
santander,18,weighted,nbi_B,lr,1,23
santander,18,weighted,nbi_B,lr+gnb,1,23
santander,18,weighted,nbi_B,gnb+xgb,1,23
santander,18,weighted,nbi_B,lr+gnb+knn+rf+xgb,1,23
santander,18,weighted,nbi_C,gnb+knn+rf+xgb,25,36
santander,18,weighted,nbi_C,lr+gnb+xgb,5,36
santander,18,weighted,nbi_C,gnb+rf+xgb,4,36
santander,18,weighted,nbi_C,lr,1,36
santander,18,weighted,nbi_C,gnb+xgb,1,36
santander,18,weighted,ws_random_scalarization,gnb+xgb,49,56
santander,18,weighted,ws_random_scalarization,gnb+rf+xgb,6,56
santander,18,weighted,ws_random_scalarization,gnb,1,56
santander,18,weighted,random_dirichlet_budget,lr+gnb+knn+rf+xgb,8,8
santander,18,weighted,design_runs,lr+gnb,3,7
santander,18,weighted,design_runs,gnb+xgb,2,7
santander,18,weighted,design_runs,gnb,1,7
santander,18,weighted,design_runs,lr,1,7
santander,18,weighted,single_objective_refs,gnb,1,4
santander,18,weighted,single_objective_refs,gnb+xgb,1,4
santander,18,weighted,single_objective_refs,lr+gnb+knn+rf+xgb,1,4
santander,18,weighted,single_objective_refs,lr,1,4
santander,18,support,empirical_reference,gnb+knn+rf+xgb,24,70
santander,18,support,empirical_reference,gnb+rf+xgb,16,70
santander,18,support,empirical_reference,gnb+xgb,14,70
santander,18,support,empirical_reference,lr+gnb+rf+xgb,5,70
santander,18,support,empirical_reference,lr,5,70
santander,18,support,empirical_reference,lr+gnb+xgb,3,70
santander,18,support,empirical_reference,lr+gnb+knn+rf+xgb,1,70
santander,18,support,empirical_reference,gnb+knn+xgb,1,70
santander,18,support,empirical_reference,gnb,1,70
santander,18,support,nbi_A,gnb+knn+rf+xgb,3,9
santander,18,support,nbi_A,lr,1,9
santander,18,support,nbi_A,lr+xgb,1,9
santander,18,support,nbi_A,lr+gnb+xgb,1,9
santander,18,support,nbi_A,gnb+rf+xgb,1,9
santander,18,support,nbi_A,gnb+knn+xgb,1,9
santander,18,support,nbi_A,lr+gnb+rf,1,9
santander,18,support,nbi_B,gnb+knn+rf+xgb,7,15
santander,18,support,nbi_B,gnb+rf+xgb,4,15
santander,18,support,nbi_B,lr,1,15
santander,18,support,nbi_B,lr+gnb,1,15
santander,18,support,nbi_B,gnb+xgb,1,15
santander,18,support,nbi_B,lr+gnb+knn+rf+xgb,1,15
santander,18,support,nbi_C,gnb+knn+rf+xgb,25,31
santander,18,support,nbi_C,gnb+rf+xgb,4,31
santander,18,support,nbi_C,lr,1,31
santander,18,support,nbi_C,gnb+xgb,1,31
santander,18,support,ws_random_scalarization,gnb+rf+xgb,6,8
santander,18,support,ws_random_scalarization,gnb,1,8
santander,18,support,ws_random_scalarization,gnb+xgb,1,8
santander,18,support,random_dirichlet_budget,lr+gnb+knn+rf+xgb,2,2
santander,18,support,design_runs,gnb+xgb,2,4
santander,18,support,design_runs,gnb,1,4
santander,18,support,design_runs,lr,1,4
santander,18,support,single_objective_refs,gnb,1,4
santander,18,support,single_objective_refs,gnb+xgb,1,4
santander,18,support,single_objective_refs,lr+gnb+knn+rf+xgb,1,4
santander,18,support,single_objective_refs,lr,1,4
santander,19,weighted,empirical_reference,gnb+xgb,85,190
santander,19,weighted,empirical_reference,lr+gnb,55,190
santander,19,weighted,empirical_reference,gnb+rf+xgb,24,190
santander,19,weighted,empirical_reference,lr+gnb+xgb,10,190
santander,19,weighted,empirical_reference,gnb,5,190
santander,19,weighted,empirical_reference,lr,4,190
santander,19,weighted,empirical_reference,lr+gnb+rf+xgb,3,190
santander,19,weighted,empirical_reference,lr+gnb+knn+rf+xgb,2,190
santander,19,weighted,empirical_reference,gnb+knn+rf+xgb,2,190
santander,19,weighted,nbi_A,lr+rf+xgb,5,13
santander,19,weighted,nbi_A,gnb+knn+rf+xgb,4,13
santander,19,weighted,nbi_A,lr+gnb+rf,2,13
santander,19,weighted,nbi_A,lr,1,13
santander,19,weighted,nbi_A,gnb+rf+xgb,1,13
santander,19,weighted,nbi_B,gnb+rf+xgb,9,20
santander,19,weighted,nbi_B,lr+gnb,5,20
santander,19,weighted,nbi_B,lr+gnb+rf,4,20
santander,19,weighted,nbi_B,lr,1,20
santander,19,weighted,nbi_B,gnb+xgb,1,20
santander,19,weighted,nbi_C,gnb+rf+xgb,15,28
santander,19,weighted,nbi_C,lr+gnb+xgb,9,28
santander,19,weighted,nbi_C,gnb+xgb,3,28
santander,19,weighted,nbi_C,lr,1,28
santander,19,weighted,ws_random_scalarization,gnb+xgb,42,63
santander,19,weighted,ws_random_scalarization,gnb,14,63
santander,19,weighted,ws_random_scalarization,lr+gnb,4,63
santander,19,weighted,ws_random_scalarization,gnb+rf+xgb,3,63
santander,19,weighted,random_dirichlet_budget,lr+gnb+knn+rf+xgb,8,9
santander,19,weighted,random_dirichlet_budget,lr+gnb+rf+xgb,1,9
santander,19,weighted,design_runs,lr+gnb,3,7
santander,19,weighted,design_runs,gnb+xgb,2,7
santander,19,weighted,design_runs,gnb,1,7
santander,19,weighted,design_runs,lr,1,7
santander,19,weighted,single_objective_refs,gnb,1,4
santander,19,weighted,single_objective_refs,gnb+xgb,1,4
santander,19,weighted,single_objective_refs,gnb+rf+xgb,1,4
santander,19,weighted,single_objective_refs,lr,1,4
santander,19,support,empirical_reference,gnb+rf+xgb,22,41
santander,19,support,empirical_reference,gnb+xgb,9,41
santander,19,support,empirical_reference,lr+gnb+xgb,3,41
santander,19,support,empirical_reference,lr+gnb+knn+rf+xgb,2,41
santander,19,support,empirical_reference,gnb+knn+rf+xgb,2,41
santander,19,support,empirical_reference,gnb,2,41
santander,19,support,empirical_reference,lr,1,41
santander,19,support,nbi_A,gnb+knn+rf+xgb,3,8
santander,19,support,nbi_A,gnb+knn+xgb,2,8
santander,19,support,nbi_A,lr,1,8
santander,19,support,nbi_A,gnb+rf+xgb,1,8
santander,19,support,nbi_A,lr+gnb+rf,1,8
santander,19,support,nbi_B,gnb+rf+xgb,7,10
santander,19,support,nbi_B,lr,1,10
santander,19,support,nbi_B,lr+gnb,1,10
santander,19,support,nbi_B,gnb+xgb,1,10
santander,19,support,nbi_C,gnb+rf+xgb,14,19
santander,19,support,nbi_C,gnb+xgb,3,19
santander,19,support,nbi_C,lr,1,19
santander,19,support,nbi_C,lr+gnb,1,19
santander,19,support,ws_random_scalarization,gnb+rf+xgb,2,4
santander,19,support,ws_random_scalarization,gnb,1,4
santander,19,support,ws_random_scalarization,gnb+xgb,1,4
santander,19,support,random_dirichlet_budget,lr+gnb+knn+rf+xgb,4,7
santander,19,support,random_dirichlet_budget,gnb+knn+rf+xgb,1,7
santander,19,support,random_dirichlet_budget,lr+gnb+rf+xgb,1,7
santander,19,support,random_dirichlet_budget,lr+knn+rf+xgb,1,7
santander,19,support,design_runs,gnb+xgb,2,4
santander,19,support,design_runs,gnb,1,4
santander,19,support,design_runs,lr,1,4
santander,19,support,single_objective_refs,gnb,1,4
santander,19,support,single_objective_refs,gnb+xgb,1,4
santander,19,support,single_objective_refs,gnb+rf+xgb,1,4
santander,19,support,single_objective_refs,lr,1,4
santander,20,weighted,empirical_reference,gnb+xgb,92,205
santander,20,weighted,empirical_reference,lr+gnb,54,205
santander,20,weighted,empirical_reference,gnb+rf+xgb,24,205
santander,20,weighted,empirical_reference,lr+gnb+xgb,13,205
santander,20,weighted,empirical_reference,lr,6,205
santander,20,weighted,empirical_reference,lr+gnb+rf+xgb,6,205
santander,20,weighted,empirical_reference,gnb,4,205
santander,20,weighted,empirical_reference,gnb+knn+rf+xgb,4,205
santander,20,weighted,empirical_reference,lr+gnb+knn+rf+xgb,2,205
santander,20,weighted,nbi_A,lr+rf+xgb,4,13
santander,20,weighted,nbi_A,gnb+knn+rf+xgb,4,13
santander,20,weighted,nbi_A,lr,1,13
santander,20,weighted,nbi_A,lr+gnb+xgb,1,13
santander,20,weighted,nbi_A,lr+gnb+rf+xgb,1,13
santander,20,weighted,nbi_A,gnb+rf+xgb,1,13
santander,20,weighted,nbi_A,lr+gnb+rf,1,13
santander,20,weighted,nbi_B,gnb+rf+xgb,9,17
santander,20,weighted,nbi_B,lr+gnb+rf,3,17
santander,20,weighted,nbi_B,lr,1,17
santander,20,weighted,nbi_B,lr+gnb,1,17
santander,20,weighted,nbi_B,gnb+xgb,1,17
santander,20,weighted,nbi_B,lr+gnb+xgb,1,17
santander,20,weighted,nbi_B,gnb+knn+rf+xgb,1,17
santander,20,weighted,nbi_C,gnb+rf+xgb,17,33
santander,20,weighted,nbi_C,lr+gnb+xgb,11,33
santander,20,weighted,nbi_C,gnb+knn+rf+xgb,3,33
santander,20,weighted,nbi_C,lr,1,33
santander,20,weighted,nbi_C,gnb+xgb,1,33
santander,20,weighted,ws_random_scalarization,gnb+xgb,47,60
santander,20,weighted,ws_random_scalarization,gnb+rf+xgb,6,60
santander,20,weighted,ws_random_scalarization,gnb,5,60
santander,20,weighted,ws_random_scalarization,lr+gnb,2,60
santander,20,weighted,random_dirichlet_budget,lr+gnb+knn+rf+xgb,6,7
santander,20,weighted,random_dirichlet_budget,gnb+knn+rf+xgb,1,7
santander,20,weighted,design_runs,lr+gnb,3,7
santander,20,weighted,design_runs,gnb+xgb,2,7
santander,20,weighted,design_runs,gnb,1,7
santander,20,weighted,design_runs,lr,1,7
santander,20,weighted,single_objective_refs,gnb,1,4
santander,20,weighted,single_objective_refs,gnb+xgb,1,4
santander,20,weighted,single_objective_refs,gnb+knn+rf+xgb,1,4
santander,20,weighted,single_objective_refs,lr,1,4
santander,20,support,empirical_reference,gnb+rf+xgb,27,50
santander,20,support,empirical_reference,gnb+xgb,13,50
santander,20,support,empirical_reference,gnb+knn+rf+xgb,4,50
santander,20,support,empirical_reference,lr+gnb+knn+rf+xgb,2,50
santander,20,support,empirical_reference,gnb,2,50
santander,20,support,empirical_reference,lr+gnb+xgb,1,50
santander,20,support,empirical_reference,lr,1,50
santander,20,support,nbi_A,gnb+knn+rf+xgb,3,9
santander,20,support,nbi_A,gnb+knn+xgb,2,9
santander,20,support,nbi_A,lr,1,9
santander,20,support,nbi_A,lr+gnb+xgb,1,9
santander,20,support,nbi_A,gnb+rf+xgb,1,9
santander,20,support,nbi_A,lr+gnb+rf,1,9
santander,20,support,nbi_B,gnb+rf+xgb,6,10
santander,20,support,nbi_B,lr,1,10
santander,20,support,nbi_B,lr+gnb,1,10
santander,20,support,nbi_B,gnb+xgb,1,10
santander,20,support,nbi_B,gnb+knn+rf+xgb,1,10
santander,20,support,nbi_C,gnb+rf+xgb,17,24
santander,20,support,nbi_C,gnb+knn+rf+xgb,3,24
santander,20,support,nbi_C,lr,1,24
santander,20,support,nbi_C,gnb+xgb,1,24
santander,20,support,nbi_C,lr+gnb,1,24
santander,20,support,nbi_C,lr+gnb+xgb,1,24
santander,20,support,ws_random_scalarization,gnb+rf+xgb,6,12
santander,20,support,ws_random_scalarization,gnb,5,12
santander,20,support,ws_random_scalarization,gnb+xgb,1,12
santander,20,support,random_dirichlet_budget,lr+gnb+knn+rf+xgb,4,6
santander,20,support,random_dirichlet_budget,gnb+knn+rf+xgb,2,6
santander,20,support,design_runs,gnb+xgb,2,4
santander,20,support,design_runs,gnb,1,4
santander,20,support,design_runs,lr,1,4
santander,20,support,single_objective_refs,gnb,1,4
santander,20,support,single_objective_refs,gnb+xgb,1,4
santander,20,support,single_objective_refs,gnb+knn+rf+xgb,1,4
santander,20,support,single_objective_refs,lr,1,4
santander,21,weighted,empirical_reference,gnb+xgb,86,266
santander,21,weighted,empirical_reference,lr+gnb,72,266
santander,21,weighted,empirical_reference,gnb+rf+xgb,34,266
santander,21,weighted,empirical_reference,lr+gnb+xgb,23,266
santander,21,weighted,empirical_reference,gnb+knn+rf+xgb,22,266
santander,21,weighted,empirical_reference,lr+gnb+rf+xgb,14,266
santander,21,weighted,empirical_reference,lr+gnb+knn+rf+xgb,5,266
santander,21,weighted,empirical_reference,lr,4,266
santander,21,weighted,empirical_reference,gnb,4,266
santander,21,weighted,empirical_reference,lr+xgb,1,266
santander,21,weighted,empirical_reference,gnb+knn+xgb,1,266
santander,21,weighted,nbi_A,lr+gnb+xgb,6,10
santander,21,weighted,nbi_A,lr,1,10
santander,21,weighted,nbi_A,lr+gnb+knn+xgb,1,10
santander,21,weighted,nbi_A,gnb+knn+xgb,1,10
santander,21,weighted,nbi_A,gnb,1,10
santander,21,weighted,nbi_B,lr+gnb+xgb,7,10
santander,21,weighted,nbi_B,lr,1,10
santander,21,weighted,nbi_B,gnb+xgb,1,10
santander,21,weighted,nbi_B,lr+gnb+knn+rf+xgb,1,10
santander,21,weighted,nbi_C,gnb+knn+rf+xgb,18,35
santander,21,weighted,nbi_C,gnb+rf+xgb,7,35
santander,21,weighted,nbi_C,lr+gnb+xgb,6,35
santander,21,weighted,nbi_C,lr,1,35
santander,21,weighted,nbi_C,gnb+xgb,1,35
santander,21,weighted,nbi_C,lr+gnb+rf+xgb,1,35
santander,21,weighted,nbi_C,lr+gnb+knn+rf+xgb,1,35
santander,21,weighted,ws_random_scalarization,gnb+xgb,38,39
santander,21,weighted,ws_random_scalarization,gnb,1,39
santander,21,weighted,random_dirichlet_budget,lr+gnb+knn+rf+xgb,6,6
santander,21,weighted,design_runs,lr+gnb,3,7
santander,21,weighted,design_runs,gnb+xgb,2,7
santander,21,weighted,design_runs,gnb,1,7
santander,21,weighted,design_runs,lr,1,7
santander,21,weighted,single_objective_refs,gnb,1,4
santander,21,weighted,single_objective_refs,gnb+xgb,1,4
santander,21,weighted,single_objective_refs,lr+gnb+knn+rf+xgb,1,4
santander,21,weighted,single_objective_refs,lr,1,4
santander,21,support,empirical_reference,gnb+rf+xgb,28,78
santander,21,support,empirical_reference,gnb+knn+rf+xgb,21,78
santander,21,support,empirical_reference,gnb+xgb,14,78
santander,21,support,empirical_reference,lr+gnb+knn+rf+xgb,5,78
santander,21,support,empirical_reference,lr+gnb+rf+xgb,5,78
santander,21,support,empirical_reference,lr+gnb+xgb,2,78
santander,21,support,empirical_reference,lr,1,78
santander,21,support,empirical_reference,gnb,1,78
santander,21,support,empirical_reference,gnb+knn+xgb,1,78
santander,21,support,nbi_A,lr,1,5
santander,21,support,nbi_A,lr+gnb+xgb,1,5
santander,21,support,nbi_A,lr+gnb+knn+xgb,1,5
santander,21,support,nbi_A,gnb+knn+xgb,1,5
santander,21,support,nbi_A,gnb,1,5
santander,21,support,nbi_B,lr,1,4
santander,21,support,nbi_B,gnb+xgb,1,4
santander,21,support,nbi_B,lr+gnb+xgb,1,4
santander,21,support,nbi_B,lr+gnb+knn+rf+xgb,1,4
santander,21,support,nbi_C,gnb+knn+rf+xgb,18,29
santander,21,support,nbi_C,gnb+rf+xgb,7,29
santander,21,support,nbi_C,lr,1,29
santander,21,support,nbi_C,gnb+xgb,1,29
santander,21,support,nbi_C,lr+gnb,1,29
santander,21,support,nbi_C,lr+gnb+knn+rf+xgb,1,29
santander,21,support,ws_random_scalarization,gnb,28,29
santander,21,support,ws_random_scalarization,gnb+xgb,1,29
santander,21,support,random_dirichlet_budget,lr+gnb+knn+rf+xgb,3,5
santander,21,support,random_dirichlet_budget,lr+gnb+rf+xgb,1,5
santander,21,support,random_dirichlet_budget,lr+gnb+knn+rf,1,5
santander,21,support,design_runs,gnb+xgb,2,4
santander,21,support,design_runs,gnb,1,4
santander,21,support,design_runs,lr,1,4
santander,21,support,single_objective_refs,gnb,2,5
santander,21,support,single_objective_refs,gnb+xgb,1,5
santander,21,support,single_objective_refs,lr+gnb+knn+rf+xgb,1,5
santander,21,support,single_objective_refs,lr,1,5
santander,22,weighted,empirical_reference,gnb+xgb,96,224
santander,22,weighted,empirical_reference,lr+gnb,53,224
santander,22,weighted,empirical_reference,gnb+rf+xgb,23,224
santander,22,weighted,empirical_reference,lr+gnb+xgb,15,224
santander,22,weighted,empirical_reference,gnb+knn+rf+xgb,13,224
santander,22,weighted,empirical_reference,lr+gnb+rf+xgb,8,224
santander,22,weighted,empirical_reference,lr,6,224
santander,22,weighted,empirical_reference,gnb,5,224
santander,22,weighted,empirical_reference,lr+gnb+knn+rf+xgb,5,224
santander,22,weighted,nbi_A,lr+rf+xgb,4,13
santander,22,weighted,nbi_A,gnb+knn+rf+xgb,4,13
santander,22,weighted,nbi_A,lr,1,13
santander,22,weighted,nbi_A,lr+gnb+xgb,1,13
santander,22,weighted,nbi_A,lr+gnb+rf+xgb,1,13
santander,22,weighted,nbi_A,gnb+rf+xgb,1,13
santander,22,weighted,nbi_A,lr+gnb+rf,1,13
santander,22,weighted,nbi_B,gnb+rf+xgb,9,20
santander,22,weighted,nbi_B,lr+gnb,3,20
santander,22,weighted,nbi_B,lr+gnb+rf,3,20
santander,22,weighted,nbi_B,lr+gnb+xgb,2,20
santander,22,weighted,nbi_B,lr,1,20
santander,22,weighted,nbi_B,gnb+xgb,1,20
santander,22,weighted,nbi_B,lr+gnb+knn+rf+xgb,1,20
santander,22,weighted,nbi_C,gnb+rf+xgb,12,37
santander,22,weighted,nbi_C,gnb+knn+rf+xgb,12,37
santander,22,weighted,nbi_C,lr+gnb+xgb,10,37
santander,22,weighted,nbi_C,lr,1,37
santander,22,weighted,nbi_C,gnb+xgb,1,37
santander,22,weighted,nbi_C,lr+gnb+knn+rf+xgb,1,37
santander,22,weighted,ws_random_scalarization,gnb+xgb,50,60
santander,22,weighted,ws_random_scalarization,gnb,5,60
santander,22,weighted,ws_random_scalarization,gnb+rf+xgb,3,60
santander,22,weighted,ws_random_scalarization,lr+gnb,2,60
santander,22,weighted,random_dirichlet_budget,lr+gnb+knn+rf+xgb,6,6
santander,22,weighted,design_runs,lr+gnb,3,7
santander,22,weighted,design_runs,gnb+xgb,2,7
santander,22,weighted,design_runs,gnb,1,7
santander,22,weighted,design_runs,lr,1,7
santander,22,weighted,single_objective_refs,gnb,1,4
santander,22,weighted,single_objective_refs,gnb+xgb,1,4
santander,22,weighted,single_objective_refs,lr+gnb+knn+rf+xgb,1,4
santander,22,weighted,single_objective_refs,lr,1,4
santander,22,support,empirical_reference,gnb+rf+xgb,23,60
santander,22,support,empirical_reference,gnb+xgb,13,60
santander,22,support,empirical_reference,gnb+knn+rf+xgb,13,60
santander,22,support,empirical_reference,lr+gnb+knn+rf+xgb,4,60
santander,22,support,empirical_reference,lr+gnb+xgb,2,60
santander,22,support,empirical_reference,lr,2,60
santander,22,support,empirical_reference,gnb,2,60
santander,22,support,empirical_reference,lr+gnb+rf+xgb,1,60
santander,22,support,nbi_A,gnb+knn+rf+xgb,3,8
santander,22,support,nbi_A,lr,1,8
santander,22,support,nbi_A,lr+gnb+xgb,1,8
santander,22,support,nbi_A,gnb+rf+xgb,1,8
santander,22,support,nbi_A,gnb+knn+xgb,1,8
santander,22,support,nbi_A,lr+gnb+rf,1,8
santander,22,support,nbi_B,gnb+rf+xgb,7,11
santander,22,support,nbi_B,lr,1,11
santander,22,support,nbi_B,lr+gnb,1,11
santander,22,support,nbi_B,gnb+xgb,1,11
santander,22,support,nbi_B,lr+gnb+knn+rf+xgb,1,11
santander,22,support,nbi_C,gnb+rf+xgb,12,29
santander,22,support,nbi_C,gnb+knn+rf+xgb,12,29
santander,22,support,nbi_C,lr,1,29
santander,22,support,nbi_C,gnb+xgb,1,29
santander,22,support,nbi_C,lr+gnb,1,29
santander,22,support,nbi_C,lr+gnb+xgb,1,29
santander,22,support,nbi_C,lr+gnb+knn+rf+xgb,1,29
santander,22,support,ws_random_scalarization,gnb,5,9
santander,22,support,ws_random_scalarization,gnb+rf+xgb,3,9
santander,22,support,ws_random_scalarization,gnb+xgb,1,9
santander,22,support,random_dirichlet_budget,lr+gnb+knn+rf+xgb,1,2
santander,22,support,random_dirichlet_budget,lr+gnb+knn+xgb,1,2
santander,22,support,design_runs,gnb+xgb,2,4
santander,22,support,design_runs,gnb,1,4
santander,22,support,design_runs,lr,1,4
santander,22,support,single_objective_refs,gnb,1,4
santander,22,support,single_objective_refs,gnb+xgb,1,4
santander,22,support,single_objective_refs,lr+gnb+knn+rf+xgb,1,4
santander,22,support,single_objective_refs,lr,1,4
santander,23,weighted,empirical_reference,gnb+xgb,92,195
santander,23,weighted,empirical_reference,lr+gnb,54,195
santander,23,weighted,empirical_reference,gnb+rf+xgb,16,195
santander,23,weighted,empirical_reference,lr+gnb+xgb,10,195
santander,23,weighted,empirical_reference,lr+gnb+rf+xgb,8,195
santander,23,weighted,empirical_reference,lr,5,195
santander,23,weighted,empirical_reference,gnb+knn+rf+xgb,4,195
santander,23,weighted,empirical_reference,gnb,3,195
santander,23,weighted,empirical_reference,lr+gnb+knn+rf+xgb,2,195
santander,23,weighted,empirical_reference,lr+xgb,1,195
santander,23,weighted,nbi_A,lr+rf+xgb,4,14
santander,23,weighted,nbi_A,gnb+knn+rf+xgb,4,14
santander,23,weighted,nbi_A,lr+gnb+rf,2,14
santander,23,weighted,nbi_A,lr,1,14
santander,23,weighted,nbi_A,lr+gnb+xgb,1,14
santander,23,weighted,nbi_A,gnb+rf+xgb,1,14
santander,23,weighted,nbi_A,lr+gnb+rf+xgb,1,14
santander,23,weighted,nbi_B,gnb+rf+xgb,10,21
santander,23,weighted,nbi_B,lr+gnb+rf,5,21
santander,23,weighted,nbi_B,lr+gnb,4,21
santander,23,weighted,nbi_B,lr,1,21
santander,23,weighted,nbi_B,gnb+xgb,1,21
santander,23,weighted,nbi_C,lr+gnb+xgb,9,21
santander,23,weighted,nbi_C,gnb+rf+xgb,6,21
santander,23,weighted,nbi_C,lr+gnb+rf+xgb,3,21
santander,23,weighted,nbi_C,gnb+xgb,2,21
santander,23,weighted,nbi_C,lr,1,21
santander,23,weighted,ws_random_scalarization,gnb+xgb,45,66
santander,23,weighted,ws_random_scalarization,gnb,14,66
santander,23,weighted,ws_random_scalarization,lr+gnb,3,66
santander,23,weighted,ws_random_scalarization,lr,2,66
santander,23,weighted,ws_random_scalarization,gnb+rf+xgb,2,66
santander,23,weighted,random_dirichlet_budget,lr+gnb+knn+rf+xgb,7,7
santander,23,weighted,design_runs,lr+gnb,3,7
santander,23,weighted,design_runs,gnb+xgb,2,7
santander,23,weighted,design_runs,gnb,1,7
santander,23,weighted,design_runs,lr,1,7
santander,23,weighted,single_objective_refs,gnb,1,4
santander,23,weighted,single_objective_refs,gnb+xgb,1,4
santander,23,weighted,single_objective_refs,gnb+rf+xgb,1,4
santander,23,weighted,single_objective_refs,lr,1,4
santander,23,support,empirical_reference,gnb+rf+xgb,14,42
santander,23,support,empirical_reference,gnb+xgb,13,42
santander,23,support,empirical_reference,lr+gnb+rf+xgb,5,42
santander,23,support,empirical_reference,gnb+knn+rf+xgb,4,42
santander,23,support,empirical_reference,lr+gnb+xgb,2,42
santander,23,support,empirical_reference,lr+gnb+knn+rf+xgb,2,42
santander,23,support,empirical_reference,lr,1,42
santander,23,support,empirical_reference,gnb,1,42
santander,23,support,nbi_A,gnb+knn+rf+xgb,2,8
santander,23,support,nbi_A,gnb+knn+xgb,2,8
santander,23,support,nbi_A,lr,1,8
santander,23,support,nbi_A,lr+gnb+xgb,1,8
santander,23,support,nbi_A,gnb+rf+xgb,1,8
santander,23,support,nbi_A,lr+gnb+rf,1,8
santander,23,support,nbi_B,gnb+rf+xgb,9,12
santander,23,support,nbi_B,lr,1,12
santander,23,support,nbi_B,lr+gnb,1,12
santander,23,support,nbi_B,gnb+xgb,1,12
santander,23,support,nbi_C,gnb+rf+xgb,6,13
santander,23,support,nbi_C,lr+gnb+rf+xgb,3,13
santander,23,support,nbi_C,gnb+xgb,2,13
santander,23,support,nbi_C,lr,1,13
santander,23,support,nbi_C,lr+gnb,1,13
santander,23,support,ws_random_scalarization,gnb,14,19
santander,23,support,ws_random_scalarization,lr,2,19
santander,23,support,ws_random_scalarization,gnb+rf+xgb,2,19
santander,23,support,ws_random_scalarization,gnb+xgb,1,19
santander,23,support,random_dirichlet_budget,lr+gnb+knn+rf+xgb,2,2
santander,23,support,design_runs,gnb+xgb,2,4
santander,23,support,design_runs,gnb,1,4
santander,23,support,design_runs,lr,1,4
santander,23,support,single_objective_refs,gnb,1,4
santander,23,support,single_objective_refs,gnb+xgb,1,4
santander,23,support,single_objective_refs,gnb+rf+xgb,1,4
santander,23,support,single_objective_refs,lr,1,4
santander,24,weighted,empirical_reference,gnb+xgb,97,214
santander,24,weighted,empirical_reference,lr+gnb,46,214
santander,24,weighted,empirical_reference,gnb+rf+xgb,21,214
santander,24,weighted,empirical_reference,gnb+knn+rf+xgb,19,214
santander,24,weighted,empirical_reference,lr+gnb+xgb,12,214
santander,24,weighted,empirical_reference,lr,6,214
santander,24,weighted,empirical_reference,gnb,6,214
santander,24,weighted,empirical_reference,lr+gnb+rf+xgb,6,214
santander,24,weighted,empirical_reference,lr+xgb,1,214
santander,24,weighted,nbi_A,lr+rf+xgb,4,12
santander,24,weighted,nbi_A,gnb+knn+rf+xgb,3,12
santander,24,weighted,nbi_A,lr+gnb+rf+xgb,2,12
santander,24,weighted,nbi_A,lr,1,12
santander,24,weighted,nbi_A,lr+xgb,1,12
santander,24,weighted,nbi_A,gnb+rf+xgb,1,12
santander,24,weighted,nbi_B,gnb+rf+xgb,9,25
santander,24,weighted,nbi_B,gnb+knn+rf+xgb,5,25
santander,24,weighted,nbi_B,lr+gnb+rf,4,25
santander,24,weighted,nbi_B,lr+gnb+xgb,3,25
santander,24,weighted,nbi_B,lr,1,25
santander,24,weighted,nbi_B,lr+gnb,1,25
santander,24,weighted,nbi_B,gnb+xgb,1,25
santander,24,weighted,nbi_B,lr+gnb+knn+rf+xgb,1,25
santander,24,weighted,nbi_C,gnb+knn+rf+xgb,17,40
santander,24,weighted,nbi_C,lr+gnb+xgb,11,40
santander,24,weighted,nbi_C,gnb+rf+xgb,9,40
santander,24,weighted,nbi_C,gnb+xgb,2,40
santander,24,weighted,nbi_C,lr,1,40
santander,24,weighted,ws_random_scalarization,gnb+xgb,52,57
santander,24,weighted,ws_random_scalarization,gnb,3,57
santander,24,weighted,ws_random_scalarization,gnb+rf+xgb,2,57
santander,24,weighted,random_dirichlet_budget,lr+gnb+knn+rf+xgb,5,5
santander,24,weighted,design_runs,lr+gnb,3,7
santander,24,weighted,design_runs,gnb+xgb,2,7
santander,24,weighted,design_runs,gnb,1,7
santander,24,weighted,design_runs,lr,1,7
santander,24,weighted,single_objective_refs,gnb,1,4
santander,24,weighted,single_objective_refs,gnb+xgb,1,4
santander,24,weighted,single_objective_refs,lr+gnb+knn+rf+xgb,1,4
santander,24,weighted,single_objective_refs,lr,1,4
santander,24,support,empirical_reference,gnb+rf+xgb,24,61
santander,24,support,empirical_reference,gnb+knn+rf+xgb,19,61
santander,24,support,empirical_reference,gnb+xgb,15,61
santander,24,support,empirical_reference,gnb,2,61
santander,24,support,empirical_reference,lr,1,61
santander,24,support,nbi_A,gnb+knn+rf+xgb,3,9
santander,24,support,nbi_A,gnb+knn+xgb,2,9
santander,24,support,nbi_A,lr,1,9
santander,24,support,nbi_A,lr+xgb,1,9
santander,24,support,nbi_A,gnb+rf+xgb,1,9
santander,24,support,nbi_A,lr+gnb+rf,1,9
santander,24,support,nbi_B,gnb+rf+xgb,8,17
santander,24,support,nbi_B,gnb+knn+rf+xgb,5,17
santander,24,support,nbi_B,lr,1,17
santander,24,support,nbi_B,lr+gnb,1,17
santander,24,support,nbi_B,gnb+xgb,1,17
santander,24,support,nbi_B,lr+gnb+knn+rf+xgb,1,17
santander,24,support,nbi_C,gnb+knn+rf+xgb,17,30
santander,24,support,nbi_C,gnb+rf+xgb,9,30
santander,24,support,nbi_C,gnb+xgb,2,30
santander,24,support,nbi_C,lr,1,30
santander,24,support,nbi_C,lr+gnb,1,30
santander,24,support,ws_random_scalarization,gnb+rf+xgb,2,5
santander,24,support,ws_random_scalarization,gnb,2,5
santander,24,support,ws_random_scalarization,gnb+xgb,1,5
santander,24,support,random_dirichlet_budget,lr+gnb+knn+rf+xgb,4,4
santander,24,support,design_runs,gnb+xgb,2,4
santander,24,support,design_runs,gnb,1,4
santander,24,support,design_runs,lr,1,4
santander,24,support,single_objective_refs,gnb,1,4
santander,24,support,single_objective_refs,gnb+xgb,1,4
santander,24,support,single_objective_refs,lr+gnb+knn+rf+xgb,1,4
santander,24,support,single_objective_refs,lr,1,4
santander,25,weighted,empirical_reference,gnb+xgb,72,181
santander,25,weighted,empirical_reference,lr+gnb,65,181
santander,25,weighted,empirical_reference,lr,12,181
santander,25,weighted,empirical_reference,gnb+rf+xgb,12,181
santander,25,weighted,empirical_reference,lr+gnb+xgb,7,181
santander,25,weighted,empirical_reference,gnb,6,181
santander,25,weighted,empirical_reference,lr+gnb+rf+xgb,3,181
santander,25,weighted,empirical_reference,gnb+knn+rf+xgb,3,181
santander,25,weighted,empirical_reference,gnb+knn+xgb,1,181
santander,25,weighted,nbi_A,lr+rf+xgb,5,14
santander,25,weighted,nbi_A,gnb+knn+rf+xgb,4,14
santander,25,weighted,nbi_A,lr+gnb+rf,2,14
santander,25,weighted,nbi_A,lr,1,14
santander,25,weighted,nbi_A,lr+gnb+xgb,1,14
santander,25,weighted,nbi_A,gnb+rf+xgb,1,14
santander,25,weighted,nbi_B,gnb+rf+xgb,8,18
santander,25,weighted,nbi_B,lr+gnb+rf,6,18
santander,25,weighted,nbi_B,lr,1,18
santander,25,weighted,nbi_B,lr+gnb,1,18
santander,25,weighted,nbi_B,gnb+xgb,1,18
santander,25,weighted,nbi_B,lr+gnb+xgb,1,18
santander,25,weighted,nbi_C,lr+gnb+xgb,9,21
santander,25,weighted,nbi_C,gnb+rf+xgb,9,21
santander,25,weighted,nbi_C,gnb+xgb,2,21
santander,25,weighted,nbi_C,lr,1,21
santander,25,weighted,ws_random_scalarization,gnb+xgb,31,63
santander,25,weighted,ws_random_scalarization,gnb,17,63
santander,25,weighted,ws_random_scalarization,lr+gnb,11,63
santander,25,weighted,ws_random_scalarization,lr,3,63
santander,25,weighted,ws_random_scalarization,gnb+rf+xgb,1,63
santander,25,weighted,random_dirichlet_budget,lr+gnb+knn+rf+xgb,5,6
santander,25,weighted,random_dirichlet_budget,lr+gnb+rf+xgb,1,6
santander,25,weighted,design_runs,lr+gnb,3,7
santander,25,weighted,design_runs,gnb+xgb,2,7
santander,25,weighted,design_runs,gnb,1,7
santander,25,weighted,design_runs,lr,1,7
santander,25,weighted,single_objective_refs,gnb,1,4
santander,25,weighted,single_objective_refs,gnb+xgb,1,4
santander,25,weighted,single_objective_refs,gnb+rf+xgb,1,4
santander,25,weighted,single_objective_refs,lr,1,4
santander,25,support,empirical_reference,gnb+xgb,13,36
santander,25,support,empirical_reference,gnb+rf+xgb,13,36
santander,25,support,empirical_reference,gnb+knn+rf+xgb,3,36
santander,25,support,empirical_reference,lr+gnb+rf+xgb,2,36
santander,25,support,empirical_reference,gnb,2,36
santander,25,support,empirical_reference,lr+gnb+xgb,1,36
santander,25,support,empirical_reference,gnb+knn+xgb,1,36
santander,25,support,empirical_reference,lr,1,36
santander,25,support,nbi_A,gnb+knn+rf+xgb,2,8
santander,25,support,nbi_A,gnb+knn+xgb,2,8
santander,25,support,nbi_A,lr,1,8
santander,25,support,nbi_A,lr+gnb+xgb,1,8
santander,25,support,nbi_A,gnb+rf+xgb,1,8
santander,25,support,nbi_A,lr+gnb+rf,1,8
santander,25,support,nbi_B,gnb+rf+xgb,7,10
santander,25,support,nbi_B,lr,1,10
santander,25,support,nbi_B,lr+gnb,1,10
santander,25,support,nbi_B,gnb+xgb,1,10
santander,25,support,nbi_C,gnb+rf+xgb,9,13
santander,25,support,nbi_C,gnb+xgb,2,13
santander,25,support,nbi_C,lr,1,13
santander,25,support,nbi_C,lr+gnb,1,13
santander,25,support,ws_random_scalarization,gnb,15,20
santander,25,support,ws_random_scalarization,lr,3,20
santander,25,support,ws_random_scalarization,gnb+xgb,1,20
santander,25,support,ws_random_scalarization,gnb+rf+xgb,1,20
santander,25,support,random_dirichlet_budget,lr+gnb+knn+rf+xgb,1,3
santander,25,support,random_dirichlet_budget,lr+gnb+knn+rf,1,3
santander,25,support,random_dirichlet_budget,lr+gnb+rf+xgb,1,3
santander,25,support,design_runs,gnb+xgb,2,4
santander,25,support,design_runs,gnb,1,4
santander,25,support,design_runs,lr,1,4
santander,25,support,single_objective_refs,gnb,1,4
santander,25,support,single_objective_refs,gnb+xgb,1,4
santander,25,support,single_objective_refs,gnb+rf+xgb,1,4
santander,25,support,single_objective_refs,lr,1,4
santander,26,weighted,empirical_reference,gnb+xgb,95,218
santander,26,weighted,empirical_reference,lr+gnb,55,218
santander,26,weighted,empirical_reference,gnb+knn+rf+xgb,23,218
santander,26,weighted,empirical_reference,gnb+rf+xgb,18,218
santander,26,weighted,empirical_reference,lr+gnb+rf+xgb,10,218
santander,26,weighted,empirical_reference,lr+gnb+xgb,8,218
santander,26,weighted,empirical_reference,lr,5,218
santander,26,weighted,empirical_reference,lr+xgb,2,218
santander,26,weighted,empirical_reference,gnb+knn+xgb,1,218
santander,26,weighted,empirical_reference,gnb,1,218
santander,26,weighted,nbi_A,lr+rf+xgb,4,13
santander,26,weighted,nbi_A,gnb+knn+rf+xgb,4,13
santander,26,weighted,nbi_A,lr+gnb+rf,2,13
santander,26,weighted,nbi_A,lr,1,13
santander,26,weighted,nbi_A,lr+gnb+xgb,1,13
santander,26,weighted,nbi_A,gnb+rf+xgb,1,13
santander,26,weighted,nbi_B,gnb+knn+rf+xgb,8,24
santander,26,weighted,nbi_B,gnb+rf+xgb,7,24
santander,26,weighted,nbi_B,lr+gnb,3,24
santander,26,weighted,nbi_B,lr+gnb+rf,3,24
santander,26,weighted,nbi_B,lr,1,24
santander,26,weighted,nbi_B,gnb+rf,1,24
santander,26,weighted,nbi_B,gnb+xgb,1,24
santander,26,weighted,nbi_C,gnb+knn+rf+xgb,22,38
santander,26,weighted,nbi_C,gnb+rf+xgb,7,38
santander,26,weighted,nbi_C,lr+gnb+xgb,6,38
santander,26,weighted,nbi_C,lr,1,38
santander,26,weighted,nbi_C,gnb+xgb,1,38
santander,26,weighted,nbi_C,lr+gnb+rf+xgb,1,38
santander,26,weighted,ws_random_scalarization,gnb+xgb,49,57
santander,26,weighted,ws_random_scalarization,gnb+rf+xgb,5,57
santander,26,weighted,ws_random_scalarization,gnb,2,57
santander,26,weighted,ws_random_scalarization,lr+gnb,1,57
santander,26,weighted,random_dirichlet_budget,lr+gnb+knn+rf+xgb,5,5
santander,26,weighted,design_runs,lr+gnb,3,7
santander,26,weighted,design_runs,gnb+xgb,2,7
santander,26,weighted,design_runs,gnb,1,7
santander,26,weighted,design_runs,lr,1,7
santander,26,weighted,single_objective_refs,gnb,1,4
santander,26,weighted,single_objective_refs,gnb+xgb,1,4
santander,26,weighted,single_objective_refs,gnb+knn+rf+xgb,1,4
santander,26,weighted,single_objective_refs,lr,1,4
santander,26,support,empirical_reference,gnb+knn+rf+xgb,25,62
santander,26,support,empirical_reference,gnb+rf+xgb,17,62
santander,26,support,empirical_reference,gnb+xgb,10,62
santander,26,support,empirical_reference,lr+gnb+rf+xgb,5,62
santander,26,support,empirical_reference,gnb,2,62
santander,26,support,empirical_reference,lr+gnb+xgb,1,62
santander,26,support,empirical_reference,gnb+knn+xgb,1,62
santander,26,support,empirical_reference,lr,1,62
santander,26,support,nbi_A,gnb+knn+rf+xgb,3,9
santander,26,support,nbi_A,gnb+knn+xgb,2,9
santander,26,support,nbi_A,lr,1,9
santander,26,support,nbi_A,lr+gnb+xgb,1,9
santander,26,support,nbi_A,gnb+rf+xgb,1,9
santander,26,support,nbi_A,lr+gnb+rf,1,9
santander,26,support,nbi_B,gnb+knn+rf+xgb,8,16
santander,26,support,nbi_B,gnb+rf+xgb,5,16
santander,26,support,nbi_B,lr,1,16
santander,26,support,nbi_B,lr+gnb,1,16
santander,26,support,nbi_B,gnb+xgb,1,16
santander,26,support,nbi_C,gnb+knn+rf+xgb,22,32
santander,26,support,nbi_C,gnb+rf+xgb,7,32
santander,26,support,nbi_C,lr,1,32
santander,26,support,nbi_C,gnb+xgb,1,32
santander,26,support,nbi_C,lr+gnb,1,32
santander,26,support,ws_random_scalarization,gnb+rf+xgb,5,8
santander,26,support,ws_random_scalarization,gnb,2,8
santander,26,support,ws_random_scalarization,gnb+xgb,1,8
santander,26,support,random_dirichlet_budget,lr+gnb+knn+rf+xgb,2,3
santander,26,support,random_dirichlet_budget,lr+gnb+knn+rf,1,3
santander,26,support,design_runs,gnb+xgb,2,4
santander,26,support,design_runs,gnb,1,4
santander,26,support,design_runs,lr,1,4
santander,26,support,single_objective_refs,gnb,1,4
santander,26,support,single_objective_refs,gnb+xgb,1,4
santander,26,support,single_objective_refs,gnb+knn+rf+xgb,1,4
santander,26,support,single_objective_refs,lr,1,4
santander,27,weighted,empirical_reference,gnb+xgb,92,213
santander,27,weighted,empirical_reference,lr+gnb,51,213
santander,27,weighted,empirical_reference,gnb+knn+rf+xgb,27,213
santander,27,weighted,empirical_reference,lr+gnb+xgb,12,213
santander,27,weighted,empirical_reference,gnb+rf+xgb,10,213
santander,27,weighted,empirical_reference,lr,6,213
santander,27,weighted,empirical_reference,lr+gnb+rf+xgb,6,213
santander,27,weighted,empirical_reference,gnb,4,213
santander,27,weighted,empirical_reference,lr+gnb+knn+rf+xgb,4,213
santander,27,weighted,empirical_reference,gnb+knn+xgb,1,213
santander,27,weighted,nbi_A,lr+rf+xgb,4,13
santander,27,weighted,nbi_A,gnb+knn+rf+xgb,4,13
santander,27,weighted,nbi_A,lr+gnb+rf+xgb,2,13
santander,27,weighted,nbi_A,lr,1,13
santander,27,weighted,nbi_A,lr+gnb+xgb,1,13
santander,27,weighted,nbi_A,gnb+rf+xgb,1,13
santander,27,weighted,nbi_B,lr+gnb+rf,5,18
santander,27,weighted,nbi_B,lr+gnb+xgb,4,18
santander,27,weighted,nbi_B,gnb+rf+xgb,3,18
santander,27,weighted,nbi_B,gnb+knn+rf+xgb,3,18
santander,27,weighted,nbi_B,lr,1,18
santander,27,weighted,nbi_B,gnb+xgb,1,18
santander,27,weighted,nbi_B,lr+gnb+knn+rf+xgb,1,18
santander,27,weighted,nbi_C,gnb+knn+rf+xgb,28,35
santander,27,weighted,nbi_C,lr+gnb+xgb,4,35
santander,27,weighted,nbi_C,lr,1,35
santander,27,weighted,nbi_C,gnb+xgb,1,35
santander,27,weighted,nbi_C,gnb+knn+xgb,1,35
santander,27,weighted,ws_random_scalarization,gnb+xgb,49,53
santander,27,weighted,ws_random_scalarization,gnb+rf+xgb,4,53
santander,27,weighted,random_dirichlet_budget,lr+gnb+knn+rf+xgb,7,7
santander,27,weighted,design_runs,lr+gnb,3,7
santander,27,weighted,design_runs,gnb+xgb,2,7
santander,27,weighted,design_runs,gnb,1,7
santander,27,weighted,design_runs,lr,1,7
santander,27,weighted,single_objective_refs,gnb,1,4
santander,27,weighted,single_objective_refs,gnb+xgb,1,4
santander,27,weighted,single_objective_refs,lr+gnb+knn+rf+xgb,1,4
santander,27,weighted,single_objective_refs,lr,1,4
santander,27,support,empirical_reference,gnb+knn+rf+xgb,32,65
santander,27,support,empirical_reference,gnb+xgb,11,65
santander,27,support,empirical_reference,gnb+rf+xgb,8,65
santander,27,support,empirical_reference,lr+gnb+rf+xgb,4,65
santander,27,support,empirical_reference,lr+gnb+xgb,2,65
santander,27,support,empirical_reference,lr,2,65
santander,27,support,empirical_reference,gnb,2,65
santander,27,support,empirical_reference,lr+gnb+knn+rf+xgb,2,65
santander,27,support,empirical_reference,lr+gnb,1,65
santander,27,support,empirical_reference,gnb+knn+xgb,1,65
santander,27,support,nbi_A,gnb+knn+rf+xgb,2,8
santander,27,support,nbi_A,gnb+knn+xgb,2,8
santander,27,support,nbi_A,lr,1,8
santander,27,support,nbi_A,lr+gnb+xgb,1,8
santander,27,support,nbi_A,gnb+rf+xgb,1,8
santander,27,support,nbi_A,lr+gnb+rf,1,8
santander,27,support,nbi_B,gnb+rf+xgb,3,9
santander,27,support,nbi_B,gnb+knn+rf+xgb,3,9
santander,27,support,nbi_B,lr,1,9
santander,27,support,nbi_B,gnb+xgb,1,9
santander,27,support,nbi_B,lr+gnb+knn+rf+xgb,1,9
santander,27,support,nbi_C,gnb+knn+rf+xgb,28,31
santander,27,support,nbi_C,lr,1,31
santander,27,support,nbi_C,gnb+xgb,1,31
santander,27,support,nbi_C,gnb+knn+xgb,1,31
santander,27,support,ws_random_scalarization,gnb+rf+xgb,4,5
santander,27,support,ws_random_scalarization,gnb+xgb,1,5
santander,27,support,random_dirichlet_budget,lr+gnb+knn+rf+xgb,3,5
santander,27,support,random_dirichlet_budget,lr+gnb+knn+rf,1,5
santander,27,support,random_dirichlet_budget,gnb+knn+rf+xgb,1,5
santander,27,support,design_runs,gnb+xgb,2,4
santander,27,support,design_runs,gnb,1,4
santander,27,support,design_runs,lr,1,4
santander,27,support,single_objective_refs,gnb,1,4
santander,27,support,single_objective_refs,gnb+xgb,1,4
santander,27,support,single_objective_refs,lr+gnb+knn+rf+xgb,1,4
santander,27,support,single_objective_refs,lr,1,4
santander,28,weighted,empirical_reference,gnb+xgb,89,217
santander,28,weighted,empirical_reference,lr+gnb,53,217
santander,28,weighted,empirical_reference,gnb+knn+rf+xgb,22,217
santander,28,weighted,empirical_reference,gnb+rf+xgb,15,217
santander,28,weighted,empirical_reference,lr+gnb+xgb,14,217
santander,28,weighted,empirical_reference,lr+gnb+rf+xgb,12,217
santander,28,weighted,empirical_reference,lr,6,217
santander,28,weighted,empirical_reference,gnb,5,217
santander,28,weighted,empirical_reference,gnb+knn+xgb,1,217
santander,28,weighted,nbi_A,lr+rf+xgb,4,13
santander,28,weighted,nbi_A,gnb+knn+rf+xgb,4,13
santander,28,weighted,nbi_A,lr+gnb+rf+xgb,2,13
santander,28,weighted,nbi_A,lr,1,13
santander,28,weighted,nbi_A,lr+gnb+xgb,1,13
santander,28,weighted,nbi_A,gnb+rf+xgb,1,13
santander,28,weighted,nbi_B,gnb+rf+xgb,9,25
santander,28,weighted,nbi_B,gnb+knn+rf+xgb,6,25
santander,28,weighted,nbi_B,lr+gnb+xgb,4,25
santander,28,weighted,nbi_B,lr+gnb+rf,4,25
santander,28,weighted,nbi_B,lr,1,25
santander,28,weighted,nbi_B,gnb+xgb,1,25
santander,28,weighted,nbi_C,gnb+knn+rf+xgb,18,40
santander,28,weighted,nbi_C,gnb+rf+xgb,10,40
santander,28,weighted,nbi_C,lr+gnb+xgb,9,40
santander,28,weighted,nbi_C,lr,1,40
santander,28,weighted,nbi_C,gnb+xgb,1,40
santander,28,weighted,nbi_C,lr+gnb,1,40
santander,28,weighted,ws_random_scalarization,gnb+xgb,49,58
santander,28,weighted,ws_random_scalarization,gnb+rf+xgb,5,58
santander,28,weighted,ws_random_scalarization,gnb,2,58
santander,28,weighted,ws_random_scalarization,lr+gnb,2,58
santander,28,weighted,random_dirichlet_budget,lr+gnb+knn+rf+xgb,12,12
santander,28,weighted,design_runs,lr+gnb,3,7
santander,28,weighted,design_runs,gnb+xgb,2,7
santander,28,weighted,design_runs,gnb,1,7
santander,28,weighted,design_runs,lr,1,7
santander,28,weighted,single_objective_refs,gnb,1,4
santander,28,weighted,single_objective_refs,gnb+xgb,1,4
santander,28,weighted,single_objective_refs,gnb+knn+rf+xgb,1,4
santander,28,weighted,single_objective_refs,lr,1,4
santander,28,support,empirical_reference,gnb+knn+rf+xgb,23,63
santander,28,support,empirical_reference,gnb+rf+xgb,17,63
santander,28,support,empirical_reference,gnb+xgb,8,63
santander,28,support,empirical_reference,lr+gnb+rf+xgb,7,63
santander,28,support,empirical_reference,lr+gnb+xgb,4,63
santander,28,support,empirical_reference,lr,2,63
santander,28,support,empirical_reference,gnb,1,63
santander,28,support,empirical_reference,gnb+knn+xgb,1,63
santander,28,support,nbi_A,gnb+knn+rf+xgb,3,9
santander,28,support,nbi_A,gnb+knn+xgb,2,9
santander,28,support,nbi_A,lr,1,9
santander,28,support,nbi_A,lr+gnb+xgb,1,9
santander,28,support,nbi_A,gnb+rf+xgb,1,9
santander,28,support,nbi_A,lr+gnb+rf,1,9
santander,28,support,nbi_B,gnb+rf+xgb,8,16
santander,28,support,nbi_B,gnb+knn+rf+xgb,6,16
santander,28,support,nbi_B,lr,1,16
santander,28,support,nbi_B,gnb+xgb,1,16
santander,28,support,nbi_C,gnb+knn+rf+xgb,18,32
santander,28,support,nbi_C,gnb+rf+xgb,10,32
santander,28,support,nbi_C,lr,1,32
santander,28,support,nbi_C,gnb+xgb,1,32
santander,28,support,nbi_C,lr+gnb,1,32
santander,28,support,nbi_C,lr+gnb+xgb,1,32
santander,28,support,ws_random_scalarization,gnb+rf+xgb,5,8
santander,28,support,ws_random_scalarization,gnb,2,8
santander,28,support,ws_random_scalarization,gnb+xgb,1,8
santander,28,support,random_dirichlet_budget,lr+gnb+knn+rf+xgb,4,5
santander,28,support,random_dirichlet_budget,lr+gnb+knn+xgb,1,5
santander,28,support,design_runs,gnb+xgb,2,4
santander,28,support,design_runs,gnb,1,4
santander,28,support,design_runs,lr,1,4
santander,28,support,single_objective_refs,gnb,1,4
santander,28,support,single_objective_refs,gnb+xgb,1,4
santander,28,support,single_objective_refs,gnb+knn+rf+xgb,1,4
santander,28,support,single_objective_refs,lr,1,4
santander,29,weighted,empirical_reference,gnb+xgb,90,209
santander,29,weighted,empirical_reference,lr+gnb,53,209
santander,29,weighted,empirical_reference,gnb+rf+xgb,26,209
santander,29,weighted,empirical_reference,lr+gnb+xgb,18,209
santander,29,weighted,empirical_reference,gnb,7,209
santander,29,weighted,empirical_reference,lr,6,209
santander,29,weighted,empirical_reference,lr+gnb+rf+xgb,6,209
santander,29,weighted,empirical_reference,gnb+knn+xgb,2,209
santander,29,weighted,empirical_reference,lr+gnb+knn+rf+xgb,1,209
santander,29,weighted,nbi_A,lr+rf+xgb,4,15
santander,29,weighted,nbi_A,lr+gnb+rf+xgb,4,15
santander,29,weighted,nbi_A,gnb+knn+rf+xgb,4,15
santander,29,weighted,nbi_A,lr,1,15
santander,29,weighted,nbi_A,lr+gnb+xgb,1,15
santander,29,weighted,nbi_A,gnb+rf+xgb,1,15
santander,29,weighted,nbi_B,gnb+rf+xgb,9,20
santander,29,weighted,nbi_B,lr+gnb+rf,4,20
santander,29,weighted,nbi_B,lr+gnb,2,20
santander,29,weighted,nbi_B,lr+gnb+xgb,2,20
santander,29,weighted,nbi_B,lr,1,20
santander,29,weighted,nbi_B,gnb+xgb,1,20
santander,29,weighted,nbi_B,lr+gnb+rf+xgb,1,20
santander,29,weighted,nbi_C,gnb+rf+xgb,14,28
santander,29,weighted,nbi_C,lr+gnb+xgb,9,28
santander,29,weighted,nbi_C,gnb+xgb,3,28
santander,29,weighted,nbi_C,lr,1,28
santander,29,weighted,nbi_C,lr+gnb+rf+xgb,1,28
santander,29,weighted,ws_random_scalarization,gnb+xgb,44,53
santander,29,weighted,ws_random_scalarization,lr+gnb,5,53
santander,29,weighted,ws_random_scalarization,gnb+rf+xgb,3,53
santander,29,weighted,ws_random_scalarization,gnb,1,53
santander,29,weighted,random_dirichlet_budget,lr+gnb+rf+xgb,1,3
santander,29,weighted,random_dirichlet_budget,lr+gnb+knn+rf+xgb,1,3
santander,29,weighted,random_dirichlet_budget,lr+gnb+knn+xgb,1,3
santander,29,weighted,design_runs,lr+gnb,3,8
santander,29,weighted,design_runs,gnb+xgb,2,8
santander,29,weighted,design_runs,gnb,1,8
santander,29,weighted,design_runs,lr+gnb+xgb,1,8
santander,29,weighted,design_runs,lr,1,8
santander,29,weighted,single_objective_refs,gnb,1,4
santander,29,weighted,single_objective_refs,gnb+xgb,1,4
santander,29,weighted,single_objective_refs,lr+gnb+rf+xgb,1,4
santander,29,weighted,single_objective_refs,lr,1,4
santander,29,support,empirical_reference,gnb+rf+xgb,21,49
santander,29,support,empirical_reference,gnb+xgb,16,49
santander,29,support,empirical_reference,lr+gnb+xgb,3,49
santander,29,support,empirical_reference,gnb+knn+xgb,2,49
santander,29,support,empirical_reference,lr+gnb+rf+xgb,2,49
santander,29,support,empirical_reference,lr,2,49
santander,29,support,empirical_reference,gnb,2,49
santander,29,support,empirical_reference,lr+gnb+knn+rf+xgb,1,49
santander,29,support,nbi_A,gnb+knn+rf+xgb,3,11
santander,29,support,nbi_A,gnb+knn+xgb,2,11
santander,29,support,nbi_A,lr+gnb+rf+xgb,2,11
santander,29,support,nbi_A,lr,1,11
santander,29,support,nbi_A,lr+gnb+xgb,1,11
santander,29,support,nbi_A,gnb+rf+xgb,1,11
santander,29,support,nbi_A,lr+rf+xgb,1,11
santander,29,support,nbi_B,gnb+rf+xgb,7,11
santander,29,support,nbi_B,lr,1,11
santander,29,support,nbi_B,lr+gnb,1,11
santander,29,support,nbi_B,gnb+xgb,1,11
santander,29,support,nbi_B,lr+gnb+rf+xgb,1,11
santander,29,support,nbi_C,gnb+rf+xgb,12,18
santander,29,support,nbi_C,gnb+xgb,3,18
santander,29,support,nbi_C,lr,1,18
santander,29,support,nbi_C,lr+gnb,1,18
santander,29,support,nbi_C,lr+gnb+rf+xgb,1,18
santander,29,support,ws_random_scalarization,gnb,11,16
santander,29,support,ws_random_scalarization,gnb+rf+xgb,3,16
santander,29,support,ws_random_scalarization,gnb+xgb,2,16
santander,29,support,random_dirichlet_budget,lr+gnb+rf+xgb,1,3
santander,29,support,random_dirichlet_budget,lr+gnb+knn+rf+xgb,1,3
santander,29,support,random_dirichlet_budget,lr+gnb+knn+xgb,1,3
santander,29,support,design_runs,gnb+xgb,2,4
santander,29,support,design_runs,gnb,1,4
santander,29,support,design_runs,lr,1,4
santander,29,support,single_objective_refs,gnb,1,4
santander,29,support,single_objective_refs,gnb+xgb,1,4
santander,29,support,single_objective_refs,lr+gnb+rf+xgb,1,4
santander,29,support,single_objective_refs,lr,1,4
bnp,0,weighted,empirical_reference,lr+xgb,61,186
bnp,0,weighted,empirical_reference,lr+gnb+rf+xgb,51,186
bnp,0,weighted,empirical_reference,lr+rf+xgb,45,186
bnp,0,weighted,empirical_reference,lr+gnb+xgb,27,186
bnp,0,weighted,empirical_reference,lr,2,186
bnp,0,weighted,nbi_A,lr+xgb,7,8
bnp,0,weighted,nbi_A,lr,1,8
bnp,0,weighted,nbi_B,lr+xgb,23,43
bnp,0,weighted,nbi_B,lr+gnb+xgb,17,43
bnp,0,weighted,nbi_B,lr,1,43
bnp,0,weighted,nbi_B,lr+gnb+rf+xgb,1,43
bnp,0,weighted,nbi_B,lr+rf+xgb,1,43
bnp,0,weighted,nbi_C,lr+rf+xgb,18,36
bnp,0,weighted,nbi_C,lr+gnb+xgb,11,36
bnp,0,weighted,nbi_C,lr+gnb+rf+xgb,6,36
bnp,0,weighted,nbi_C,lr,1,36
bnp,0,weighted,ws_random_scalarization,xgb,1,2
bnp,0,weighted,ws_random_scalarization,lr,1,2
bnp,0,weighted,random_dirichlet_budget,lr+gnb+knn+rf+xgb,4,4
bnp,0,weighted,design_runs,lr+xgb,3,7
bnp,0,weighted,design_runs,rf+xgb,2,7
bnp,0,weighted,design_runs,lr+rf+xgb,1,7
bnp,0,weighted,design_runs,lr,1,7
bnp,0,weighted,single_objective_refs,lr+gnb+rf+xgb,1,4
bnp,0,weighted,single_objective_refs,lr+rf+xgb,1,4
bnp,0,weighted,single_objective_refs,xgb,1,4
bnp,0,weighted,single_objective_refs,lr,1,4
bnp,0,support,empirical_reference,rf+xgb,19,59
bnp,0,support,empirical_reference,lr+rf+xgb,16,59
bnp,0,support,empirical_reference,lr+gnb+xgb,10,59
bnp,0,support,empirical_reference,lr+xgb,5,59
bnp,0,support,empirical_reference,lr+gnb+rf+xgb,5,59
bnp,0,support,empirical_reference,lr,3,59
bnp,0,support,empirical_reference,xgb,1,59
bnp,0,support,nbi_A,xgb,11,20
bnp,0,support,nbi_A,lr+xgb,8,20
bnp,0,support,nbi_A,lr,1,20
bnp,0,support,nbi_B,lr+gnb+xgb,5,9
bnp,0,support,nbi_B,lr,1,9
bnp,0,support,nbi_B,lr+gnb+rf+xgb,1,9
bnp,0,support,nbi_B,lr+xgb,1,9
bnp,0,support,nbi_B,lr+rf+xgb,1,9
bnp,0,support,nbi_C,lr+rf+xgb,10,13
bnp,0,support,nbi_C,lr,1,13
bnp,0,support,nbi_C,lr+gnb+rf+xgb,1,13
bnp,0,support,nbi_C,lr+gnb+xgb,1,13
bnp,0,support,ws_random_scalarization,xgb,65,66
bnp,0,support,ws_random_scalarization,lr,1,66
bnp,0,support,random_dirichlet_budget,lr+gnb+knn+rf+xgb,1,2
bnp,0,support,random_dirichlet_budget,gnb+knn+rf+xgb,1,2
bnp,0,support,design_runs,rf+xgb,2,5
bnp,0,support,design_runs,xgb,1,5
bnp,0,support,design_runs,lr+xgb,1,5
bnp,0,support,design_runs,lr,1,5
bnp,0,support,single_objective_refs,xgb,3,6
bnp,0,support,single_objective_refs,lr+gnb+rf+xgb,1,6
bnp,0,support,single_objective_refs,lr+rf+xgb,1,6
bnp,0,support,single_objective_refs,lr,1,6
bnp,1,weighted,empirical_reference,lr+gnb+rf+xgb,64,221
bnp,1,weighted,empirical_reference,lr+gnb+xgb,56,221
bnp,1,weighted,empirical_reference,lr+xgb,47,221
bnp,1,weighted,empirical_reference,lr+rf+xgb,47,221
bnp,1,weighted,empirical_reference,lr,6,221
bnp,1,weighted,empirical_reference,lr+gnb,1,221
bnp,1,weighted,nbi_A,lr+xgb,7,8
bnp,1,weighted,nbi_A,lr,1,8
bnp,1,weighted,nbi_B,lr+gnb+xgb,39,46
bnp,1,weighted,nbi_B,lr+xgb,4,46
bnp,1,weighted,nbi_B,lr,1,46
bnp,1,weighted,nbi_B,lr+gnb+rf+xgb,1,46
bnp,1,weighted,nbi_B,lr+rf+xgb,1,46
bnp,1,weighted,nbi_C,lr+rf+xgb,13,35
bnp,1,weighted,nbi_C,lr+gnb+xgb,11,35
bnp,1,weighted,nbi_C,lr+gnb+rf+xgb,10,35
bnp,1,weighted,nbi_C,lr,1,35
bnp,1,weighted,ws_random_scalarization,xgb,1,1
bnp,1,weighted,random_dirichlet_budget,lr+gnb+knn+rf+xgb,3,3
bnp,1,weighted,design_runs,lr+xgb,3,6
bnp,1,weighted,design_runs,lr+rf+xgb,1,6
bnp,1,weighted,design_runs,lr,1,6
bnp,1,weighted,design_runs,rf+xgb,1,6
bnp,1,weighted,single_objective_refs,xgb,2,5
bnp,1,weighted,single_objective_refs,lr+gnb+rf+xgb,1,5
bnp,1,weighted,single_objective_refs,lr+rf+xgb,1,5
bnp,1,weighted,single_objective_refs,lr,1,5
bnp,1,support,empirical_reference,lr+rf+xgb,18,60
bnp,1,support,empirical_reference,lr+xgb,10,60
bnp,1,support,empirical_reference,lr+gnb+rf+xgb,9,60
bnp,1,support,empirical_reference,lr+gnb+xgb,9,60
bnp,1,support,empirical_reference,rf+xgb,8,60
bnp,1,support,empirical_reference,xgb,4,60
bnp,1,support,empirical_reference,lr,2,60
bnp,1,support,nbi_A,lr+xgb,15,27
bnp,1,support,nbi_A,xgb,11,27
bnp,1,support,nbi_A,lr,1,27
bnp,1,support,nbi_B,lr+gnb+xgb,6,10
bnp,1,support,nbi_B,lr,1,10
bnp,1,support,nbi_B,lr+gnb+rf+xgb,1,10
bnp,1,support,nbi_B,lr+xgb,1,10
bnp,1,support,nbi_B,lr+rf+xgb,1,10
bnp,1,support,nbi_C,lr+rf+xgb,7,13
bnp,1,support,nbi_C,lr+gnb+rf+xgb,4,13
bnp,1,support,nbi_C,lr,1,13
bnp,1,support,nbi_C,lr+gnb+xgb,1,13
bnp,1,support,ws_random_scalarization,xgb,66,66
bnp,1,support,random_dirichlet_budget,lr+gnb+knn+rf+xgb,2,3
bnp,1,support,random_dirichlet_budget,lr+knn+rf+xgb,1,3
bnp,1,support,design_runs,xgb,1,5
bnp,1,support,design_runs,lr+xgb,1,5
bnp,1,support,design_runs,lr+rf+xgb,1,5
bnp,1,support,design_runs,lr,1,5
bnp,1,support,design_runs,rf+xgb,1,5
bnp,1,support,single_objective_refs,xgb,3,6
bnp,1,support,single_objective_refs,lr+gnb+rf+xgb,1,6
bnp,1,support,single_objective_refs,lr+rf+xgb,1,6
bnp,1,support,single_objective_refs,lr,1,6
bnp,2,weighted,empirical_reference,lr+gnb+rf+xgb,60,182
bnp,2,weighted,empirical_reference,lr+gnb+xgb,42,182
bnp,2,weighted,empirical_reference,lr+xgb,37,182
bnp,2,weighted,empirical_reference,lr+rf+xgb,33,182
bnp,2,weighted,empirical_reference,lr,10,182
bnp,2,weighted,nbi_A,lr+xgb,6,7
bnp,2,weighted,nbi_A,lr,1,7
bnp,2,weighted,nbi_B,lr+gnb+xgb,37,43
bnp,2,weighted,nbi_B,lr+xgb,3,43
bnp,2,weighted,nbi_B,lr,1,43
bnp,2,weighted,nbi_B,lr+gnb+rf+xgb,1,43
bnp,2,weighted,nbi_B,lr+rf+xgb,1,43
bnp,2,weighted,nbi_C,lr+rf+xgb,19,34
bnp,2,weighted,nbi_C,lr+gnb+xgb,10,34
bnp,2,weighted,nbi_C,lr+gnb+rf+xgb,4,34
bnp,2,weighted,nbi_C,lr,1,34
bnp,2,weighted,ws_random_scalarization,xgb,1,1
bnp,2,weighted,random_dirichlet_budget,lr+gnb+knn+rf+xgb,4,4
bnp,2,weighted,design_runs,lr+xgb,3,6
bnp,2,weighted,design_runs,lr+rf+xgb,1,6
bnp,2,weighted,design_runs,lr,1,6
bnp,2,weighted,design_runs,rf+xgb,1,6
bnp,2,weighted,single_objective_refs,xgb,2,5
bnp,2,weighted,single_objective_refs,lr+gnb+rf+xgb,1,5
bnp,2,weighted,single_objective_refs,lr+rf+xgb,1,5
bnp,2,weighted,single_objective_refs,lr,1,5
bnp,2,support,empirical_reference,lr+rf+xgb,21,75
bnp,2,support,empirical_reference,rf+xgb,13,75
bnp,2,support,empirical_reference,lr+xgb,12,75
bnp,2,support,empirical_reference,lr+gnb+rf+xgb,10,75
bnp,2,support,empirical_reference,lr+gnb+xgb,9,75
bnp,2,support,empirical_reference,lr,6,75
bnp,2,support,empirical_reference,xgb,4,75
bnp,2,support,nbi_A,xgb,11,19
bnp,2,support,nbi_A,lr+xgb,7,19
bnp,2,support,nbi_A,lr,1,19
bnp,2,support,nbi_B,lr+gnb+xgb,5,9
bnp,2,support,nbi_B,lr,1,9
bnp,2,support,nbi_B,lr+gnb+rf+xgb,1,9
bnp,2,support,nbi_B,lr+xgb,1,9
bnp,2,support,nbi_B,lr+rf+xgb,1,9
bnp,2,support,nbi_C,lr+rf+xgb,8,14
bnp,2,support,nbi_C,lr+gnb+rf+xgb,3,14
bnp,2,support,nbi_C,lr,1,14
bnp,2,support,nbi_C,lr+xgb,1,14
bnp,2,support,nbi_C,lr+gnb+xgb,1,14
bnp,2,support,ws_random_scalarization,xgb,66,66
bnp,2,support,random_dirichlet_budget,lr+gnb+knn+rf+xgb,1,2
bnp,2,support,random_dirichlet_budget,gnb+knn+rf+xgb,1,2
bnp,2,support,design_runs,xgb,1,5
bnp,2,support,design_runs,lr+xgb,1,5
bnp,2,support,design_runs,lr+rf+xgb,1,5
bnp,2,support,design_runs,lr,1,5
bnp,2,support,design_runs,rf+xgb,1,5
bnp,2,support,single_objective_refs,xgb,3,6
bnp,2,support,single_objective_refs,lr+gnb+rf+xgb,1,6
bnp,2,support,single_objective_refs,lr+rf+xgb,1,6
bnp,2,support,single_objective_refs,lr,1,6
bnp,3,weighted,empirical_reference,lr+gnb+rf+xgb,55,186
bnp,3,weighted,empirical_reference,lr+rf+xgb,44,186
bnp,3,weighted,empirical_reference,lr+xgb,41,186
bnp,3,weighted,empirical_reference,lr+gnb+xgb,33,186
bnp,3,weighted,empirical_reference,lr,12,186
bnp,3,weighted,empirical_reference,lr+gnb,1,186
bnp,3,weighted,nbi_A,lr+xgb,7,8
bnp,3,weighted,nbi_A,lr,1,8
bnp,3,weighted,nbi_B,lr+gnb+xgb,35,43
bnp,3,weighted,nbi_B,lr+xgb,5,43
bnp,3,weighted,nbi_B,lr,1,43
bnp,3,weighted,nbi_B,lr+gnb+rf+xgb,1,43
bnp,3,weighted,nbi_B,lr+rf+xgb,1,43
bnp,3,weighted,nbi_C,lr+rf+xgb,20,32
bnp,3,weighted,nbi_C,lr+gnb+xgb,7,32
bnp,3,weighted,nbi_C,lr+gnb+rf+xgb,4,32
bnp,3,weighted,nbi_C,lr,1,32
bnp,3,weighted,ws_random_scalarization,lr,2,3
bnp,3,weighted,ws_random_scalarization,xgb,1,3
bnp,3,weighted,random_dirichlet_budget,lr+gnb+knn+rf+xgb,4,5
bnp,3,weighted,random_dirichlet_budget,lr+gnb+rf+xgb,1,5
bnp,3,weighted,design_runs,lr+xgb,3,6
bnp,3,weighted,design_runs,lr+rf+xgb,1,6
bnp,3,weighted,design_runs,lr,1,6
bnp,3,weighted,design_runs,rf+xgb,1,6
bnp,3,weighted,single_objective_refs,xgb,1,4
bnp,3,weighted,single_objective_refs,lr+gnb+rf+xgb,1,4
bnp,3,weighted,single_objective_refs,lr+rf+xgb,1,4
bnp,3,weighted,single_objective_refs,lr,1,4
bnp,3,support,empirical_reference,lr+rf+xgb,20,62
bnp,3,support,empirical_reference,rf+xgb,17,62
bnp,3,support,empirical_reference,lr+gnb+xgb,8,62
bnp,3,support,empirical_reference,lr+gnb+rf+xgb,7,62
bnp,3,support,empirical_reference,lr+xgb,5,62
bnp,3,support,empirical_reference,xgb,4,62
bnp,3,support,empirical_reference,lr,1,62
bnp,3,support,nbi_A,lr+xgb,15,27
bnp,3,support,nbi_A,xgb,11,27
bnp,3,support,nbi_A,lr,1,27
bnp,3,support,nbi_B,lr+gnb+xgb,5,9
bnp,3,support,nbi_B,lr,1,9
bnp,3,support,nbi_B,lr+gnb+rf+xgb,1,9
bnp,3,support,nbi_B,lr+xgb,1,9
bnp,3,support,nbi_B,lr+rf+xgb,1,9
bnp,3,support,nbi_C,lr+rf+xgb,8,14
bnp,3,support,nbi_C,lr+gnb+rf+xgb,3,14
bnp,3,support,nbi_C,lr+gnb+xgb,2,14
bnp,3,support,nbi_C,lr,1,14
bnp,3,support,ws_random_scalarization,xgb,64,66
bnp,3,support,ws_random_scalarization,lr,2,66
bnp,3,support,random_dirichlet_budget,lr+gnb+rf+xgb,1,3
bnp,3,support,random_dirichlet_budget,lr+gnb+knn+rf+xgb,1,3
bnp,3,support,random_dirichlet_budget,lr+gnb+knn+xgb,1,3
bnp,3,support,design_runs,xgb,1,5
bnp,3,support,design_runs,lr+xgb,1,5
bnp,3,support,design_runs,lr+rf+xgb,1,5
bnp,3,support,design_runs,lr,1,5
bnp,3,support,design_runs,rf+xgb,1,5
bnp,3,support,single_objective_refs,xgb,3,6
bnp,3,support,single_objective_refs,lr+gnb+rf+xgb,1,6
bnp,3,support,single_objective_refs,lr+rf+xgb,1,6
bnp,3,support,single_objective_refs,lr,1,6
bnp,4,weighted,empirical_reference,lr+gnb+rf+xgb,59,178
bnp,4,weighted,empirical_reference,lr+xgb,39,178
bnp,4,weighted,empirical_reference,lr+gnb+xgb,37,178
bnp,4,weighted,empirical_reference,lr+rf+xgb,33,178
bnp,4,weighted,empirical_reference,lr,9,178
bnp,4,weighted,empirical_reference,lr+knn+rf+xgb,1,178
bnp,4,weighted,nbi_A,lr+xgb,7,8
bnp,4,weighted,nbi_A,lr,1,8
bnp,4,weighted,nbi_B,lr+gnb+xgb,33,44
bnp,4,weighted,nbi_B,lr+xgb,8,44
bnp,4,weighted,nbi_B,lr,1,44
bnp,4,weighted,nbi_B,lr+gnb+rf+xgb,1,44
bnp,4,weighted,nbi_B,lr+rf+xgb,1,44
bnp,4,weighted,nbi_C,lr+rf+xgb,13,32
bnp,4,weighted,nbi_C,lr+gnb+rf+xgb,10,32
bnp,4,weighted,nbi_C,lr+gnb+xgb,8,32
bnp,4,weighted,nbi_C,lr,1,32
bnp,4,weighted,ws_random_scalarization,xgb,1,1
bnp,4,weighted,random_dirichlet_budget,lr+gnb+knn+rf+xgb,6,6
bnp,4,weighted,design_runs,lr+xgb,3,7
bnp,4,weighted,design_runs,rf+xgb,2,7
bnp,4,weighted,design_runs,lr+rf+xgb,1,7
bnp,4,weighted,design_runs,lr,1,7
bnp,4,weighted,single_objective_refs,lr+gnb+rf+xgb,1,4
bnp,4,weighted,single_objective_refs,lr+rf+xgb,1,4
bnp,4,weighted,single_objective_refs,xgb,1,4
bnp,4,weighted,single_objective_refs,lr,1,4
bnp,4,support,empirical_reference,lr+rf+xgb,17,61
bnp,4,support,empirical_reference,lr+xgb,12,61
bnp,4,support,empirical_reference,lr+gnb+rf+xgb,11,61
bnp,4,support,empirical_reference,rf+xgb,9,61
bnp,4,support,empirical_reference,lr+gnb+xgb,9,61
bnp,4,support,empirical_reference,lr,1,61
bnp,4,support,empirical_reference,lr+knn+rf+xgb,1,61
bnp,4,support,empirical_reference,xgb,1,61
bnp,4,support,nbi_A,lr+xgb,15,27
bnp,4,support,nbi_A,xgb,11,27
bnp,4,support,nbi_A,lr,1,27
bnp,4,support,nbi_B,lr+gnb+xgb,6,10
bnp,4,support,nbi_B,lr,1,10
bnp,4,support,nbi_B,lr+gnb+rf+xgb,1,10
bnp,4,support,nbi_B,lr+xgb,1,10
bnp,4,support,nbi_B,lr+rf+xgb,1,10
bnp,4,support,nbi_C,lr+rf+xgb,8,13
bnp,4,support,nbi_C,lr+gnb+rf+xgb,3,13
bnp,4,support,nbi_C,lr,1,13
bnp,4,support,nbi_C,lr+gnb+xgb,1,13
bnp,4,support,ws_random_scalarization,xgb,66,66
bnp,4,support,random_dirichlet_budget,lr+gnb+knn+rf+xgb,1,2
bnp,4,support,random_dirichlet_budget,lr+gnb+knn+xgb,1,2
bnp,4,support,design_runs,rf+xgb,2,6
bnp,4,support,design_runs,xgb,1,6
bnp,4,support,design_runs,lr+xgb,1,6
bnp,4,support,design_runs,lr+rf+xgb,1,6
bnp,4,support,design_runs,lr,1,6
bnp,4,support,single_objective_refs,xgb,3,6
bnp,4,support,single_objective_refs,lr+gnb+rf+xgb,1,6
bnp,4,support,single_objective_refs,lr+rf+xgb,1,6
bnp,4,support,single_objective_refs,lr,1,6
bnp,5,weighted,empirical_reference,lr+gnb+rf+xgb,54,178
bnp,5,weighted,empirical_reference,lr+xgb,49,178
bnp,5,weighted,empirical_reference,lr+gnb+xgb,41,178
bnp,5,weighted,empirical_reference,lr+rf+xgb,28,178
bnp,5,weighted,empirical_reference,lr,5,178
bnp,5,weighted,empirical_reference,lr+gnb+knn+rf+xgb,1,178
bnp,5,weighted,nbi_A,lr+xgb,31,32
bnp,5,weighted,nbi_A,lr,1,32
bnp,5,weighted,nbi_B,lr+gnb+xgb,38,44
bnp,5,weighted,nbi_B,lr+xgb,3,44
bnp,5,weighted,nbi_B,lr,1,44
bnp,5,weighted,nbi_B,lr+gnb+rf+xgb,1,44
bnp,5,weighted,nbi_B,lr+rf+xgb,1,44
bnp,5,weighted,nbi_C,lr+rf+xgb,15,34
bnp,5,weighted,nbi_C,lr+gnb+xgb,12,34
bnp,5,weighted,nbi_C,lr+gnb+rf+xgb,6,34
bnp,5,weighted,nbi_C,lr,1,34
bnp,5,weighted,ws_random_scalarization,xgb,1,1
bnp,5,weighted,random_dirichlet_budget,lr+gnb+knn+rf+xgb,5,7
bnp,5,weighted,random_dirichlet_budget,lr+gnb+rf+xgb,1,7
bnp,5,weighted,random_dirichlet_budget,gnb+knn+rf+xgb,1,7
bnp,5,weighted,design_runs,lr+xgb,3,6
bnp,5,weighted,design_runs,lr+rf+xgb,1,6
bnp,5,weighted,design_runs,lr,1,6
bnp,5,weighted,design_runs,rf+xgb,1,6
bnp,5,weighted,single_objective_refs,xgb,1,4
bnp,5,weighted,single_objective_refs,lr+gnb+rf+xgb,1,4
bnp,5,weighted,single_objective_refs,lr+rf+xgb,1,4
bnp,5,weighted,single_objective_refs,lr,1,4
bnp,5,support,empirical_reference,lr+rf+xgb,15,49
bnp,5,support,empirical_reference,lr+gnb+rf+xgb,13,49
bnp,5,support,empirical_reference,lr+gnb+xgb,10,49
bnp,5,support,empirical_reference,rf+xgb,6,49
bnp,5,support,empirical_reference,lr+xgb,2,49
bnp,5,support,empirical_reference,lr+gnb+knn+rf+xgb,1,49
bnp,5,support,empirical_reference,lr,1,49
bnp,5,support,empirical_reference,xgb,1,49
bnp,5,support,nbi_A,lr+xgb,15,27
bnp,5,support,nbi_A,xgb,11,27
bnp,5,support,nbi_A,lr,1,27
bnp,5,support,nbi_B,lr+gnb+xgb,6,10
bnp,5,support,nbi_B,lr,1,10
bnp,5,support,nbi_B,lr+gnb+rf+xgb,1,10
bnp,5,support,nbi_B,lr+xgb,1,10
bnp,5,support,nbi_B,lr+rf+xgb,1,10
bnp,5,support,nbi_C,lr+rf+xgb,8,13
bnp,5,support,nbi_C,lr+gnb+rf+xgb,3,13
bnp,5,support,nbi_C,lr,1,13
bnp,5,support,nbi_C,lr+gnb+xgb,1,13
bnp,5,support,ws_random_scalarization,xgb,66,66
bnp,5,support,random_dirichlet_budget,lr+gnb+knn+rf+xgb,2,4
bnp,5,support,random_dirichlet_budget,lr+gnb+rf+xgb,1,4
bnp,5,support,random_dirichlet_budget,gnb+knn+rf+xgb,1,4
bnp,5,support,design_runs,xgb,1,5
bnp,5,support,design_runs,lr+xgb,1,5
bnp,5,support,design_runs,lr+rf+xgb,1,5
bnp,5,support,design_runs,lr,1,5
bnp,5,support,design_runs,rf+xgb,1,5
bnp,5,support,single_objective_refs,xgb,3,6
bnp,5,support,single_objective_refs,lr+gnb+rf+xgb,1,6
bnp,5,support,single_objective_refs,lr+rf+xgb,1,6
bnp,5,support,single_objective_refs,lr,1,6
bnp,6,weighted,empirical_reference,lr+xgb,45,166
bnp,6,weighted,empirical_reference,lr+gnb+rf+xgb,44,166
bnp,6,weighted,empirical_reference,lr+gnb+xgb,36,166
bnp,6,weighted,empirical_reference,lr+rf+xgb,33,166
bnp,6,weighted,empirical_reference,lr,8,166
bnp,6,weighted,nbi_A,lr+xgb,7,8
bnp,6,weighted,nbi_A,lr,1,8
bnp,6,weighted,nbi_B,lr+gnb+xgb,28,47
bnp,6,weighted,nbi_B,lr+xgb,16,47
bnp,6,weighted,nbi_B,lr,1,47
bnp,6,weighted,nbi_B,lr+gnb+rf+xgb,1,47
bnp,6,weighted,nbi_B,lr+rf+xgb,1,47
bnp,6,weighted,nbi_C,lr+rf+xgb,18,36
bnp,6,weighted,nbi_C,lr+gnb+xgb,10,36
bnp,6,weighted,nbi_C,lr+gnb+rf+xgb,7,36
bnp,6,weighted,nbi_C,lr,1,36
bnp,6,weighted,ws_random_scalarization,xgb,1,1
bnp,6,weighted,random_dirichlet_budget,lr+gnb+knn+rf+xgb,1,2
bnp,6,weighted,random_dirichlet_budget,lr+gnb+rf+xgb,1,2
bnp,6,weighted,design_runs,lr+xgb,3,6
bnp,6,weighted,design_runs,lr+rf+xgb,1,6
bnp,6,weighted,design_runs,lr,1,6
bnp,6,weighted,design_runs,rf+xgb,1,6
bnp,6,weighted,single_objective_refs,xgb,1,4
bnp,6,weighted,single_objective_refs,lr+gnb+rf+xgb,1,4
bnp,6,weighted,single_objective_refs,lr+rf+xgb,1,4
bnp,6,weighted,single_objective_refs,lr,1,4
bnp,6,support,empirical_reference,lr+rf+xgb,20,50
bnp,6,support,empirical_reference,lr+gnb+xgb,9,50
bnp,6,support,empirical_reference,lr+gnb+rf+xgb,6,50
bnp,6,support,empirical_reference,rf+xgb,5,50
bnp,6,support,empirical_reference,lr,5,50
bnp,6,support,empirical_reference,lr+xgb,4,50
bnp,6,support,empirical_reference,xgb,1,50
bnp,6,support,nbi_A,lr+xgb,15,27
bnp,6,support,nbi_A,xgb,11,27
bnp,6,support,nbi_A,lr,1,27
bnp,6,support,nbi_B,lr+gnb+xgb,7,11
bnp,6,support,nbi_B,lr,1,11
bnp,6,support,nbi_B,lr+gnb+rf+xgb,1,11
bnp,6,support,nbi_B,lr+xgb,1,11
bnp,6,support,nbi_B,lr+rf+xgb,1,11
bnp,6,support,nbi_C,lr+rf+xgb,9,14
bnp,6,support,nbi_C,lr+gnb+rf+xgb,2,14
bnp,6,support,nbi_C,lr+gnb+xgb,2,14
bnp,6,support,nbi_C,lr,1,14
bnp,6,support,ws_random_scalarization,xgb,66,66
bnp,6,support,random_dirichlet_budget,lr+gnb+knn+rf+xgb,1,2
bnp,6,support,random_dirichlet_budget,lr+gnb+rf+xgb,1,2
bnp,6,support,design_runs,xgb,1,5
bnp,6,support,design_runs,lr+xgb,1,5
bnp,6,support,design_runs,lr+rf+xgb,1,5
bnp,6,support,design_runs,lr,1,5
bnp,6,support,design_runs,rf+xgb,1,5
bnp,6,support,single_objective_refs,xgb,3,6
bnp,6,support,single_objective_refs,lr+gnb+rf+xgb,1,6
bnp,6,support,single_objective_refs,lr+rf+xgb,1,6
bnp,6,support,single_objective_refs,lr,1,6
bnp,7,weighted,empirical_reference,lr+gnb+rf+xgb,48,125
bnp,7,weighted,empirical_reference,lr+rf+xgb,30,125
bnp,7,weighted,empirical_reference,lr+xgb,26,125
bnp,7,weighted,empirical_reference,lr+gnb+xgb,16,125
bnp,7,weighted,empirical_reference,lr,5,125
bnp,7,weighted,nbi_A,lr+gnb+knn+xgb,16,24
bnp,7,weighted,nbi_A,lr+gnb+xgb,7,24
bnp,7,weighted,nbi_A,lr,1,24
bnp,7,weighted,nbi_B,lr+gnb+xgb,3,6
bnp,7,weighted,nbi_B,lr,1,6
bnp,7,weighted,nbi_B,lr+gnb+rf+xgb,1,6
bnp,7,weighted,nbi_B,lr+rf+xgb,1,6
bnp,7,weighted,nbi_C,lr+gnb+rf+xgb,12,37
bnp,7,weighted,nbi_C,lr+rf+xgb,12,37
bnp,7,weighted,nbi_C,lr+gnb+xgb,11,37
bnp,7,weighted,nbi_C,lr,1,37
bnp,7,weighted,nbi_C,lr+xgb,1,37
bnp,7,weighted,ws_random_scalarization,lr+gnb,1,2
bnp,7,weighted,ws_random_scalarization,lr+gnb+xgb,1,2
bnp,7,weighted,random_dirichlet_budget,lr+gnb+knn+rf+xgb,6,6
bnp,7,weighted,design_runs,lr+xgb,3,6
bnp,7,weighted,design_runs,lr+rf+xgb,1,6
bnp,7,weighted,design_runs,lr,1,6
bnp,7,weighted,design_runs,rf+xgb,1,6
bnp,7,weighted,single_objective_refs,xgb,1,4
bnp,7,weighted,single_objective_refs,lr+gnb+rf+xgb,1,4
bnp,7,weighted,single_objective_refs,lr+rf+xgb,1,4
bnp,7,weighted,single_objective_refs,lr,1,4
bnp,7,support,empirical_reference,lr+rf+xgb,20,46
bnp,7,support,empirical_reference,rf+xgb,9,46
bnp,7,support,empirical_reference,lr+xgb,5,46
bnp,7,support,empirical_reference,lr+gnb+rf+xgb,5,46
bnp,7,support,empirical_reference,lr+gnb+xgb,4,46
bnp,7,support,empirical_reference,lr,2,46
bnp,7,support,empirical_reference,xgb,1,46
bnp,7,support,nbi_A,lr+gnb+xgb,4,7
bnp,7,support,nbi_A,lr,1,7
bnp,7,support,nbi_A,gnb+xgb,1,7
bnp,7,support,nbi_A,lr+gnb+knn+xgb,1,7
bnp,7,support,nbi_B,lr+gnb+xgb,3,6
bnp,7,support,nbi_B,lr,1,6
bnp,7,support,nbi_B,lr+gnb+rf+xgb,1,6
bnp,7,support,nbi_B,lr+rf+xgb,1,6
bnp,7,support,nbi_C,lr+rf+xgb,9,14
bnp,7,support,nbi_C,lr+gnb+rf+xgb,2,14
bnp,7,support,nbi_C,lr,1,14
bnp,7,support,nbi_C,lr+xgb,1,14
bnp,7,support,nbi_C,lr+gnb+xgb,1,14
bnp,7,support,ws_random_scalarization,gnb+xgb,1,3
bnp,7,support,ws_random_scalarization,lr+gnb,1,3
bnp,7,support,ws_random_scalarization,lr+gnb+xgb,1,3
bnp,7,support,random_dirichlet_budget,lr+gnb+knn+rf+xgb,2,2
bnp,7,support,design_runs,xgb,1,5
bnp,7,support,design_runs,lr+xgb,1,5
bnp,7,support,design_runs,lr+rf+xgb,1,5
bnp,7,support,design_runs,lr,1,5
bnp,7,support,design_runs,rf+xgb,1,5
bnp,7,support,single_objective_refs,xgb,1,4
bnp,7,support,single_objective_refs,lr+gnb+rf+xgb,1,4
bnp,7,support,single_objective_refs,lr+rf+xgb,1,4
bnp,7,support,single_objective_refs,lr,1,4
bnp,8,weighted,empirical_reference,lr+rf+xgb,57,170
bnp,8,weighted,empirical_reference,lr+gnb+rf+xgb,54,170
bnp,8,weighted,empirical_reference,lr+xgb,40,170
bnp,8,weighted,empirical_reference,lr+gnb+xgb,12,170
bnp,8,weighted,empirical_reference,lr,6,170
bnp,8,weighted,empirical_reference,lr+knn+rf+xgb,1,170
bnp,8,weighted,nbi_A,lr+gnb+xgb,7,16
bnp,8,weighted,nbi_A,lr+gnb+knn+xgb,6,16
bnp,8,weighted,nbi_A,lr,1,16
bnp,8,weighted,nbi_A,lr+gnb+rf+xgb,1,16
bnp,8,weighted,nbi_A,lr+rf+xgb,1,16
bnp,8,weighted,nbi_B,lr+rf+xgb,37,41
bnp,8,weighted,nbi_B,lr+gnb+rf+xgb,2,41
bnp,8,weighted,nbi_B,lr,1,41
bnp,8,weighted,nbi_B,lr+xgb,1,41
bnp,8,weighted,nbi_C,lr+gnb+rf+xgb,13,34
bnp,8,weighted,nbi_C,lr+rf+xgb,12,34
bnp,8,weighted,nbi_C,lr+gnb+xgb,8,34
bnp,8,weighted,nbi_C,lr,1,34
bnp,8,weighted,ws_random_scalarization,lr+xgb,11,13
bnp,8,weighted,ws_random_scalarization,lr+gnb+xgb,2,13
bnp,8,weighted,random_dirichlet_budget,lr+gnb+knn+rf+xgb,3,3
bnp,8,weighted,design_runs,lr+xgb,3,6
bnp,8,weighted,design_runs,lr+rf+xgb,1,6
bnp,8,weighted,design_runs,lr,1,6
bnp,8,weighted,design_runs,rf+xgb,1,6
bnp,8,weighted,single_objective_refs,lr+gnb+rf+xgb,2,5
bnp,8,weighted,single_objective_refs,xgb,1,5
bnp,8,weighted,single_objective_refs,lr+rf+xgb,1,5
bnp,8,weighted,single_objective_refs,lr,1,5
bnp,8,support,empirical_reference,lr+rf+xgb,36,71
bnp,8,support,empirical_reference,lr+gnb+rf+xgb,11,71
bnp,8,support,empirical_reference,rf+xgb,7,71
bnp,8,support,empirical_reference,lr+xgb,6,71
bnp,8,support,empirical_reference,lr+gnb+xgb,4,71
bnp,8,support,empirical_reference,xgb,3,71
bnp,8,support,empirical_reference,lr,3,71
bnp,8,support,empirical_reference,lr+knn+rf+xgb,1,71
bnp,8,support,nbi_A,lr,1,4
bnp,8,support,nbi_A,gnb+xgb,1,4
bnp,8,support,nbi_A,lr+gnb+xgb,1,4
bnp,8,support,nbi_A,lr+rf+xgb,1,4
bnp,8,support,nbi_B,lr+rf+xgb,16,20
bnp,8,support,nbi_B,lr+gnb+rf+xgb,2,20
bnp,8,support,nbi_B,lr,1,20
bnp,8,support,nbi_B,lr+xgb,1,20
bnp,8,support,nbi_C,lr+rf+xgb,8,13
bnp,8,support,nbi_C,lr+gnb+rf+xgb,3,13
bnp,8,support,nbi_C,lr,1,13
bnp,8,support,nbi_C,lr+gnb+xgb,1,13
bnp,8,support,ws_random_scalarization,lr+xgb,1,2
bnp,8,support,ws_random_scalarization,lr+gnb+xgb,1,2
bnp,8,support,random_dirichlet_budget,lr+gnb+knn+rf+xgb,1,1
bnp,8,support,design_runs,xgb,1,5
bnp,8,support,design_runs,lr+xgb,1,5
bnp,8,support,design_runs,lr+rf+xgb,1,5
bnp,8,support,design_runs,lr,1,5
bnp,8,support,design_runs,rf+xgb,1,5
bnp,8,support,single_objective_refs,lr+gnb+rf+xgb,2,5
bnp,8,support,single_objective_refs,xgb,1,5
bnp,8,support,single_objective_refs,lr+rf+xgb,1,5
bnp,8,support,single_objective_refs,lr,1,5
bnp,9,weighted,empirical_reference,lr+rf+xgb,53,168
bnp,9,weighted,empirical_reference,lr+gnb+rf+xgb,52,168
bnp,9,weighted,empirical_reference,lr+xgb,35,168
bnp,9,weighted,empirical_reference,lr+gnb+xgb,21,168
bnp,9,weighted,empirical_reference,lr,5,168
bnp,9,weighted,empirical_reference,lr+knn+rf+xgb,2,168
bnp,9,weighted,nbi_A,lr+gnb+knn+xgb,17,25
bnp,9,weighted,nbi_A,lr+gnb+xgb,6,25
bnp,9,weighted,nbi_A,lr,1,25
bnp,9,weighted,nbi_A,lr+knn+xgb,1,25
bnp,9,weighted,nbi_B,lr+gnb+xgb,29,63
bnp,9,weighted,nbi_B,lr+rf+xgb,26,63
bnp,9,weighted,nbi_B,lr+gnb+rf+xgb,7,63
bnp,9,weighted,nbi_B,lr,1,63
bnp,9,weighted,nbi_C,lr+rf+xgb,17,31
bnp,9,weighted,nbi_C,lr+gnb+xgb,8,31
bnp,9,weighted,nbi_C,lr+gnb+rf+xgb,5,31
bnp,9,weighted,nbi_C,lr,1,31
bnp,9,weighted,ws_random_scalarization,lr+gnb,1,2
bnp,9,weighted,ws_random_scalarization,lr+gnb+xgb,1,2
bnp,9,weighted,random_dirichlet_budget,lr+gnb+knn+rf+xgb,7,7
bnp,9,weighted,design_runs,lr+xgb,3,7
bnp,9,weighted,design_runs,rf+xgb,2,7
bnp,9,weighted,design_runs,lr+rf+xgb,1,7
bnp,9,weighted,design_runs,lr,1,7
bnp,9,weighted,single_objective_refs,xgb,1,4
bnp,9,weighted,single_objective_refs,lr+gnb+rf+xgb,1,4
bnp,9,weighted,single_objective_refs,lr+rf+xgb,1,4
bnp,9,weighted,single_objective_refs,lr,1,4
bnp,9,support,empirical_reference,lr+rf+xgb,23,57
bnp,9,support,empirical_reference,rf+xgb,10,57
bnp,9,support,empirical_reference,lr+gnb+rf+xgb,10,57
bnp,9,support,empirical_reference,lr+xgb,6,57
bnp,9,support,empirical_reference,lr+gnb+xgb,4,57
bnp,9,support,empirical_reference,lr+knn+rf+xgb,2,57
bnp,9,support,empirical_reference,lr,1,57
bnp,9,support,empirical_reference,xgb,1,57
bnp,9,support,nbi_A,lr+gnb+xgb,4,8
bnp,9,support,nbi_A,lr,1,8
bnp,9,support,nbi_A,gnb+xgb,1,8
bnp,9,support,nbi_A,lr+gnb+knn+xgb,1,8
bnp,9,support,nbi_A,lr+knn+xgb,1,8
bnp,9,support,nbi_B,lr+rf+xgb,12,18
bnp,9,support,nbi_B,lr+gnb+rf+xgb,4,18
bnp,9,support,nbi_B,lr,1,18
bnp,9,support,nbi_B,lr+gnb+xgb,1,18
bnp,9,support,nbi_C,lr+rf+xgb,8,13
bnp,9,support,nbi_C,lr+gnb+rf+xgb,3,13
bnp,9,support,nbi_C,lr,1,13
bnp,9,support,nbi_C,lr+gnb+xgb,1,13
bnp,9,support,ws_random_scalarization,lr+gnb,1,3
bnp,9,support,ws_random_scalarization,lr+gnb+xgb,1,3
bnp,9,support,ws_random_scalarization,gnb+xgb,1,3
bnp,9,support,random_dirichlet_budget,lr+gnb+knn+rf+xgb,2,2
bnp,9,support,design_runs,rf+xgb,2,5
bnp,9,support,design_runs,xgb,1,5
bnp,9,support,design_runs,lr+xgb,1,5
bnp,9,support,design_runs,lr,1,5
bnp,9,support,single_objective_refs,xgb,1,4
bnp,9,support,single_objective_refs,lr+gnb+rf+xgb,1,4
bnp,9,support,single_objective_refs,lr+rf+xgb,1,4
bnp,9,support,single_objective_refs,lr,1,4
bnp,10,weighted,empirical_reference,lr+gnb+rf+xgb,46,143
bnp,10,weighted,empirical_reference,lr+rf+xgb,43,143
bnp,10,weighted,empirical_reference,lr+xgb,31,143
bnp,10,weighted,empirical_reference,lr+gnb+xgb,16,143
bnp,10,weighted,empirical_reference,lr,5,143
bnp,10,weighted,empirical_reference,lr+gnb+knn+rf+xgb,1,143
bnp,10,weighted,empirical_reference,lr+knn+rf+xgb,1,143
bnp,10,weighted,nbi_A,lr+gnb+xgb,2,4
bnp,10,weighted,nbi_A,lr,1,4
bnp,10,weighted,nbi_A,xgb,1,4
bnp,10,weighted,nbi_B,lr+rf+xgb,27,44
bnp,10,weighted,nbi_B,lr+gnb+xgb,14,44
bnp,10,weighted,nbi_B,lr,1,44
bnp,10,weighted,nbi_B,lr+gnb+rf+xgb,1,44
bnp,10,weighted,nbi_B,lr+xgb,1,44
bnp,10,weighted,nbi_C,lr+rf+xgb,18,35
bnp,10,weighted,nbi_C,lr+gnb+xgb,10,35
bnp,10,weighted,nbi_C,lr+gnb+rf+xgb,5,35
bnp,10,weighted,nbi_C,lr,1,35
bnp,10,weighted,nbi_C,lr+xgb,1,35
bnp,10,weighted,ws_random_scalarization,xgb,13,14
bnp,10,weighted,ws_random_scalarization,gnb+xgb,1,14
bnp,10,weighted,random_dirichlet_budget,lr+gnb+knn+rf+xgb,3,3
bnp,10,weighted,design_runs,lr+xgb,3,6
bnp,10,weighted,design_runs,lr+rf+xgb,1,6
bnp,10,weighted,design_runs,lr,1,6
bnp,10,weighted,design_runs,rf+xgb,1,6
bnp,10,weighted,single_objective_refs,xgb,1,4
bnp,10,weighted,single_objective_refs,lr+gnb+rf+xgb,1,4
bnp,10,weighted,single_objective_refs,lr+rf+xgb,1,4
bnp,10,weighted,single_objective_refs,lr,1,4
bnp,10,support,empirical_reference,lr+rf+xgb,23,66
bnp,10,support,empirical_reference,xgb,18,66
bnp,10,support,empirical_reference,rf+xgb,8,66
bnp,10,support,empirical_reference,lr+gnb+rf+xgb,6,66
bnp,10,support,empirical_reference,lr+gnb+xgb,4,66
bnp,10,support,empirical_reference,lr+xgb,3,66
bnp,10,support,empirical_reference,lr,2,66
bnp,10,support,empirical_reference,lr+gnb+knn+rf+xgb,1,66
bnp,10,support,empirical_reference,lr+knn+rf+xgb,1,66
bnp,10,support,nbi_A,lr,1,3
bnp,10,support,nbi_A,lr+gnb+xgb,1,3
bnp,10,support,nbi_A,xgb,1,3
bnp,10,support,nbi_B,lr+rf+xgb,9,13
bnp,10,support,nbi_B,lr,1,13
bnp,10,support,nbi_B,lr+gnb+xgb,1,13
bnp,10,support,nbi_B,lr+gnb+rf+xgb,1,13
bnp,10,support,nbi_B,lr+xgb,1,13
bnp,10,support,nbi_C,lr+rf+xgb,8,13
bnp,10,support,nbi_C,lr+gnb+rf+xgb,3,13
bnp,10,support,nbi_C,lr,1,13
bnp,10,support,nbi_C,lr+xgb,1,13
bnp,10,support,ws_random_scalarization,xgb,14,15
bnp,10,support,ws_random_scalarization,gnb+xgb,1,15
bnp,10,support,random_dirichlet_budget,lr+gnb+rf+xgb,1,3
bnp,10,support,random_dirichlet_budget,lr+gnb+knn+rf+xgb,1,3
bnp,10,support,random_dirichlet_budget,gnb+knn+rf+xgb,1,3
bnp,10,support,design_runs,xgb,1,5
bnp,10,support,design_runs,lr+xgb,1,5
bnp,10,support,design_runs,lr+rf+xgb,1,5
bnp,10,support,design_runs,lr,1,5
bnp,10,support,design_runs,rf+xgb,1,5
bnp,10,support,single_objective_refs,xgb,2,5
bnp,10,support,single_objective_refs,lr+gnb+rf+xgb,1,5
bnp,10,support,single_objective_refs,lr+rf+xgb,1,5
bnp,10,support,single_objective_refs,lr,1,5
bnp,11,weighted,empirical_reference,lr+gnb+rf+xgb,54,171
bnp,11,weighted,empirical_reference,lr+gnb+xgb,45,171
bnp,11,weighted,empirical_reference,lr+xgb,38,171
bnp,11,weighted,empirical_reference,lr+rf+xgb,25,171
bnp,11,weighted,empirical_reference,lr,5,171
bnp,11,weighted,empirical_reference,lr+gnb,3,171
bnp,11,weighted,empirical_reference,lr+gnb+knn+rf+xgb,1,171
bnp,11,weighted,nbi_A,lr+xgb,7,8
bnp,11,weighted,nbi_A,lr,1,8
bnp,11,weighted,nbi_B,lr+gnb+xgb,40,47
bnp,11,weighted,nbi_B,lr+xgb,4,47
bnp,11,weighted,nbi_B,lr,1,47
bnp,11,weighted,nbi_B,lr+gnb+rf+xgb,1,47
bnp,11,weighted,nbi_B,lr+rf+xgb,1,47
bnp,11,weighted,nbi_C,lr+rf+xgb,12,30
bnp,11,weighted,nbi_C,lr+gnb+rf+xgb,10,30
bnp,11,weighted,nbi_C,lr+gnb+xgb,7,30
bnp,11,weighted,nbi_C,lr,1,30
bnp,11,weighted,ws_random_scalarization,xgb,1,1
bnp,11,weighted,random_dirichlet_budget,lr+gnb+knn+rf+xgb,2,2
bnp,11,weighted,design_runs,lr+xgb,3,6
bnp,11,weighted,design_runs,lr+rf+xgb,1,6
bnp,11,weighted,design_runs,lr,1,6
bnp,11,weighted,design_runs,rf+xgb,1,6
bnp,11,weighted,single_objective_refs,xgb,1,4
bnp,11,weighted,single_objective_refs,lr+gnb+rf+xgb,1,4
bnp,11,weighted,single_objective_refs,lr+rf+xgb,1,4
bnp,11,weighted,single_objective_refs,lr,1,4
bnp,11,support,empirical_reference,xgb,80,144
bnp,11,support,empirical_reference,lr+rf+xgb,21,144
bnp,11,support,empirical_reference,lr+xgb,13,144
bnp,11,support,empirical_reference,lr+gnb+xgb,13,144
bnp,11,support,empirical_reference,lr+gnb+rf+xgb,9,144
bnp,11,support,empirical_reference,rf+xgb,6,144
bnp,11,support,empirical_reference,lr+gnb+knn+rf+xgb,1,144
bnp,11,support,empirical_reference,lr,1,144
bnp,11,support,nbi_A,lr+xgb,15,27
bnp,11,support,nbi_A,xgb,11,27
bnp,11,support,nbi_A,lr,1,27
bnp,11,support,nbi_B,lr+gnb+xgb,9,13
bnp,11,support,nbi_B,lr,1,13
bnp,11,support,nbi_B,lr+gnb+rf+xgb,1,13
bnp,11,support,nbi_B,lr+xgb,1,13
bnp,11,support,nbi_B,lr+rf+xgb,1,13
bnp,11,support,nbi_C,lr+rf+xgb,7,13
bnp,11,support,nbi_C,lr+gnb+rf+xgb,4,13
bnp,11,support,nbi_C,lr,1,13
bnp,11,support,nbi_C,lr+gnb+xgb,1,13
bnp,11,support,ws_random_scalarization,xgb,66,66
bnp,11,support,random_dirichlet_budget,lr+gnb+knn+xgb,1,2
bnp,11,support,random_dirichlet_budget,lr+gnb+knn+rf+xgb,1,2
bnp,11,support,design_runs,xgb,1,5
bnp,11,support,design_runs,lr+xgb,1,5
bnp,11,support,design_runs,lr+rf+xgb,1,5
bnp,11,support,design_runs,lr,1,5
bnp,11,support,design_runs,rf+xgb,1,5
bnp,11,support,single_objective_refs,xgb,3,6
bnp,11,support,single_objective_refs,lr+gnb+rf+xgb,1,6
bnp,11,support,single_objective_refs,lr+rf+xgb,1,6
bnp,11,support,single_objective_refs,lr,1,6
bnp,12,weighted,empirical_reference,lr+gnb+rf+xgb,59,176
bnp,12,weighted,empirical_reference,lr+xgb,46,176
bnp,12,weighted,empirical_reference,lr+gnb+xgb,36,176
bnp,12,weighted,empirical_reference,lr+rf+xgb,26,176
bnp,12,weighted,empirical_reference,lr,8,176
bnp,12,weighted,empirical_reference,lr+gnb+knn+rf+xgb,1,176
bnp,12,weighted,nbi_A,lr+xgb,7,8
bnp,12,weighted,nbi_A,lr,1,8
bnp,12,weighted,nbi_B,lr+gnb+xgb,34,48
bnp,12,weighted,nbi_B,lr+xgb,11,48
bnp,12,weighted,nbi_B,lr,1,48
bnp,12,weighted,nbi_B,lr+gnb+rf+xgb,1,48
bnp,12,weighted,nbi_B,lr+rf+xgb,1,48
bnp,12,weighted,nbi_C,lr+gnb+rf+xgb,14,31
bnp,12,weighted,nbi_C,lr+rf+xgb,9,31
bnp,12,weighted,nbi_C,lr+gnb+xgb,7,31
bnp,12,weighted,nbi_C,lr,1,31
bnp,12,weighted,ws_random_scalarization,xgb,1,1
bnp,12,weighted,random_dirichlet_budget,lr+gnb+knn+rf+xgb,3,3
bnp,12,weighted,design_runs,lr+xgb,3,6
bnp,12,weighted,design_runs,lr+rf+xgb,1,6
bnp,12,weighted,design_runs,lr,1,6
bnp,12,weighted,design_runs,rf+xgb,1,6
bnp,12,weighted,single_objective_refs,xgb,1,4
bnp,12,weighted,single_objective_refs,lr+gnb+rf+xgb,1,4
bnp,12,weighted,single_objective_refs,lr+rf+xgb,1,4
bnp,12,weighted,single_objective_refs,lr,1,4
bnp,12,support,empirical_reference,xgb,79,136
bnp,12,support,empirical_reference,lr+rf+xgb,16,136
bnp,12,support,empirical_reference,lr+xgb,12,136
bnp,12,support,empirical_reference,lr+gnb+xgb,11,136
bnp,12,support,empirical_reference,rf+xgb,7,136
bnp,12,support,empirical_reference,lr+gnb+rf+xgb,5,136
bnp,12,support,empirical_reference,lr,5,136
bnp,12,support,empirical_reference,lr+gnb+knn+rf+xgb,1,136
bnp,12,support,nbi_A,lr+xgb,15,27
bnp,12,support,nbi_A,xgb,11,27
bnp,12,support,nbi_A,lr,1,27
bnp,12,support,nbi_B,lr+gnb+xgb,9,13
bnp,12,support,nbi_B,lr,1,13
bnp,12,support,nbi_B,lr+gnb+rf+xgb,1,13
bnp,12,support,nbi_B,lr+xgb,1,13
bnp,12,support,nbi_B,lr+rf+xgb,1,13
bnp,12,support,nbi_C,lr+rf+xgb,9,14
bnp,12,support,nbi_C,lr+gnb+rf+xgb,2,14
bnp,12,support,nbi_C,lr,1,14
bnp,12,support,nbi_C,lr+xgb,1,14
bnp,12,support,nbi_C,lr+gnb+xgb,1,14
bnp,12,support,ws_random_scalarization,xgb,66,66
bnp,12,support,random_dirichlet_budget,lr+gnb+knn+rf+xgb,1,1
bnp,12,support,design_runs,xgb,1,5
bnp,12,support,design_runs,lr+xgb,1,5
bnp,12,support,design_runs,lr+rf+xgb,1,5
bnp,12,support,design_runs,lr,1,5
bnp,12,support,design_runs,rf+xgb,1,5
bnp,12,support,single_objective_refs,xgb,3,6
bnp,12,support,single_objective_refs,lr+gnb+rf+xgb,1,6
bnp,12,support,single_objective_refs,lr+rf+xgb,1,6
bnp,12,support,single_objective_refs,lr,1,6
bnp,13,weighted,empirical_reference,lr+gnb+rf+xgb,52,179
bnp,13,weighted,empirical_reference,lr+xgb,43,179
bnp,13,weighted,empirical_reference,lr+rf+xgb,39,179
bnp,13,weighted,empirical_reference,lr+gnb+xgb,37,179
bnp,13,weighted,empirical_reference,lr,6,179
bnp,13,weighted,empirical_reference,lr+gnb,1,179
bnp,13,weighted,empirical_reference,lr+knn+rf+xgb,1,179
bnp,13,weighted,nbi_A,lr+xgb,6,7
bnp,13,weighted,nbi_A,lr,1,7
bnp,13,weighted,nbi_B,lr+gnb+xgb,32,43
bnp,13,weighted,nbi_B,lr+xgb,8,43
bnp,13,weighted,nbi_B,lr,1,43
bnp,13,weighted,nbi_B,lr+gnb+rf+xgb,1,43
bnp,13,weighted,nbi_B,lr+rf+xgb,1,43
bnp,13,weighted,nbi_C,lr+rf+xgb,19,34
bnp,13,weighted,nbi_C,lr+gnb+xgb,9,34
bnp,13,weighted,nbi_C,lr+gnb+rf+xgb,4,34
bnp,13,weighted,nbi_C,lr,1,34
bnp,13,weighted,nbi_C,lr+xgb,1,34
bnp,13,weighted,ws_random_scalarization,lr,1,2
bnp,13,weighted,ws_random_scalarization,xgb,1,2
bnp,13,weighted,random_dirichlet_budget,lr+gnb+knn+rf+xgb,2,3
bnp,13,weighted,random_dirichlet_budget,lr+gnb+rf+xgb,1,3
bnp,13,weighted,design_runs,lr+xgb,3,6
bnp,13,weighted,design_runs,lr+rf+xgb,1,6
bnp,13,weighted,design_runs,lr,1,6
bnp,13,weighted,design_runs,rf+xgb,1,6
bnp,13,weighted,single_objective_refs,xgb,2,5
bnp,13,weighted,single_objective_refs,lr+gnb+rf+xgb,1,5
bnp,13,weighted,single_objective_refs,lr+rf+xgb,1,5
bnp,13,weighted,single_objective_refs,lr,1,5
bnp,13,support,empirical_reference,lr+rf+xgb,23,63
bnp,13,support,empirical_reference,lr+xgb,12,63
bnp,13,support,empirical_reference,rf+xgb,12,63
bnp,13,support,empirical_reference,lr+gnb+xgb,7,63
bnp,13,support,empirical_reference,lr+gnb+rf+xgb,5,63
bnp,13,support,empirical_reference,lr,2,63
bnp,13,support,empirical_reference,xgb,1,63
bnp,13,support,empirical_reference,lr+knn+rf+xgb,1,63
bnp,13,support,nbi_A,xgb,11,19
bnp,13,support,nbi_A,lr+xgb,7,19
bnp,13,support,nbi_A,lr,1,19
bnp,13,support,nbi_B,lr+gnb+xgb,5,9
bnp,13,support,nbi_B,lr,1,9
bnp,13,support,nbi_B,lr+gnb+rf+xgb,1,9
bnp,13,support,nbi_B,lr+xgb,1,9
bnp,13,support,nbi_B,lr+rf+xgb,1,9
bnp,13,support,nbi_C,lr+rf+xgb,9,13
bnp,13,support,nbi_C,lr+gnb+rf+xgb,2,13
bnp,13,support,nbi_C,lr,1,13
bnp,13,support,nbi_C,lr+xgb,1,13
bnp,13,support,ws_random_scalarization,xgb,65,66
bnp,13,support,ws_random_scalarization,lr,1,66
bnp,13,support,random_dirichlet_budget,lr+gnb+rf+xgb,1,2
bnp,13,support,random_dirichlet_budget,lr+gnb+knn+rf+xgb,1,2
bnp,13,support,design_runs,xgb,1,5
bnp,13,support,design_runs,lr+xgb,1,5
bnp,13,support,design_runs,lr+rf+xgb,1,5
bnp,13,support,design_runs,lr,1,5
bnp,13,support,design_runs,rf+xgb,1,5
bnp,13,support,single_objective_refs,xgb,3,6
bnp,13,support,single_objective_refs,lr+gnb+rf+xgb,1,6
bnp,13,support,single_objective_refs,lr+rf+xgb,1,6
bnp,13,support,single_objective_refs,lr,1,6
bnp,14,weighted,empirical_reference,lr+gnb+rf+xgb,53,173
bnp,14,weighted,empirical_reference,lr+xgb,42,173
bnp,14,weighted,empirical_reference,lr+gnb+xgb,36,173
bnp,14,weighted,empirical_reference,lr+rf+xgb,33,173
bnp,14,weighted,empirical_reference,lr,8,173
bnp,14,weighted,empirical_reference,lr+gnb+knn+rf+xgb,1,173
bnp,14,weighted,nbi_A,lr+xgb,7,8
bnp,14,weighted,nbi_A,lr,1,8
bnp,14,weighted,nbi_B,lr+gnb+xgb,32,40
bnp,14,weighted,nbi_B,lr+xgb,5,40
bnp,14,weighted,nbi_B,lr,1,40
bnp,14,weighted,nbi_B,lr+gnb+rf+xgb,1,40
bnp,14,weighted,nbi_B,lr+rf+xgb,1,40
bnp,14,weighted,nbi_C,lr+rf+xgb,18,34
bnp,14,weighted,nbi_C,lr+gnb+xgb,11,34
bnp,14,weighted,nbi_C,lr+gnb+rf+xgb,3,34
bnp,14,weighted,nbi_C,lr,1,34
bnp,14,weighted,nbi_C,lr+xgb,1,34
bnp,14,weighted,ws_random_scalarization,xgb,1,1
bnp,14,weighted,random_dirichlet_budget,lr+gnb+knn+rf+xgb,4,5
bnp,14,weighted,random_dirichlet_budget,lr+gnb+rf+xgb,1,5
bnp,14,weighted,design_runs,lr+xgb,3,7
bnp,14,weighted,design_runs,rf+xgb,2,7
bnp,14,weighted,design_runs,lr+rf+xgb,1,7
bnp,14,weighted,design_runs,lr,1,7
bnp,14,weighted,single_objective_refs,xgb,1,4
bnp,14,weighted,single_objective_refs,lr+gnb+rf+xgb,1,4
bnp,14,weighted,single_objective_refs,lr+rf+xgb,1,4
bnp,14,weighted,single_objective_refs,lr,1,4
bnp,14,support,empirical_reference,lr+rf+xgb,21,56
bnp,14,support,empirical_reference,rf+xgb,15,56
bnp,14,support,empirical_reference,lr+gnb+rf+xgb,9,56
bnp,14,support,empirical_reference,lr+xgb,4,56
bnp,14,support,empirical_reference,lr+gnb+xgb,4,56
bnp,14,support,empirical_reference,lr,1,56
bnp,14,support,empirical_reference,xgb,1,56
bnp,14,support,empirical_reference,lr+gnb+knn+rf+xgb,1,56
bnp,14,support,nbi_A,lr+xgb,15,27
bnp,14,support,nbi_A,xgb,11,27
bnp,14,support,nbi_A,lr,1,27
bnp,14,support,nbi_B,lr+gnb+xgb,3,7
bnp,14,support,nbi_B,lr,1,7
bnp,14,support,nbi_B,lr+gnb+rf+xgb,1,7
bnp,14,support,nbi_B,lr+xgb,1,7
bnp,14,support,nbi_B,lr+rf+xgb,1,7
bnp,14,support,nbi_C,lr+rf+xgb,9,13
bnp,14,support,nbi_C,lr+gnb+rf+xgb,2,13
bnp,14,support,nbi_C,lr,1,13
bnp,14,support,nbi_C,lr+xgb,1,13
bnp,14,support,ws_random_scalarization,xgb,66,66
bnp,14,support,random_dirichlet_budget,lr+gnb+knn+rf+xgb,2,3
bnp,14,support,random_dirichlet_budget,lr+gnb+rf+xgb,1,3
bnp,14,support,design_runs,rf+xgb,2,6
bnp,14,support,design_runs,xgb,1,6
bnp,14,support,design_runs,lr+xgb,1,6
bnp,14,support,design_runs,lr+rf+xgb,1,6
bnp,14,support,design_runs,lr,1,6
bnp,14,support,single_objective_refs,xgb,3,6
bnp,14,support,single_objective_refs,lr+gnb+rf+xgb,1,6
bnp,14,support,single_objective_refs,lr+rf+xgb,1,6
bnp,14,support,single_objective_refs,lr,1,6
bnp,15,weighted,empirical_reference,lr+gnb+rf+xgb,57,169
bnp,15,weighted,empirical_reference,lr+gnb+xgb,40,169
bnp,15,weighted,empirical_reference,lr+xgb,39,169
bnp,15,weighted,empirical_reference,lr+rf+xgb,28,169
bnp,15,weighted,empirical_reference,lr,5,169
bnp,15,weighted,nbi_A,lr+xgb,7,8
bnp,15,weighted,nbi_A,lr,1,8
bnp,15,weighted,nbi_B,lr+gnb+xgb,38,43
bnp,15,weighted,nbi_B,lr+xgb,2,43
bnp,15,weighted,nbi_B,lr,1,43
bnp,15,weighted,nbi_B,lr+gnb+rf+xgb,1,43
bnp,15,weighted,nbi_B,lr+rf+xgb,1,43
bnp,15,weighted,nbi_C,lr+rf+xgb,16,35
bnp,15,weighted,nbi_C,lr+gnb+xgb,10,35
bnp,15,weighted,nbi_C,lr+gnb+rf+xgb,8,35
bnp,15,weighted,nbi_C,lr,1,35
bnp,15,weighted,ws_random_scalarization,xgb,1,1
bnp,15,weighted,random_dirichlet_budget,lr+gnb+knn+rf+xgb,5,6
bnp,15,weighted,random_dirichlet_budget,lr+gnb+rf+xgb,1,6
bnp,15,weighted,design_runs,lr+xgb,3,6
bnp,15,weighted,design_runs,lr+rf+xgb,1,6
bnp,15,weighted,design_runs,lr,1,6
bnp,15,weighted,design_runs,rf+xgb,1,6
bnp,15,weighted,single_objective_refs,xgb,1,4
bnp,15,weighted,single_objective_refs,lr+gnb+rf+xgb,1,4
bnp,15,weighted,single_objective_refs,lr+rf+xgb,1,4
bnp,15,weighted,single_objective_refs,lr,1,4
bnp,15,support,empirical_reference,lr+rf+xgb,18,58
bnp,15,support,empirical_reference,rf+xgb,12,58
bnp,15,support,empirical_reference,lr+gnb+rf+xgb,8,58
bnp,15,support,empirical_reference,lr+gnb+xgb,7,58
bnp,15,support,empirical_reference,xgb,5,58
bnp,15,support,empirical_reference,lr,5,58
bnp,15,support,empirical_reference,lr+xgb,3,58
bnp,15,support,nbi_A,lr+xgb,15,27
bnp,15,support,nbi_A,xgb,11,27
bnp,15,support,nbi_A,lr,1,27
bnp,15,support,nbi_B,lr+gnb+xgb,5,9
bnp,15,support,nbi_B,lr,1,9
bnp,15,support,nbi_B,lr+gnb+rf+xgb,1,9
bnp,15,support,nbi_B,lr+xgb,1,9
bnp,15,support,nbi_B,lr+rf+xgb,1,9
bnp,15,support,nbi_C,lr+rf+xgb,6,13
bnp,15,support,nbi_C,lr+gnb+rf+xgb,5,13
bnp,15,support,nbi_C,lr,1,13
bnp,15,support,nbi_C,lr+gnb+xgb,1,13
bnp,15,support,ws_random_scalarization,xgb,66,66
bnp,15,support,random_dirichlet_budget,lr+gnb+rf+xgb,1,2
bnp,15,support,random_dirichlet_budget,lr+gnb+knn+rf+xgb,1,2
bnp,15,support,design_runs,xgb,1,5
bnp,15,support,design_runs,lr+xgb,1,5
bnp,15,support,design_runs,lr+rf+xgb,1,5
bnp,15,support,design_runs,lr,1,5
bnp,15,support,design_runs,rf+xgb,1,5
bnp,15,support,single_objective_refs,xgb,3,6
bnp,15,support,single_objective_refs,lr+gnb+rf+xgb,1,6
bnp,15,support,single_objective_refs,lr+rf+xgb,1,6
bnp,15,support,single_objective_refs,lr,1,6
bnp,16,weighted,empirical_reference,lr+gnb+rf+xgb,51,168
bnp,16,weighted,empirical_reference,lr+xgb,44,168
bnp,16,weighted,empirical_reference,lr+gnb+xgb,38,168
bnp,16,weighted,empirical_reference,lr+rf+xgb,30,168
bnp,16,weighted,empirical_reference,lr,5,168
bnp,16,weighted,nbi_A,lr+xgb,31,32
bnp,16,weighted,nbi_A,lr,1,32
bnp,16,weighted,nbi_B,lr+gnb+xgb,34,42
bnp,16,weighted,nbi_B,lr+xgb,5,42
bnp,16,weighted,nbi_B,lr,1,42
bnp,16,weighted,nbi_B,lr+gnb+rf+xgb,1,42
bnp,16,weighted,nbi_B,lr+rf+xgb,1,42
bnp,16,weighted,nbi_C,lr+rf+xgb,18,31
bnp,16,weighted,nbi_C,lr+gnb+xgb,7,31
bnp,16,weighted,nbi_C,lr+gnb+rf+xgb,4,31
bnp,16,weighted,nbi_C,lr,1,31
bnp,16,weighted,nbi_C,lr+xgb,1,31
bnp,16,weighted,ws_random_scalarization,xgb,1,1
bnp,16,weighted,random_dirichlet_budget,lr+gnb+knn+rf+xgb,1,1
bnp,16,weighted,design_runs,lr+xgb,3,7
bnp,16,weighted,design_runs,rf+xgb,2,7
bnp,16,weighted,design_runs,lr+rf+xgb,1,7
bnp,16,weighted,design_runs,lr,1,7
bnp,16,weighted,single_objective_refs,xgb,2,5
bnp,16,weighted,single_objective_refs,lr+gnb+rf+xgb,1,5
bnp,16,weighted,single_objective_refs,lr+rf+xgb,1,5
bnp,16,weighted,single_objective_refs,lr,1,5
bnp,16,support,empirical_reference,xgb,79,127
bnp,16,support,empirical_reference,lr+rf+xgb,18,127
bnp,16,support,empirical_reference,rf+xgb,9,127
bnp,16,support,empirical_reference,lr+gnb+rf+xgb,9,127
bnp,16,support,empirical_reference,lr+gnb+xgb,6,127
bnp,16,support,empirical_reference,lr+xgb,4,127
bnp,16,support,empirical_reference,lr,2,127
bnp,16,support,nbi_A,lr+xgb,15,27
bnp,16,support,nbi_A,xgb,11,27
bnp,16,support,nbi_A,lr,1,27
bnp,16,support,nbi_B,lr+gnb+xgb,4,8
bnp,16,support,nbi_B,lr,1,8
bnp,16,support,nbi_B,lr+gnb+rf+xgb,1,8
bnp,16,support,nbi_B,lr+xgb,1,8
bnp,16,support,nbi_B,lr+rf+xgb,1,8
bnp,16,support,nbi_C,lr+rf+xgb,8,14
bnp,16,support,nbi_C,lr+gnb+rf+xgb,3,14
bnp,16,support,nbi_C,lr,1,14
bnp,16,support,nbi_C,lr+xgb,1,14
bnp,16,support,nbi_C,lr+gnb+xgb,1,14
bnp,16,support,ws_random_scalarization,xgb,66,66
bnp,16,support,random_dirichlet_budget,lr+gnb+knn+rf,1,2
bnp,16,support,random_dirichlet_budget,lr+gnb+knn+rf+xgb,1,2
bnp,16,support,design_runs,rf+xgb,2,6
bnp,16,support,design_runs,xgb,1,6
bnp,16,support,design_runs,lr+xgb,1,6
bnp,16,support,design_runs,lr+rf+xgb,1,6
bnp,16,support,design_runs,lr,1,6
bnp,16,support,single_objective_refs,xgb,3,6
bnp,16,support,single_objective_refs,lr+gnb+rf+xgb,1,6
bnp,16,support,single_objective_refs,lr+rf+xgb,1,6
bnp,16,support,single_objective_refs,lr,1,6
bnp,17,weighted,empirical_reference,lr+gnb+rf+xgb,49,163
bnp,17,weighted,empirical_reference,lr+xgb,42,163
bnp,17,weighted,empirical_reference,lr+gnb+xgb,39,163
bnp,17,weighted,empirical_reference,lr+rf+xgb,26,163
bnp,17,weighted,empirical_reference,lr,6,163
bnp,17,weighted,empirical_reference,lr+knn+rf+xgb,1,163
bnp,17,weighted,nbi_A,lr+xgb,7,8
bnp,17,weighted,nbi_A,lr,1,8
bnp,17,weighted,nbi_B,lr+gnb+xgb,38,43
bnp,17,weighted,nbi_B,lr+xgb,2,43
bnp,17,weighted,nbi_B,lr,1,43
bnp,17,weighted,nbi_B,lr+gnb+rf+xgb,1,43
bnp,17,weighted,nbi_B,lr+rf+xgb,1,43
bnp,17,weighted,nbi_C,lr+rf+xgb,17,32
bnp,17,weighted,nbi_C,lr+gnb+xgb,8,32
bnp,17,weighted,nbi_C,lr+gnb+rf+xgb,5,32
bnp,17,weighted,nbi_C,lr,1,32
bnp,17,weighted,nbi_C,lr+xgb,1,32
bnp,17,weighted,ws_random_scalarization,xgb,1,1
bnp,17,weighted,random_dirichlet_budget,lr+gnb+knn+rf+xgb,5,5
bnp,17,weighted,design_runs,lr+xgb,3,7
bnp,17,weighted,design_runs,rf+xgb,2,7
bnp,17,weighted,design_runs,lr+rf+xgb,1,7
bnp,17,weighted,design_runs,lr,1,7
bnp,17,weighted,single_objective_refs,xgb,1,4
bnp,17,weighted,single_objective_refs,lr+gnb+rf+xgb,1,4
bnp,17,weighted,single_objective_refs,lr+rf+xgb,1,4
bnp,17,weighted,single_objective_refs,lr,1,4
bnp,17,support,empirical_reference,lr+xgb,13,53
bnp,17,support,empirical_reference,rf+xgb,11,53
bnp,17,support,empirical_reference,lr+rf+xgb,10,53
bnp,17,support,empirical_reference,lr+gnb+xgb,7,53
bnp,17,support,empirical_reference,lr+gnb+rf+xgb,5,53
bnp,17,support,empirical_reference,xgb,4,53
bnp,17,support,empirical_reference,lr,2,53
bnp,17,support,empirical_reference,lr+knn+rf+xgb,1,53
bnp,17,support,nbi_A,xgb,11,20
bnp,17,support,nbi_A,lr+xgb,8,20
bnp,17,support,nbi_A,lr,1,20
bnp,17,support,nbi_B,lr+gnb+xgb,5,9
bnp,17,support,nbi_B,lr,1,9
bnp,17,support,nbi_B,lr+gnb+rf+xgb,1,9
bnp,17,support,nbi_B,lr+xgb,1,9
bnp,17,support,nbi_B,lr+rf+xgb,1,9
bnp,17,support,nbi_C,lr+rf+xgb,7,15
bnp,17,support,nbi_C,lr+gnb+rf+xgb,4,15
bnp,17,support,nbi_C,lr+gnb+xgb,2,15
bnp,17,support,nbi_C,lr,1,15
bnp,17,support,nbi_C,lr+xgb,1,15
bnp,17,support,ws_random_scalarization,xgb,66,66
bnp,17,support,random_dirichlet_budget,lr+gnb+knn+rf+xgb,1,1
bnp,17,support,design_runs,rf+xgb,2,5
bnp,17,support,design_runs,xgb,1,5
bnp,17,support,design_runs,lr+xgb,1,5
bnp,17,support,design_runs,lr,1,5
bnp,17,support,single_objective_refs,xgb,3,6
bnp,17,support,single_objective_refs,lr+gnb+rf+xgb,1,6
bnp,17,support,single_objective_refs,lr+rf+xgb,1,6
bnp,17,support,single_objective_refs,lr,1,6
bnp,18,weighted,empirical_reference,lr+gnb+rf+xgb,53,156
bnp,18,weighted,empirical_reference,lr+rf+xgb,43,156
bnp,18,weighted,empirical_reference,lr+xgb,34,156
bnp,18,weighted,empirical_reference,lr+gnb+xgb,17,156
bnp,18,weighted,empirical_reference,lr,9,156
bnp,18,weighted,nbi_A,lr+gnb+knn+xgb,20,29
bnp,18,weighted,nbi_A,lr+gnb+xgb,7,29
bnp,18,weighted,nbi_A,lr,1,29
bnp,18,weighted,nbi_A,lr+knn+xgb,1,29
bnp,18,weighted,nbi_B,lr+gnb+xgb,28,60
bnp,18,weighted,nbi_B,lr+rf+xgb,28,60
bnp,18,weighted,nbi_B,lr+gnb+rf+xgb,3,60
bnp,18,weighted,nbi_B,lr,1,60
bnp,18,weighted,nbi_C,lr+rf+xgb,15,32
bnp,18,weighted,nbi_C,lr+gnb+xgb,9,32
bnp,18,weighted,nbi_C,lr+gnb+rf+xgb,7,32
bnp,18,weighted,nbi_C,lr,1,32
bnp,18,weighted,ws_random_scalarization,gnb+xgb,1,1
bnp,18,weighted,random_dirichlet_budget,lr+gnb+knn+rf+xgb,6,6
bnp,18,weighted,design_runs,lr+xgb,3,6
bnp,18,weighted,design_runs,lr+rf+xgb,1,6
bnp,18,weighted,design_runs,lr,1,6
bnp,18,weighted,design_runs,rf+xgb,1,6
bnp,18,weighted,single_objective_refs,xgb,1,4
bnp,18,weighted,single_objective_refs,lr+gnb+rf+xgb,1,4
bnp,18,weighted,single_objective_refs,lr+rf+xgb,1,4
bnp,18,weighted,single_objective_refs,lr,1,4
bnp,18,support,empirical_reference,lr+rf+xgb,18,51
bnp,18,support,empirical_reference,rf+xgb,15,51
bnp,18,support,empirical_reference,lr+gnb+rf+xgb,9,51
bnp,18,support,empirical_reference,lr+xgb,4,51
bnp,18,support,empirical_reference,lr+gnb+xgb,3,51
bnp,18,support,empirical_reference,xgb,1,51
bnp,18,support,empirical_reference,lr,1,51
bnp,18,support,nbi_A,lr+gnb+xgb,4,8
bnp,18,support,nbi_A,lr,1,8
bnp,18,support,nbi_A,gnb+xgb,1,8
bnp,18,support,nbi_A,lr+gnb+knn+xgb,1,8
bnp,18,support,nbi_A,lr+knn+xgb,1,8
bnp,18,support,nbi_B,lr+rf+xgb,11,15
bnp,18,support,nbi_B,lr+gnb+rf+xgb,2,15
bnp,18,support,nbi_B,lr,1,15
bnp,18,support,nbi_B,lr+gnb+xgb,1,15
bnp,18,support,nbi_C,lr+rf+xgb,6,12
bnp,18,support,nbi_C,lr+gnb+rf+xgb,4,12
bnp,18,support,nbi_C,lr,1,12
bnp,18,support,nbi_C,lr+gnb+xgb,1,12
bnp,18,support,ws_random_scalarization,gnb+xgb,1,1
bnp,18,support,random_dirichlet_budget,lr+gnb+knn+rf+xgb,1,1
bnp,18,support,design_runs,xgb,1,5
bnp,18,support,design_runs,lr+xgb,1,5
bnp,18,support,design_runs,lr+rf+xgb,1,5
bnp,18,support,design_runs,lr,1,5
bnp,18,support,design_runs,rf+xgb,1,5
bnp,18,support,single_objective_refs,xgb,1,4
bnp,18,support,single_objective_refs,lr+gnb+rf+xgb,1,4
bnp,18,support,single_objective_refs,lr+rf+xgb,1,4
bnp,18,support,single_objective_refs,lr,1,4
bnp,19,weighted,empirical_reference,lr+gnb+rf+xgb,48,159
bnp,19,weighted,empirical_reference,lr+xgb,40,159
bnp,19,weighted,empirical_reference,lr+gnb+xgb,40,159
bnp,19,weighted,empirical_reference,lr+rf+xgb,22,159
bnp,19,weighted,empirical_reference,lr,8,159
bnp,19,weighted,empirical_reference,lr+knn+rf+xgb,1,159
bnp,19,weighted,nbi_A,lr+xgb,7,8
bnp,19,weighted,nbi_A,lr,1,8
bnp,19,weighted,nbi_B,lr+gnb+xgb,32,43
bnp,19,weighted,nbi_B,lr+xgb,8,43
bnp,19,weighted,nbi_B,lr,1,43
bnp,19,weighted,nbi_B,lr+gnb+rf+xgb,1,43
bnp,19,weighted,nbi_B,lr+rf+xgb,1,43
bnp,19,weighted,nbi_C,lr+gnb+xgb,13,37
bnp,19,weighted,nbi_C,lr+rf+xgb,12,37
bnp,19,weighted,nbi_C,lr+gnb+rf+xgb,11,37
bnp,19,weighted,nbi_C,lr,1,37
bnp,19,weighted,ws_random_scalarization,xgb,1,1
bnp,19,weighted,random_dirichlet_budget,lr+gnb+knn+rf+xgb,2,3
bnp,19,weighted,random_dirichlet_budget,lr+gnb+rf+xgb,1,3
bnp,19,weighted,design_runs,lr+xgb,3,7
bnp,19,weighted,design_runs,rf+xgb,2,7
bnp,19,weighted,design_runs,lr+rf+xgb,1,7
bnp,19,weighted,design_runs,lr,1,7
bnp,19,weighted,single_objective_refs,lr+gnb+rf+xgb,1,4
bnp,19,weighted,single_objective_refs,lr+rf+xgb,1,4
bnp,19,weighted,single_objective_refs,xgb,1,4
bnp,19,weighted,single_objective_refs,lr,1,4
bnp,19,support,empirical_reference,xgb,79,128
bnp,19,support,empirical_reference,rf+xgb,17,128
bnp,19,support,empirical_reference,lr+rf+xgb,15,128
bnp,19,support,empirical_reference,lr+gnb+xgb,7,128
bnp,19,support,empirical_reference,lr+gnb+rf+xgb,5,128
bnp,19,support,empirical_reference,lr+xgb,3,128
bnp,19,support,empirical_reference,lr,1,128
bnp,19,support,empirical_reference,lr+knn+rf+xgb,1,128
bnp,19,support,nbi_A,lr+xgb,15,27
bnp,19,support,nbi_A,xgb,11,27
bnp,19,support,nbi_A,lr,1,27
bnp,19,support,nbi_B,lr+gnb+xgb,5,9
bnp,19,support,nbi_B,lr,1,9
bnp,19,support,nbi_B,lr+gnb+rf+xgb,1,9
bnp,19,support,nbi_B,lr+xgb,1,9
bnp,19,support,nbi_B,lr+rf+xgb,1,9
bnp,19,support,nbi_C,lr+rf+xgb,9,14
bnp,19,support,nbi_C,lr+gnb+rf+xgb,2,14
bnp,19,support,nbi_C,lr,1,14
bnp,19,support,nbi_C,lr+xgb,1,14
bnp,19,support,nbi_C,lr+gnb+xgb,1,14
bnp,19,support,ws_random_scalarization,xgb,66,66
bnp,19,support,random_dirichlet_budget,lr+gnb+knn+rf+xgb,1,3
bnp,19,support,random_dirichlet_budget,lr+gnb+rf+xgb,1,3
bnp,19,support,random_dirichlet_budget,lr+knn+rf+xgb,1,3
bnp,19,support,design_runs,rf+xgb,2,6
bnp,19,support,design_runs,xgb,1,6
bnp,19,support,design_runs,lr+xgb,1,6
bnp,19,support,design_runs,lr+rf+xgb,1,6
bnp,19,support,design_runs,lr,1,6
bnp,19,support,single_objective_refs,xgb,3,6
bnp,19,support,single_objective_refs,lr+gnb+rf+xgb,1,6
bnp,19,support,single_objective_refs,lr+rf+xgb,1,6
bnp,19,support,single_objective_refs,lr,1,6
bnp,20,weighted,empirical_reference,lr+gnb+rf+xgb,58,166
bnp,20,weighted,empirical_reference,lr+rf+xgb,47,166
bnp,20,weighted,empirical_reference,lr+xgb,35,166
bnp,20,weighted,empirical_reference,lr+gnb+xgb,18,166
bnp,20,weighted,empirical_reference,lr,6,166
bnp,20,weighted,empirical_reference,lr+gnb+knn+rf+xgb,1,166
bnp,20,weighted,empirical_reference,lr+knn+rf+xgb,1,166
bnp,20,weighted,nbi_A,lr+gnb+knn+xgb,17,25
bnp,20,weighted,nbi_A,lr+gnb+xgb,6,25
bnp,20,weighted,nbi_A,lr,1,25
bnp,20,weighted,nbi_A,lr+knn+xgb,1,25
bnp,20,weighted,nbi_B,lr+gnb+xgb,27,59
bnp,20,weighted,nbi_B,lr+rf+xgb,24,59
bnp,20,weighted,nbi_B,lr+gnb+rf+xgb,5,59
bnp,20,weighted,nbi_B,lr+xgb,2,59
bnp,20,weighted,nbi_B,lr,1,59
bnp,20,weighted,nbi_C,lr+rf+xgb,16,33
bnp,20,weighted,nbi_C,lr+gnb+xgb,11,33
bnp,20,weighted,nbi_C,lr+gnb+rf+xgb,5,33
bnp,20,weighted,nbi_C,lr,1,33
bnp,20,weighted,ws_random_scalarization,lr+gnb+xgb,1,2
bnp,20,weighted,ws_random_scalarization,lr+gnb,1,2
bnp,20,weighted,random_dirichlet_budget,lr+gnb+knn+rf+xgb,3,4
bnp,20,weighted,random_dirichlet_budget,gnb+knn+rf+xgb,1,4
bnp,20,weighted,design_runs,lr+xgb,3,7
bnp,20,weighted,design_runs,rf+xgb,2,7
bnp,20,weighted,design_runs,lr+rf+xgb,1,7
bnp,20,weighted,design_runs,lr,1,7
bnp,20,weighted,single_objective_refs,xgb,1,4
bnp,20,weighted,single_objective_refs,lr+gnb+rf+xgb,1,4
bnp,20,weighted,single_objective_refs,lr+rf+xgb,1,4
bnp,20,weighted,single_objective_refs,lr,1,4
bnp,20,support,empirical_reference,lr+rf+xgb,26,56
bnp,20,support,empirical_reference,rf+xgb,12,56
bnp,20,support,empirical_reference,lr+gnb+rf+xgb,9,56
bnp,20,support,empirical_reference,lr+xgb,3,56
bnp,20,support,empirical_reference,lr+gnb+xgb,2,56
bnp,20,support,empirical_reference,lr+gnb+knn+rf+xgb,1,56
bnp,20,support,empirical_reference,lr+knn+rf+xgb,1,56
bnp,20,support,empirical_reference,xgb,1,56
bnp,20,support,empirical_reference,lr,1,56
bnp,20,support,nbi_A,lr+gnb+xgb,4,8
bnp,20,support,nbi_A,lr,1,8
bnp,20,support,nbi_A,gnb+xgb,1,8
bnp,20,support,nbi_A,lr+gnb+knn+xgb,1,8
bnp,20,support,nbi_A,lr+knn+xgb,1,8
bnp,20,support,nbi_B,lr+rf+xgb,11,17
bnp,20,support,nbi_B,lr+gnb+rf+xgb,4,17
bnp,20,support,nbi_B,lr,1,17
bnp,20,support,nbi_B,lr+xgb,1,17
bnp,20,support,nbi_C,lr+rf+xgb,8,13
bnp,20,support,nbi_C,lr+gnb+rf+xgb,3,13
bnp,20,support,nbi_C,lr,1,13
bnp,20,support,nbi_C,lr+gnb+xgb,1,13
bnp,20,support,ws_random_scalarization,lr+gnb+xgb,1,3
bnp,20,support,ws_random_scalarization,gnb+xgb,1,3
bnp,20,support,ws_random_scalarization,lr+gnb,1,3
bnp,20,support,random_dirichlet_budget,gnb+knn+rf+xgb,2,3
bnp,20,support,random_dirichlet_budget,lr+gnb+knn+rf+xgb,1,3
bnp,20,support,design_runs,rf+xgb,2,5
bnp,20,support,design_runs,xgb,1,5
bnp,20,support,design_runs,lr+xgb,1,5
bnp,20,support,design_runs,lr,1,5
bnp,20,support,single_objective_refs,xgb,1,4
bnp,20,support,single_objective_refs,lr+gnb+rf+xgb,1,4
bnp,20,support,single_objective_refs,lr+rf+xgb,1,4
bnp,20,support,single_objective_refs,lr,1,4
bnp,21,weighted,empirical_reference,lr+gnb+rf+xgb,64,174
bnp,21,weighted,empirical_reference,lr+xgb,57,174
bnp,21,weighted,empirical_reference,lr+rf+xgb,26,174
bnp,21,weighted,empirical_reference,lr+gnb+xgb,21,174
bnp,21,weighted,empirical_reference,lr,5,174
bnp,21,weighted,empirical_reference,lr+gnb,1,174
bnp,21,weighted,nbi_A,lr+xgb,7,8
bnp,21,weighted,nbi_A,lr,1,8
bnp,21,weighted,nbi_B,lr+xgb,26,48
bnp,21,weighted,nbi_B,lr+gnb+xgb,19,48
bnp,21,weighted,nbi_B,lr,1,48
bnp,21,weighted,nbi_B,lr+gnb+rf+xgb,1,48
bnp,21,weighted,nbi_B,lr+rf+xgb,1,48
bnp,21,weighted,nbi_C,lr+gnb+rf+xgb,14,34
bnp,21,weighted,nbi_C,lr+rf+xgb,12,34
bnp,21,weighted,nbi_C,lr+gnb+xgb,7,34
bnp,21,weighted,nbi_C,lr,1,34
bnp,21,weighted,ws_random_scalarization,xgb,1,1
bnp,21,weighted,random_dirichlet_budget,lr+gnb+knn+rf+xgb,4,5
bnp,21,weighted,random_dirichlet_budget,lr+gnb+rf+xgb,1,5
bnp,21,weighted,design_runs,lr+xgb,3,6
bnp,21,weighted,design_runs,lr+rf+xgb,1,6
bnp,21,weighted,design_runs,lr,1,6
bnp,21,weighted,design_runs,rf+xgb,1,6
bnp,21,weighted,single_objective_refs,xgb,3,6
bnp,21,weighted,single_objective_refs,lr+gnb+rf+xgb,1,6
bnp,21,weighted,single_objective_refs,lr+rf+xgb,1,6
bnp,21,weighted,single_objective_refs,lr,1,6
bnp,21,support,empirical_reference,lr+rf+xgb,16,39
bnp,21,support,empirical_reference,lr+gnb+xgb,7,39
bnp,21,support,empirical_reference,lr+gnb+rf+xgb,6,39
bnp,21,support,empirical_reference,rf+xgb,4,39
bnp,21,support,empirical_reference,lr+xgb,4,39
bnp,21,support,empirical_reference,lr,1,39
bnp,21,support,empirical_reference,xgb,1,39
bnp,21,support,nbi_A,lr+xgb,15,27
bnp,21,support,nbi_A,xgb,11,27
bnp,21,support,nbi_A,lr,1,27
bnp,21,support,nbi_B,lr+gnb+xgb,5,11
bnp,21,support,nbi_B,lr+xgb,3,11
bnp,21,support,nbi_B,lr,1,11
bnp,21,support,nbi_B,lr+gnb+rf+xgb,1,11
bnp,21,support,nbi_B,lr+rf+xgb,1,11
bnp,21,support,nbi_C,lr+rf+xgb,9,13
bnp,21,support,nbi_C,lr+gnb+rf+xgb,2,13
bnp,21,support,nbi_C,lr,1,13
bnp,21,support,nbi_C,lr+gnb+xgb,1,13
bnp,21,support,ws_random_scalarization,xgb,66,66
bnp,21,support,random_dirichlet_budget,lr+gnb+rf+xgb,1,2
bnp,21,support,random_dirichlet_budget,lr+gnb+knn+rf+xgb,1,2
bnp,21,support,design_runs,xgb,1,5
bnp,21,support,design_runs,lr+xgb,1,5
bnp,21,support,design_runs,lr+rf+xgb,1,5
bnp,21,support,design_runs,lr,1,5
bnp,21,support,design_runs,rf+xgb,1,5
bnp,21,support,single_objective_refs,xgb,3,6
bnp,21,support,single_objective_refs,lr+gnb+rf+xgb,1,6
bnp,21,support,single_objective_refs,lr+rf+xgb,1,6
bnp,21,support,single_objective_refs,lr,1,6
bnp,22,weighted,empirical_reference,lr+xgb,46,166
bnp,22,weighted,empirical_reference,lr+gnb+rf+xgb,41,166
bnp,22,weighted,empirical_reference,lr+gnb+xgb,35,166
bnp,22,weighted,empirical_reference,lr+rf+xgb,31,166
bnp,22,weighted,empirical_reference,lr,10,166
bnp,22,weighted,empirical_reference,lr+knn+rf+xgb,2,166
bnp,22,weighted,empirical_reference,lr+gnb,1,166
bnp,22,weighted,nbi_A,lr+xgb,7,8
bnp,22,weighted,nbi_A,lr,1,8
bnp,22,weighted,nbi_B,lr+gnb+xgb,29,43
bnp,22,weighted,nbi_B,lr+xgb,11,43
bnp,22,weighted,nbi_B,lr,1,43
bnp,22,weighted,nbi_B,lr+gnb+rf+xgb,1,43
bnp,22,weighted,nbi_B,lr+rf+xgb,1,43
bnp,22,weighted,nbi_C,lr+rf+xgb,20,33
bnp,22,weighted,nbi_C,lr+gnb+xgb,9,33
bnp,22,weighted,nbi_C,lr+gnb+rf+xgb,2,33
bnp,22,weighted,nbi_C,lr,1,33
bnp,22,weighted,nbi_C,lr+xgb,1,33
bnp,22,weighted,ws_random_scalarization,lr,1,2
bnp,22,weighted,ws_random_scalarization,xgb,1,2
bnp,22,weighted,random_dirichlet_budget,lr+gnb+knn+rf+xgb,2,3
bnp,22,weighted,random_dirichlet_budget,lr+gnb+knn+xgb,1,3
bnp,22,weighted,design_runs,lr+xgb,3,6
bnp,22,weighted,design_runs,lr+rf+xgb,1,6
bnp,22,weighted,design_runs,lr,1,6
bnp,22,weighted,design_runs,rf+xgb,1,6
bnp,22,weighted,single_objective_refs,xgb,1,4
bnp,22,weighted,single_objective_refs,lr+gnb+rf+xgb,1,4
bnp,22,weighted,single_objective_refs,lr+rf+xgb,1,4
bnp,22,weighted,single_objective_refs,lr,1,4
bnp,22,support,empirical_reference,xgb,78,130
bnp,22,support,empirical_reference,lr+rf+xgb,19,130
bnp,22,support,empirical_reference,rf+xgb,10,130
bnp,22,support,empirical_reference,lr+gnb+xgb,8,130
bnp,22,support,empirical_reference,lr+gnb+rf+xgb,6,130
bnp,22,support,empirical_reference,lr+xgb,5,130
bnp,22,support,empirical_reference,lr+knn+rf+xgb,2,130
bnp,22,support,empirical_reference,lr,2,130
bnp,22,support,nbi_A,lr+xgb,15,27
bnp,22,support,nbi_A,xgb,11,27
bnp,22,support,nbi_A,lr,1,27
bnp,22,support,nbi_B,lr+gnb+xgb,5,9
bnp,22,support,nbi_B,lr,1,9
bnp,22,support,nbi_B,lr+gnb+rf+xgb,1,9
bnp,22,support,nbi_B,lr+xgb,1,9
bnp,22,support,nbi_B,lr+rf+xgb,1,9
bnp,22,support,nbi_C,lr+rf+xgb,9,14
bnp,22,support,nbi_C,lr+gnb+rf+xgb,2,14
bnp,22,support,nbi_C,lr,1,14
bnp,22,support,nbi_C,lr+xgb,1,14
bnp,22,support,nbi_C,lr+gnb+xgb,1,14
bnp,22,support,ws_random_scalarization,xgb,65,66
bnp,22,support,ws_random_scalarization,lr,1,66
bnp,22,support,random_dirichlet_budget,lr+gnb+knn+xgb,1,2
bnp,22,support,random_dirichlet_budget,lr+gnb+knn+rf+xgb,1,2
bnp,22,support,design_runs,xgb,1,5
bnp,22,support,design_runs,lr+xgb,1,5
bnp,22,support,design_runs,lr+rf+xgb,1,5
bnp,22,support,design_runs,lr,1,5
bnp,22,support,design_runs,rf+xgb,1,5
bnp,22,support,single_objective_refs,xgb,3,6
bnp,22,support,single_objective_refs,lr+gnb+rf+xgb,1,6
bnp,22,support,single_objective_refs,lr+rf+xgb,1,6
bnp,22,support,single_objective_refs,lr,1,6
bnp,23,weighted,empirical_reference,lr+gnb+rf+xgb,63,179
bnp,23,weighted,empirical_reference,lr+rf+xgb,46,179
bnp,23,weighted,empirical_reference,lr+xgb,38,179
bnp,23,weighted,empirical_reference,lr+gnb+xgb,24,179
bnp,23,weighted,empirical_reference,lr,8,179
bnp,23,weighted,nbi_A,lr+gnb+knn+xgb,26,35
bnp,23,weighted,nbi_A,lr+gnb+xgb,7,35
bnp,23,weighted,nbi_A,lr,1,35
bnp,23,weighted,nbi_A,gnb+xgb,1,35
bnp,23,weighted,nbi_B,lr+gnb+xgb,27,57
bnp,23,weighted,nbi_B,lr+rf+xgb,18,57
bnp,23,weighted,nbi_B,lr+gnb+rf+xgb,10,57
bnp,23,weighted,nbi_B,lr,1,57
bnp,23,weighted,nbi_B,lr+xgb,1,57
bnp,23,weighted,nbi_C,lr+gnb+rf+xgb,14,35
bnp,23,weighted,nbi_C,lr+gnb+xgb,10,35
bnp,23,weighted,nbi_C,lr+rf+xgb,10,35
bnp,23,weighted,nbi_C,lr,1,35
bnp,23,weighted,ws_random_scalarization,lr+gnb+xgb,2,4
bnp,23,weighted,ws_random_scalarization,gnb+xgb,1,4
bnp,23,weighted,ws_random_scalarization,lr+gnb,1,4
bnp,23,weighted,random_dirichlet_budget,lr+gnb+knn+rf+xgb,8,8
bnp,23,weighted,design_runs,lr+xgb,3,6
bnp,23,weighted,design_runs,lr+rf+xgb,1,6
bnp,23,weighted,design_runs,lr,1,6
bnp,23,weighted,design_runs,rf+xgb,1,6
bnp,23,weighted,single_objective_refs,xgb,1,4
bnp,23,weighted,single_objective_refs,lr+gnb+rf+xgb,1,4
bnp,23,weighted,single_objective_refs,lr+rf+xgb,1,4
bnp,23,weighted,single_objective_refs,lr,1,4
bnp,23,support,empirical_reference,lr+rf+xgb,22,48
bnp,23,support,empirical_reference,lr+gnb+rf+xgb,9,48
bnp,23,support,empirical_reference,rf+xgb,7,48
bnp,23,support,empirical_reference,lr+xgb,4,48
bnp,23,support,empirical_reference,xgb,3,48
bnp,23,support,empirical_reference,lr,2,48
bnp,23,support,empirical_reference,lr+gnb+xgb,1,48
bnp,23,support,nbi_A,lr+gnb+xgb,4,7
bnp,23,support,nbi_A,lr,1,7
bnp,23,support,nbi_A,gnb+xgb,1,7
bnp,23,support,nbi_A,lr+gnb+knn+xgb,1,7
bnp,23,support,nbi_B,lr+rf+xgb,8,16
bnp,23,support,nbi_B,lr+gnb+rf+xgb,5,16
bnp,23,support,nbi_B,lr,1,16
bnp,23,support,nbi_B,lr+gnb+xgb,1,16
bnp,23,support,nbi_B,lr+xgb,1,16
bnp,23,support,nbi_C,lr+rf+xgb,8,14
bnp,23,support,nbi_C,lr+gnb+rf+xgb,3,14
bnp,23,support,nbi_C,lr,1,14
bnp,23,support,nbi_C,lr+gnb+xgb,1,14
bnp,23,support,nbi_C,lr+xgb,1,14
bnp,23,support,ws_random_scalarization,gnb+xgb,1,3
bnp,23,support,ws_random_scalarization,lr+gnb,1,3
bnp,23,support,ws_random_scalarization,lr+gnb+xgb,1,3
bnp,23,support,random_dirichlet_budget,lr+gnb+knn+rf+xgb,1,1
bnp,23,support,design_runs,xgb,1,5
bnp,23,support,design_runs,lr+xgb,1,5
bnp,23,support,design_runs,lr+rf+xgb,1,5
bnp,23,support,design_runs,lr,1,5
bnp,23,support,design_runs,rf+xgb,1,5
bnp,23,support,single_objective_refs,xgb,1,4
bnp,23,support,single_objective_refs,lr+gnb+rf+xgb,1,4
bnp,23,support,single_objective_refs,lr+rf+xgb,1,4
bnp,23,support,single_objective_refs,lr,1,4
bnp,24,weighted,empirical_reference,lr+gnb+rf+xgb,64,173
bnp,24,weighted,empirical_reference,lr+gnb+xgb,40,173
bnp,24,weighted,empirical_reference,lr+xgb,36,173
bnp,24,weighted,empirical_reference,lr+rf+xgb,24,173
bnp,24,weighted,empirical_reference,lr,9,173
bnp,24,weighted,nbi_A,lr+xgb,7,8
bnp,24,weighted,nbi_A,lr,1,8
bnp,24,weighted,nbi_B,lr+gnb+xgb,38,43
bnp,24,weighted,nbi_B,lr+xgb,2,43
bnp,24,weighted,nbi_B,lr,1,43
bnp,24,weighted,nbi_B,lr+gnb+rf+xgb,1,43
bnp,24,weighted,nbi_B,lr+rf+xgb,1,43
bnp,24,weighted,nbi_C,lr+rf+xgb,14,33
bnp,24,weighted,nbi_C,lr+gnb+xgb,10,33
bnp,24,weighted,nbi_C,lr+gnb+rf+xgb,8,33
bnp,24,weighted,nbi_C,lr,1,33
bnp,24,weighted,ws_random_scalarization,xgb,61,61
bnp,24,weighted,random_dirichlet_budget,lr+gnb+knn+rf+xgb,6,6
bnp,24,weighted,design_runs,lr+xgb,3,7
bnp,24,weighted,design_runs,rf+xgb,2,7
bnp,24,weighted,design_runs,lr+rf+xgb,1,7
bnp,24,weighted,design_runs,lr,1,7
bnp,24,weighted,single_objective_refs,xgb,1,4
bnp,24,weighted,single_objective_refs,lr+gnb+rf+xgb,1,4
bnp,24,weighted,single_objective_refs,lr+rf+xgb,1,4
bnp,24,weighted,single_objective_refs,lr,1,4
bnp,24,support,empirical_reference,lr+rf+xgb,17,63
bnp,24,support,empirical_reference,lr+gnb+rf+xgb,17,63
bnp,24,support,empirical_reference,rf+xgb,12,63
bnp,24,support,empirical_reference,lr+gnb+xgb,7,63
bnp,24,support,empirical_reference,lr,5,63
bnp,24,support,empirical_reference,lr+xgb,4,63
bnp,24,support,empirical_reference,xgb,1,63
bnp,24,support,nbi_A,xgb,11,20
bnp,24,support,nbi_A,lr+xgb,8,20
bnp,24,support,nbi_A,lr,1,20
bnp,24,support,nbi_B,lr+gnb+xgb,4,8
bnp,24,support,nbi_B,lr,1,8
bnp,24,support,nbi_B,lr+gnb+rf+xgb,1,8
bnp,24,support,nbi_B,lr+xgb,1,8
bnp,24,support,nbi_B,lr+rf+xgb,1,8
bnp,24,support,nbi_C,lr+rf+xgb,6,13
bnp,24,support,nbi_C,lr+gnb+rf+xgb,5,13
bnp,24,support,nbi_C,lr,1,13
bnp,24,support,nbi_C,lr+gnb+xgb,1,13
bnp,24,support,ws_random_scalarization,xgb,66,66
bnp,24,support,random_dirichlet_budget,lr+gnb+knn+rf+xgb,1,1
bnp,24,support,design_runs,rf+xgb,2,5
bnp,24,support,design_runs,xgb,1,5
bnp,24,support,design_runs,lr+xgb,1,5
bnp,24,support,design_runs,lr,1,5
bnp,24,support,single_objective_refs,xgb,3,6
bnp,24,support,single_objective_refs,lr+gnb+rf+xgb,1,6
bnp,24,support,single_objective_refs,lr+rf+xgb,1,6
bnp,24,support,single_objective_refs,lr,1,6
bnp,25,weighted,empirical_reference,lr+gnb+rf+xgb,54,165
bnp,25,weighted,empirical_reference,lr+gnb+xgb,42,165
bnp,25,weighted,empirical_reference,lr+xgb,37,165
bnp,25,weighted,empirical_reference,lr+rf+xgb,25,165
bnp,25,weighted,empirical_reference,lr,5,165
bnp,25,weighted,empirical_reference,lr+gnb+knn+rf+xgb,1,165
bnp,25,weighted,empirical_reference,lr+knn+rf+xgb,1,165
bnp,25,weighted,nbi_A,lr+xgb,7,8
bnp,25,weighted,nbi_A,lr,1,8
bnp,25,weighted,nbi_B,lr+gnb+xgb,40,45
bnp,25,weighted,nbi_B,lr+xgb,2,45
bnp,25,weighted,nbi_B,lr,1,45
bnp,25,weighted,nbi_B,lr+gnb+rf+xgb,1,45
bnp,25,weighted,nbi_B,lr+rf+xgb,1,45
bnp,25,weighted,nbi_C,lr+rf+xgb,14,29
bnp,25,weighted,nbi_C,lr+gnb+rf+xgb,7,29
bnp,25,weighted,nbi_C,lr+gnb+xgb,7,29
bnp,25,weighted,nbi_C,lr,1,29
bnp,25,weighted,ws_random_scalarization,xgb,1,1
bnp,25,weighted,random_dirichlet_budget,lr+gnb+knn+rf+xgb,4,5
bnp,25,weighted,random_dirichlet_budget,lr+gnb+rf+xgb,1,5
bnp,25,weighted,design_runs,lr+xgb,3,6
bnp,25,weighted,design_runs,lr+rf+xgb,1,6
bnp,25,weighted,design_runs,lr,1,6
bnp,25,weighted,design_runs,rf+xgb,1,6
bnp,25,weighted,single_objective_refs,xgb,2,5
bnp,25,weighted,single_objective_refs,lr+gnb+rf+xgb,1,5
bnp,25,weighted,single_objective_refs,lr+rf+xgb,1,5
bnp,25,weighted,single_objective_refs,lr,1,5
bnp,25,support,empirical_reference,lr+xgb,12,55
bnp,25,support,empirical_reference,lr+rf+xgb,12,55
bnp,25,support,empirical_reference,lr+gnb+xgb,12,55
bnp,25,support,empirical_reference,lr+gnb+rf+xgb,9,55
bnp,25,support,empirical_reference,rf+xgb,6,55
bnp,25,support,empirical_reference,lr+gnb+knn+rf+xgb,1,55
bnp,25,support,empirical_reference,xgb,1,55
bnp,25,support,empirical_reference,lr,1,55
bnp,25,support,empirical_reference,lr+knn+rf+xgb,1,55
bnp,25,support,nbi_A,lr+xgb,15,27
bnp,25,support,nbi_A,xgb,11,27
bnp,25,support,nbi_A,lr,1,27
bnp,25,support,nbi_B,lr+gnb+xgb,7,11
bnp,25,support,nbi_B,lr,1,11
bnp,25,support,nbi_B,lr+gnb+rf+xgb,1,11
bnp,25,support,nbi_B,lr+xgb,1,11
bnp,25,support,nbi_B,lr+rf+xgb,1,11
bnp,25,support,nbi_C,lr+rf+xgb,7,13
bnp,25,support,nbi_C,lr+gnb+rf+xgb,4,13
bnp,25,support,nbi_C,lr,1,13
bnp,25,support,nbi_C,lr+gnb+xgb,1,13
bnp,25,support,ws_random_scalarization,xgb,66,66
bnp,25,support,random_dirichlet_budget,lr+gnb+knn+rf+xgb,2,3
bnp,25,support,random_dirichlet_budget,lr+gnb+rf+xgb,1,3
bnp,25,support,design_runs,xgb,1,5
bnp,25,support,design_runs,lr+xgb,1,5
bnp,25,support,design_runs,lr+rf+xgb,1,5
bnp,25,support,design_runs,lr,1,5
bnp,25,support,design_runs,rf+xgb,1,5
bnp,25,support,single_objective_refs,xgb,3,6
bnp,25,support,single_objective_refs,lr+gnb+rf+xgb,1,6
bnp,25,support,single_objective_refs,lr+rf+xgb,1,6
bnp,25,support,single_objective_refs,lr,1,6
bnp,26,weighted,empirical_reference,lr+gnb+rf+xgb,78,202
bnp,26,weighted,empirical_reference,lr+rf+xgb,52,202
bnp,26,weighted,empirical_reference,lr+xgb,41,202
bnp,26,weighted,empirical_reference,lr+gnb+xgb,24,202
bnp,26,weighted,empirical_reference,lr,4,202
bnp,26,weighted,empirical_reference,lr+gnb+knn+rf+xgb,2,202
bnp,26,weighted,empirical_reference,lr+knn+rf+xgb,1,202
bnp,26,weighted,nbi_A,lr+gnb+xgb,7,13
bnp,26,weighted,nbi_A,gnb+rf+xgb,3,13
bnp,26,weighted,nbi_A,lr+gnb+knn+rf+xgb,2,13
bnp,26,weighted,nbi_A,lr,1,13
bnp,26,weighted,nbi_B,lr+gnb+xgb,24,60
bnp,26,weighted,nbi_B,lr+rf+xgb,18,60
bnp,26,weighted,nbi_B,lr+gnb+rf+xgb,14,60
bnp,26,weighted,nbi_B,lr+knn+rf+xgb,2,60
bnp,26,weighted,nbi_B,lr,1,60
bnp,26,weighted,nbi_B,lr+gnb+knn+rf+xgb,1,60
bnp,26,weighted,nbi_C,lr+gnb+rf+xgb,14,38
bnp,26,weighted,nbi_C,lr+gnb+xgb,12,38
bnp,26,weighted,nbi_C,lr+rf+xgb,11,38
bnp,26,weighted,nbi_C,lr,1,38
bnp,26,weighted,ws_random_scalarization,lr+gnb+xgb,1,2
bnp,26,weighted,ws_random_scalarization,lr+gnb,1,2
bnp,26,weighted,random_dirichlet_budget,lr+gnb+knn+rf+xgb,6,6
bnp,26,weighted,design_runs,lr+xgb,3,6
bnp,26,weighted,design_runs,lr+rf+xgb,1,6
bnp,26,weighted,design_runs,lr,1,6
bnp,26,weighted,design_runs,rf+xgb,1,6
bnp,26,weighted,single_objective_refs,xgb,1,4
bnp,26,weighted,single_objective_refs,lr+gnb+rf+xgb,1,4
bnp,26,weighted,single_objective_refs,lr+rf+xgb,1,4
bnp,26,weighted,single_objective_refs,lr,1,4
bnp,26,support,empirical_reference,lr+rf+xgb,21,58
bnp,26,support,empirical_reference,rf+xgb,13,58
bnp,26,support,empirical_reference,lr+gnb+rf+xgb,10,58
bnp,26,support,empirical_reference,lr+gnb+xgb,5,58
bnp,26,support,empirical_reference,lr+xgb,3,58
bnp,26,support,empirical_reference,lr+gnb+knn+rf+xgb,2,58
bnp,26,support,empirical_reference,xgb,2,58
bnp,26,support,empirical_reference,lr,1,58
bnp,26,support,empirical_reference,lr+knn+rf+xgb,1,58
bnp,26,support,nbi_A,lr+gnb+xgb,5,9
bnp,26,support,nbi_A,lr,1,9
bnp,26,support,nbi_A,gnb+xgb,1,9
bnp,26,support,nbi_A,gnb+rf+xgb,1,9
bnp,26,support,nbi_A,lr+gnb+knn+rf+xgb,1,9
bnp,26,support,nbi_B,lr+gnb+rf+xgb,6,16
bnp,26,support,nbi_B,lr+rf+xgb,5,16
bnp,26,support,nbi_B,lr+knn+rf+xgb,2,16
bnp,26,support,nbi_B,lr,1,16
bnp,26,support,nbi_B,lr+gnb+xgb,1,16
bnp,26,support,nbi_B,lr+gnb+knn+rf+xgb,1,16
bnp,26,support,nbi_C,lr+rf+xgb,9,13
bnp,26,support,nbi_C,lr+gnb+rf+xgb,2,13
bnp,26,support,nbi_C,lr,1,13
bnp,26,support,nbi_C,lr+gnb+xgb,1,13
bnp,26,support,ws_random_scalarization,gnb+xgb,1,3
bnp,26,support,ws_random_scalarization,lr+gnb+xgb,1,3
bnp,26,support,ws_random_scalarization,lr+gnb,1,3
bnp,26,support,random_dirichlet_budget,lr+gnb+knn+rf+xgb,4,5
bnp,26,support,random_dirichlet_budget,lr+gnb+knn+rf,1,5
bnp,26,support,design_runs,xgb,1,5
bnp,26,support,design_runs,lr+xgb,1,5
bnp,26,support,design_runs,lr+rf+xgb,1,5
bnp,26,support,design_runs,lr,1,5
bnp,26,support,design_runs,rf+xgb,1,5
bnp,26,support,single_objective_refs,xgb,1,4
bnp,26,support,single_objective_refs,lr+gnb+rf+xgb,1,4
bnp,26,support,single_objective_refs,lr+rf+xgb,1,4
bnp,26,support,single_objective_refs,lr,1,4
bnp,27,weighted,empirical_reference,lr+rf+xgb,60,195
bnp,27,weighted,empirical_reference,lr+gnb+rf+xgb,58,195
bnp,27,weighted,empirical_reference,lr+xgb,41,195
bnp,27,weighted,empirical_reference,lr+gnb+xgb,26,195
bnp,27,weighted,empirical_reference,lr,7,195
bnp,27,weighted,empirical_reference,lr+knn+rf+xgb,2,195
bnp,27,weighted,empirical_reference,lr+gnb,1,195
bnp,27,weighted,nbi_A,lr+gnb+knn+xgb,19,29
bnp,27,weighted,nbi_A,lr+gnb+xgb,7,29
bnp,27,weighted,nbi_A,lr,1,29
bnp,27,weighted,nbi_A,gnb+xgb,1,29
bnp,27,weighted,nbi_A,lr+knn+xgb,1,29
bnp,27,weighted,nbi_B,lr+gnb+xgb,26,62
bnp,27,weighted,nbi_B,lr+rf+xgb,25,62
bnp,27,weighted,nbi_B,lr+gnb+rf+xgb,9,62
bnp,27,weighted,nbi_B,lr,1,62
bnp,27,weighted,nbi_B,lr+xgb,1,62
bnp,27,weighted,nbi_C,lr+rf+xgb,17,32
bnp,27,weighted,nbi_C,lr+gnb+xgb,8,32
bnp,27,weighted,nbi_C,lr+gnb+rf+xgb,6,32
bnp,27,weighted,nbi_C,lr,1,32
bnp,27,weighted,ws_random_scalarization,lr+gnb+xgb,1,1
bnp,27,weighted,random_dirichlet_budget,lr+gnb+knn+rf+xgb,2,2
bnp,27,weighted,design_runs,lr+xgb,3,6
bnp,27,weighted,design_runs,lr+rf+xgb,1,6
bnp,27,weighted,design_runs,lr,1,6
bnp,27,weighted,design_runs,rf+xgb,1,6
bnp,27,weighted,single_objective_refs,xgb,1,4
bnp,27,weighted,single_objective_refs,lr+gnb+rf+xgb,1,4
bnp,27,weighted,single_objective_refs,lr+rf+xgb,1,4
bnp,27,weighted,single_objective_refs,lr,1,4
bnp,27,support,empirical_reference,lr+rf+xgb,30,71
bnp,27,support,empirical_reference,rf+xgb,15,71
bnp,27,support,empirical_reference,lr+gnb+rf+xgb,14,71
bnp,27,support,empirical_reference,lr+xgb,4,71
bnp,27,support,empirical_reference,lr+gnb+xgb,4,71
bnp,27,support,empirical_reference,lr+knn+rf+xgb,2,71
bnp,27,support,empirical_reference,xgb,1,71
bnp,27,support,empirical_reference,lr,1,71
bnp,27,support,nbi_A,lr+gnb+xgb,3,7
bnp,27,support,nbi_A,lr,1,7
bnp,27,support,nbi_A,gnb+xgb,1,7
bnp,27,support,nbi_A,lr+gnb+knn+xgb,1,7
bnp,27,support,nbi_A,lr+knn+xgb,1,7
bnp,27,support,nbi_B,lr+rf+xgb,12,20
bnp,27,support,nbi_B,lr+gnb+rf+xgb,5,20
bnp,27,support,nbi_B,lr,1,20
bnp,27,support,nbi_B,lr+gnb+xgb,1,20
bnp,27,support,nbi_B,lr+xgb,1,20
bnp,27,support,nbi_C,lr+rf+xgb,7,13
bnp,27,support,nbi_C,lr+gnb+rf+xgb,4,13
bnp,27,support,nbi_C,lr,1,13
bnp,27,support,nbi_C,lr+gnb+xgb,1,13
bnp,27,support,ws_random_scalarization,lr+gnb+xgb,1,2
bnp,27,support,ws_random_scalarization,gnb+xgb,1,2
bnp,27,support,random_dirichlet_budget,lr+gnb+knn+rf,1,3
bnp,27,support,random_dirichlet_budget,lr+gnb+knn+rf+xgb,1,3
bnp,27,support,random_dirichlet_budget,gnb+knn+rf+xgb,1,3
bnp,27,support,design_runs,xgb,1,5
bnp,27,support,design_runs,lr+xgb,1,5
bnp,27,support,design_runs,lr+rf+xgb,1,5
bnp,27,support,design_runs,lr,1,5
bnp,27,support,design_runs,rf+xgb,1,5
bnp,27,support,single_objective_refs,xgb,1,4
bnp,27,support,single_objective_refs,lr+gnb+rf+xgb,1,4
bnp,27,support,single_objective_refs,lr+rf+xgb,1,4
bnp,27,support,single_objective_refs,lr,1,4
bnp,28,weighted,empirical_reference,lr+gnb+rf+xgb,51,172
bnp,28,weighted,empirical_reference,lr+rf+xgb,39,172
bnp,28,weighted,empirical_reference,lr+xgb,38,172
bnp,28,weighted,empirical_reference,lr+gnb+xgb,35,172
bnp,28,weighted,empirical_reference,lr,9,172
bnp,28,weighted,nbi_A,lr+xgb,7,8
bnp,28,weighted,nbi_A,lr,1,8
bnp,28,weighted,nbi_B,lr+gnb+xgb,31,43
bnp,28,weighted,nbi_B,lr+xgb,9,43
bnp,28,weighted,nbi_B,lr,1,43
bnp,28,weighted,nbi_B,lr+gnb+rf+xgb,1,43
bnp,28,weighted,nbi_B,lr+rf+xgb,1,43
bnp,28,weighted,nbi_C,lr+rf+xgb,20,35
bnp,28,weighted,nbi_C,lr+gnb+xgb,11,35
bnp,28,weighted,nbi_C,lr+gnb+rf+xgb,3,35
bnp,28,weighted,nbi_C,lr,1,35
bnp,28,weighted,ws_random_scalarization,xgb,1,1
bnp,28,weighted,random_dirichlet_budget,lr+gnb+knn+rf+xgb,6,6
bnp,28,weighted,design_runs,lr+xgb,3,6
bnp,28,weighted,design_runs,lr+rf+xgb,1,6
bnp,28,weighted,design_runs,lr,1,6
bnp,28,weighted,design_runs,rf+xgb,1,6
bnp,28,weighted,single_objective_refs,xgb,1,4
bnp,28,weighted,single_objective_refs,lr+gnb+rf+xgb,1,4
bnp,28,weighted,single_objective_refs,lr+rf+xgb,1,4
bnp,28,weighted,single_objective_refs,lr,1,4
bnp,28,support,empirical_reference,xgb,79,120
bnp,28,support,empirical_reference,lr+rf+xgb,17,120
bnp,28,support,empirical_reference,rf+xgb,8,120
bnp,28,support,empirical_reference,lr+gnb+xgb,8,120
bnp,28,support,empirical_reference,lr+gnb+rf+xgb,4,120
bnp,28,support,empirical_reference,lr+xgb,3,120
bnp,28,support,empirical_reference,lr,1,120
bnp,28,support,nbi_A,lr+xgb,15,27
bnp,28,support,nbi_A,xgb,11,27
bnp,28,support,nbi_A,lr,1,27
bnp,28,support,nbi_B,lr+gnb+xgb,5,9
bnp,28,support,nbi_B,lr,1,9
bnp,28,support,nbi_B,lr+gnb+rf+xgb,1,9
bnp,28,support,nbi_B,lr+xgb,1,9
bnp,28,support,nbi_B,lr+rf+xgb,1,9
bnp,28,support,nbi_C,lr+rf+xgb,9,13
bnp,28,support,nbi_C,lr+gnb+rf+xgb,2,13
bnp,28,support,nbi_C,lr,1,13
bnp,28,support,nbi_C,lr+gnb+xgb,1,13
bnp,28,support,ws_random_scalarization,xgb,66,66
bnp,28,support,random_dirichlet_budget,lr+gnb+knn+rf+xgb,2,3
bnp,28,support,random_dirichlet_budget,lr+gnb+knn+xgb,1,3
bnp,28,support,design_runs,xgb,1,5
bnp,28,support,design_runs,lr+xgb,1,5
bnp,28,support,design_runs,lr+rf+xgb,1,5
bnp,28,support,design_runs,lr,1,5
bnp,28,support,design_runs,rf+xgb,1,5
bnp,28,support,single_objective_refs,xgb,3,6
bnp,28,support,single_objective_refs,lr+gnb+rf+xgb,1,6
bnp,28,support,single_objective_refs,lr+rf+xgb,1,6
bnp,28,support,single_objective_refs,lr,1,6
bnp,29,weighted,empirical_reference,lr+gnb+rf+xgb,56,172
bnp,29,weighted,empirical_reference,lr+gnb+xgb,45,172
bnp,29,weighted,empirical_reference,lr+xgb,34,172
bnp,29,weighted,empirical_reference,lr+rf+xgb,26,172
bnp,29,weighted,empirical_reference,lr,10,172
bnp,29,weighted,empirical_reference,lr+knn+rf+xgb,1,172
bnp,29,weighted,nbi_A,lr+xgb,7,8
bnp,29,weighted,nbi_A,lr,1,8
bnp,29,weighted,nbi_B,lr+gnb+xgb,37,45
bnp,29,weighted,nbi_B,lr+xgb,5,45
bnp,29,weighted,nbi_B,lr,1,45
bnp,29,weighted,nbi_B,lr+gnb+rf+xgb,1,45
bnp,29,weighted,nbi_B,lr+rf+xgb,1,45
bnp,29,weighted,nbi_C,lr+rf+xgb,15,34
bnp,29,weighted,nbi_C,lr+gnb+xgb,9,34
bnp,29,weighted,nbi_C,lr+gnb+rf+xgb,9,34
bnp,29,weighted,nbi_C,lr,1,34
bnp,29,weighted,ws_random_scalarization,xgb,1,1
bnp,29,weighted,random_dirichlet_budget,lr+gnb+knn+rf+xgb,4,5
bnp,29,weighted,random_dirichlet_budget,lr+gnb+rf+xgb,1,5
bnp,29,weighted,design_runs,lr+xgb,3,6
bnp,29,weighted,design_runs,lr+rf+xgb,1,6
bnp,29,weighted,design_runs,lr,1,6
bnp,29,weighted,design_runs,rf+xgb,1,6
bnp,29,weighted,single_objective_refs,xgb,2,5
bnp,29,weighted,single_objective_refs,lr+gnb+rf+xgb,1,5
bnp,29,weighted,single_objective_refs,lr+rf+xgb,1,5
bnp,29,weighted,single_objective_refs,lr,1,5
bnp,29,support,empirical_reference,xgb,79,131
bnp,29,support,empirical_reference,lr+rf+xgb,13,131
bnp,29,support,empirical_reference,rf+xgb,11,131
bnp,29,support,empirical_reference,lr+gnb+xgb,9,131
bnp,29,support,empirical_reference,lr+xgb,7,131
bnp,29,support,empirical_reference,lr+gnb+rf+xgb,6,131
bnp,29,support,empirical_reference,lr,5,131
bnp,29,support,empirical_reference,lr+knn+rf+xgb,1,131
bnp,29,support,nbi_A,lr+xgb,15,27
bnp,29,support,nbi_A,xgb,11,27
bnp,29,support,nbi_A,lr,1,27
bnp,29,support,nbi_B,lr+gnb+xgb,7,11
bnp,29,support,nbi_B,lr,1,11
bnp,29,support,nbi_B,lr+gnb+rf+xgb,1,11
bnp,29,support,nbi_B,lr+xgb,1,11
bnp,29,support,nbi_B,lr+rf+xgb,1,11
bnp,29,support,nbi_C,lr+rf+xgb,7,13
bnp,29,support,nbi_C,lr+gnb+rf+xgb,4,13
bnp,29,support,nbi_C,lr,1,13
bnp,29,support,nbi_C,lr+gnb+xgb,1,13
bnp,29,support,ws_random_scalarization,xgb,66,66
bnp,29,support,random_dirichlet_budget,lr+gnb+knn+rf+xgb,2,4
bnp,29,support,random_dirichlet_budget,lr+gnb+rf+xgb,1,4
bnp,29,support,random_dirichlet_budget,gnb+knn+rf+xgb,1,4
bnp,29,support,design_runs,xgb,1,5
bnp,29,support,design_runs,lr+xgb,1,5
bnp,29,support,design_runs,lr+rf+xgb,1,5
bnp,29,support,design_runs,lr,1,5
bnp,29,support,design_runs,rf+xgb,1,5
bnp,29,support,single_objective_refs,xgb,3,6
bnp,29,support,single_objective_refs,lr+gnb+rf+xgb,1,6
bnp,29,support,single_objective_refs,lr+rf+xgb,1,6
bnp,29,support,single_objective_refs,lr,1,6
porto,0,weighted,empirical_reference,lr+gnb+knn+rf+xgb,61,241
porto,0,weighted,empirical_reference,lr+gnb+rf+xgb,57,241
porto,0,weighted,empirical_reference,lr+rf+xgb,53,241
porto,0,weighted,empirical_reference,lr+knn+rf+xgb,35,241
porto,0,weighted,empirical_reference,lr+gnb+xgb,13,241
porto,0,weighted,empirical_reference,lr+xgb,11,241
porto,0,weighted,empirical_reference,lr,9,241
porto,0,weighted,empirical_reference,lr+gnb,2,241
porto,0,weighted,nbi_A,lr+rf+xgb,3,4
porto,0,weighted,nbi_A,lr,1,4
porto,0,weighted,nbi_B,lr+gnb+rf+xgb,34,64
porto,0,weighted,nbi_B,lr+rf+xgb,17,64
porto,0,weighted,nbi_B,lr+gnb+knn+rf,7,64
porto,0,weighted,nbi_B,lr+gnb+knn+rf+xgb,4,64
porto,0,weighted,nbi_B,lr,1,64
porto,0,weighted,nbi_B,lr+xgb,1,64
porto,0,weighted,nbi_C,lr+gnb+knn+rf+xgb,36,59
porto,0,weighted,nbi_C,lr+rf+xgb,11,59
porto,0,weighted,nbi_C,lr+gnb+rf+xgb,10,59
porto,0,weighted,nbi_C,lr,1,59
porto,0,weighted,nbi_C,lr+knn+rf+xgb,1,59
porto,0,weighted,ws_random_scalarization,lr+rf,6,9
porto,0,weighted,ws_random_scalarization,lr+rf+xgb,2,9
porto,0,weighted,ws_random_scalarization,lr,1,9
porto,0,weighted,random_dirichlet_budget,lr+gnb+knn+rf+xgb,5,5
porto,0,weighted,design_runs,lr+rf,1,2
porto,0,weighted,design_runs,lr,1,2
porto,0,weighted,single_objective_refs,lr,2,5
porto,0,weighted,single_objective_refs,lr+gnb+knn+rf+xgb,2,5
porto,0,weighted,single_objective_refs,lr+rf+xgb,1,5
porto,0,support,empirical_reference,lr+gnb+knn+rf+xgb,16,49
porto,0,support,empirical_reference,lr+rf+xgb,6,49
porto,0,support,empirical_reference,lr+gnb+xgb,5,49
porto,0,support,empirical_reference,lr+gnb,4,49
porto,0,support,empirical_reference,lr,4,49
porto,0,support,empirical_reference,lr+rf,3,49
porto,0,support,empirical_reference,lr+xgb,3,49
porto,0,support,empirical_reference,lr+gnb+rf+xgb,3,49
porto,0,support,empirical_reference,lr+knn+rf,2,49
porto,0,support,empirical_reference,lr+gnb+knn+rf,1,49
porto,0,support,empirical_reference,lr+gnb+rf,1,49
porto,0,support,empirical_reference,lr+knn+rf+xgb,1,49
porto,0,support,nbi_A,lr,1,3
porto,0,support,nbi_A,lr+rf,1,3
porto,0,support,nbi_A,lr+rf+xgb,1,3
porto,0,support,nbi_B,lr+gnb+rf+xgb,3,9
porto,0,support,nbi_B,lr+gnb+knn+rf+xgb,2,9
porto,0,support,nbi_B,lr,1,9
porto,0,support,nbi_B,lr+rf+xgb,1,9
porto,0,support,nbi_B,lr+xgb,1,9
porto,0,support,nbi_B,lr+gnb+knn+rf,1,9
porto,0,support,nbi_C,lr+gnb+knn+rf+xgb,6,10
porto,0,support,nbi_C,lr,1,10
porto,0,support,nbi_C,lr+knn+rf+xgb,1,10
porto,0,support,nbi_C,lr+gnb+rf+xgb,1,10
porto,0,support,nbi_C,lr+rf+xgb,1,10
porto,0,support,ws_random_scalarization,lr+rf,4,7
porto,0,support,ws_random_scalarization,lr,2,7
porto,0,support,ws_random_scalarization,lr+rf+xgb,1,7
porto,0,support,random_dirichlet_budget,gnb+knn+rf+xgb,1,2
porto,0,support,random_dirichlet_budget,lr+gnb+knn+rf+xgb,1,2
porto,0,support,design_runs,lr+rf,1,2
porto,0,support,design_runs,lr,1,2
porto,0,support,single_objective_refs,lr,2,5
porto,0,support,single_objective_refs,lr+gnb+knn+rf+xgb,2,5
porto,0,support,single_objective_refs,lr+rf+xgb,1,5
porto,1,weighted,empirical_reference,lr+knn+rf+xgb,46,119
porto,1,weighted,empirical_reference,lr+rf+xgb,31,119
porto,1,weighted,empirical_reference,lr+xgb,19,119
porto,1,weighted,empirical_reference,lr,19,119
porto,1,weighted,empirical_reference,lr+gnb+rf+xgb,4,119
porto,1,weighted,nbi_A,lr+rf,65,66
porto,1,weighted,nbi_A,lr,1,66
porto,1,weighted,nbi_B,lr+rf+xgb,60,63
porto,1,weighted,nbi_B,lr+knn+rf+xgb,2,63
porto,1,weighted,nbi_B,lr,1,63
porto,1,weighted,nbi_C,lr+gnb+rf+xgb,15,38
porto,1,weighted,nbi_C,lr+knn+rf+xgb,13,38
porto,1,weighted,nbi_C,lr+xgb,5,38
porto,1,weighted,nbi_C,lr+rf+xgb,3,38
porto,1,weighted,nbi_C,lr,1,38
porto,1,weighted,nbi_C,lr+gnb+knn+rf+xgb,1,38
porto,1,weighted,ws_random_scalarization,lr+rf,33,47
porto,1,weighted,ws_random_scalarization,lr,14,47
porto,1,weighted,random_dirichlet_budget,lr+gnb+knn+rf+xgb,4,4
porto,1,weighted,design_runs,lr+rf,1,2
porto,1,weighted,design_runs,lr,1,2
porto,1,weighted,single_objective_refs,lr,3,6
porto,1,weighted,single_objective_refs,lr+knn+rf+xgb,2,6
porto,1,weighted,single_objective_refs,lr+rf,1,6
porto,1,support,empirical_reference,lr,20,34
porto,1,support,empirical_reference,lr+knn+rf+xgb,11,34
porto,1,support,empirical_reference,lr+rf+xgb,1,34
porto,1,support,empirical_reference,lr+xgb,1,34
porto,1,support,empirical_reference,lr+rf,1,34
porto,1,support,nbi_A,lr,1,2
porto,1,support,nbi_A,lr+rf,1,2
porto,1,support,nbi_B,lr+knn+rf+xgb,2,4
porto,1,support,nbi_B,lr,1,4
porto,1,support,nbi_B,lr+rf+xgb,1,4
porto,1,support,nbi_C,lr+knn+rf+xgb,9,13
porto,1,support,nbi_C,lr,1,13
porto,1,support,nbi_C,lr+xgb,1,13
porto,1,support,nbi_C,lr+gnb+rf+xgb,1,13
porto,1,support,nbi_C,lr+rf+xgb,1,13
porto,1,support,ws_random_scalarization,lr,14,15
porto,1,support,ws_random_scalarization,lr+rf,1,15
porto,1,support,random_dirichlet_budget,lr+knn+rf+xgb,1,3
porto,1,support,random_dirichlet_budget,lr+gnb+knn+rf,1,3
porto,1,support,random_dirichlet_budget,lr+gnb+knn+rf+xgb,1,3
porto,1,support,design_runs,lr+rf,1,2
porto,1,support,design_runs,lr,1,2
porto,1,support,single_objective_refs,lr,3,6
porto,1,support,single_objective_refs,lr+knn+rf+xgb,2,6
porto,1,support,single_objective_refs,lr+rf,1,6
porto,2,weighted,empirical_reference,lr+knn+rf+xgb,59,143
porto,2,weighted,empirical_reference,lr+rf+xgb,36,143
porto,2,weighted,empirical_reference,lr+gnb+rf+xgb,19,143
porto,2,weighted,empirical_reference,lr+xgb,13,143
porto,2,weighted,empirical_reference,lr,11,143
porto,2,weighted,empirical_reference,lr+gnb+xgb,5,143
porto,2,weighted,nbi_A,lr+rf+xgb,17,18
porto,2,weighted,nbi_A,lr,1,18
porto,2,weighted,nbi_B,lr+rf+xgb,25,49
porto,2,weighted,nbi_B,lr+gnb+rf+xgb,15,49
porto,2,weighted,nbi_B,lr+xgb,5,49
porto,2,weighted,nbi_B,lr+knn+rf+xgb,2,49
porto,2,weighted,nbi_B,lr,1,49
porto,2,weighted,nbi_B,lr+gnb+knn+rf+xgb,1,49
porto,2,weighted,nbi_C,lr+knn+rf+xgb,24,41
porto,2,weighted,nbi_C,lr+rf+xgb,15,41
porto,2,weighted,nbi_C,lr,1,41
porto,2,weighted,nbi_C,lr+gnb+knn+rf+xgb,1,41
porto,2,weighted,ws_random_scalarization,lr+rf,8,12
porto,2,weighted,ws_random_scalarization,lr+rf+xgb,4,12
porto,2,weighted,random_dirichlet_budget,lr+gnb+knn+rf+xgb,8,8
porto,2,weighted,design_runs,lr+rf,1,2
porto,2,weighted,design_runs,lr,1,2
porto,2,weighted,single_objective_refs,lr,2,5
porto,2,weighted,single_objective_refs,lr+knn+rf+xgb,2,5
porto,2,weighted,single_objective_refs,lr+rf+xgb,1,5
porto,2,support,empirical_reference,lr+knn+rf+xgb,9,23
porto,2,support,empirical_reference,lr+rf,5,23
porto,2,support,empirical_reference,lr+rf+xgb,2,23
porto,2,support,empirical_reference,lr,2,23
porto,2,support,empirical_reference,lr+gnb,2,23
porto,2,support,empirical_reference,lr+xgb,2,23
porto,2,support,empirical_reference,lr+gnb+xgb,1,23
porto,2,support,nbi_A,lr,1,3
porto,2,support,nbi_A,lr+rf,1,3
porto,2,support,nbi_A,lr+rf+xgb,1,3
porto,2,support,nbi_B,lr+knn+rf+xgb,2,6
porto,2,support,nbi_B,lr,1,6
porto,2,support,nbi_B,lr+gnb+rf+xgb,1,6
porto,2,support,nbi_B,lr+xgb,1,6
porto,2,support,nbi_B,lr+rf+xgb,1,6
porto,2,support,nbi_C,lr+knn+rf+xgb,7,9
porto,2,support,nbi_C,lr,1,9
porto,2,support,nbi_C,lr+rf+xgb,1,9
porto,2,support,ws_random_scalarization,lr+rf,5,6
porto,2,support,ws_random_scalarization,lr+rf+xgb,1,6
porto,2,support,random_dirichlet_budget,lr+gnb+knn+rf+xgb,2,3
porto,2,support,random_dirichlet_budget,gnb+knn+rf+xgb,1,3
porto,2,support,design_runs,lr+rf,1,2
porto,2,support,design_runs,lr,1,2
porto,2,support,single_objective_refs,lr,2,5
porto,2,support,single_objective_refs,lr+knn+rf+xgb,2,5
porto,2,support,single_objective_refs,lr+rf+xgb,1,5
porto,3,weighted,empirical_reference,lr+knn+rf+xgb,49,120
porto,3,weighted,empirical_reference,lr+rf+xgb,35,120
porto,3,weighted,empirical_reference,lr+xgb,18,120
porto,3,weighted,empirical_reference,lr,10,120
porto,3,weighted,empirical_reference,lr+gnb+rf+xgb,8,120
porto,3,weighted,nbi_A,lr+rf+xgb,16,18
porto,3,weighted,nbi_A,lr,1,18
porto,3,weighted,nbi_A,lr+rf,1,18
porto,3,weighted,nbi_B,lr+rf+xgb,45,63
porto,3,weighted,nbi_B,lr+xgb,15,63
porto,3,weighted,nbi_B,lr+knn+rf+xgb,2,63
porto,3,weighted,nbi_B,lr,1,63
porto,3,weighted,nbi_C,lr+knn+rf+xgb,41,59
porto,3,weighted,nbi_C,lr+rf+xgb,17,59
porto,3,weighted,nbi_C,lr,1,59
porto,3,weighted,ws_random_scalarization,lr+rf,3,6
porto,3,weighted,ws_random_scalarization,lr+rf+xgb,3,6
porto,3,weighted,random_dirichlet_budget,lr+gnb+knn+rf+xgb,4,5
porto,3,weighted,random_dirichlet_budget,lr+gnb+rf+xgb,1,5
porto,3,weighted,design_runs,lr+xgb,1,3
porto,3,weighted,design_runs,lr+rf,1,3
porto,3,weighted,design_runs,lr,1,3
porto,3,weighted,single_objective_refs,lr,2,5
porto,3,weighted,single_objective_refs,lr+knn+rf+xgb,2,5
porto,3,weighted,single_objective_refs,lr+rf+xgb,1,5
porto,3,support,empirical_reference,lr+knn+rf+xgb,16,23
porto,3,support,empirical_reference,lr,2,23
porto,3,support,empirical_reference,lr+rf+xgb,1,23
porto,3,support,empirical_reference,lr+gnb+xgb,1,23
porto,3,support,empirical_reference,lr+gnb,1,23
porto,3,support,empirical_reference,lr+rf,1,23
porto,3,support,empirical_reference,lr+xgb,1,23
porto,3,support,nbi_A,lr,1,3
porto,3,support,nbi_A,lr+rf,1,3
porto,3,support,nbi_A,lr+rf+xgb,1,3
porto,3,support,nbi_B,lr+knn+rf+xgb,2,5
porto,3,support,nbi_B,lr,1,5
porto,3,support,nbi_B,lr+xgb,1,5
porto,3,support,nbi_B,lr+rf+xgb,1,5
porto,3,support,nbi_C,lr+knn+rf+xgb,10,12
porto,3,support,nbi_C,lr,1,12
porto,3,support,nbi_C,lr+rf+xgb,1,12
porto,3,support,ws_random_scalarization,rf,1,3
porto,3,support,ws_random_scalarization,lr+rf,1,3
porto,3,support,ws_random_scalarization,lr+rf+xgb,1,3
porto,3,support,random_dirichlet_budget,lr+gnb+knn+rf+xgb,2,4
porto,3,support,random_dirichlet_budget,lr+gnb+rf+xgb,1,4
porto,3,support,random_dirichlet_budget,lr+gnb+knn+xgb,1,4
porto,3,support,design_runs,lr+xgb,1,3
porto,3,support,design_runs,lr+rf,1,3
porto,3,support,design_runs,lr,1,3
porto,3,support,single_objective_refs,lr,2,5
porto,3,support,single_objective_refs,lr+knn+rf+xgb,2,5
porto,3,support,single_objective_refs,lr+rf+xgb,1,5
porto,4,weighted,empirical_reference,lr+rf+xgb,57,186
porto,4,weighted,empirical_reference,lr+knn+rf+xgb,50,186
porto,4,weighted,empirical_reference,lr+gnb+rf+xgb,27,186
porto,4,weighted,empirical_reference,lr+xgb,20,186
porto,4,weighted,empirical_reference,lr+gnb+knn+rf+xgb,17,186
porto,4,weighted,empirical_reference,lr,9,186
porto,4,weighted,empirical_reference,lr+gnb+xgb,5,186
porto,4,weighted,empirical_reference,lr+gnb,1,186
porto,4,weighted,nbi_A,lr+rf+xgb,9,11
porto,4,weighted,nbi_A,lr,1,11
porto,4,weighted,nbi_A,lr+rf,1,11
porto,4,weighted,nbi_B,lr+rf+xgb,17,38
porto,4,weighted,nbi_B,lr+gnb+rf+xgb,12,38
porto,4,weighted,nbi_B,lr+xgb,5,38
porto,4,weighted,nbi_B,lr+gnb+knn+rf+xgb,2,38
porto,4,weighted,nbi_B,lr,1,38
porto,4,weighted,nbi_B,lr+knn+rf+xgb,1,38
porto,4,weighted,nbi_C,lr+knn+rf+xgb,21,53
porto,4,weighted,nbi_C,lr+rf+xgb,19,53
porto,4,weighted,nbi_C,lr+gnb+knn+rf+xgb,6,53
porto,4,weighted,nbi_C,lr+gnb+rf+xgb,4,53
porto,4,weighted,nbi_C,lr+xgb,2,53
porto,4,weighted,nbi_C,lr,1,53
porto,4,weighted,ws_random_scalarization,lr+rf+xgb,13,15
porto,4,weighted,ws_random_scalarization,lr+xgb,2,15
porto,4,weighted,random_dirichlet_budget,lr+gnb+knn+rf+xgb,3,3
porto,4,weighted,design_runs,lr+rf,2,4
porto,4,weighted,design_runs,lr+xgb,1,4
porto,4,weighted,design_runs,lr,1,4
porto,4,weighted,single_objective_refs,lr,2,5
porto,4,weighted,single_objective_refs,lr+gnb+knn+rf+xgb,1,5
porto,4,weighted,single_objective_refs,lr+knn+rf+xgb,1,5
porto,4,weighted,single_objective_refs,lr+rf+xgb,1,5
porto,4,support,empirical_reference,lr+gnb+knn+rf+xgb,6,38
porto,4,support,empirical_reference,lr,6,38
porto,4,support,empirical_reference,lr+rf,6,38
porto,4,support,empirical_reference,lr+xgb,5,38
porto,4,support,empirical_reference,lr+gnb,5,38
porto,4,support,empirical_reference,lr+knn+rf+xgb,4,38
porto,4,support,empirical_reference,lr+rf+xgb,3,38
porto,4,support,empirical_reference,lr+gnb+xgb,3,38
porto,4,support,nbi_A,lr,1,3
porto,4,support,nbi_A,lr+rf,1,3
porto,4,support,nbi_A,lr+rf+xgb,1,3
porto,4,support,nbi_B,lr,1,6
porto,4,support,nbi_B,lr+xgb,1,6
porto,4,support,nbi_B,lr+gnb+knn+rf+xgb,1,6
porto,4,support,nbi_B,lr+rf+xgb,1,6
porto,4,support,nbi_B,lr+gnb+rf+xgb,1,6
porto,4,support,nbi_B,lr+knn+rf+xgb,1,6
porto,4,support,nbi_C,lr+knn+rf+xgb,4,10
porto,4,support,nbi_C,lr+gnb+knn+rf+xgb,2,10
porto,4,support,nbi_C,lr,1,10
porto,4,support,nbi_C,lr+xgb,1,10
porto,4,support,nbi_C,lr+rf+xgb,1,10
porto,4,support,nbi_C,lr+gnb+rf+xgb,1,10
porto,4,support,ws_random_scalarization,lr+rf+xgb,1,2
porto,4,support,ws_random_scalarization,lr+xgb,1,2
porto,4,support,random_dirichlet_budget,lr+gnb+knn+rf+xgb,1,2
porto,4,support,random_dirichlet_budget,lr+gnb+knn+xgb,1,2
porto,4,support,design_runs,lr+xgb,1,3
porto,4,support,design_runs,lr,1,3
porto,4,support,design_runs,lr+rf,1,3
porto,4,support,single_objective_refs,lr,2,5
porto,4,support,single_objective_refs,lr+gnb+knn+rf+xgb,1,5
porto,4,support,single_objective_refs,lr+knn+rf+xgb,1,5
porto,4,support,single_objective_refs,lr+rf+xgb,1,5
porto,5,weighted,empirical_reference,lr+rf+xgb,92,196
porto,5,weighted,empirical_reference,lr+knn+rf+xgb,67,196
porto,5,weighted,empirical_reference,lr+xgb,15,196
porto,5,weighted,empirical_reference,lr,8,196
porto,5,weighted,empirical_reference,lr+gnb+rf+xgb,8,196
porto,5,weighted,empirical_reference,lr+gnb+xgb,6,196
porto,5,weighted,nbi_A,lr+rf+xgb,10,12
porto,5,weighted,nbi_A,lr,1,12
porto,5,weighted,nbi_A,lr+rf,1,12
porto,5,weighted,nbi_B,lr+rf+xgb,44,56
porto,5,weighted,nbi_B,lr+knn+rf+xgb,11,56
porto,5,weighted,nbi_B,lr,1,56
porto,5,weighted,nbi_C,lr+knn+rf+xgb,31,62
porto,5,weighted,nbi_C,lr+rf+xgb,25,62
porto,5,weighted,nbi_C,lr+gnb+xgb,3,62
porto,5,weighted,nbi_C,lr+xgb,2,62
porto,5,weighted,nbi_C,lr,1,62
porto,5,weighted,ws_random_scalarization,lr+rf+xgb,20,25
porto,5,weighted,ws_random_scalarization,lr+xgb,5,25
porto,5,weighted,random_dirichlet_budget,lr+gnb+knn+rf+xgb,2,4
porto,5,weighted,random_dirichlet_budget,lr+gnb+rf+xgb,1,4
porto,5,weighted,random_dirichlet_budget,gnb+knn+rf+xgb,1,4
porto,5,weighted,design_runs,lr+rf,2,4
porto,5,weighted,design_runs,lr+xgb,1,4
porto,5,weighted,design_runs,lr,1,4
porto,5,weighted,single_objective_refs,lr,2,5
porto,5,weighted,single_objective_refs,lr+knn+rf+xgb,2,5
porto,5,weighted,single_objective_refs,lr+rf+xgb,1,5
porto,5,support,empirical_reference,lr+knn+rf+xgb,14,28
porto,5,support,empirical_reference,lr+rf,4,28
porto,5,support,empirical_reference,lr,4,28
porto,5,support,empirical_reference,lr+rf+xgb,3,28
porto,5,support,empirical_reference,lr+xgb,3,28
porto,5,support,nbi_A,lr,1,3
porto,5,support,nbi_A,lr+rf,1,3
porto,5,support,nbi_A,lr+rf+xgb,1,3
porto,5,support,nbi_B,lr+knn+rf+xgb,2,5
porto,5,support,nbi_B,lr+rf+xgb,2,5
porto,5,support,nbi_B,lr,1,5
porto,5,support,nbi_C,lr+knn+rf+xgb,10,15
porto,5,support,nbi_C,lr,1,15
porto,5,support,nbi_C,lr+xgb,1,15
porto,5,support,nbi_C,lr+gnb+xgb,1,15
porto,5,support,nbi_C,lr+gnb+rf,1,15
porto,5,support,nbi_C,lr+rf+xgb,1,15
porto,5,support,ws_random_scalarization,lr+rf+xgb,3,4
porto,5,support,ws_random_scalarization,lr+xgb,1,4
porto,5,support,random_dirichlet_budget,lr+gnb+knn+rf+xgb,2,4
porto,5,support,random_dirichlet_budget,gnb+knn+rf+xgb,1,4
porto,5,support,random_dirichlet_budget,lr+gnb+rf+xgb,1,4
porto,5,support,design_runs,lr+xgb,1,3
porto,5,support,design_runs,lr,1,3
porto,5,support,design_runs,lr+rf,1,3
porto,5,support,single_objective_refs,lr,2,5
porto,5,support,single_objective_refs,lr+knn+rf+xgb,2,5
porto,5,support,single_objective_refs,lr+rf+xgb,1,5
porto,6,weighted,empirical_reference,lr+rf+xgb,80,188
porto,6,weighted,empirical_reference,lr+knn+rf+xgb,74,188
porto,6,weighted,empirical_reference,lr+gnb+rf+xgb,13,188
porto,6,weighted,empirical_reference,lr+xgb,12,188
porto,6,weighted,empirical_reference,lr,7,188
porto,6,weighted,empirical_reference,lr+gnb+knn+rf+xgb,1,188
porto,6,weighted,empirical_reference,lr+gnb+xgb,1,188
porto,6,weighted,nbi_A,lr+rf+xgb,11,12
porto,6,weighted,nbi_A,lr,1,12
porto,6,weighted,nbi_B,lr+rf+xgb,27,55
porto,6,weighted,nbi_B,lr+gnb+rf+xgb,11,55
porto,6,weighted,nbi_B,lr+xgb,8,55
porto,6,weighted,nbi_B,lr+gnb+knn+rf+xgb,6,55
porto,6,weighted,nbi_B,lr+knn+rf+xgb,2,55
porto,6,weighted,nbi_B,lr,1,55
porto,6,weighted,nbi_C,lr+knn+rf+xgb,34,51
porto,6,weighted,nbi_C,lr+rf+xgb,16,51
porto,6,weighted,nbi_C,lr,1,51
porto,6,weighted,ws_random_scalarization,lr+rf+xgb,24,25
porto,6,weighted,ws_random_scalarization,lr,1,25
porto,6,weighted,random_dirichlet_budget,lr+gnb+knn+rf+xgb,5,6
porto,6,weighted,random_dirichlet_budget,lr+gnb+rf+xgb,1,6
porto,6,weighted,design_runs,lr+xgb,1,3
porto,6,weighted,design_runs,lr+rf,1,3
porto,6,weighted,design_runs,lr,1,3
porto,6,weighted,single_objective_refs,lr,2,5
porto,6,weighted,single_objective_refs,lr+knn+rf+xgb,2,5
porto,6,weighted,single_objective_refs,lr+rf+xgb,1,5
porto,6,support,empirical_reference,lr+knn+rf+xgb,16,30
porto,6,support,empirical_reference,lr+xgb,6,30
porto,6,support,empirical_reference,lr+rf,2,30
porto,6,support,empirical_reference,lr+rf+xgb,2,30
porto,6,support,empirical_reference,lr+gnb,2,30
porto,6,support,empirical_reference,lr+gnb+xgb,1,30
porto,6,support,empirical_reference,lr,1,30
porto,6,support,nbi_A,lr,1,3
porto,6,support,nbi_A,lr+rf,1,3
porto,6,support,nbi_A,lr+rf+xgb,1,3
porto,6,support,nbi_B,lr+xgb,3,9
porto,6,support,nbi_B,lr+knn+rf+xgb,2,9
porto,6,support,nbi_B,lr+gnb+rf+xgb,2,9
porto,6,support,nbi_B,lr,1,9
porto,6,support,nbi_B,lr+rf+xgb,1,9
porto,6,support,nbi_C,lr+knn+rf+xgb,9,11
porto,6,support,nbi_C,lr,1,11
porto,6,support,nbi_C,lr+rf+xgb,1,11
porto,6,support,ws_random_scalarization,lr+rf+xgb,10,11
porto,6,support,ws_random_scalarization,lr,1,11
porto,6,support,random_dirichlet_budget,lr+gnb+rf+xgb,1,2
porto,6,support,random_dirichlet_budget,lr+gnb+knn+rf+xgb,1,2
porto,6,support,design_runs,lr+xgb,1,3
porto,6,support,design_runs,lr+rf,1,3
porto,6,support,design_runs,lr,1,3
porto,6,support,single_objective_refs,lr,2,5
porto,6,support,single_objective_refs,lr+knn+rf+xgb,2,5
porto,6,support,single_objective_refs,lr+rf+xgb,1,5
porto,7,weighted,empirical_reference,lr+rf+xgb,45,169
porto,7,weighted,empirical_reference,lr+knn+rf+xgb,36,169
porto,7,weighted,empirical_reference,lr+gnb+knn+rf+xgb,29,169
porto,7,weighted,empirical_reference,lr+gnb+rf+xgb,21,169
porto,7,weighted,empirical_reference,lr+gnb+xgb,18,169
porto,7,weighted,empirical_reference,lr,10,169
porto,7,weighted,empirical_reference,lr+xgb,9,169
porto,7,weighted,empirical_reference,lr+gnb,1,169
porto,7,weighted,nbi_A,lr+rf+xgb,10,13
porto,7,weighted,nbi_A,lr,1,13
porto,7,weighted,nbi_A,lr+gnb+xgb,1,13
porto,7,weighted,nbi_A,lr+gnb+rf+xgb,1,13
porto,7,weighted,nbi_B,lr+rf+xgb,25,57
porto,7,weighted,nbi_B,lr+knn+rf+xgb,21,57
porto,7,weighted,nbi_B,lr+gnb+xgb,9,57
porto,7,weighted,nbi_B,lr,1,57
porto,7,weighted,nbi_B,lr+gnb+knn+rf+xgb,1,57
porto,7,weighted,nbi_C,lr+knn+rf+xgb,19,56
porto,7,weighted,nbi_C,lr+gnb+rf+xgb,13,56
porto,7,weighted,nbi_C,lr+gnb+knn+rf+xgb,10,56
porto,7,weighted,nbi_C,lr+rf+xgb,6,56
porto,7,weighted,nbi_C,lr+gnb+xgb,4,56
porto,7,weighted,nbi_C,lr+xgb,3,56
porto,7,weighted,nbi_C,lr,1,56
porto,7,weighted,ws_random_scalarization,lr+rf+xgb,17,18
porto,7,weighted,ws_random_scalarization,lr+gnb,1,18
porto,7,weighted,random_dirichlet_budget,lr+gnb+knn+rf+xgb,3,3
porto,7,weighted,design_runs,lr+rf,2,4
porto,7,weighted,design_runs,lr+xgb,1,4
porto,7,weighted,design_runs,lr,1,4
porto,7,weighted,single_objective_refs,lr,2,5
porto,7,weighted,single_objective_refs,lr+gnb+knn+rf+xgb,1,5
porto,7,weighted,single_objective_refs,lr+knn+rf+xgb,1,5
porto,7,weighted,single_objective_refs,lr+rf+xgb,1,5
porto,7,support,empirical_reference,lr+knn+rf+xgb,7,21
porto,7,support,empirical_reference,lr+gnb+knn+rf+xgb,3,21
porto,7,support,empirical_reference,lr+rf,3,21
porto,7,support,empirical_reference,lr+gnb,3,21
porto,7,support,empirical_reference,lr+rf+xgb,1,21
porto,7,support,empirical_reference,lr,1,21
porto,7,support,empirical_reference,lr+gnb+xgb,1,21
porto,7,support,empirical_reference,lr+xgb,1,21
porto,7,support,empirical_reference,lr+gnb+rf+xgb,1,21
porto,7,support,nbi_A,lr+rf+xgb,2,4
porto,7,support,nbi_A,lr,1,4
porto,7,support,nbi_A,lr+gnb+xgb,1,4
porto,7,support,nbi_B,lr+knn+rf+xgb,4,8
porto,7,support,nbi_B,lr,1,8
porto,7,support,nbi_B,lr+gnb+knn+rf+xgb,1,8
porto,7,support,nbi_B,lr+gnb+xgb,1,8
porto,7,support,nbi_B,lr+rf+xgb,1,8
porto,7,support,nbi_C,lr+knn+rf+xgb,5,12
porto,7,support,nbi_C,lr+gnb+knn+rf+xgb,2,12
porto,7,support,nbi_C,lr,1,12
porto,7,support,nbi_C,lr+xgb,1,12
porto,7,support,nbi_C,lr+gnb+rf+xgb,1,12
porto,7,support,nbi_C,lr+gnb+xgb,1,12
porto,7,support,nbi_C,lr+rf+xgb,1,12
porto,7,support,ws_random_scalarization,lr+rf+xgb,6,7
porto,7,support,ws_random_scalarization,lr+gnb,1,7
porto,7,support,random_dirichlet_budget,lr+gnb+knn+rf+xgb,1,1
porto,7,support,design_runs,lr+rf,2,4
porto,7,support,design_runs,lr+xgb,1,4
porto,7,support,design_runs,lr,1,4
porto,7,support,single_objective_refs,lr,2,5
porto,7,support,single_objective_refs,lr+gnb+knn+rf+xgb,1,5
porto,7,support,single_objective_refs,lr+knn+rf+xgb,1,5
porto,7,support,single_objective_refs,lr+rf+xgb,1,5
porto,8,weighted,empirical_reference,lr+knn+rf+xgb,85,237
porto,8,weighted,empirical_reference,lr+rf+xgb,77,237
porto,8,weighted,empirical_reference,lr+gnb+rf+xgb,25,237
porto,8,weighted,empirical_reference,lr+xgb,19,237
porto,8,weighted,empirical_reference,lr+gnb+xgb,17,237
porto,8,weighted,empirical_reference,lr,9,237
porto,8,weighted,empirical_reference,lr+gnb+knn+rf+xgb,3,237
porto,8,weighted,empirical_reference,lr+gnb,2,237
porto,8,weighted,nbi_A,lr+rf+xgb,10,12
porto,8,weighted,nbi_A,lr,1,12
porto,8,weighted,nbi_A,lr+gnb+rf+xgb,1,12
porto,8,weighted,nbi_B,lr+rf+xgb,24,42
porto,8,weighted,nbi_B,lr+gnb+xgb,9,42
porto,8,weighted,nbi_B,lr+knn+rf+xgb,7,42
porto,8,weighted,nbi_B,lr,1,42
porto,8,weighted,nbi_B,lr+gnb+rf+xgb,1,42
porto,8,weighted,nbi_C,lr+knn+rf+xgb,33,55
porto,8,weighted,nbi_C,lr+rf+xgb,19,55
porto,8,weighted,nbi_C,lr,1,55
porto,8,weighted,nbi_C,lr+gnb+rf+xgb,1,55
porto,8,weighted,nbi_C,lr+gnb+knn+rf+xgb,1,55
porto,8,weighted,ws_random_scalarization,lr+rf+xgb,13,13
porto,8,weighted,random_dirichlet_budget,lr+gnb+knn+rf+xgb,5,5
porto,8,weighted,design_runs,lr+rf,2,4
porto,8,weighted,design_runs,lr+xgb,1,4
porto,8,weighted,design_runs,lr,1,4
porto,8,weighted,single_objective_refs,lr,2,5
porto,8,weighted,single_objective_refs,lr+knn+rf+xgb,2,5
porto,8,weighted,single_objective_refs,lr+rf+xgb,1,5
porto,8,support,empirical_reference,lr+knn+rf+xgb,17,43
porto,8,support,empirical_reference,lr+rf+xgb,7,43
porto,8,support,empirical_reference,lr,5,43
porto,8,support,empirical_reference,lr+gnb+xgb,5,43
porto,8,support,empirical_reference,lr+gnb,4,43
porto,8,support,empirical_reference,lr+xgb,3,43
porto,8,support,empirical_reference,lr+rf,1,43
porto,8,support,empirical_reference,lr+gnb+knn+rf+xgb,1,43
porto,8,support,nbi_A,lr+rf+xgb,2,4
porto,8,support,nbi_A,lr,1,4
porto,8,support,nbi_A,lr+gnb+xgb,1,4
porto,8,support,nbi_B,lr+gnb+xgb,4,8
porto,8,support,nbi_B,lr+knn+rf+xgb,2,8
porto,8,support,nbi_B,lr,1,8
porto,8,support,nbi_B,lr+rf+xgb,1,8
porto,8,support,nbi_C,lr+knn+rf+xgb,10,13
porto,8,support,nbi_C,lr,1,13
porto,8,support,nbi_C,lr+rf+xgb,1,13
porto,8,support,nbi_C,lr+gnb+knn+rf+xgb,1,13
porto,8,support,ws_random_scalarization,lr+rf+xgb,3,4
porto,8,support,ws_random_scalarization,gnb+rf,1,4
porto,8,support,random_dirichlet_budget,lr+gnb+knn+rf+xgb,1,1
porto,8,support,design_runs,lr+xgb,1,3
porto,8,support,design_runs,lr,1,3
porto,8,support,design_runs,lr+rf,1,3
porto,8,support,single_objective_refs,lr,2,5
porto,8,support,single_objective_refs,lr+knn+rf+xgb,2,5
porto,8,support,single_objective_refs,lr+rf+xgb,1,5
porto,9,weighted,empirical_reference,lr+knn+rf+xgb,81,179
porto,9,weighted,empirical_reference,lr+rf+xgb,63,179
porto,9,weighted,empirical_reference,lr+xgb,15,179
porto,9,weighted,empirical_reference,lr,11,179
porto,9,weighted,empirical_reference,lr+gnb+rf+xgb,5,179
porto,9,weighted,empirical_reference,lr+gnb+xgb,3,179
porto,9,weighted,empirical_reference,lr+gnb,1,179
porto,9,weighted,nbi_A,lr+gnb+rf,8,11
porto,9,weighted,nbi_A,lr,1,11
porto,9,weighted,nbi_A,lr+rf,1,11
porto,9,weighted,nbi_A,lr+rf+xgb,1,11
porto,9,weighted,nbi_B,lr+knn+rf+xgb,32,65
porto,9,weighted,nbi_B,lr+rf+xgb,28,65
porto,9,weighted,nbi_B,lr+gnb+xgb,2,65
porto,9,weighted,nbi_B,lr+xgb,2,65
porto,9,weighted,nbi_B,lr,1,65
porto,9,weighted,nbi_C,lr+knn+rf+xgb,38,62
porto,9,weighted,nbi_C,lr+rf+xgb,23,62
porto,9,weighted,nbi_C,lr,1,62
porto,9,weighted,ws_random_scalarization,lr+rf,5,9
porto,9,weighted,ws_random_scalarization,lr+gnb+rf,2,9
porto,9,weighted,ws_random_scalarization,lr+gnb,1,9
porto,9,weighted,ws_random_scalarization,lr+rf+xgb,1,9
porto,9,weighted,random_dirichlet_budget,lr+gnb+knn+rf+xgb,7,7
porto,9,weighted,design_runs,lr+xgb,1,3
porto,9,weighted,design_runs,lr+rf,1,3
porto,9,weighted,design_runs,lr,1,3
porto,9,weighted,single_objective_refs,lr,2,5
porto,9,weighted,single_objective_refs,lr+knn+rf+xgb,2,5
porto,9,weighted,single_objective_refs,lr+rf+xgb,1,5
porto,9,support,empirical_reference,lr+knn+rf+xgb,16,28
porto,9,support,empirical_reference,lr,4,28
porto,9,support,empirical_reference,lr+xgb,3,28
porto,9,support,empirical_reference,lr+rf,2,28
porto,9,support,empirical_reference,lr+rf+xgb,1,28
porto,9,support,empirical_reference,lr+gnb+xgb,1,28
porto,9,support,empirical_reference,lr+gnb,1,28
porto,9,support,nbi_A,lr,1,3
porto,9,support,nbi_A,lr+rf,1,3
porto,9,support,nbi_A,lr+rf+xgb,1,3
porto,9,support,nbi_B,lr+knn+rf+xgb,8,12
porto,9,support,nbi_B,lr,1,12
porto,9,support,nbi_B,lr+xgb,1,12
porto,9,support,nbi_B,lr+gnb+xgb,1,12
porto,9,support,nbi_B,lr+rf+xgb,1,12
porto,9,support,nbi_C,lr+knn+rf+xgb,11,13
porto,9,support,nbi_C,lr,1,13
porto,9,support,nbi_C,lr+rf+xgb,1,13
porto,9,support,ws_random_scalarization,lr+gnb,1,3
porto,9,support,ws_random_scalarization,lr+rf,1,3
porto,9,support,ws_random_scalarization,lr+rf+xgb,1,3
porto,9,support,random_dirichlet_budget,lr+gnb+knn+rf+xgb,1,1
porto,9,support,design_runs,lr+xgb,1,3
porto,9,support,design_runs,lr+rf,1,3
porto,9,support,design_runs,lr,1,3
porto,9,support,single_objective_refs,lr,2,5
porto,9,support,single_objective_refs,lr+knn+rf+xgb,2,5
porto,9,support,single_objective_refs,lr+rf+xgb,1,5
porto,10,weighted,empirical_reference,lr+knn+rf+xgb,62,151
porto,10,weighted,empirical_reference,lr+rf+xgb,58,151
porto,10,weighted,empirical_reference,lr+gnb+rf+xgb,11,151
porto,10,weighted,empirical_reference,lr,8,151
porto,10,weighted,empirical_reference,lr+xgb,6,151
porto,10,weighted,empirical_reference,lr+gnb+xgb,6,151
porto,10,weighted,nbi_A,lr+gnb+rf,4,9
porto,10,weighted,nbi_A,lr+rf,3,9
porto,10,weighted,nbi_A,lr,1,9
porto,10,weighted,nbi_A,lr+rf+xgb,1,9
porto,10,weighted,nbi_B,lr+rf+xgb,33,66
porto,10,weighted,nbi_B,lr+knn+rf+xgb,30,66
porto,10,weighted,nbi_B,lr+gnb+xgb,2,66
porto,10,weighted,nbi_B,lr,1,66
porto,10,weighted,nbi_C,lr+rf+xgb,27,50
porto,10,weighted,nbi_C,lr+knn+rf+xgb,22,50
porto,10,weighted,nbi_C,lr,1,50
porto,10,weighted,ws_random_scalarization,lr+rf,2,3
porto,10,weighted,ws_random_scalarization,lr+gnb,1,3
porto,10,weighted,random_dirichlet_budget,lr+gnb+knn+rf+xgb,5,5
porto,10,weighted,design_runs,lr+xgb,1,3
porto,10,weighted,design_runs,lr+rf,1,3
porto,10,weighted,design_runs,lr,1,3
porto,10,weighted,single_objective_refs,lr,2,5
porto,10,weighted,single_objective_refs,lr+knn+rf+xgb,2,5
porto,10,weighted,single_objective_refs,lr+rf+xgb,1,5
porto,10,support,empirical_reference,lr+knn+rf+xgb,6,17
porto,10,support,empirical_reference,lr+xgb,3,17
porto,10,support,empirical_reference,lr,3,17
porto,10,support,empirical_reference,lr+rf+xgb,1,17
porto,10,support,empirical_reference,lr+gnb,1,17
porto,10,support,empirical_reference,lr+rf,1,17
porto,10,support,empirical_reference,lr+gnb+rf+xgb,1,17
porto,10,support,empirical_reference,lr+gnb+xgb,1,17
porto,10,support,nbi_A,lr,1,3
porto,10,support,nbi_A,lr+rf,1,3
porto,10,support,nbi_A,lr+rf+xgb,1,3
porto,10,support,nbi_B,lr+gnb+xgb,2,6
porto,10,support,nbi_B,lr+knn+rf+xgb,2,6
porto,10,support,nbi_B,lr,1,6
porto,10,support,nbi_B,lr+rf+xgb,1,6
porto,10,support,nbi_C,lr+knn+rf+xgb,4,6
porto,10,support,nbi_C,lr,1,6
porto,10,support,nbi_C,lr+rf+xgb,1,6
porto,10,support,ws_random_scalarization,lr+gnb,1,2
porto,10,support,ws_random_scalarization,lr+rf,1,2
porto,10,support,random_dirichlet_budget,lr+gnb+knn+rf+xgb,2,4
porto,10,support,random_dirichlet_budget,lr+gnb+rf+xgb,1,4
porto,10,support,random_dirichlet_budget,gnb+knn+rf+xgb,1,4
porto,10,support,design_runs,lr+xgb,1,3
porto,10,support,design_runs,lr+rf,1,3
porto,10,support,design_runs,lr,1,3
porto,10,support,single_objective_refs,lr,2,5
porto,10,support,single_objective_refs,lr+knn+rf+xgb,2,5
porto,10,support,single_objective_refs,lr+rf+xgb,1,5
porto,11,weighted,empirical_reference,lr+knn+rf+xgb,74,162
porto,11,weighted,empirical_reference,lr+rf+xgb,54,162
porto,11,weighted,empirical_reference,lr,10,162
porto,11,weighted,empirical_reference,lr+xgb,10,162
porto,11,weighted,empirical_reference,lr+gnb+rf+xgb,8,162
porto,11,weighted,empirical_reference,lr+gnb+xgb,4,162
porto,11,weighted,empirical_reference,lr+gnb,2,162
porto,11,weighted,nbi_A,lr+rf+xgb,7,12
porto,11,weighted,nbi_A,lr+rf,4,12
porto,11,weighted,nbi_A,lr,1,12
porto,11,weighted,nbi_B,lr+rf+xgb,40,63
porto,11,weighted,nbi_B,lr+gnb+rf+xgb,14,63
porto,11,weighted,nbi_B,lr+gnb+knn+rf+xgb,5,63
porto,11,weighted,nbi_B,lr+knn+rf+xgb,2,63
porto,11,weighted,nbi_B,lr,1,63
porto,11,weighted,nbi_B,lr+xgb,1,63
porto,11,weighted,nbi_C,lr+knn+rf+xgb,36,59
porto,11,weighted,nbi_C,lr+rf+xgb,22,59
porto,11,weighted,nbi_C,lr,1,59
porto,11,weighted,ws_random_scalarization,lr+rf+xgb,45,45
porto,11,weighted,random_dirichlet_budget,lr+gnb+knn+rf+xgb,8,8
porto,11,weighted,design_runs,lr+rf,1,2
porto,11,weighted,design_runs,lr,1,2
porto,11,weighted,single_objective_refs,lr,2,5
porto,11,weighted,single_objective_refs,lr+knn+rf+xgb,2,5
porto,11,weighted,single_objective_refs,lr+rf+xgb,1,5
porto,11,support,empirical_reference,lr+knn+rf+xgb,12,24
porto,11,support,empirical_reference,lr+rf,3,24
porto,11,support,empirical_reference,lr+rf+xgb,2,24
porto,11,support,empirical_reference,lr+gnb,2,24
porto,11,support,empirical_reference,lr,2,24
porto,11,support,empirical_reference,lr+xgb,2,24
porto,11,support,empirical_reference,lr+gnb+xgb,1,24
porto,11,support,nbi_A,lr,1,3
porto,11,support,nbi_A,lr+rf,1,3
porto,11,support,nbi_A,lr+rf+xgb,1,3
porto,11,support,nbi_B,lr+knn+rf+xgb,2,7
porto,11,support,nbi_B,lr+gnb+rf+xgb,2,7
porto,11,support,nbi_B,lr,1,7
porto,11,support,nbi_B,lr+xgb,1,7
porto,11,support,nbi_B,lr+rf+xgb,1,7
porto,11,support,nbi_C,lr+knn+rf+xgb,9,11
porto,11,support,nbi_C,lr,1,11
porto,11,support,nbi_C,lr+rf+xgb,1,11
porto,11,support,ws_random_scalarization,lr+rf+xgb,13,13
porto,11,support,random_dirichlet_budget,lr+gnb+knn+rf+xgb,1,2
porto,11,support,random_dirichlet_budget,lr+gnb+knn+xgb,1,2
porto,11,support,design_runs,lr+rf,1,2
porto,11,support,design_runs,lr,1,2
porto,11,support,single_objective_refs,lr,2,5
porto,11,support,single_objective_refs,lr+knn+rf+xgb,2,5
porto,11,support,single_objective_refs,lr+rf+xgb,1,5
porto,12,weighted,empirical_reference,lr+knn+rf+xgb,65,153
porto,12,weighted,empirical_reference,lr+rf+xgb,54,153
porto,12,weighted,empirical_reference,lr+xgb,22,153
porto,12,weighted,empirical_reference,lr,9,153
porto,12,weighted,empirical_reference,lr+gnb+rf+xgb,3,153
porto,12,weighted,nbi_A,lr+rf+xgb,16,18
porto,12,weighted,nbi_A,lr,1,18
porto,12,weighted,nbi_A,lr+rf,1,18
porto,12,weighted,nbi_B,lr+rf+xgb,44,62
porto,12,weighted,nbi_B,lr+xgb,15,62
porto,12,weighted,nbi_B,lr+knn+rf+xgb,2,62
porto,12,weighted,nbi_B,lr,1,62
porto,12,weighted,nbi_C,lr+knn+rf+xgb,40,62
porto,12,weighted,nbi_C,lr+rf+xgb,21,62
porto,12,weighted,nbi_C,lr,1,62
porto,12,weighted,ws_random_scalarization,lr+rf+xgb,3,3
porto,12,weighted,random_dirichlet_budget,lr+gnb+knn+rf+xgb,6,6
porto,12,weighted,design_runs,lr+xgb,1,3
porto,12,weighted,design_runs,lr+rf,1,3
porto,12,weighted,design_runs,lr,1,3
porto,12,weighted,single_objective_refs,lr,2,5
porto,12,weighted,single_objective_refs,lr+knn+rf+xgb,2,5
porto,12,weighted,single_objective_refs,lr+rf+xgb,1,5
porto,12,support,empirical_reference,lr+knn+rf+xgb,14,22
porto,12,support,empirical_reference,lr+xgb,3,22
porto,12,support,empirical_reference,lr+rf+xgb,3,22
porto,12,support,empirical_reference,lr,1,22
porto,12,support,empirical_reference,lr+rf,1,22
porto,12,support,nbi_A,lr,1,3
porto,12,support,nbi_A,lr+rf,1,3
porto,12,support,nbi_A,lr+rf+xgb,1,3
porto,12,support,nbi_B,lr+knn+rf+xgb,2,5
porto,12,support,nbi_B,lr,1,5
porto,12,support,nbi_B,lr+rf+xgb,1,5
porto,12,support,nbi_B,lr+xgb,1,5
porto,12,support,nbi_C,lr+knn+rf+xgb,10,12
porto,12,support,nbi_C,lr,1,12
porto,12,support,nbi_C,lr+rf+xgb,1,12
porto,12,support,ws_random_scalarization,rf,1,3
porto,12,support,ws_random_scalarization,lr+rf,1,3
porto,12,support,ws_random_scalarization,lr+rf+xgb,1,3
porto,12,support,random_dirichlet_budget,lr+gnb+knn+rf+xgb,1,1
porto,12,support,design_runs,lr+xgb,1,3
porto,12,support,design_runs,lr+rf,1,3
porto,12,support,design_runs,lr,1,3
porto,12,support,single_objective_refs,lr,2,5
porto,12,support,single_objective_refs,lr+knn+rf+xgb,2,5
porto,12,support,single_objective_refs,lr+rf+xgb,1,5
porto,13,weighted,empirical_reference,lr+rf+xgb,82,195
porto,13,weighted,empirical_reference,lr+knn+rf+xgb,76,195
porto,13,weighted,empirical_reference,lr+xgb,13,195
porto,13,weighted,empirical_reference,lr,10,195
porto,13,weighted,empirical_reference,lr+gnb+rf+xgb,10,195
porto,13,weighted,empirical_reference,lr+gnb+xgb,3,195
porto,13,weighted,empirical_reference,lr+gnb,1,195
porto,13,weighted,nbi_A,lr+rf+xgb,11,12
porto,13,weighted,nbi_A,lr,1,12
porto,13,weighted,nbi_B,lr+rf+xgb,30,48
porto,13,weighted,nbi_B,lr+knn+rf+xgb,17,48
porto,13,weighted,nbi_B,lr,1,48
porto,13,weighted,nbi_C,lr+knn+rf+xgb,35,61
porto,13,weighted,nbi_C,lr+rf+xgb,25,61
porto,13,weighted,nbi_C,lr,1,61
porto,13,weighted,ws_random_scalarization,lr+rf,1,2
porto,13,weighted,ws_random_scalarization,lr+rf+xgb,1,2
porto,13,weighted,random_dirichlet_budget,lr+gnb+knn+rf+xgb,7,8
porto,13,weighted,random_dirichlet_budget,lr+gnb+rf+xgb,1,8
porto,13,weighted,design_runs,lr+xgb,1,3
porto,13,weighted,design_runs,lr+rf,1,3
porto,13,weighted,design_runs,lr,1,3
porto,13,weighted,single_objective_refs,lr,2,5
porto,13,weighted,single_objective_refs,lr+knn+rf+xgb,2,5
porto,13,weighted,single_objective_refs,lr+rf+xgb,1,5
porto,13,support,empirical_reference,lr+knn+rf+xgb,13,37
porto,13,support,empirical_reference,lr,6,37
porto,13,support,empirical_reference,lr+xgb,5,37
porto,13,support,empirical_reference,lr+gnb+xgb,4,37
porto,13,support,empirical_reference,lr+rf,4,37
porto,13,support,empirical_reference,lr+rf+xgb,3,37
porto,13,support,empirical_reference,lr+gnb,2,37
porto,13,support,nbi_A,lr,1,3
porto,13,support,nbi_A,lr+rf,1,3
porto,13,support,nbi_A,lr+rf+xgb,1,3
porto,13,support,nbi_B,lr+knn+rf+xgb,2,4
porto,13,support,nbi_B,lr,1,4
porto,13,support,nbi_B,lr+rf+xgb,1,4
porto,13,support,nbi_C,lr+knn+rf+xgb,11,14
porto,13,support,nbi_C,lr+rf+xgb,2,14
porto,13,support,nbi_C,lr,1,14
porto,13,support,ws_random_scalarization,rf,20,24
porto,13,support,ws_random_scalarization,lr+rf,3,24
porto,13,support,ws_random_scalarization,lr+rf+xgb,1,24
porto,13,support,random_dirichlet_budget,lr+gnb+rf+xgb,1,2
porto,13,support,random_dirichlet_budget,lr+gnb+knn+rf+xgb,1,2
porto,13,support,design_runs,lr+xgb,1,3
porto,13,support,design_runs,lr+rf,1,3
porto,13,support,design_runs,lr,1,3
porto,13,support,single_objective_refs,lr,2,5
porto,13,support,single_objective_refs,lr+knn+rf+xgb,2,5
porto,13,support,single_objective_refs,lr+rf+xgb,1,5
porto,14,weighted,empirical_reference,lr+rf+xgb,122,252
porto,14,weighted,empirical_reference,lr+knn+rf+xgb,79,252
porto,14,weighted,empirical_reference,lr+xgb,36,252
porto,14,weighted,empirical_reference,lr,7,252
porto,14,weighted,empirical_reference,lr+gnb+rf+xgb,6,252
porto,14,weighted,empirical_reference,lr+gnb+xgb,2,252
porto,14,weighted,nbi_A,lr+rf+xgb,12,13
porto,14,weighted,nbi_A,lr,1,13
porto,14,weighted,nbi_B,lr+rf+xgb,34,66
porto,14,weighted,nbi_B,lr+xgb,20,66
porto,14,weighted,nbi_B,lr+knn+rf+xgb,11,66
porto,14,weighted,nbi_B,lr,1,66
porto,14,weighted,nbi_C,lr+knn+rf+xgb,37,54
porto,14,weighted,nbi_C,lr+rf+xgb,15,54
porto,14,weighted,nbi_C,lr,1,54
porto,14,weighted,nbi_C,lr+xgb,1,54
porto,14,weighted,ws_random_scalarization,lr+rf+xgb,59,61
porto,14,weighted,ws_random_scalarization,lr+xgb,1,61
porto,14,weighted,ws_random_scalarization,lr,1,61
porto,14,weighted,random_dirichlet_budget,lr+gnb+knn+rf+xgb,3,4
porto,14,weighted,random_dirichlet_budget,lr+gnb+rf+xgb,1,4
porto,14,weighted,design_runs,lr+xgb,1,3
porto,14,weighted,design_runs,lr+rf,1,3
porto,14,weighted,design_runs,lr,1,3
porto,14,weighted,single_objective_refs,lr,2,5
porto,14,weighted,single_objective_refs,lr+knn+rf+xgb,2,5
porto,14,weighted,single_objective_refs,lr+rf+xgb,1,5
porto,14,support,empirical_reference,lr+knn+rf+xgb,13,28
porto,14,support,empirical_reference,lr+rf+xgb,6,28
porto,14,support,empirical_reference,lr+xgb,4,28
porto,14,support,empirical_reference,lr,3,28
porto,14,support,empirical_reference,lr+rf,1,28
porto,14,support,empirical_reference,lr+gnb,1,28
porto,14,support,nbi_A,lr,1,3
porto,14,support,nbi_A,lr+rf,1,3
porto,14,support,nbi_A,lr+rf+xgb,1,3
porto,14,support,nbi_B,lr+knn+rf+xgb,2,5
porto,14,support,nbi_B,lr,1,5
porto,14,support,nbi_B,lr+xgb,1,5
porto,14,support,nbi_B,lr+rf+xgb,1,5
porto,14,support,nbi_C,lr+knn+rf+xgb,10,13
porto,14,support,nbi_C,lr,1,13
porto,14,support,nbi_C,lr+xgb,1,13
porto,14,support,nbi_C,lr+rf+xgb,1,13
porto,14,support,ws_random_scalarization,lr+rf+xgb,3,5
porto,14,support,ws_random_scalarization,lr+xgb,1,5
porto,14,support,ws_random_scalarization,lr,1,5
porto,14,support,random_dirichlet_budget,lr+gnb+rf+xgb,1,2
porto,14,support,random_dirichlet_budget,lr+gnb+knn+rf+xgb,1,2
porto,14,support,design_runs,lr+xgb,1,3
porto,14,support,design_runs,lr+rf,1,3
porto,14,support,design_runs,lr,1,3
porto,14,support,single_objective_refs,lr,2,5
porto,14,support,single_objective_refs,lr+knn+rf+xgb,2,5
porto,14,support,single_objective_refs,lr+rf+xgb,1,5
porto,15,weighted,empirical_reference,lr+knn+rf+xgb,73,184
porto,15,weighted,empirical_reference,lr+rf+xgb,58,184
porto,15,weighted,empirical_reference,lr+gnb+rf+xgb,19,184
porto,15,weighted,empirical_reference,lr+xgb,15,184
porto,15,weighted,empirical_reference,lr,10,184
porto,15,weighted,empirical_reference,lr+gnb+xgb,9,184
porto,15,weighted,nbi_A,lr+gnb+rf,4,7
porto,15,weighted,nbi_A,lr,1,7
porto,15,weighted,nbi_A,lr+gnb+rf+xgb,1,7
porto,15,weighted,nbi_A,lr+rf+xgb,1,7
porto,15,weighted,nbi_B,lr+knn+rf+xgb,34,60
porto,15,weighted,nbi_B,lr+rf+xgb,25,60
porto,15,weighted,nbi_B,lr,1,60
porto,15,weighted,nbi_C,lr+knn+rf+xgb,29,54
porto,15,weighted,nbi_C,lr+gnb+rf+xgb,13,54
porto,15,weighted,nbi_C,lr+gnb+xgb,5,54
porto,15,weighted,nbi_C,lr+rf+xgb,4,54
porto,15,weighted,nbi_C,lr+xgb,2,54
porto,15,weighted,nbi_C,lr,1,54
porto,15,weighted,ws_random_scalarization,lr+gnb,1,2
porto,15,weighted,ws_random_scalarization,lr+rf,1,2
porto,15,weighted,random_dirichlet_budget,lr+gnb+knn+rf+xgb,5,6
porto,15,weighted,random_dirichlet_budget,lr+gnb+rf+xgb,1,6
porto,15,weighted,design_runs,lr+rf,2,4
porto,15,weighted,design_runs,lr+xgb,1,4
porto,15,weighted,design_runs,lr,1,4
porto,15,weighted,single_objective_refs,lr,2,5
porto,15,weighted,single_objective_refs,lr+knn+rf+xgb,2,5
porto,15,weighted,single_objective_refs,lr+rf+xgb,1,5
porto,15,support,empirical_reference,lr+knn+rf+xgb,16,26
porto,15,support,empirical_reference,lr,3,26
porto,15,support,empirical_reference,lr+rf,2,26
porto,15,support,empirical_reference,lr+rf+xgb,2,26
porto,15,support,empirical_reference,lr+xgb,2,26
porto,15,support,empirical_reference,lr+gnb+xgb,1,26
porto,15,support,nbi_A,lr,1,3
porto,15,support,nbi_A,lr+gnb+rf,1,3
porto,15,support,nbi_A,lr+rf+xgb,1,3
porto,15,support,nbi_B,lr+knn+rf+xgb,2,4
porto,15,support,nbi_B,lr,1,4
porto,15,support,nbi_B,lr+rf+xgb,1,4
porto,15,support,nbi_C,lr+knn+rf+xgb,10,14
porto,15,support,nbi_C,lr,1,14
porto,15,support,nbi_C,lr+xgb,1,14
porto,15,support,nbi_C,lr+gnb+xgb,1,14
porto,15,support,nbi_C,lr+rf+xgb,1,14
porto,15,support,ws_random_scalarization,lr+gnb,1,2
porto,15,support,ws_random_scalarization,lr+rf,1,2
porto,15,support,random_dirichlet_budget,lr+gnb+knn+rf+xgb,1,2
porto,15,support,random_dirichlet_budget,lr+gnb+rf+xgb,1,2
porto,15,support,design_runs,lr+xgb,1,3
porto,15,support,design_runs,lr,1,3
porto,15,support,design_runs,lr+rf,1,3
porto,15,support,single_objective_refs,lr,2,5
porto,15,support,single_objective_refs,lr+knn+rf+xgb,2,5
porto,15,support,single_objective_refs,lr+rf+xgb,1,5
porto,16,weighted,empirical_reference,lr+knn+rf+xgb,49,131
porto,16,weighted,empirical_reference,lr+rf+xgb,47,131
porto,16,weighted,empirical_reference,lr+xgb,20,131
porto,16,weighted,empirical_reference,lr,5,131
porto,16,weighted,empirical_reference,lr+gnb+xgb,5,131
porto,16,weighted,empirical_reference,lr+gnb+rf+xgb,4,131
porto,16,weighted,empirical_reference,lr+gnb,1,131
porto,16,weighted,nbi_A,lr+rf+xgb,7,11
porto,16,weighted,nbi_A,lr+rf,3,11
porto,16,weighted,nbi_A,lr,1,11
porto,16,weighted,nbi_B,lr+rf+xgb,46,66
porto,16,weighted,nbi_B,lr+knn+rf+xgb,11,66
porto,16,weighted,nbi_B,lr+xgb,7,66
porto,16,weighted,nbi_B,lr,1,66
porto,16,weighted,nbi_B,lr+gnb+rf+xgb,1,66
porto,16,weighted,nbi_C,lr+knn+rf+xgb,19,51
porto,16,weighted,nbi_C,lr+gnb+rf+xgb,15,51
porto,16,weighted,nbi_C,lr+gnb+xgb,6,51
porto,16,weighted,nbi_C,lr+gnb+knn+rf+xgb,6,51
porto,16,weighted,nbi_C,lr+xgb,2,51
porto,16,weighted,nbi_C,lr+rf+xgb,2,51
porto,16,weighted,nbi_C,lr,1,51
porto,16,weighted,ws_random_scalarization,lr+rf+xgb,21,24
porto,16,weighted,ws_random_scalarization,lr+xgb,3,24
porto,16,weighted,random_dirichlet_budget,lr+gnb+knn+rf+xgb,7,7
porto,16,weighted,design_runs,lr+rf,2,4
porto,16,weighted,design_runs,lr+xgb,1,4
porto,16,weighted,design_runs,lr,1,4
porto,16,weighted,single_objective_refs,lr,2,5
porto,16,weighted,single_objective_refs,lr+knn+rf+xgb,2,5
porto,16,weighted,single_objective_refs,lr+rf+xgb,1,5
porto,16,support,empirical_reference,lr+knn+rf+xgb,16,28
porto,16,support,empirical_reference,lr+rf+xgb,5,28
porto,16,support,empirical_reference,lr+xgb,3,28
porto,16,support,empirical_reference,lr,2,28
porto,16,support,empirical_reference,lr+rf,2,28
porto,16,support,nbi_A,lr+rf,2,4
porto,16,support,nbi_A,lr,1,4
porto,16,support,nbi_A,lr+rf+xgb,1,4
porto,16,support,nbi_B,lr+knn+rf+xgb,2,6
porto,16,support,nbi_B,lr,1,6
porto,16,support,nbi_B,lr+xgb,1,6
porto,16,support,nbi_B,lr+rf+xgb,1,6
porto,16,support,nbi_B,lr+gnb+rf+xgb,1,6
porto,16,support,nbi_C,lr+knn+rf+xgb,10,15
porto,16,support,nbi_C,lr,1,15
porto,16,support,nbi_C,lr+gnb+rf+xgb,1,15
porto,16,support,nbi_C,lr+xgb,1,15
porto,16,support,nbi_C,lr+rf+xgb,1,15
porto,16,support,nbi_C,lr+gnb+xgb,1,15
porto,16,support,ws_random_scalarization,lr+rf+xgb,4,5
porto,16,support,ws_random_scalarization,lr+xgb,1,5
porto,16,support,random_dirichlet_budget,lr+gnb+knn+rf+xgb,2,3
porto,16,support,random_dirichlet_budget,lr+gnb+knn+rf,1,3
porto,16,support,design_runs,lr+xgb,1,3
porto,16,support,design_runs,lr,1,3
porto,16,support,design_runs,lr+rf,1,3
porto,16,support,single_objective_refs,lr,2,5
porto,16,support,single_objective_refs,lr+knn+rf+xgb,2,5
porto,16,support,single_objective_refs,lr+rf+xgb,1,5
porto,17,weighted,empirical_reference,lr+knn+rf+xgb,46,113
porto,17,weighted,empirical_reference,lr+rf+xgb,33,113
porto,17,weighted,empirical_reference,lr+gnb+rf+xgb,12,113
porto,17,weighted,empirical_reference,lr,10,113
porto,17,weighted,empirical_reference,lr+xgb,9,113
porto,17,weighted,empirical_reference,lr+gnb+xgb,3,113
porto,17,weighted,nbi_A,lr,1,2
porto,17,weighted,nbi_A,lr+rf,1,2
porto,17,weighted,nbi_B,lr+rf,49,63
porto,17,weighted,nbi_B,lr+rf+xgb,11,63
porto,17,weighted,nbi_B,lr+knn+rf+xgb,2,63
porto,17,weighted,nbi_B,lr,1,63
porto,17,weighted,nbi_C,lr+knn+rf+xgb,24,52
porto,17,weighted,nbi_C,lr+gnb+rf+xgb,17,52
porto,17,weighted,nbi_C,lr+rf+xgb,4,52
porto,17,weighted,nbi_C,lr+gnb+knn+rf+xgb,4,52
porto,17,weighted,nbi_C,lr+xgb,2,52
porto,17,weighted,nbi_C,lr,1,52
porto,17,weighted,ws_random_scalarization,lr+rf,16,16
porto,17,weighted,random_dirichlet_budget,lr+gnb+knn+rf+xgb,4,4
porto,17,weighted,design_runs,lr+rf,2,3
porto,17,weighted,design_runs,lr,1,3
porto,17,weighted,single_objective_refs,lr,2,5
porto,17,weighted,single_objective_refs,lr+knn+rf+xgb,2,5
porto,17,weighted,single_objective_refs,lr+rf,1,5
porto,17,support,empirical_reference,lr+knn+rf+xgb,11,20
porto,17,support,empirical_reference,lr+rf+xgb,2,20
porto,17,support,empirical_reference,lr,2,20
porto,17,support,empirical_reference,lr+xgb,2,20
porto,17,support,empirical_reference,lr+rf,1,20
porto,17,support,empirical_reference,lr+gnb+xgb,1,20
porto,17,support,empirical_reference,lr+knn+rf,1,20
porto,17,support,nbi_A,lr,1,2
porto,17,support,nbi_A,lr+rf,1,2
porto,17,support,nbi_B,lr+knn+rf+xgb,2,4
porto,17,support,nbi_B,lr,1,4
porto,17,support,nbi_B,lr+rf,1,4
porto,17,support,nbi_C,lr+knn+rf+xgb,10,14
porto,17,support,nbi_C,lr,1,14
porto,17,support,nbi_C,lr+xgb,1,14
porto,17,support,nbi_C,lr+gnb+rf+xgb,1,14
porto,17,support,nbi_C,lr+gnb+rf,1,14
porto,17,support,ws_random_scalarization,rf,8,12
porto,17,support,ws_random_scalarization,lr+rf,4,12
porto,17,support,random_dirichlet_budget,lr+gnb+knn+rf+xgb,1,1
porto,17,support,design_runs,lr,1,2
porto,17,support,design_runs,lr+rf,1,2
porto,17,support,single_objective_refs,lr,2,5
porto,17,support,single_objective_refs,lr+knn+rf+xgb,2,5
porto,17,support,single_objective_refs,lr+rf,1,5
porto,18,weighted,empirical_reference,lr+knn+rf+xgb,81,176
porto,18,weighted,empirical_reference,lr+rf+xgb,52,176
porto,18,weighted,empirical_reference,lr+gnb+rf+xgb,15,176
porto,18,weighted,empirical_reference,lr,12,176
porto,18,weighted,empirical_reference,lr+xgb,10,176
porto,18,weighted,empirical_reference,lr+gnb+xgb,5,176
porto,18,weighted,empirical_reference,lr+gnb,1,176
porto,18,weighted,nbi_A,lr+gnb+rf,5,7
porto,18,weighted,nbi_A,lr,1,7
porto,18,weighted,nbi_A,lr+rf,1,7
porto,18,weighted,nbi_B,lr+knn+rf+xgb,26,55
porto,18,weighted,nbi_B,lr+rf+xgb,25,55
porto,18,weighted,nbi_B,lr+gnb+rf+xgb,2,55
porto,18,weighted,nbi_B,lr,1,55
porto,18,weighted,nbi_B,lr+gnb+xgb,1,55
porto,18,weighted,nbi_C,lr+knn+rf+xgb,36,61
porto,18,weighted,nbi_C,lr+rf+xgb,23,61
porto,18,weighted,nbi_C,lr,1,61
porto,18,weighted,nbi_C,lr+gnb+rf+xgb,1,61
porto,18,weighted,ws_random_scalarization,lr+gnb,1,1
porto,18,weighted,random_dirichlet_budget,lr+gnb+knn+rf+xgb,5,5
porto,18,weighted,design_runs,lr+rf,2,4
porto,18,weighted,design_runs,lr+xgb,1,4
porto,18,weighted,design_runs,lr,1,4
porto,18,weighted,single_objective_refs,lr,2,5
porto,18,weighted,single_objective_refs,lr+knn+rf+xgb,2,5
porto,18,weighted,single_objective_refs,lr+rf,1,5
porto,18,support,empirical_reference,lr+knn+rf+xgb,17,39
porto,18,support,empirical_reference,lr,8,39
porto,18,support,empirical_reference,lr+rf+xgb,5,39
porto,18,support,empirical_reference,lr+gnb,3,39
porto,18,support,empirical_reference,lr+xgb,3,39
porto,18,support,empirical_reference,lr+gnb+xgb,2,39
porto,18,support,empirical_reference,lr+rf,1,39
porto,18,support,nbi_A,lr,1,2
porto,18,support,nbi_A,lr+rf,1,2
porto,18,support,nbi_B,lr+knn+rf+xgb,2,5
porto,18,support,nbi_B,lr,1,5
porto,18,support,nbi_B,lr+gnb+xgb,1,5
porto,18,support,nbi_B,lr+rf+xgb,1,5
porto,18,support,nbi_C,lr+knn+rf+xgb,10,12
porto,18,support,nbi_C,lr,1,12
porto,18,support,nbi_C,lr+rf+xgb,1,12
porto,18,support,ws_random_scalarization,lr+gnb,1,1
porto,18,support,random_dirichlet_budget,lr+gnb+knn+rf+xgb,1,1
porto,18,support,design_runs,lr+xgb,1,3
porto,18,support,design_runs,lr,1,3
porto,18,support,design_runs,lr+rf,1,3
porto,18,support,single_objective_refs,lr,2,5
porto,18,support,single_objective_refs,lr+knn+rf+xgb,2,5
porto,18,support,single_objective_refs,lr+rf,1,5
porto,19,weighted,empirical_reference,lr+knn+rf+xgb,63,180
porto,19,weighted,empirical_reference,lr+rf+xgb,41,180
porto,19,weighted,empirical_reference,lr+xgb,28,180
porto,19,weighted,empirical_reference,lr,22,180
porto,19,weighted,empirical_reference,lr+gnb+rf+xgb,13,180
porto,19,weighted,empirical_reference,lr+gnb+xgb,9,180
porto,19,weighted,empirical_reference,lr+gnb+knn+rf+xgb,3,180
porto,19,weighted,empirical_reference,lr+gnb,1,180
porto,19,weighted,nbi_A,lr+rf,6,8
porto,19,weighted,nbi_A,lr,2,8
porto,19,weighted,nbi_B,lr+xgb,20,23
porto,19,weighted,nbi_B,lr+knn+rf+xgb,2,23
porto,19,weighted,nbi_B,lr,1,23
porto,19,weighted,nbi_C,lr+knn+rf+xgb,26,55
porto,19,weighted,nbi_C,lr+rf+xgb,24,55
porto,19,weighted,nbi_C,lr+gnb+knn+rf+xgb,3,55
porto,19,weighted,nbi_C,lr,1,55
porto,19,weighted,nbi_C,lr+xgb,1,55
porto,19,weighted,ws_random_scalarization,lr,11,11
porto,19,weighted,random_dirichlet_budget,lr+gnb+knn+rf+xgb,5,7
porto,19,weighted,random_dirichlet_budget,lr+gnb+rf+xgb,1,7
porto,19,weighted,random_dirichlet_budget,lr+knn+rf+xgb,1,7
porto,19,weighted,design_runs,lr+rf,2,4
porto,19,weighted,design_runs,lr+xgb,1,4
porto,19,weighted,design_runs,lr,1,4
porto,19,weighted,single_objective_refs,lr,2,4
porto,19,weighted,single_objective_refs,lr+knn+rf+xgb,2,4
porto,19,support,empirical_reference,lr+knn+rf+xgb,13,31
porto,19,support,empirical_reference,lr+xgb,6,31
porto,19,support,empirical_reference,lr+rf,3,31
porto,19,support,empirical_reference,lr+rf+xgb,3,31
porto,19,support,empirical_reference,lr+gnb,3,31
porto,19,support,empirical_reference,lr,1,31
porto,19,support,empirical_reference,lr+gnb+rf,1,31
porto,19,support,empirical_reference,lr+gnb+xgb,1,31
porto,19,support,nbi_A,lr,11,16
porto,19,support,nbi_A,lr+rf,5,16
porto,19,support,nbi_B,lr+xgb,6,9
porto,19,support,nbi_B,lr+knn+rf+xgb,2,9
porto,19,support,nbi_B,lr,1,9
porto,19,support,nbi_C,lr+knn+rf+xgb,8,11
porto,19,support,nbi_C,lr,1,11
porto,19,support,nbi_C,lr+xgb,1,11
porto,19,support,nbi_C,lr+rf+xgb,1,11
porto,19,support,ws_random_scalarization,lr,66,66
porto,19,support,random_dirichlet_budget,lr+gnb+knn+rf+xgb,2,4
porto,19,support,random_dirichlet_budget,lr+gnb+rf+xgb,1,4
porto,19,support,random_dirichlet_budget,lr+knn+rf+xgb,1,4
porto,19,support,design_runs,lr+xgb,1,3
porto,19,support,design_runs,lr,1,3
porto,19,support,design_runs,lr+rf,1,3
porto,19,support,single_objective_refs,lr,3,5
porto,19,support,single_objective_refs,lr+knn+rf+xgb,2,5
porto,20,weighted,empirical_reference,lr+knn+rf+xgb,58,139
porto,20,weighted,empirical_reference,lr+rf+xgb,43,139
porto,20,weighted,empirical_reference,lr+xgb,14,139
porto,20,weighted,empirical_reference,lr,10,139
porto,20,weighted,empirical_reference,lr+gnb+rf+xgb,10,139
porto,20,weighted,empirical_reference,lr+gnb+xgb,4,139
porto,20,weighted,nbi_A,lr+gnb+rf,4,9
porto,20,weighted,nbi_A,lr+rf,4,9
porto,20,weighted,nbi_A,lr,1,9
porto,20,weighted,nbi_B,lr+rf+xgb,32,63
porto,20,weighted,nbi_B,lr+knn+rf+xgb,30,63
porto,20,weighted,nbi_B,lr,1,63
porto,20,weighted,nbi_C,lr+knn+rf+xgb,25,52
porto,20,weighted,nbi_C,lr+gnb+rf+xgb,21,52
porto,20,weighted,nbi_C,lr+xgb,4,52
porto,20,weighted,nbi_C,lr,1,52
porto,20,weighted,nbi_C,lr+rf+xgb,1,52
porto,20,weighted,ws_random_scalarization,lr+gnb+rf,2,5
porto,20,weighted,ws_random_scalarization,lr+rf,2,5
porto,20,weighted,ws_random_scalarization,lr+gnb,1,5
porto,20,weighted,random_dirichlet_budget,lr+gnb+knn+rf+xgb,5,5
porto,20,weighted,design_runs,lr+rf,2,3
porto,20,weighted,design_runs,lr,1,3
porto,20,weighted,single_objective_refs,lr,2,5
porto,20,weighted,single_objective_refs,lr+knn+rf+xgb,2,5
porto,20,weighted,single_objective_refs,lr+rf,1,5
porto,20,support,empirical_reference,lr+knn+rf+xgb,15,29
porto,20,support,empirical_reference,lr,5,29
porto,20,support,empirical_reference,lr+rf,3,29
porto,20,support,empirical_reference,lr+rf+xgb,3,29
porto,20,support,empirical_reference,lr+xgb,3,29
porto,20,support,nbi_A,lr,1,2
porto,20,support,nbi_A,lr+rf,1,2
porto,20,support,nbi_B,lr+knn+rf+xgb,2,5
porto,20,support,nbi_B,lr+rf+xgb,2,5
porto,20,support,nbi_B,lr,1,5
porto,20,support,nbi_C,lr+knn+rf+xgb,11,15
porto,20,support,nbi_C,lr,1,15
porto,20,support,nbi_C,lr+rf+xgb,1,15
porto,20,support,nbi_C,lr+xgb,1,15
porto,20,support,nbi_C,lr+gnb+rf+xgb,1,15
porto,20,support,ws_random_scalarization,lr+gnb,1,2
porto,20,support,ws_random_scalarization,lr+rf,1,2
porto,20,support,random_dirichlet_budget,gnb+knn+rf+xgb,2,3
porto,20,support,random_dirichlet_budget,lr+gnb+knn+rf+xgb,1,3
porto,20,support,design_runs,lr+rf,2,3
porto,20,support,design_runs,lr,1,3
porto,20,support,single_objective_refs,lr,2,5
porto,20,support,single_objective_refs,lr+knn+rf+xgb,2,5
porto,20,support,single_objective_refs,lr+rf,1,5
porto,21,weighted,empirical_reference,lr+gnb+rf+xgb,53,173
porto,21,weighted,empirical_reference,lr+gnb+knn+rf+xgb,40,173
porto,21,weighted,empirical_reference,lr+rf+xgb,25,173
porto,21,weighted,empirical_reference,lr+xgb,24,173
porto,21,weighted,empirical_reference,lr+knn+rf+xgb,14,173
porto,21,weighted,empirical_reference,lr,9,173
porto,21,weighted,empirical_reference,lr+gnb+xgb,7,173
porto,21,weighted,empirical_reference,lr+gnb,1,173
porto,21,weighted,nbi_A,lr+rf+xgb,13,14
porto,21,weighted,nbi_A,lr,1,14
porto,21,weighted,nbi_B,lr+rf+xgb,21,40
porto,21,weighted,nbi_B,lr+gnb+rf+xgb,15,40
porto,21,weighted,nbi_B,lr,1,40
porto,21,weighted,nbi_B,lr+xgb,1,40
porto,21,weighted,nbi_B,lr+gnb+knn+rf+xgb,1,40
porto,21,weighted,nbi_B,lr+knn+rf+xgb,1,40
porto,21,weighted,nbi_C,lr+gnb+rf+xgb,28,56
porto,21,weighted,nbi_C,lr+knn+rf+xgb,11,56
porto,21,weighted,nbi_C,lr+gnb+knn+rf+xgb,10,56
porto,21,weighted,nbi_C,lr+gnb+xgb,3,56
porto,21,weighted,nbi_C,lr+xgb,2,56
porto,21,weighted,nbi_C,lr,1,56
porto,21,weighted,nbi_C,lr+rf+xgb,1,56
porto,21,weighted,ws_random_scalarization,lr+rf+xgb,31,43
porto,21,weighted,ws_random_scalarization,lr+xgb,12,43
porto,21,weighted,random_dirichlet_budget,lr+gnb+knn+rf+xgb,3,4
porto,21,weighted,random_dirichlet_budget,lr+gnb+rf+xgb,1,4
porto,21,weighted,design_runs,lr+xgb,1,3
porto,21,weighted,design_runs,lr+rf,1,3
porto,21,weighted,design_runs,lr,1,3
porto,21,weighted,single_objective_refs,lr,2,5
porto,21,weighted,single_objective_refs,lr+gnb+knn+rf+xgb,1,5
porto,21,weighted,single_objective_refs,lr+knn+rf+xgb,1,5
porto,21,weighted,single_objective_refs,lr+rf+xgb,1,5
porto,21,support,empirical_reference,lr+gnb+knn+rf+xgb,8,32
porto,21,support,empirical_reference,lr,7,32
porto,21,support,empirical_reference,lr+xgb,4,32
porto,21,support,empirical_reference,lr+rf,3,32
porto,21,support,empirical_reference,lr+gnb,3,32
porto,21,support,empirical_reference,lr+gnb+xgb,2,32
porto,21,support,empirical_reference,lr+rf+xgb,2,32
porto,21,support,empirical_reference,lr+gnb+rf+xgb,1,32
porto,21,support,empirical_reference,lr+gnb+rf,1,32
porto,21,support,empirical_reference,lr+knn+rf+xgb,1,32
porto,21,support,nbi_A,lr,1,3
porto,21,support,nbi_A,lr+rf,1,3
porto,21,support,nbi_A,lr+rf+xgb,1,3
porto,21,support,nbi_B,lr+gnb+rf+xgb,2,7
porto,21,support,nbi_B,lr,1,7
porto,21,support,nbi_B,lr+xgb,1,7
porto,21,support,nbi_B,lr+gnb+knn+rf+xgb,1,7
porto,21,support,nbi_B,lr+rf+xgb,1,7
porto,21,support,nbi_B,lr+knn+rf+xgb,1,7
porto,21,support,nbi_C,lr+gnb+knn+rf+xgb,4,9
porto,21,support,nbi_C,lr,1,9
porto,21,support,nbi_C,lr+xgb,1,9
porto,21,support,nbi_C,lr+gnb+xgb,1,9
porto,21,support,nbi_C,lr+knn+rf+xgb,1,9
porto,21,support,nbi_C,lr+rf+xgb,1,9
porto,21,support,ws_random_scalarization,lr+rf+xgb,7,8
porto,21,support,ws_random_scalarization,lr+xgb,1,8
porto,21,support,random_dirichlet_budget,lr+gnb+rf+xgb,1,2
porto,21,support,random_dirichlet_budget,lr+gnb+knn+rf+xgb,1,2
porto,21,support,design_runs,lr+xgb,1,3
porto,21,support,design_runs,lr+rf,1,3
porto,21,support,design_runs,lr,1,3
porto,21,support,single_objective_refs,lr,2,5
porto,21,support,single_objective_refs,lr+gnb+knn+rf+xgb,1,5
porto,21,support,single_objective_refs,lr+knn+rf+xgb,1,5
porto,21,support,single_objective_refs,lr+rf+xgb,1,5
porto,22,weighted,empirical_reference,lr+knn+rf+xgb,50,130
porto,22,weighted,empirical_reference,lr+rf+xgb,36,130
porto,22,weighted,empirical_reference,lr+gnb+rf+xgb,20,130
porto,22,weighted,empirical_reference,lr+xgb,13,130
porto,22,weighted,empirical_reference,lr,8,130
porto,22,weighted,empirical_reference,lr+gnb+xgb,2,130
porto,22,weighted,empirical_reference,lr+gnb,1,130
porto,22,weighted,nbi_A,lr,1,2
porto,22,weighted,nbi_A,lr+rf,1,2
porto,22,weighted,nbi_B,lr+rf+xgb,35,54
porto,22,weighted,nbi_B,lr+gnb+knn+rf,9,54
porto,22,weighted,nbi_B,lr+gnb+rf+xgb,7,54
porto,22,weighted,nbi_B,lr+knn+rf+xgb,2,54
porto,22,weighted,nbi_B,lr,1,54
porto,22,weighted,nbi_C,lr+gnb+rf+xgb,23,54
porto,22,weighted,nbi_C,lr+knn+rf+xgb,22,54
porto,22,weighted,nbi_C,lr+rf+xgb,5,54
porto,22,weighted,nbi_C,lr+xgb,3,54
porto,22,weighted,nbi_C,lr,1,54
porto,22,weighted,ws_random_scalarization,lr+rf+xgb,18,22
porto,22,weighted,ws_random_scalarization,lr+xgb,3,22
porto,22,weighted,ws_random_scalarization,lr,1,22
porto,22,weighted,random_dirichlet_budget,lr+gnb+knn+rf+xgb,7,8
porto,22,weighted,random_dirichlet_budget,lr+gnb+knn+xgb,1,8
porto,22,weighted,design_runs,lr+rf,2,3
porto,22,weighted,design_runs,lr,1,3
porto,22,weighted,single_objective_refs,lr,2,5
porto,22,weighted,single_objective_refs,lr+knn+rf+xgb,2,5
porto,22,weighted,single_objective_refs,lr+rf,1,5
porto,22,support,empirical_reference,lr+knn+rf+xgb,15,30
porto,22,support,empirical_reference,lr,5,30
porto,22,support,empirical_reference,lr+rf,4,30
porto,22,support,empirical_reference,lr+rf+xgb,2,30
porto,22,support,empirical_reference,lr+gnb,2,30
porto,22,support,empirical_reference,lr+xgb,1,30
porto,22,support,empirical_reference,lr+gnb+xgb,1,30
porto,22,support,nbi_A,lr,1,2
porto,22,support,nbi_A,lr+rf,1,2
porto,22,support,nbi_B,lr+knn+rf+xgb,2,7
porto,22,support,nbi_B,lr+gnb+rf+xgb,2,7
porto,22,support,nbi_B,lr,1,7
porto,22,support,nbi_B,lr+rf+xgb,1,7
porto,22,support,nbi_B,lr+knn+rf,1,7
porto,22,support,nbi_C,lr+knn+rf+xgb,10,13
porto,22,support,nbi_C,lr,1,13
porto,22,support,nbi_C,lr+xgb,1,13
porto,22,support,nbi_C,lr+rf+xgb,1,13
porto,22,support,ws_random_scalarization,lr+rf,3,8
porto,22,support,ws_random_scalarization,lr,2,8
porto,22,support,ws_random_scalarization,lr+rf+xgb,2,8
porto,22,support,ws_random_scalarization,lr+xgb,1,8
porto,22,support,random_dirichlet_budget,lr+gnb+knn+rf+xgb,1,2
porto,22,support,random_dirichlet_budget,lr+gnb+knn+xgb,1,2
porto,22,support,design_runs,lr,1,2
porto,22,support,design_runs,lr+rf,1,2
porto,22,support,single_objective_refs,lr,2,5
porto,22,support,single_objective_refs,lr+knn+rf+xgb,2,5
porto,22,support,single_objective_refs,lr+rf,1,5
porto,23,weighted,empirical_reference,lr+knn+rf+xgb,56,131
porto,23,weighted,empirical_reference,lr+rf+xgb,53,131
porto,23,weighted,empirical_reference,lr,9,131
porto,23,weighted,empirical_reference,lr+xgb,9,131
porto,23,weighted,empirical_reference,lr+gnb+xgb,3,131
porto,23,weighted,empirical_reference,lr+gnb+rf+xgb,1,131
porto,23,weighted,nbi_A,lr+knn+rf,10,11
porto,23,weighted,nbi_A,lr,1,11
porto,23,weighted,nbi_B,lr+knn+rf+xgb,37,64
porto,23,weighted,nbi_B,lr+rf+xgb,26,64
porto,23,weighted,nbi_B,lr,1,64
porto,23,weighted,nbi_C,lr+knn+rf+xgb,33,46
porto,23,weighted,nbi_C,lr+gnb+rf+xgb,5,46
porto,23,weighted,nbi_C,lr+rf+xgb,4,46
porto,23,weighted,nbi_C,lr+gnb+xgb,2,46
porto,23,weighted,nbi_C,lr,1,46
porto,23,weighted,nbi_C,lr+gnb+knn+rf+xgb,1,46
porto,23,weighted,ws_random_scalarization,lr+rf,3,4
porto,23,weighted,ws_random_scalarization,lr+gnb,1,4
porto,23,weighted,random_dirichlet_budget,lr+gnb+knn+rf+xgb,5,5
porto,23,weighted,design_runs,lr+rf,2,3
porto,23,weighted,design_runs,lr,1,3
porto,23,weighted,single_objective_refs,lr,2,5
porto,23,weighted,single_objective_refs,lr+knn+rf+xgb,2,5
porto,23,weighted,single_objective_refs,lr+knn+rf,1,5
porto,23,support,empirical_reference,lr+knn+rf+xgb,17,33
porto,23,support,empirical_reference,lr,6,33
porto,23,support,empirical_reference,lr+knn+rf,4,33
porto,23,support,empirical_reference,lr+rf+xgb,3,33
porto,23,support,empirical_reference,lr+xgb,2,33
porto,23,support,empirical_reference,lr+rf,1,33
porto,23,support,nbi_A,lr,1,3
porto,23,support,nbi_A,lr+gnb+knn,1,3
porto,23,support,nbi_A,lr+knn+rf,1,3
porto,23,support,nbi_B,lr+knn+rf+xgb,9,11
porto,23,support,nbi_B,lr,1,11
porto,23,support,nbi_B,lr+rf+xgb,1,11
porto,23,support,nbi_C,lr+knn+rf+xgb,11,15
porto,23,support,nbi_C,lr,1,15
porto,23,support,nbi_C,lr+gnb+xgb,1,15
porto,23,support,nbi_C,lr+gnb+rf,1,15
porto,23,support,nbi_C,lr+rf+xgb,1,15
porto,23,support,ws_random_scalarization,lr+gnb,1,2
porto,23,support,ws_random_scalarization,lr+rf,1,2
porto,23,support,random_dirichlet_budget,lr+gnb+knn+rf+xgb,1,1
porto,23,support,design_runs,lr,1,2
porto,23,support,design_runs,lr+rf,1,2
porto,23,support,single_objective_refs,lr,2,5
porto,23,support,single_objective_refs,lr+knn+rf+xgb,2,5
porto,23,support,single_objective_refs,lr+knn+rf,1,5
porto,24,weighted,empirical_reference,lr+knn+rf+xgb,68,132
porto,24,weighted,empirical_reference,lr+rf+xgb,37,132
porto,24,weighted,empirical_reference,lr+xgb,11,132
porto,24,weighted,empirical_reference,lr,8,132
porto,24,weighted,empirical_reference,lr+gnb+rf+xgb,5,132
porto,24,weighted,empirical_reference,lr+gnb+xgb,3,132
porto,24,weighted,nbi_A,lr,1,2
porto,24,weighted,nbi_A,lr+rf,1,2
porto,24,weighted,nbi_B,lr+rf+xgb,47,66
porto,24,weighted,nbi_B,lr+rf,16,66
porto,24,weighted,nbi_B,lr+knn+rf+xgb,2,66
porto,24,weighted,nbi_B,lr,1,66
porto,24,weighted,nbi_C,lr+knn+rf+xgb,33,66
porto,24,weighted,nbi_C,lr+rf+xgb,32,66
porto,24,weighted,nbi_C,lr,1,66
porto,24,weighted,ws_random_scalarization,lr+rf,63,66
porto,24,weighted,ws_random_scalarization,lr+rf+xgb,2,66
porto,24,weighted,ws_random_scalarization,lr+xgb,1,66
porto,24,weighted,random_dirichlet_budget,lr+gnb+knn+rf+xgb,4,4
porto,24,weighted,design_runs,lr+rf,1,2
porto,24,weighted,design_runs,lr,1,2
porto,24,weighted,single_objective_refs,lr,2,5
porto,24,weighted,single_objective_refs,lr+knn+rf+xgb,2,5
porto,24,weighted,single_objective_refs,lr+rf,1,5
porto,24,support,empirical_reference,lr+knn+rf+xgb,9,27
porto,24,support,empirical_reference,lr,8,27
porto,24,support,empirical_reference,lr+xgb,5,27
porto,24,support,empirical_reference,lr+rf+xgb,2,27
porto,24,support,empirical_reference,lr+rf,2,27
porto,24,support,empirical_reference,lr+gnb,1,27
porto,24,support,nbi_A,lr,1,2
porto,24,support,nbi_A,lr+rf,1,2
porto,24,support,nbi_B,lr+knn+rf+xgb,2,4
porto,24,support,nbi_B,lr,1,4
porto,24,support,nbi_B,lr+rf,1,4
porto,24,support,nbi_C,lr+knn+rf+xgb,7,9
porto,24,support,nbi_C,lr,1,9
porto,24,support,nbi_C,lr+rf+xgb,1,9
porto,24,support,ws_random_scalarization,lr+xgb,1,2
porto,24,support,ws_random_scalarization,lr+rf,1,2
porto,24,support,random_dirichlet_budget,lr+gnb+knn+rf+xgb,1,1
porto,24,support,design_runs,lr+rf,1,2
porto,24,support,design_runs,lr,1,2
porto,24,support,single_objective_refs,lr,2,5
porto,24,support,single_objective_refs,lr+knn+rf+xgb,2,5
porto,24,support,single_objective_refs,lr+rf,1,5
porto,25,weighted,empirical_reference,lr+knn+rf+xgb,56,149
porto,25,weighted,empirical_reference,lr+rf+xgb,41,149
porto,25,weighted,empirical_reference,lr+gnb+rf+xgb,28,149
porto,25,weighted,empirical_reference,lr+xgb,8,149
porto,25,weighted,empirical_reference,lr,6,149
porto,25,weighted,empirical_reference,lr+gnb+knn+rf+xgb,5,149
porto,25,weighted,empirical_reference,lr+gnb+xgb,5,149
porto,25,weighted,nbi_A,lr,1,2
porto,25,weighted,nbi_A,lr+rf,1,2
porto,25,weighted,nbi_B,lr+rf+xgb,26,56
porto,25,weighted,nbi_B,lr+gnb+rf+xgb,16,56
porto,25,weighted,nbi_B,lr+gnb+knn+rf,11,56
porto,25,weighted,nbi_B,lr,1,56
porto,25,weighted,nbi_B,lr+knn+rf+xgb,1,56
porto,25,weighted,nbi_B,lr+gnb+knn+rf+xgb,1,56
porto,25,weighted,nbi_C,lr+knn+rf+xgb,24,60
porto,25,weighted,nbi_C,lr+gnb+rf+xgb,18,60
porto,25,weighted,nbi_C,lr+rf+xgb,11,60
porto,25,weighted,nbi_C,lr+gnb+knn+rf+xgb,4,60
porto,25,weighted,nbi_C,lr+xgb,2,60
porto,25,weighted,nbi_C,lr,1,60
porto,25,weighted,ws_random_scalarization,lr+rf,18,25
porto,25,weighted,ws_random_scalarization,lr,6,25
porto,25,weighted,ws_random_scalarization,lr+rf+xgb,1,25
porto,25,weighted,random_dirichlet_budget,lr+gnb+knn+rf+xgb,3,4
porto,25,weighted,random_dirichlet_budget,lr+gnb+rf+xgb,1,4
porto,25,weighted,design_runs,lr+rf,2,3
porto,25,weighted,design_runs,lr,1,3
porto,25,weighted,single_objective_refs,lr,2,5
porto,25,weighted,single_objective_refs,lr+knn+rf+xgb,1,5
porto,25,weighted,single_objective_refs,lr+gnb+knn+rf+xgb,1,5
porto,25,weighted,single_objective_refs,lr+rf,1,5
porto,25,support,empirical_reference,lr+knn+rf+xgb,12,37
porto,25,support,empirical_reference,lr+rf,10,37
porto,25,support,empirical_reference,lr+gnb,4,37
porto,25,support,empirical_reference,lr+gnb+knn+rf+xgb,3,37
porto,25,support,empirical_reference,lr+rf+xgb,2,37
porto,25,support,empirical_reference,lr,2,37
porto,25,support,empirical_reference,lr+gnb+xgb,1,37
porto,25,support,empirical_reference,lr+gnb+rf+xgb,1,37
porto,25,support,empirical_reference,lr+xgb,1,37
porto,25,support,empirical_reference,lr+gnb+rf,1,37
porto,25,support,nbi_A,lr,1,2
porto,25,support,nbi_A,lr+rf,1,2
porto,25,support,nbi_B,lr,1,6
porto,25,support,nbi_B,lr+gnb+rf,1,6
porto,25,support,nbi_B,lr+knn+rf+xgb,1,6
porto,25,support,nbi_B,lr+gnb+knn+rf,1,6
porto,25,support,nbi_B,lr+gnb+rf+xgb,1,6
porto,25,support,nbi_B,lr+gnb+knn+rf+xgb,1,6
porto,25,support,nbi_C,lr+knn+rf+xgb,7,12
porto,25,support,nbi_C,lr+gnb+knn+rf+xgb,2,12
porto,25,support,nbi_C,lr,1,12
porto,25,support,nbi_C,lr+xgb,1,12
porto,25,support,nbi_C,lr+rf+xgb,1,12
porto,25,support,ws_random_scalarization,lr,6,10
porto,25,support,ws_random_scalarization,lr+rf,4,10
porto,25,support,random_dirichlet_budget,lr+gnb+knn+rf+xgb,2,3
porto,25,support,random_dirichlet_budget,lr+gnb+rf+xgb,1,3
porto,25,support,design_runs,lr,1,2
porto,25,support,design_runs,lr+rf,1,2
porto,25,support,single_objective_refs,lr,2,5
porto,25,support,single_objective_refs,lr+knn+rf+xgb,1,5
porto,25,support,single_objective_refs,lr+gnb+knn+rf+xgb,1,5
porto,25,support,single_objective_refs,lr+rf,1,5
porto,26,weighted,empirical_reference,lr+rf+xgb,70,153
porto,26,weighted,empirical_reference,lr+knn+rf+xgb,60,153
porto,26,weighted,empirical_reference,lr+xgb,10,153
porto,26,weighted,empirical_reference,lr,7,153
porto,26,weighted,empirical_reference,lr+gnb+xgb,6,153
porto,26,weighted,nbi_A,lr+gnb+rf,6,11
porto,26,weighted,nbi_A,lr+gnb+rf+xgb,2,11
porto,26,weighted,nbi_A,lr,1,11
porto,26,weighted,nbi_A,lr+rf,1,11
porto,26,weighted,nbi_A,lr+rf+xgb,1,11
porto,26,weighted,nbi_B,lr+rf+xgb,33,44
porto,26,weighted,nbi_B,lr+knn+rf+xgb,9,44
porto,26,weighted,nbi_B,lr,1,44
porto,26,weighted,nbi_B,lr+gnb+xgb,1,44
porto,26,weighted,nbi_C,lr+rf+xgb,34,63
porto,26,weighted,nbi_C,lr+knn+rf+xgb,28,63
porto,26,weighted,nbi_C,lr,1,63
porto,26,weighted,ws_random_scalarization,lr+gnb+rf,1,4
porto,26,weighted,ws_random_scalarization,lr+rf+xgb,1,4
porto,26,weighted,ws_random_scalarization,lr+gnb,1,4
porto,26,weighted,ws_random_scalarization,lr+rf,1,4
porto,26,weighted,random_dirichlet_budget,lr+gnb+knn+rf+xgb,3,3
porto,26,weighted,design_runs,lr+rf,1,2
porto,26,weighted,design_runs,lr,1,2
porto,26,weighted,single_objective_refs,lr,2,5
porto,26,weighted,single_objective_refs,lr+knn+rf+xgb,2,5
porto,26,weighted,single_objective_refs,lr+rf+xgb,1,5
porto,26,support,empirical_reference,lr+knn+rf+xgb,16,30
porto,26,support,empirical_reference,lr+xgb,4,30
porto,26,support,empirical_reference,lr,4,30
porto,26,support,empirical_reference,lr+rf+xgb,2,30
porto,26,support,empirical_reference,lr+gnb+xgb,2,30
porto,26,support,empirical_reference,lr+rf,1,30
porto,26,support,empirical_reference,lr+gnb,1,30
porto,26,support,nbi_A,lr,1,3
porto,26,support,nbi_A,lr+rf,1,3
porto,26,support,nbi_A,lr+rf+xgb,1,3
porto,26,support,nbi_B,lr+knn+rf+xgb,3,7
porto,26,support,nbi_B,lr+rf+xgb,2,7
porto,26,support,nbi_B,lr,1,7
porto,26,support,nbi_B,lr+gnb+xgb,1,7
porto,26,support,nbi_C,lr+knn+rf+xgb,10,12
porto,26,support,nbi_C,lr,1,12
porto,26,support,nbi_C,lr+rf+xgb,1,12
porto,26,support,ws_random_scalarization,lr+rf+xgb,1,3
porto,26,support,ws_random_scalarization,lr+gnb,1,3
porto,26,support,ws_random_scalarization,lr+rf,1,3
porto,26,support,random_dirichlet_budget,lr+gnb+knn+rf+xgb,1,2
porto,26,support,random_dirichlet_budget,lr+gnb+knn+rf,1,2
porto,26,support,design_runs,lr+rf,1,2
porto,26,support,design_runs,lr,1,2
porto,26,support,single_objective_refs,lr,2,5
porto,26,support,single_objective_refs,lr+knn+rf+xgb,2,5
porto,26,support,single_objective_refs,lr+rf+xgb,1,5
porto,27,weighted,empirical_reference,lr+knn+rf+xgb,78,160
porto,27,weighted,empirical_reference,lr+rf+xgb,47,160
porto,27,weighted,empirical_reference,lr+xgb,12,160
porto,27,weighted,empirical_reference,lr,8,160
porto,27,weighted,empirical_reference,lr+gnb+xgb,8,160
porto,27,weighted,empirical_reference,lr+gnb+rf+xgb,6,160
porto,27,weighted,empirical_reference,lr+gnb,1,160
porto,27,weighted,nbi_A,lr+gnb+rf+xgb,5,10
porto,27,weighted,nbi_A,lr+gnb+rf,2,10
porto,27,weighted,nbi_A,lr+rf+xgb,2,10
porto,27,weighted,nbi_A,lr,1,10
porto,27,weighted,nbi_B,lr+rf+xgb,29,59
porto,27,weighted,nbi_B,lr+knn+rf+xgb,26,59
porto,27,weighted,nbi_B,lr+gnb+xgb,3,59
porto,27,weighted,nbi_B,lr,1,59
porto,27,weighted,nbi_C,lr+knn+rf+xgb,38,63
porto,27,weighted,nbi_C,lr+rf+xgb,22,63
porto,27,weighted,nbi_C,lr,1,63
porto,27,weighted,nbi_C,lr+xgb,1,63
porto,27,weighted,nbi_C,lr+gnb+knn+rf+xgb,1,63
porto,27,weighted,ws_random_scalarization,lr+rf+xgb,2,4
porto,27,weighted,ws_random_scalarization,lr+gnb,1,4
porto,27,weighted,ws_random_scalarization,lr+gnb+rf,1,4
porto,27,weighted,random_dirichlet_budget,lr+gnb+knn+rf+xgb,4,4
porto,27,weighted,design_runs,lr+xgb,1,3
porto,27,weighted,design_runs,lr+rf,1,3
porto,27,weighted,design_runs,lr,1,3
porto,27,weighted,single_objective_refs,lr,2,5
porto,27,weighted,single_objective_refs,lr+knn+rf+xgb,2,5
porto,27,weighted,single_objective_refs,lr+rf+xgb,1,5
porto,27,support,empirical_reference,lr+knn+rf+xgb,14,26
porto,27,support,empirical_reference,lr+xgb,3,26
porto,27,support,empirical_reference,lr+gnb,3,26
porto,27,support,empirical_reference,lr+rf,2,26
porto,27,support,empirical_reference,lr,2,26
porto,27,support,empirical_reference,lr+rf+xgb,1,26
porto,27,support,empirical_reference,lr+gnb+xgb,1,26
porto,27,support,nbi_A,lr,1,3
porto,27,support,nbi_A,lr+gnb+rf,1,3
porto,27,support,nbi_A,lr+rf+xgb,1,3
porto,27,support,nbi_B,lr+gnb+xgb,3,8
porto,27,support,nbi_B,lr+knn+rf+xgb,2,8
porto,27,support,nbi_B,lr+rf+xgb,2,8
porto,27,support,nbi_B,lr,1,8
porto,27,support,nbi_C,lr+knn+rf+xgb,11,14
porto,27,support,nbi_C,lr,1,14
porto,27,support,nbi_C,lr+xgb,1,14
porto,27,support,nbi_C,lr+rf+xgb,1,14
porto,27,support,ws_random_scalarization,lr+gnb,1,3
porto,27,support,ws_random_scalarization,lr+gnb+rf,1,3
porto,27,support,ws_random_scalarization,lr+rf+xgb,1,3
porto,27,support,random_dirichlet_budget,lr+gnb+knn+rf+xgb,1,3
porto,27,support,random_dirichlet_budget,lr+gnb+knn+rf,1,3
porto,27,support,random_dirichlet_budget,gnb+knn+rf+xgb,1,3
porto,27,support,design_runs,lr+xgb,1,3
porto,27,support,design_runs,lr+rf,1,3
porto,27,support,design_runs,lr,1,3
porto,27,support,single_objective_refs,lr,2,5
porto,27,support,single_objective_refs,lr+knn+rf+xgb,2,5
porto,27,support,single_objective_refs,lr+rf+xgb,1,5
porto,28,weighted,empirical_reference,lr+rf+xgb,83,176
porto,28,weighted,empirical_reference,lr+knn+rf+xgb,61,176
porto,28,weighted,empirical_reference,lr+xgb,14,176
porto,28,weighted,empirical_reference,lr,10,176
porto,28,weighted,empirical_reference,lr+gnb+xgb,3,176
porto,28,weighted,empirical_reference,lr+gnb+rf+xgb,3,176
porto,28,weighted,empirical_reference,lr+gnb,2,176
porto,28,weighted,nbi_A,lr+rf+xgb,11,13
porto,28,weighted,nbi_A,lr,1,13
porto,28,weighted,nbi_A,lr+rf,1,13
porto,28,weighted,nbi_B,lr+rf+xgb,38,60
porto,28,weighted,nbi_B,lr+knn+rf+xgb,12,60
porto,28,weighted,nbi_B,lr+gnb+knn+rf+xgb,9,60
porto,28,weighted,nbi_B,lr,1,60
porto,28,weighted,nbi_C,lr+knn+rf+xgb,37,63
porto,28,weighted,nbi_C,lr+rf+xgb,19,63
porto,28,weighted,nbi_C,lr+xgb,4,63
porto,28,weighted,nbi_C,lr+gnb+rf+xgb,2,63
porto,28,weighted,nbi_C,lr,1,63
porto,28,weighted,ws_random_scalarization,lr+rf+xgb,16,17
porto,28,weighted,ws_random_scalarization,lr+xgb,1,17
porto,28,weighted,random_dirichlet_budget,lr+gnb+knn+rf+xgb,13,13
porto,28,weighted,design_runs,lr+rf,2,4
porto,28,weighted,design_runs,lr+xgb,1,4
porto,28,weighted,design_runs,lr,1,4
porto,28,weighted,single_objective_refs,lr,2,5
porto,28,weighted,single_objective_refs,lr+knn+rf+xgb,2,5
porto,28,weighted,single_objective_refs,lr+rf+xgb,1,5
porto,28,support,empirical_reference,lr+knn+rf+xgb,11,29
porto,28,support,empirical_reference,lr,6,29
porto,28,support,empirical_reference,lr+rf+xgb,4,29
porto,28,support,empirical_reference,lr+gnb,4,29
porto,28,support,empirical_reference,lr+xgb,2,29
porto,28,support,empirical_reference,lr+gnb+xgb,1,29
porto,28,support,empirical_reference,lr+rf,1,29
porto,28,support,nbi_A,lr,1,3
porto,28,support,nbi_A,lr+rf,1,3
porto,28,support,nbi_A,lr+rf+xgb,1,3
porto,28,support,nbi_B,lr+knn+rf+xgb,2,4
porto,28,support,nbi_B,lr,1,4
porto,28,support,nbi_B,lr+rf+xgb,1,4
porto,28,support,nbi_C,lr+knn+rf+xgb,10,13
porto,28,support,nbi_C,lr,1,13
porto,28,support,nbi_C,lr+xgb,1,13
porto,28,support,nbi_C,lr+rf+xgb,1,13
porto,28,support,ws_random_scalarization,lr+xgb,1,2
porto,28,support,ws_random_scalarization,lr+rf+xgb,1,2
porto,28,support,random_dirichlet_budget,lr+gnb+knn+rf+xgb,2,3
porto,28,support,random_dirichlet_budget,lr+gnb+knn+xgb,1,3
porto,28,support,design_runs,lr+xgb,1,3
porto,28,support,design_runs,lr,1,3
porto,28,support,design_runs,lr+rf,1,3
porto,28,support,single_objective_refs,lr,2,5
porto,28,support,single_objective_refs,lr+knn+rf+xgb,2,5
porto,28,support,single_objective_refs,lr+rf+xgb,1,5
porto,29,weighted,empirical_reference,lr+rf+xgb,90,200
porto,29,weighted,empirical_reference,lr+knn+rf+xgb,68,200
porto,29,weighted,empirical_reference,lr+xgb,20,200
porto,29,weighted,empirical_reference,lr,9,200
porto,29,weighted,empirical_reference,lr+gnb+rf+xgb,8,200
porto,29,weighted,empirical_reference,lr+gnb+xgb,5,200
porto,29,weighted,nbi_A,lr+rf,9,11
porto,29,weighted,nbi_A,lr,2,11
porto,29,weighted,nbi_B,lr+rf+xgb,16,19
porto,29,weighted,nbi_B,lr+knn+rf+xgb,2,19
porto,29,weighted,nbi_B,lr,1,19
porto,29,weighted,nbi_C,lr+knn+rf+xgb,33,64
porto,29,weighted,nbi_C,lr+rf+xgb,27,64
porto,29,weighted,nbi_C,lr+xgb,3,64
porto,29,weighted,nbi_C,lr,1,64
porto,29,weighted,ws_random_scalarization,lr,6,6
porto,29,weighted,random_dirichlet_budget,lr+gnb+knn+rf+xgb,6,7
porto,29,weighted,random_dirichlet_budget,lr+gnb+rf+xgb,1,7
porto,29,weighted,design_runs,lr+rf,2,5
porto,29,weighted,design_runs,lr+rf+xgb,1,5
porto,29,weighted,design_runs,lr+xgb,1,5
porto,29,weighted,design_runs,lr,1,5
porto,29,weighted,single_objective_refs,lr,2,4
porto,29,weighted,single_objective_refs,lr+knn+rf+xgb,2,4
porto,29,support,empirical_reference,lr+knn+rf+xgb,19,43
porto,29,support,empirical_reference,lr+rf,7,43
porto,29,support,empirical_reference,lr+rf+xgb,6,43
porto,29,support,empirical_reference,lr+xgb,5,43
porto,29,support,empirical_reference,lr,4,43
porto,29,support,empirical_reference,lr+gnb+xgb,2,43
porto,29,support,nbi_A,lr,11,16
porto,29,support,nbi_A,lr+rf,5,16
porto,29,support,nbi_B,lr+rf+xgb,5,8
porto,29,support,nbi_B,lr+knn+rf+xgb,2,8
porto,29,support,nbi_B,lr,1,8
porto,29,support,nbi_C,lr+knn+rf+xgb,11,14
porto,29,support,nbi_C,lr,1,14
porto,29,support,nbi_C,lr+xgb,1,14
porto,29,support,nbi_C,lr+rf+xgb,1,14
porto,29,support,ws_random_scalarization,lr,7,7
porto,29,support,random_dirichlet_budget,lr+gnb+knn+rf+xgb,2,4
porto,29,support,random_dirichlet_budget,lr+gnb+rf+xgb,1,4
porto,29,support,random_dirichlet_budget,gnb+knn+rf+xgb,1,4
porto,29,support,design_runs,lr+xgb,1,3
porto,29,support,design_runs,lr,1,3
porto,29,support,design_runs,lr+rf,1,3
porto,29,support,single_objective_refs,lr,3,5
porto,29,support,single_objective_refs,lr+knn+rf+xgb,2,5
uci_credit,0,weighted,empirical_reference,lr+rf+xgb,116,486
uci_credit,0,weighted,empirical_reference,lr+gnb+rf+xgb,98,486
uci_credit,0,weighted,empirical_reference,lr+gnb+xgb,88,486
uci_credit,0,weighted,empirical_reference,lr+knn+rf+xgb,76,486
uci_credit,0,weighted,empirical_reference,lr+xgb,40,486
uci_credit,0,weighted,empirical_reference,lr+gnb+knn+rf+xgb,32,486
uci_credit,0,weighted,empirical_reference,knn+rf+xgb,16,486
uci_credit,0,weighted,empirical_reference,lr,10,486
uci_credit,0,weighted,empirical_reference,lr+gnb,4,486
uci_credit,0,weighted,empirical_reference,gnb+knn+rf+xgb,3,486
uci_credit,0,weighted,empirical_reference,gnb+rf+xgb,1,486
uci_credit,0,weighted,empirical_reference,rf+xgb,1,486
uci_credit,0,weighted,empirical_reference,lr+gnb+knn+xgb,1,486
uci_credit,0,weighted,nbi_A,lr+knn+rf+xgb,6,10
uci_credit,0,weighted,nbi_A,lr+gnb+rf+xgb,2,10
uci_credit,0,weighted,nbi_A,lr,1,10
uci_credit,0,weighted,nbi_A,gnb+rf+xgb,1,10
uci_credit,0,weighted,nbi_B,lr+knn+rf+xgb,15,24
uci_credit,0,weighted,nbi_B,lr+gnb+rf+xgb,4,24
uci_credit,0,weighted,nbi_B,lr+gnb+xgb,2,24
uci_credit,0,weighted,nbi_B,lr,1,24
uci_credit,0,weighted,nbi_B,knn+rf+xgb,1,24
uci_credit,0,weighted,nbi_B,lr+rf+xgb,1,24
uci_credit,0,weighted,nbi_C,lr+gnb+rf+xgb,15,57
uci_credit,0,weighted,nbi_C,lr+gnb+xgb,14,57
uci_credit,0,weighted,nbi_C,lr+knn+rf+xgb,14,57
uci_credit,0,weighted,nbi_C,lr+rf+xgb,12,57
uci_credit,0,weighted,nbi_C,lr,1,57
uci_credit,0,weighted,nbi_C,knn+rf+xgb,1,57
uci_credit,0,weighted,ws_random_scalarization,lr+gnb+xgb,23,36
uci_credit,0,weighted,ws_random_scalarization,lr+gnb+rf+xgb,6,36
uci_credit,0,weighted,ws_random_scalarization,lr+rf+xgb,4,36
uci_credit,0,weighted,ws_random_scalarization,lr+xgb,2,36
uci_credit,0,weighted,ws_random_scalarization,lr+gnb,1,36
uci_credit,0,weighted,random_dirichlet_budget,lr+gnb+knn+rf+xgb,10,10
uci_credit,0,weighted,design_runs,lr+xgb,3,8
uci_credit,0,weighted,design_runs,rf+xgb,2,8
uci_credit,0,weighted,design_runs,rf,1,8
uci_credit,0,weighted,design_runs,lr+rf+xgb,1,8
uci_credit,0,weighted,design_runs,lr,1,8
uci_credit,0,weighted,single_objective_refs,lr+knn+rf+xgb,2,6
uci_credit,0,weighted,single_objective_refs,rf,1,6
uci_credit,0,weighted,single_objective_refs,knn+rf+xgb,1,6
uci_credit,0,weighted,single_objective_refs,gnb+rf,1,6
uci_credit,0,weighted,single_objective_refs,lr,1,6
uci_credit,0,support,empirical_reference,lr+knn+rf+xgb,18,100
uci_credit,0,support,empirical_reference,lr+rf,16,100
uci_credit,0,support,empirical_reference,lr+rf+xgb,15,100
uci_credit,0,support,empirical_reference,lr+gnb+xgb,11,100
uci_credit,0,support,empirical_reference,lr+xgb,9,100
uci_credit,0,support,empirical_reference,knn+rf+xgb,8,100
uci_credit,0,support,empirical_reference,lr,6,100
uci_credit,0,support,empirical_reference,rf+xgb,4,100
uci_credit,0,support,empirical_reference,rf,4,100
uci_credit,0,support,empirical_reference,lr+gnb+rf+xgb,4,100
uci_credit,0,support,empirical_reference,xgb,3,100
uci_credit,0,support,empirical_reference,gnb+rf+xgb,1,100
uci_credit,0,support,empirical_reference,lr+gnb+knn+rf+xgb,1,100
uci_credit,0,support,nbi_A,lr+knn+rf+xgb,2,7
uci_credit,0,support,nbi_A,lr,1,7
uci_credit,0,support,nbi_A,gnb+rf,1,7
uci_credit,0,support,nbi_A,gnb+rf+xgb,1,7
uci_credit,0,support,nbi_A,lr+gnb+rf+xgb,1,7
uci_credit,0,support,nbi_A,knn+rf+xgb,1,7
uci_credit,0,support,nbi_B,lr+knn+rf+xgb,6,11
uci_credit,0,support,nbi_B,lr,1,11
uci_credit,0,support,nbi_B,knn+rf+xgb,1,11
uci_credit,0,support,nbi_B,lr+gnb+xgb,1,11
uci_credit,0,support,nbi_B,lr+gnb+rf+xgb,1,11
uci_credit,0,support,nbi_B,lr+rf+xgb,1,11
uci_credit,0,support,nbi_C,lr+knn+rf+xgb,10,18
uci_credit,0,support,nbi_C,lr+rf+xgb,5,18
uci_credit,0,support,nbi_C,lr,1,18
uci_credit,0,support,nbi_C,knn+rf+xgb,1,18
uci_credit,0,support,nbi_C,lr+gnb+xgb,1,18
uci_credit,0,support,ws_random_scalarization,lr+gnb+xgb,5,10
uci_credit,0,support,ws_random_scalarization,lr+xgb,2,10
uci_credit,0,support,ws_random_scalarization,gnb+rf,1,10
uci_credit,0,support,ws_random_scalarization,lr+rf+xgb,1,10
uci_credit,0,support,ws_random_scalarization,lr+gnb,1,10
uci_credit,0,support,random_dirichlet_budget,lr+gnb+knn+rf+xgb,2,3
uci_credit,0,support,random_dirichlet_budget,gnb+knn+rf+xgb,1,3
uci_credit,0,support,design_runs,xgb,1,4
uci_credit,0,support,design_runs,rf,1,4
uci_credit,0,support,design_runs,lr+xgb,1,4
uci_credit,0,support,design_runs,lr,1,4
uci_credit,0,support,single_objective_refs,lr+knn+rf+xgb,2,6
uci_credit,0,support,single_objective_refs,rf,1,6
uci_credit,0,support,single_objective_refs,knn+rf+xgb,1,6
uci_credit,0,support,single_objective_refs,gnb+rf,1,6
uci_credit,0,support,single_objective_refs,lr,1,6
uci_credit,1,weighted,empirical_reference,lr+gnb+rf+xgb,136,511
uci_credit,1,weighted,empirical_reference,lr+gnb+xgb,113,511
uci_credit,1,weighted,empirical_reference,lr+rf+xgb,102,511
uci_credit,1,weighted,empirical_reference,lr+gnb+knn+rf+xgb,68,511
uci_credit,1,weighted,empirical_reference,lr+knn+rf+xgb,49,511
uci_credit,1,weighted,empirical_reference,lr+xgb,28,511
uci_credit,1,weighted,empirical_reference,lr,8,511
uci_credit,1,weighted,empirical_reference,lr+gnb,5,511
uci_credit,1,weighted,empirical_reference,gnb+knn+rf+xgb,2,511
uci_credit,1,weighted,nbi_A,lr+knn+rf+xgb,7,12
uci_credit,1,weighted,nbi_A,lr+gnb+rf+xgb,2,12
uci_credit,1,weighted,nbi_A,lr,1,12
uci_credit,1,weighted,nbi_A,lr+gnb+xgb,1,12
uci_credit,1,weighted,nbi_A,lr+rf+xgb,1,12
uci_credit,1,weighted,nbi_B,lr+gnb+rf+xgb,8,21
uci_credit,1,weighted,nbi_B,lr+knn+rf+xgb,7,21
uci_credit,1,weighted,nbi_B,lr+gnb+xgb,2,21
uci_credit,1,weighted,nbi_B,lr+rf+xgb,2,21
uci_credit,1,weighted,nbi_B,lr,1,21
uci_credit,1,weighted,nbi_B,lr+gnb+knn+rf+xgb,1,21
uci_credit,1,weighted,nbi_C,lr+gnb+rf+xgb,26,66
uci_credit,1,weighted,nbi_C,lr+gnb+xgb,14,66
uci_credit,1,weighted,nbi_C,lr+rf+xgb,14,66
uci_credit,1,weighted,nbi_C,lr+gnb+knn+rf+xgb,7,66
uci_credit,1,weighted,nbi_C,lr+knn+rf+xgb,4,66
uci_credit,1,weighted,nbi_C,lr,1,66
uci_credit,1,weighted,ws_random_scalarization,lr+gnb+rf+xgb,15,42
uci_credit,1,weighted,ws_random_scalarization,lr+gnb+xgb,13,42
uci_credit,1,weighted,ws_random_scalarization,lr+rf+xgb,9,42
uci_credit,1,weighted,ws_random_scalarization,gnb+rf+xgb,5,42
uci_credit,1,weighted,random_dirichlet_budget,lr+gnb+knn+rf+xgb,9,9
uci_credit,1,weighted,design_runs,lr+xgb,3,8
uci_credit,1,weighted,design_runs,rf+xgb,2,8
uci_credit,1,weighted,design_runs,rf,1,8
uci_credit,1,weighted,design_runs,lr+rf+xgb,1,8
uci_credit,1,weighted,design_runs,lr,1,8
uci_credit,1,weighted,single_objective_refs,rf,1,5
uci_credit,1,weighted,single_objective_refs,lr+knn+rf+xgb,1,5
uci_credit,1,weighted,single_objective_refs,lr+gnb+knn+rf+xgb,1,5
uci_credit,1,weighted,single_objective_refs,gnb+rf,1,5
uci_credit,1,weighted,single_objective_refs,lr,1,5
uci_credit,1,support,empirical_reference,lr+knn+rf+xgb,14,97
uci_credit,1,support,empirical_reference,lr+gnb+knn+rf+xgb,14,97
uci_credit,1,support,empirical_reference,lr+gnb+xgb,12,97
uci_credit,1,support,empirical_reference,lr+rf,9,97
uci_credit,1,support,empirical_reference,lr+xgb,9,97
uci_credit,1,support,empirical_reference,lr+rf+xgb,7,97
uci_credit,1,support,empirical_reference,rf,6,97
uci_credit,1,support,empirical_reference,lr+gnb+rf+xgb,6,97
uci_credit,1,support,empirical_reference,rf+xgb,5,97
uci_credit,1,support,empirical_reference,knn+rf+xgb,5,97
uci_credit,1,support,empirical_reference,gnb+rf,3,97
uci_credit,1,support,empirical_reference,xgb,3,97
uci_credit,1,support,empirical_reference,gnb+rf+xgb,2,97
uci_credit,1,support,empirical_reference,lr,1,97
uci_credit,1,support,empirical_reference,gnb+knn+rf+xgb,1,97
uci_credit,1,support,nbi_A,lr+knn+rf+xgb,6,10
uci_credit,1,support,nbi_A,lr,1,10
uci_credit,1,support,nbi_A,gnb+rf,1,10
uci_credit,1,support,nbi_A,lr+gnb+xgb,1,10
uci_credit,1,support,nbi_A,lr+rf+xgb,1,10
uci_credit,1,support,nbi_B,lr+knn+rf+xgb,7,12
uci_credit,1,support,nbi_B,lr+rf+xgb,2,12
uci_credit,1,support,nbi_B,lr,1,12
uci_credit,1,support,nbi_B,lr+gnb+xgb,1,12
uci_credit,1,support,nbi_B,lr+gnb+knn+rf+xgb,1,12
uci_credit,1,support,nbi_C,lr+gnb+rf+xgb,7,21
uci_credit,1,support,nbi_C,lr+gnb+knn+rf+xgb,7,21
uci_credit,1,support,nbi_C,lr+knn+rf+xgb,4,21
uci_credit,1,support,nbi_C,lr,1,21
uci_credit,1,support,nbi_C,lr+rf+xgb,1,21
uci_credit,1,support,nbi_C,lr+gnb+xgb,1,21
uci_credit,1,support,ws_random_scalarization,lr+gnb+xgb,8,18
uci_credit,1,support,ws_random_scalarization,gnb+rf,5,18
uci_credit,1,support,ws_random_scalarization,gnb+rf+xgb,4,18
uci_credit,1,support,ws_random_scalarization,lr+rf+xgb,1,18
uci_credit,1,support,random_dirichlet_budget,lr+knn+rf+xgb,1,3
uci_credit,1,support,random_dirichlet_budget,lr+gnb+knn+rf+xgb,1,3
uci_credit,1,support,random_dirichlet_budget,lr+gnb+knn+rf,1,3
uci_credit,1,support,design_runs,xgb,1,4
uci_credit,1,support,design_runs,rf,1,4
uci_credit,1,support,design_runs,lr+xgb,1,4
uci_credit,1,support,design_runs,lr,1,4
uci_credit,1,support,single_objective_refs,lr+knn+rf+xgb,2,6
uci_credit,1,support,single_objective_refs,rf,1,6
uci_credit,1,support,single_objective_refs,lr+gnb+knn+rf+xgb,1,6
uci_credit,1,support,single_objective_refs,gnb+rf,1,6
uci_credit,1,support,single_objective_refs,lr,1,6
uci_credit,2,weighted,empirical_reference,lr+gnb+rf+xgb,153,510
uci_credit,2,weighted,empirical_reference,lr+gnb+xgb,112,510
uci_credit,2,weighted,empirical_reference,lr+gnb+knn+rf+xgb,82,510
uci_credit,2,weighted,empirical_reference,lr+rf+xgb,80,510
uci_credit,2,weighted,empirical_reference,lr+knn+rf+xgb,37,510
uci_credit,2,weighted,empirical_reference,lr+xgb,26,510
uci_credit,2,weighted,empirical_reference,lr+gnb,14,510
uci_credit,2,weighted,empirical_reference,lr,5,510
uci_credit,2,weighted,empirical_reference,lr+gnb+rf,1,510
uci_credit,2,weighted,nbi_A,lr+knn+rf+xgb,13,24
uci_credit,2,weighted,nbi_A,lr+gnb+xgb,7,24
uci_credit,2,weighted,nbi_A,lr,1,24
uci_credit,2,weighted,nbi_A,lr+rf+xgb,1,24
uci_credit,2,weighted,nbi_A,lr+gnb+knn+xgb,1,24
uci_credit,2,weighted,nbi_A,lr+gnb+rf+xgb,1,24
uci_credit,2,weighted,nbi_B,lr+knn+rf+xgb,19,33
uci_credit,2,weighted,nbi_B,lr+gnb+xgb,9,33
uci_credit,2,weighted,nbi_B,lr+gnb+knn+rf+xgb,2,33
uci_credit,2,weighted,nbi_B,lr,1,33
uci_credit,2,weighted,nbi_B,lr+gnb+rf+xgb,1,33
uci_credit,2,weighted,nbi_B,lr+rf+xgb,1,33
uci_credit,2,weighted,nbi_C,lr+gnb+rf+xgb,32,66
uci_credit,2,weighted,nbi_C,lr+gnb+knn+rf+xgb,19,66
uci_credit,2,weighted,nbi_C,lr+gnb+xgb,14,66
uci_credit,2,weighted,nbi_C,lr,1,66
uci_credit,2,weighted,ws_random_scalarization,lr+rf+xgb,30,56
uci_credit,2,weighted,ws_random_scalarization,lr+gnb+xgb,16,56
uci_credit,2,weighted,ws_random_scalarization,lr+gnb+rf+xgb,6,56
uci_credit,2,weighted,ws_random_scalarization,lr+knn+rf+xgb,4,56
uci_credit,2,weighted,random_dirichlet_budget,lr+gnb+knn+rf+xgb,14,15
uci_credit,2,weighted,random_dirichlet_budget,gnb+knn+rf+xgb,1,15
uci_credit,2,weighted,design_runs,lr+xgb,3,8
uci_credit,2,weighted,design_runs,rf+xgb,2,8
uci_credit,2,weighted,design_runs,rf,1,8
uci_credit,2,weighted,design_runs,lr+rf+xgb,1,8
uci_credit,2,weighted,design_runs,lr,1,8
uci_credit,2,weighted,single_objective_refs,lr+gnb+knn+rf+xgb,2,4
uci_credit,2,weighted,single_objective_refs,rf+xgb,1,4
uci_credit,2,weighted,single_objective_refs,lr,1,4
uci_credit,2,support,empirical_reference,lr+gnb+knn+rf+xgb,21,93
uci_credit,2,support,empirical_reference,lr+knn+rf+xgb,15,93
uci_credit,2,support,empirical_reference,lr+rf,11,93
uci_credit,2,support,empirical_reference,lr+xgb,8,93
uci_credit,2,support,empirical_reference,lr+rf+xgb,8,93
uci_credit,2,support,empirical_reference,rf+xgb,7,93
uci_credit,2,support,empirical_reference,lr+gnb+xgb,6,93
uci_credit,2,support,empirical_reference,lr+gnb+rf+xgb,6,93
uci_credit,2,support,empirical_reference,knn+rf+xgb,4,93
uci_credit,2,support,empirical_reference,rf,3,93
uci_credit,2,support,empirical_reference,xgb,2,93
uci_credit,2,support,empirical_reference,lr,1,93
uci_credit,2,support,empirical_reference,gnb+rf+xgb,1,93
uci_credit,2,support,nbi_A,lr+knn+rf+xgb,5,10
uci_credit,2,support,nbi_A,lr,1,10
uci_credit,2,support,nbi_A,rf+xgb,1,10
uci_credit,2,support,nbi_A,knn+rf+xgb,1,10
uci_credit,2,support,nbi_A,lr+gnb+xgb,1,10
uci_credit,2,support,nbi_A,lr+rf+xgb,1,10
uci_credit,2,support,nbi_B,lr+knn+rf+xgb,9,14
uci_credit,2,support,nbi_B,lr+gnb+knn+rf+xgb,2,14
uci_credit,2,support,nbi_B,lr,1,14
uci_credit,2,support,nbi_B,lr+gnb+xgb,1,14
uci_credit,2,support,nbi_B,lr+rf+xgb,1,14
uci_credit,2,support,nbi_C,lr+gnb+knn+rf+xgb,11,15
uci_credit,2,support,nbi_C,lr+gnb+rf+xgb,2,15
uci_credit,2,support,nbi_C,lr,1,15
uci_credit,2,support,nbi_C,lr+gnb+xgb,1,15
uci_credit,2,support,ws_random_scalarization,lr+gnb+xgb,8,18
uci_credit,2,support,ws_random_scalarization,rf+xgb,4,18
uci_credit,2,support,ws_random_scalarization,lr+knn+rf+xgb,4,18
uci_credit,2,support,ws_random_scalarization,lr+rf+xgb,2,18
uci_credit,2,support,random_dirichlet_budget,lr+gnb+knn+rf+xgb,2,3
uci_credit,2,support,random_dirichlet_budget,gnb+knn+rf+xgb,1,3
uci_credit,2,support,design_runs,xgb,1,4
uci_credit,2,support,design_runs,rf,1,4
uci_credit,2,support,design_runs,lr+xgb,1,4
uci_credit,2,support,design_runs,lr,1,4
uci_credit,2,support,single_objective_refs,lr+gnb+knn+rf+xgb,2,6
uci_credit,2,support,single_objective_refs,rf,1,6
uci_credit,2,support,single_objective_refs,rf+xgb,1,6
uci_credit,2,support,single_objective_refs,lr+knn+rf+xgb,1,6
uci_credit,2,support,single_objective_refs,lr,1,6
uci_credit,3,weighted,empirical_reference,lr+rf+xgb,161,584
uci_credit,3,weighted,empirical_reference,lr+gnb+rf+xgb,147,584
uci_credit,3,weighted,empirical_reference,lr+gnb+xgb,107,584
uci_credit,3,weighted,empirical_reference,lr+knn+rf+xgb,82,584
uci_credit,3,weighted,empirical_reference,lr+xgb,52,584
uci_credit,3,weighted,empirical_reference,lr+gnb+knn+rf+xgb,19,584
uci_credit,3,weighted,empirical_reference,lr+gnb,8,584
uci_credit,3,weighted,empirical_reference,lr,6,584
uci_credit,3,weighted,empirical_reference,knn+rf+xgb,1,584
uci_credit,3,weighted,empirical_reference,lr+gnb+knn+xgb,1,584
uci_credit,3,weighted,nbi_A,lr+gnb+rf+xgb,2,7
uci_credit,3,weighted,nbi_A,lr+knn+rf+xgb,2,7
uci_credit,3,weighted,nbi_A,lr,1,7
uci_credit,3,weighted,nbi_A,lr+gnb+knn+xgb,1,7
uci_credit,3,weighted,nbi_A,gnb+rf+xgb,1,7
uci_credit,3,weighted,nbi_B,lr+knn+rf+xgb,11,21
uci_credit,3,weighted,nbi_B,lr+gnb+rf+xgb,7,21
uci_credit,3,weighted,nbi_B,lr,1,21
uci_credit,3,weighted,nbi_B,lr+gnb+xgb,1,21
uci_credit,3,weighted,nbi_B,gnb+rf+xgb,1,21
uci_credit,3,weighted,nbi_C,lr+gnb+xgb,14,45
uci_credit,3,weighted,nbi_C,lr+knn+rf+xgb,11,45
uci_credit,3,weighted,nbi_C,lr+rf+xgb,10,45
uci_credit,3,weighted,nbi_C,lr+gnb+rf+xgb,9,45
uci_credit,3,weighted,nbi_C,lr,1,45
uci_credit,3,weighted,ws_random_scalarization,lr+gnb+xgb,13,35
uci_credit,3,weighted,ws_random_scalarization,lr+rf+xgb,12,35
uci_credit,3,weighted,ws_random_scalarization,lr+gnb+rf+xgb,6,35
uci_credit,3,weighted,ws_random_scalarization,lr+xgb,3,35
uci_credit,3,weighted,ws_random_scalarization,lr+gnb,1,35
uci_credit,3,weighted,random_dirichlet_budget,lr+gnb+knn+rf+xgb,10,12
uci_credit,3,weighted,random_dirichlet_budget,lr+gnb+rf+xgb,1,12
uci_credit,3,weighted,random_dirichlet_budget,lr+gnb+knn+xgb,1,12
uci_credit,3,weighted,design_runs,lr+xgb,3,8
uci_credit,3,weighted,design_runs,rf+xgb,2,8
uci_credit,3,weighted,design_runs,rf,1,8
uci_credit,3,weighted,design_runs,lr+rf+xgb,1,8
uci_credit,3,weighted,design_runs,lr,1,8
uci_credit,3,weighted,single_objective_refs,lr+knn+rf+xgb,3,4
uci_credit,3,weighted,single_objective_refs,lr,1,4
uci_credit,3,support,empirical_reference,lr+knn+rf+xgb,28,103
uci_credit,3,support,empirical_reference,lr+rf,22,103
uci_credit,3,support,empirical_reference,lr+rf+xgb,14,103
uci_credit,3,support,empirical_reference,lr+xgb,11,103
uci_credit,3,support,empirical_reference,lr+gnb+xgb,9,103
uci_credit,3,support,empirical_reference,rf+xgb,6,103
uci_credit,3,support,empirical_reference,knn+rf+xgb,4,103
uci_credit,3,support,empirical_reference,rf,3,103
uci_credit,3,support,empirical_reference,lr+gnb+rf+xgb,3,103
uci_credit,3,support,empirical_reference,xgb,2,103
uci_credit,3,support,empirical_reference,lr,1,103
uci_credit,3,support,nbi_A,gnb+rf+xgb,2,7
uci_credit,3,support,nbi_A,lr+knn+rf+xgb,2,7
uci_credit,3,support,nbi_A,lr,1,7
uci_credit,3,support,nbi_A,gnb+rf,1,7
uci_credit,3,support,nbi_A,lr+gnb+rf+xgb,1,7
uci_credit,3,support,nbi_B,lr+knn+rf+xgb,9,13
uci_credit,3,support,nbi_B,lr,1,13
uci_credit,3,support,nbi_B,lr+gnb+xgb,1,13
uci_credit,3,support,nbi_B,gnb+rf+xgb,1,13
uci_credit,3,support,nbi_B,lr+gnb+rf+xgb,1,13
uci_credit,3,support,nbi_C,lr+knn+rf+xgb,11,19
uci_credit,3,support,nbi_C,lr+rf+xgb,6,19
uci_credit,3,support,nbi_C,lr,1,19
uci_credit,3,support,nbi_C,lr+gnb+xgb,1,19
uci_credit,3,support,ws_random_scalarization,lr+gnb+xgb,4,13
uci_credit,3,support,ws_random_scalarization,gnb+rf,3,13
uci_credit,3,support,ws_random_scalarization,lr+rf+xgb,2,13
uci_credit,3,support,ws_random_scalarization,lr+xgb,2,13
uci_credit,3,support,ws_random_scalarization,rf+xgb,1,13
uci_credit,3,support,ws_random_scalarization,lr+gnb,1,13
uci_credit,3,support,random_dirichlet_budget,lr+gnb+knn+rf+xgb,1,3
uci_credit,3,support,random_dirichlet_budget,lr+gnb+rf+xgb,1,3
uci_credit,3,support,random_dirichlet_budget,lr+gnb+knn+xgb,1,3
uci_credit,3,support,design_runs,xgb,1,5
uci_credit,3,support,design_runs,rf+xgb,1,5
uci_credit,3,support,design_runs,rf,1,5
uci_credit,3,support,design_runs,lr+xgb,1,5
uci_credit,3,support,design_runs,lr,1,5
uci_credit,3,support,single_objective_refs,lr+knn+rf+xgb,3,6
uci_credit,3,support,single_objective_refs,rf,1,6
uci_credit,3,support,single_objective_refs,gnb+rf,1,6
uci_credit,3,support,single_objective_refs,lr,1,6
uci_credit,4,weighted,empirical_reference,lr+gnb+rf+xgb,145,545
uci_credit,4,weighted,empirical_reference,lr+rf+xgb,120,545
uci_credit,4,weighted,empirical_reference,lr+gnb+xgb,95,545
uci_credit,4,weighted,empirical_reference,lr+xgb,57,545
uci_credit,4,weighted,empirical_reference,lr+gnb+knn+rf+xgb,57,545
uci_credit,4,weighted,empirical_reference,lr+knn+rf+xgb,43,545
uci_credit,4,weighted,empirical_reference,lr+gnb,12,545
uci_credit,4,weighted,empirical_reference,lr,5,545
uci_credit,4,weighted,empirical_reference,knn+rf+xgb,5,545
uci_credit,4,weighted,empirical_reference,gnb+knn+rf+xgb,4,545
uci_credit,4,weighted,empirical_reference,lr+gnb+knn+xgb,2,545
uci_credit,4,weighted,nbi_A,lr+knn+rf+xgb,10,25
uci_credit,4,weighted,nbi_A,lr+gnb+xgb,6,25
uci_credit,4,weighted,nbi_A,knn+rf+xgb,5,25
uci_credit,4,weighted,nbi_A,lr+rf+xgb,2,25
uci_credit,4,weighted,nbi_A,lr,1,25
uci_credit,4,weighted,nbi_A,rf+xgb,1,25
uci_credit,4,weighted,nbi_B,lr+knn+rf+xgb,14,29
uci_credit,4,weighted,nbi_B,lr+gnb+xgb,8,29
uci_credit,4,weighted,nbi_B,lr+rf+xgb,3,29
uci_credit,4,weighted,nbi_B,lr,1,29
uci_credit,4,weighted,nbi_B,knn+rf+xgb,1,29
uci_credit,4,weighted,nbi_B,lr+knn+xgb,1,29
uci_credit,4,weighted,nbi_B,lr+gnb+knn+rf+xgb,1,29
uci_credit,4,weighted,nbi_C,lr+gnb+rf+xgb,29,63
uci_credit,4,weighted,nbi_C,lr+gnb+xgb,14,63
uci_credit,4,weighted,nbi_C,lr+gnb+knn+rf+xgb,12,63
uci_credit,4,weighted,nbi_C,lr+rf+xgb,6,63
uci_credit,4,weighted,nbi_C,lr,1,63
uci_credit,4,weighted,nbi_C,knn+rf+xgb,1,63
uci_credit,4,weighted,ws_random_scalarization,lr+rf+xgb,38,62
uci_credit,4,weighted,ws_random_scalarization,lr+xgb,20,62
uci_credit,4,weighted,ws_random_scalarization,rf+xgb,4,62
uci_credit,4,weighted,random_dirichlet_budget,lr+gnb+knn+rf+xgb,10,10
uci_credit,4,weighted,design_runs,lr+xgb,3,8
uci_credit,4,weighted,design_runs,rf+xgb,2,8
uci_credit,4,weighted,design_runs,rf,1,8
uci_credit,4,weighted,design_runs,lr+rf+xgb,1,8
uci_credit,4,weighted,design_runs,lr,1,8
uci_credit,4,weighted,single_objective_refs,knn+rf+xgb,1,5
uci_credit,4,weighted,single_objective_refs,lr+gnb+knn+rf+xgb,1,5
uci_credit,4,weighted,single_objective_refs,rf+xgb,1,5
uci_credit,4,weighted,single_objective_refs,lr+knn+rf+xgb,1,5
uci_credit,4,weighted,single_objective_refs,lr,1,5
uci_credit,4,support,empirical_reference,lr+xgb,19,110
uci_credit,4,support,empirical_reference,lr+knn+rf+xgb,17,110
uci_credit,4,support,empirical_reference,lr+gnb+knn+rf+xgb,16,110
uci_credit,4,support,empirical_reference,lr+rf,13,110
uci_credit,4,support,empirical_reference,lr+rf+xgb,11,110
uci_credit,4,support,empirical_reference,knn+rf+xgb,9,110
uci_credit,4,support,empirical_reference,lr+gnb+xgb,9,110
uci_credit,4,support,empirical_reference,lr+gnb+rf+xgb,5,110
uci_credit,4,support,empirical_reference,rf+xgb,4,110
uci_credit,4,support,empirical_reference,gnb+knn+rf+xgb,3,110
uci_credit,4,support,empirical_reference,rf,2,110
uci_credit,4,support,empirical_reference,lr,1,110
uci_credit,4,support,empirical_reference,xgb,1,110
uci_credit,4,support,nbi_A,lr+knn+rf+xgb,5,10
uci_credit,4,support,nbi_A,lr,1,10
uci_credit,4,support,nbi_A,rf+xgb,1,10
uci_credit,4,support,nbi_A,lr+gnb+xgb,1,10
uci_credit,4,support,nbi_A,lr+rf+xgb,1,10
uci_credit,4,support,nbi_A,knn+rf+xgb,1,10
uci_credit,4,support,nbi_B,lr+knn+rf+xgb,9,15
uci_credit,4,support,nbi_B,lr+rf+xgb,2,15
uci_credit,4,support,nbi_B,lr,1,15
uci_credit,4,support,nbi_B,knn+rf+xgb,1,15
uci_credit,4,support,nbi_B,lr+gnb+xgb,1,15
uci_credit,4,support,nbi_B,lr+gnb+knn+rf+xgb,1,15
uci_credit,4,support,nbi_C,lr+gnb+knn+rf+xgb,10,18
uci_credit,4,support,nbi_C,lr+gnb+rf+xgb,4,18
uci_credit,4,support,nbi_C,lr,1,18
uci_credit,4,support,nbi_C,knn+rf+xgb,1,18
uci_credit,4,support,nbi_C,lr+rf+xgb,1,18
uci_credit,4,support,nbi_C,lr+gnb+xgb,1,18
uci_credit,4,support,ws_random_scalarization,lr+xgb,12,15
uci_credit,4,support,ws_random_scalarization,rf+xgb,2,15
uci_credit,4,support,ws_random_scalarization,lr+rf+xgb,1,15
uci_credit,4,support,random_dirichlet_budget,lr+gnb+knn+xgb,1,2
uci_credit,4,support,random_dirichlet_budget,lr+gnb+knn+rf+xgb,1,2
uci_credit,4,support,design_runs,xgb,1,4
uci_credit,4,support,design_runs,rf,1,4
uci_credit,4,support,design_runs,lr+xgb,1,4
uci_credit,4,support,design_runs,lr,1,4
uci_credit,4,support,single_objective_refs,rf,1,6
uci_credit,4,support,single_objective_refs,knn+rf+xgb,1,6
uci_credit,4,support,single_objective_refs,lr+gnb+knn+rf+xgb,1,6
uci_credit,4,support,single_objective_refs,rf+xgb,1,6
uci_credit,4,support,single_objective_refs,lr+knn+rf+xgb,1,6
uci_credit,4,support,single_objective_refs,lr,1,6
uci_credit,5,weighted,empirical_reference,lr+gnb+rf+xgb,143,478
uci_credit,5,weighted,empirical_reference,lr+gnb+xgb,117,478
uci_credit,5,weighted,empirical_reference,lr+rf+xgb,93,478
uci_credit,5,weighted,empirical_reference,lr+gnb+knn+rf+xgb,51,478
uci_credit,5,weighted,empirical_reference,lr+xgb,34,478
uci_credit,5,weighted,empirical_reference,lr+knn+rf+xgb,25,478
uci_credit,5,weighted,empirical_reference,lr,10,478
uci_credit,5,weighted,empirical_reference,lr+gnb,5,478
uci_credit,5,weighted,nbi_A,lr,1,5
uci_credit,5,weighted,nbi_A,gnb+rf+xgb,1,5
uci_credit,5,weighted,nbi_A,lr+gnb+rf+xgb,1,5
uci_credit,5,weighted,nbi_A,lr+rf+xgb,1,5
uci_credit,5,weighted,nbi_A,lr+knn+rf+xgb,1,5
uci_credit,5,weighted,nbi_B,lr+knn+rf+xgb,9,12
uci_credit,5,weighted,nbi_B,lr+gnb+knn+rf+xgb,2,12
uci_credit,5,weighted,nbi_B,lr,1,12
uci_credit,5,weighted,nbi_C,lr+gnb+xgb,14,44
uci_credit,5,weighted,nbi_C,lr+gnb+rf+xgb,13,44
uci_credit,5,weighted,nbi_C,lr+gnb+knn+rf+xgb,10,44
uci_credit,5,weighted,nbi_C,lr+rf+xgb,6,44
uci_credit,5,weighted,nbi_C,lr,1,44
uci_credit,5,weighted,ws_random_scalarization,lr+gnb+xgb,21,56
uci_credit,5,weighted,ws_random_scalarization,lr+gnb+rf+xgb,16,56
uci_credit,5,weighted,ws_random_scalarization,lr+rf+xgb,13,56
uci_credit,5,weighted,ws_random_scalarization,lr+xgb,3,56
uci_credit,5,weighted,ws_random_scalarization,gnb+rf+xgb,2,56
uci_credit,5,weighted,ws_random_scalarization,lr+knn+rf+xgb,1,56
uci_credit,5,weighted,random_dirichlet_budget,lr+gnb+knn+rf+xgb,3,6
uci_credit,5,weighted,random_dirichlet_budget,gnb+knn+rf+xgb,2,6
uci_credit,5,weighted,random_dirichlet_budget,lr+gnb+rf+xgb,1,6
uci_credit,5,weighted,design_runs,lr+xgb,3,9
uci_credit,5,weighted,design_runs,rf+xgb,2,9
uci_credit,5,weighted,design_runs,rf,1,9
uci_credit,5,weighted,design_runs,lr+rf+xgb,1,9
uci_credit,5,weighted,design_runs,lr+rf,1,9
uci_credit,5,weighted,design_runs,lr,1,9
uci_credit,5,weighted,single_objective_refs,lr+gnb+knn+rf+xgb,2,4
uci_credit,5,weighted,single_objective_refs,lr+knn+rf+xgb,1,4
uci_credit,5,weighted,single_objective_refs,lr,1,4
uci_credit,5,support,empirical_reference,lr+knn+rf+xgb,16,101
uci_credit,5,support,empirical_reference,lr+gnb+knn+rf+xgb,15,101
uci_credit,5,support,empirical_reference,lr+gnb+xgb,12,101
uci_credit,5,support,empirical_reference,lr+xgb,10,101
uci_credit,5,support,empirical_reference,lr+rf+xgb,9,101
uci_credit,5,support,empirical_reference,lr+rf,8,101
uci_credit,5,support,empirical_reference,lr+gnb+rf,8,101
uci_credit,5,support,empirical_reference,lr+gnb+rf+xgb,7,101
uci_credit,5,support,empirical_reference,rf+xgb,4,101
uci_credit,5,support,empirical_reference,xgb,3,101
uci_credit,5,support,empirical_reference,gnb+rf,3,101
uci_credit,5,support,empirical_reference,gnb+rf+xgb,3,101
uci_credit,5,support,empirical_reference,rf,1,101
uci_credit,5,support,empirical_reference,knn+rf+xgb,1,101
uci_credit,5,support,empirical_reference,lr,1,101
uci_credit,5,support,nbi_A,lr,1,5
uci_credit,5,support,nbi_A,rf,1,5
uci_credit,5,support,nbi_A,lr+gnb+rf+xgb,1,5
uci_credit,5,support,nbi_A,lr+rf+xgb,1,5
uci_credit,5,support,nbi_A,lr+knn+rf+xgb,1,5
uci_credit,5,support,nbi_B,lr+knn+rf+xgb,8,11
uci_credit,5,support,nbi_B,lr+gnb+knn+rf+xgb,2,11
uci_credit,5,support,nbi_B,lr,1,11
uci_credit,5,support,nbi_C,lr+gnb+knn+rf+xgb,10,20
uci_credit,5,support,nbi_C,lr+rf+xgb,4,20
uci_credit,5,support,nbi_C,lr+gnb+rf+xgb,4,20
uci_credit,5,support,nbi_C,lr,1,20
uci_credit,5,support,nbi_C,lr+gnb+xgb,1,20
uci_credit,5,support,ws_random_scalarization,lr+gnb+xgb,7,22
uci_credit,5,support,ws_random_scalarization,rf,4,22
uci_credit,5,support,ws_random_scalarization,lr+xgb,3,22
uci_credit,5,support,ws_random_scalarization,gnb+rf+xgb,2,22
uci_credit,5,support,ws_random_scalarization,gnb+rf,2,22
uci_credit,5,support,ws_random_scalarization,lr+rf+xgb,2,22
uci_credit,5,support,ws_random_scalarization,rf+xgb,1,22
uci_credit,5,support,ws_random_scalarization,lr+knn+rf+xgb,1,22
uci_credit,5,support,random_dirichlet_budget,gnb+knn+rf+xgb,1,3
uci_credit,5,support,random_dirichlet_budget,lr+gnb+knn+rf+xgb,1,3
uci_credit,5,support,random_dirichlet_budget,lr+gnb+rf+xgb,1,3
uci_credit,5,support,design_runs,xgb,1,4
uci_credit,5,support,design_runs,rf,1,4
uci_credit,5,support,design_runs,lr+xgb,1,4
uci_credit,5,support,design_runs,lr,1,4
uci_credit,5,support,single_objective_refs,rf,2,6
uci_credit,5,support,single_objective_refs,lr+gnb+knn+rf+xgb,2,6
uci_credit,5,support,single_objective_refs,lr+knn+rf+xgb,1,6
uci_credit,5,support,single_objective_refs,lr,1,6
uci_credit,6,weighted,empirical_reference,lr+gnb+rf+xgb,117,539
uci_credit,6,weighted,empirical_reference,lr+rf+xgb,106,539
uci_credit,6,weighted,empirical_reference,lr+knn+rf+xgb,95,539
uci_credit,6,weighted,empirical_reference,lr+gnb+xgb,84,539
uci_credit,6,weighted,empirical_reference,lr+gnb+knn+rf+xgb,75,539
uci_credit,6,weighted,empirical_reference,lr+xgb,37,539
uci_credit,6,weighted,empirical_reference,knn+rf+xgb,12,539
uci_credit,6,weighted,empirical_reference,lr,5,539
uci_credit,6,weighted,empirical_reference,lr+gnb,5,539
uci_credit,6,weighted,empirical_reference,gnb+knn+rf+xgb,2,539
uci_credit,6,weighted,empirical_reference,lr+knn+xgb,1,539
uci_credit,6,weighted,nbi_A,lr+knn+rf+xgb,8,13
uci_credit,6,weighted,nbi_A,lr+gnb+rf+xgb,3,13
uci_credit,6,weighted,nbi_A,lr,1,13
uci_credit,6,weighted,nbi_A,lr+rf+xgb,1,13
uci_credit,6,weighted,nbi_B,lr+knn+rf+xgb,17,27
uci_credit,6,weighted,nbi_B,lr+gnb+rf+xgb,6,27
uci_credit,6,weighted,nbi_B,lr,1,27
uci_credit,6,weighted,nbi_B,knn+rf+xgb,1,27
uci_credit,6,weighted,nbi_B,lr+gnb+xgb,1,27
uci_credit,6,weighted,nbi_B,lr+rf+xgb,1,27
uci_credit,6,weighted,nbi_C,lr+gnb+rf+xgb,22,66
uci_credit,6,weighted,nbi_C,lr+gnb+xgb,14,66
uci_credit,6,weighted,nbi_C,lr+rf+xgb,12,66
uci_credit,6,weighted,nbi_C,lr+gnb+knn+rf+xgb,10,66
uci_credit,6,weighted,nbi_C,lr+knn+rf+xgb,6,66
uci_credit,6,weighted,nbi_C,lr,1,66
uci_credit,6,weighted,nbi_C,knn+rf+xgb,1,66
uci_credit,6,weighted,ws_random_scalarization,lr+gnb+xgb,15,40
uci_credit,6,weighted,ws_random_scalarization,lr+rf+xgb,14,40
uci_credit,6,weighted,ws_random_scalarization,lr+gnb+rf+xgb,9,40
uci_credit,6,weighted,ws_random_scalarization,lr+xgb,2,40
uci_credit,6,weighted,random_dirichlet_budget,lr+gnb+knn+rf+xgb,10,11
uci_credit,6,weighted,random_dirichlet_budget,lr+gnb+rf+xgb,1,11
uci_credit,6,weighted,design_runs,lr+xgb,3,9
uci_credit,6,weighted,design_runs,rf+xgb,2,9
uci_credit,6,weighted,design_runs,rf,1,9
uci_credit,6,weighted,design_runs,lr+rf+xgb,1,9
uci_credit,6,weighted,design_runs,lr+rf,1,9
uci_credit,6,weighted,design_runs,lr,1,9
uci_credit,6,weighted,single_objective_refs,lr+knn+rf+xgb,2,6
uci_credit,6,weighted,single_objective_refs,rf,1,6
uci_credit,6,weighted,single_objective_refs,knn+rf+xgb,1,6
uci_credit,6,weighted,single_objective_refs,gnb+rf,1,6
uci_credit,6,weighted,single_objective_refs,lr,1,6
uci_credit,6,support,empirical_reference,lr+knn+rf+xgb,26,141
uci_credit,6,support,empirical_reference,lr+rf,15,141
uci_credit,6,support,empirical_reference,lr+rf+xgb,13,141
uci_credit,6,support,empirical_reference,lr+xgb,11,141
uci_credit,6,support,empirical_reference,lr+gnb+rf+xgb,10,141
uci_credit,6,support,empirical_reference,lr+gnb+rf,10,141
uci_credit,6,support,empirical_reference,lr+knn+rf,9,141
uci_credit,6,support,empirical_reference,lr+gnb+xgb,9,141
uci_credit,6,support,empirical_reference,knn+rf+xgb,8,141
uci_credit,6,support,empirical_reference,rf+xgb,8,141
uci_credit,6,support,empirical_reference,lr+gnb+knn+rf+xgb,6,141
uci_credit,6,support,empirical_reference,rf,5,141
uci_credit,6,support,empirical_reference,lr+gnb+knn+rf,5,141
uci_credit,6,support,empirical_reference,xgb,2,141
uci_credit,6,support,empirical_reference,lr,2,141
uci_credit,6,support,empirical_reference,gnb+knn+rf+xgb,1,141
uci_credit,6,support,empirical_reference,gnb+rf+xgb,1,141
uci_credit,6,support,nbi_A,lr+knn+rf+xgb,3,6
uci_credit,6,support,nbi_A,lr,1,6
uci_credit,6,support,nbi_A,gnb+rf,1,6
uci_credit,6,support,nbi_A,lr+rf+xgb,1,6
uci_credit,6,support,nbi_B,lr+knn+rf+xgb,10,15
uci_credit,6,support,nbi_B,lr,1,15
uci_credit,6,support,nbi_B,knn+rf+xgb,1,15
uci_credit,6,support,nbi_B,lr+gnb+xgb,1,15
uci_credit,6,support,nbi_B,lr+gnb+rf+xgb,1,15
uci_credit,6,support,nbi_B,lr+rf+xgb,1,15
uci_credit,6,support,nbi_C,lr+knn+rf+xgb,6,16
uci_credit,6,support,nbi_C,lr+gnb+knn+rf+xgb,4,16
uci_credit,6,support,nbi_C,lr+rf+xgb,3,16
uci_credit,6,support,nbi_C,lr,1,16
uci_credit,6,support,nbi_C,knn+rf+xgb,1,16
uci_credit,6,support,nbi_C,lr+gnb+xgb,1,16
uci_credit,6,support,ws_random_scalarization,gnb+rf,13,24
uci_credit,6,support,ws_random_scalarization,lr+gnb+xgb,5,24
uci_credit,6,support,ws_random_scalarization,lr+rf+xgb,4,24
uci_credit,6,support,ws_random_scalarization,lr+xgb,2,24
uci_credit,6,support,random_dirichlet_budget,lr+gnb+knn+rf+xgb,1,2
uci_credit,6,support,random_dirichlet_budget,lr+gnb+rf+xgb,1,2
uci_credit,6,support,design_runs,xgb,1,4
uci_credit,6,support,design_runs,rf,1,4
uci_credit,6,support,design_runs,lr+xgb,1,4
uci_credit,6,support,design_runs,lr,1,4
uci_credit,6,support,single_objective_refs,lr+knn+rf+xgb,2,6
uci_credit,6,support,single_objective_refs,rf,1,6
uci_credit,6,support,single_objective_refs,knn+rf+xgb,1,6
uci_credit,6,support,single_objective_refs,gnb+rf,1,6
uci_credit,6,support,single_objective_refs,lr,1,6
uci_credit,7,weighted,empirical_reference,lr+gnb+rf+xgb,280,913
uci_credit,7,weighted,empirical_reference,lr+gnb+xgb,191,913
uci_credit,7,weighted,empirical_reference,lr+rf+xgb,179,913
uci_credit,7,weighted,empirical_reference,lr+gnb+knn+rf+xgb,114,913
uci_credit,7,weighted,empirical_reference,lr+xgb,67,913
uci_credit,7,weighted,empirical_reference,lr+knn+rf+xgb,36,913
uci_credit,7,weighted,empirical_reference,gnb+knn+rf+xgb,23,913
uci_credit,7,weighted,empirical_reference,lr,9,913
uci_credit,7,weighted,empirical_reference,lr+gnb,9,913
uci_credit,7,weighted,empirical_reference,lr+gnb+knn+xgb,3,913
uci_credit,7,weighted,empirical_reference,knn+rf+xgb,1,913
uci_credit,7,weighted,empirical_reference,gnb+rf+xgb,1,913
uci_credit,7,weighted,nbi_A,lr+rf+xgb,18,54
uci_credit,7,weighted,nbi_A,lr+gnb+xgb,14,54
uci_credit,7,weighted,nbi_A,lr+knn+rf+xgb,11,54
uci_credit,7,weighted,nbi_A,lr+gnb+rf+xgb,10,54
uci_credit,7,weighted,nbi_A,lr,1,54
uci_credit,7,weighted,nbi_B,lr+gnb+xgb,16,65
uci_credit,7,weighted,nbi_B,lr+rf+xgb,16,65
uci_credit,7,weighted,nbi_B,lr+knn+rf+xgb,15,65
uci_credit,7,weighted,nbi_B,lr+gnb+rf+xgb,14,65
uci_credit,7,weighted,nbi_B,lr,1,65
uci_credit,7,weighted,nbi_B,gnb+knn+rf+xgb,1,65
uci_credit,7,weighted,nbi_B,lr+xgb,1,65
uci_credit,7,weighted,nbi_B,lr+gnb+knn+rf+xgb,1,65
uci_credit,7,weighted,nbi_C,lr+gnb+rf+xgb,26,63
uci_credit,7,weighted,nbi_C,lr+gnb+xgb,16,63
uci_credit,7,weighted,nbi_C,lr+gnb+knn+rf+xgb,14,63
uci_credit,7,weighted,nbi_C,lr+rf+xgb,5,63
uci_credit,7,weighted,nbi_C,lr,1,63
uci_credit,7,weighted,nbi_C,gnb+knn+rf+xgb,1,63
uci_credit,7,weighted,ws_random_scalarization,lr+rf+xgb,40,63
uci_credit,7,weighted,ws_random_scalarization,lr+xgb,13,63
uci_credit,7,weighted,ws_random_scalarization,lr+gnb+xgb,7,63
uci_credit,7,weighted,ws_random_scalarization,lr+knn+rf+xgb,3,63
uci_credit,7,weighted,random_dirichlet_budget,lr+gnb+knn+rf+xgb,9,9
uci_credit,7,weighted,design_runs,rf+xgb,3,9
uci_credit,7,weighted,design_runs,lr+xgb,3,9
uci_credit,7,weighted,design_runs,rf,1,9
uci_credit,7,weighted,design_runs,lr+rf+xgb,1,9
uci_credit,7,weighted,design_runs,lr,1,9
uci_credit,7,weighted,single_objective_refs,rf,1,4
uci_credit,7,weighted,single_objective_refs,gnb+knn+rf+xgb,1,4
uci_credit,7,weighted,single_objective_refs,lr+gnb+knn+rf+xgb,1,4
uci_credit,7,weighted,single_objective_refs,lr,1,4
uci_credit,7,support,empirical_reference,lr+rf,23,154
uci_credit,7,support,empirical_reference,lr+xgb,21,154
uci_credit,7,support,empirical_reference,lr+gnb+xgb,20,154
uci_credit,7,support,empirical_reference,lr+knn+rf+xgb,16,154
uci_credit,7,support,empirical_reference,lr+gnb+rf+xgb,11,154
uci_credit,7,support,empirical_reference,gnb+knn+rf+xgb,10,154
uci_credit,7,support,empirical_reference,lr+rf+xgb,10,154
uci_credit,7,support,empirical_reference,gnb+rf,10,154
uci_credit,7,support,empirical_reference,gnb+rf+xgb,9,154
uci_credit,7,support,empirical_reference,lr+gnb+knn+rf+xgb,8,154
uci_credit,7,support,empirical_reference,knn+rf+xgb,5,154
uci_credit,7,support,empirical_reference,rf+xgb,5,154
uci_credit,7,support,empirical_reference,rf,4,154
uci_credit,7,support,empirical_reference,lr,1,154
uci_credit,7,support,empirical_reference,xgb,1,154
uci_credit,7,support,nbi_A,lr+knn+rf+xgb,9,24
uci_credit,7,support,nbi_A,lr+gnb+rf+xgb,7,24
uci_credit,7,support,nbi_A,lr+gnb+xgb,5,24
uci_credit,7,support,nbi_A,lr,1,24
uci_credit,7,support,nbi_A,lr+rf+xgb,1,24
uci_credit,7,support,nbi_A,knn+rf+xgb,1,24
uci_credit,7,support,nbi_B,lr+knn+rf+xgb,12,18
uci_credit,7,support,nbi_B,lr,1,18
uci_credit,7,support,nbi_B,gnb+knn+rf+xgb,1,18
uci_credit,7,support,nbi_B,lr+gnb+xgb,1,18
uci_credit,7,support,nbi_B,lr+xgb,1,18
uci_credit,7,support,nbi_B,lr+rf+xgb,1,18
uci_credit,7,support,nbi_B,lr+gnb+knn+rf+xgb,1,18
uci_credit,7,support,nbi_C,lr+gnb+knn+rf+xgb,7,12
uci_credit,7,support,nbi_C,lr,1,12
uci_credit,7,support,nbi_C,gnb+knn+rf+xgb,1,12
uci_credit,7,support,nbi_C,lr+gnb+xgb,1,12
uci_credit,7,support,nbi_C,lr+gnb+rf+xgb,1,12
uci_credit,7,support,nbi_C,lr+rf+xgb,1,12
uci_credit,7,support,ws_random_scalarization,lr+gnb+xgb,4,10
uci_credit,7,support,ws_random_scalarization,lr+xgb,3,10
uci_credit,7,support,ws_random_scalarization,lr+knn+rf+xgb,2,10
uci_credit,7,support,ws_random_scalarization,lr+rf+xgb,1,10
uci_credit,7,support,random_dirichlet_budget,lr+gnb+knn+rf+xgb,1,1
uci_credit,7,support,design_runs,xgb,1,5
uci_credit,7,support,design_runs,rf+xgb,1,5
uci_credit,7,support,design_runs,rf,1,5
uci_credit,7,support,design_runs,lr+xgb,1,5
uci_credit,7,support,design_runs,lr,1,5
uci_credit,7,support,single_objective_refs,rf,1,6
uci_credit,7,support,single_objective_refs,gnb+knn+rf+xgb,1,6
uci_credit,7,support,single_objective_refs,lr+gnb+knn+rf+xgb,1,6
uci_credit,7,support,single_objective_refs,knn+rf+xgb,1,6
uci_credit,7,support,single_objective_refs,lr+knn+rf+xgb,1,6
uci_credit,7,support,single_objective_refs,lr,1,6
uci_credit,8,weighted,empirical_reference,lr+rf+xgb,182,790
uci_credit,8,weighted,empirical_reference,lr+gnb+rf+xgb,173,790
uci_credit,8,weighted,empirical_reference,lr+gnb+xgb,156,790
uci_credit,8,weighted,empirical_reference,lr+knn+rf+xgb,122,790
uci_credit,8,weighted,empirical_reference,lr+gnb+knn+rf+xgb,70,790
uci_credit,8,weighted,empirical_reference,lr+xgb,61,790
uci_credit,8,weighted,empirical_reference,knn+rf+xgb,9,790
uci_credit,8,weighted,empirical_reference,lr+gnb,8,790
uci_credit,8,weighted,empirical_reference,lr,5,790
uci_credit,8,weighted,empirical_reference,gnb+knn+rf+xgb,4,790
uci_credit,8,weighted,nbi_A,lr+rf+xgb,21,50
uci_credit,8,weighted,nbi_A,lr+gnb+xgb,14,50
uci_credit,8,weighted,nbi_A,lr+knn+rf+xgb,13,50
uci_credit,8,weighted,nbi_A,lr,1,50
uci_credit,8,weighted,nbi_A,lr+gnb+rf+xgb,1,50
uci_credit,8,weighted,nbi_B,lr+knn+rf+xgb,20,66
uci_credit,8,weighted,nbi_B,lr+rf+xgb,18,66
uci_credit,8,weighted,nbi_B,lr+gnb+xgb,16,66
uci_credit,8,weighted,nbi_B,lr+gnb+rf+xgb,9,66
uci_credit,8,weighted,nbi_B,lr,1,66
uci_credit,8,weighted,nbi_B,knn+rf+xgb,1,66
uci_credit,8,weighted,nbi_B,lr+xgb,1,66
uci_credit,8,weighted,nbi_C,lr+knn+rf+xgb,18,54
uci_credit,8,weighted,nbi_C,lr+gnb+xgb,14,54
uci_credit,8,weighted,nbi_C,lr+gnb+rf+xgb,12,54
uci_credit,8,weighted,nbi_C,lr+rf+xgb,6,54
uci_credit,8,weighted,nbi_C,lr+gnb+knn+rf+xgb,2,54
uci_credit,8,weighted,nbi_C,lr,1,54
uci_credit,8,weighted,nbi_C,knn+rf+xgb,1,54
uci_credit,8,weighted,ws_random_scalarization,lr+rf+xgb,42,63
uci_credit,8,weighted,ws_random_scalarization,lr+xgb,18,63
uci_credit,8,weighted,ws_random_scalarization,lr+knn+rf+xgb,3,63
uci_credit,8,weighted,random_dirichlet_budget,lr+gnb+knn+rf+xgb,11,11
uci_credit,8,weighted,design_runs,lr+xgb,3,8
uci_credit,8,weighted,design_runs,rf+xgb,2,8
uci_credit,8,weighted,design_runs,rf,1,8
uci_credit,8,weighted,design_runs,lr+rf+xgb,1,8
uci_credit,8,weighted,design_runs,lr,1,8
uci_credit,8,weighted,single_objective_refs,rf,1,4
uci_credit,8,weighted,single_objective_refs,knn+rf+xgb,1,4
uci_credit,8,weighted,single_objective_refs,lr+knn+rf+xgb,1,4
uci_credit,8,weighted,single_objective_refs,lr,1,4
uci_credit,8,support,empirical_reference,lr+xgb,26,121
uci_credit,8,support,empirical_reference,lr+rf,23,121
uci_credit,8,support,empirical_reference,lr+knn+rf+xgb,16,121
uci_credit,8,support,empirical_reference,lr+gnb+xgb,11,121
uci_credit,8,support,empirical_reference,knn+rf+xgb,10,121
uci_credit,8,support,empirical_reference,lr+rf+xgb,10,121
uci_credit,8,support,empirical_reference,lr+gnb+rf+xgb,8,121
uci_credit,8,support,empirical_reference,lr,5,121
uci_credit,8,support,empirical_reference,rf,3,121
uci_credit,8,support,empirical_reference,rf+xgb,2,121
uci_credit,8,support,empirical_reference,lr+gnb+knn+rf+xgb,2,121
uci_credit,8,support,empirical_reference,gnb+knn+rf+xgb,2,121
uci_credit,8,support,empirical_reference,xgb,1,121
uci_credit,8,support,empirical_reference,lr+knn+rf,1,121
uci_credit,8,support,empirical_reference,gnb+rf+xgb,1,121
uci_credit,8,support,nbi_A,lr+knn+rf+xgb,11,16
uci_credit,8,support,nbi_A,lr,1,16
uci_credit,8,support,nbi_A,lr+gnb+xgb,1,16
uci_credit,8,support,nbi_A,lr+rf+xgb,1,16
uci_credit,8,support,nbi_A,knn+rf+xgb,1,16
uci_credit,8,support,nbi_A,lr+gnb+rf+xgb,1,16
uci_credit,8,support,nbi_B,lr+gnb+rf+xgb,9,21
uci_credit,8,support,nbi_B,lr+knn+rf+xgb,7,21
uci_credit,8,support,nbi_B,lr,1,21
uci_credit,8,support,nbi_B,knn+rf+xgb,1,21
uci_credit,8,support,nbi_B,lr+gnb+xgb,1,21
uci_credit,8,support,nbi_B,lr+xgb,1,21
uci_credit,8,support,nbi_B,lr+rf+xgb,1,21
uci_credit,8,support,nbi_C,lr+knn+rf+xgb,10,19
uci_credit,8,support,nbi_C,lr+rf+xgb,4,19
uci_credit,8,support,nbi_C,lr+gnb+rf+xgb,2,19
uci_credit,8,support,nbi_C,lr,1,19
uci_credit,8,support,nbi_C,knn+rf+xgb,1,19
uci_credit,8,support,nbi_C,lr+gnb+xgb,1,19
uci_credit,8,support,ws_random_scalarization,lr+xgb,13,16
uci_credit,8,support,ws_random_scalarization,lr+knn+rf+xgb,2,16
uci_credit,8,support,ws_random_scalarization,lr+rf+xgb,1,16
uci_credit,8,support,random_dirichlet_budget,lr+gnb+knn+rf+xgb,1,1
uci_credit,8,support,design_runs,xgb,1,4
uci_credit,8,support,design_runs,rf,1,4
uci_credit,8,support,design_runs,lr+xgb,1,4
uci_credit,8,support,design_runs,lr,1,4
uci_credit,8,support,single_objective_refs,rf,1,4
uci_credit,8,support,single_objective_refs,knn+rf+xgb,1,4
uci_credit,8,support,single_objective_refs,lr+knn+rf+xgb,1,4
uci_credit,8,support,single_objective_refs,lr,1,4
uci_credit,9,weighted,empirical_reference,lr+gnb+rf+xgb,192,714
uci_credit,9,weighted,empirical_reference,lr+gnb+xgb,158,714
uci_credit,9,weighted,empirical_reference,lr+rf+xgb,128,714
uci_credit,9,weighted,empirical_reference,lr+gnb+knn+rf+xgb,108,714
uci_credit,9,weighted,empirical_reference,lr+knn+rf+xgb,55,714
uci_credit,9,weighted,empirical_reference,lr+xgb,48,714
uci_credit,9,weighted,empirical_reference,lr+gnb,12,714
uci_credit,9,weighted,empirical_reference,lr,7,714
uci_credit,9,weighted,empirical_reference,gnb+knn+rf+xgb,4,714
uci_credit,9,weighted,empirical_reference,lr+gnb+knn+xgb,2,714
uci_credit,9,weighted,nbi_A,lr+knn+rf+xgb,11,20
uci_credit,9,weighted,nbi_A,lr+gnb+xgb,5,20
uci_credit,9,weighted,nbi_A,lr,1,20
uci_credit,9,weighted,nbi_A,gnb+rf+xgb,1,20
uci_credit,9,weighted,nbi_A,lr+rf+xgb,1,20
uci_credit,9,weighted,nbi_A,lr+gnb+rf+xgb,1,20
uci_credit,9,weighted,nbi_B,lr+knn+rf+xgb,19,32
uci_credit,9,weighted,nbi_B,lr+gnb+xgb,9,32
uci_credit,9,weighted,nbi_B,lr,1,32
uci_credit,9,weighted,nbi_B,gnb+knn+rf+xgb,1,32
uci_credit,9,weighted,nbi_B,lr+gnb+rf+xgb,1,32
uci_credit,9,weighted,nbi_B,lr+gnb+knn+rf+xgb,1,32
uci_credit,9,weighted,nbi_C,lr+gnb+rf+xgb,25,65
uci_credit,9,weighted,nbi_C,lr+gnb+knn+rf+xgb,19,65
uci_credit,9,weighted,nbi_C,lr+gnb+xgb,14,65
uci_credit,9,weighted,nbi_C,lr+rf+xgb,5,65
uci_credit,9,weighted,nbi_C,lr,1,65
uci_credit,9,weighted,nbi_C,gnb+knn+rf+xgb,1,65
uci_credit,9,weighted,ws_random_scalarization,lr+rf+xgb,27,54
uci_credit,9,weighted,ws_random_scalarization,lr+gnb+rf+xgb,11,54
uci_credit,9,weighted,ws_random_scalarization,lr+gnb+xgb,10,54
uci_credit,9,weighted,ws_random_scalarization,lr+xgb,5,54
uci_credit,9,weighted,ws_random_scalarization,lr+knn+rf+xgb,1,54
uci_credit,9,weighted,random_dirichlet_budget,lr+gnb+knn+rf+xgb,9,9
uci_credit,9,weighted,design_runs,lr+xgb,3,8
uci_credit,9,weighted,design_runs,rf+xgb,2,8
uci_credit,9,weighted,design_runs,rf,1,8
uci_credit,9,weighted,design_runs,lr+rf+xgb,1,8
uci_credit,9,weighted,design_runs,lr,1,8
uci_credit,9,weighted,single_objective_refs,gnb+knn+rf+xgb,1,4
uci_credit,9,weighted,single_objective_refs,lr+gnb+knn+rf+xgb,1,4
uci_credit,9,weighted,single_objective_refs,rf+xgb,1,4
uci_credit,9,weighted,single_objective_refs,lr,1,4
uci_credit,9,support,empirical_reference,lr+knn+rf+xgb,23,118
uci_credit,9,support,empirical_reference,lr+rf,18,118
uci_credit,9,support,empirical_reference,lr+xgb,17,118
uci_credit,9,support,empirical_reference,lr+gnb+knn+rf+xgb,15,118
uci_credit,9,support,empirical_reference,lr+rf+xgb,11,118
uci_credit,9,support,empirical_reference,lr+gnb+xgb,7,118
uci_credit,9,support,empirical_reference,gnb+knn+rf+xgb,6,118
uci_credit,9,support,empirical_reference,lr+gnb+rf+xgb,6,118
uci_credit,9,support,empirical_reference,knn+rf+xgb,5,118
uci_credit,9,support,empirical_reference,rf+xgb,3,118
uci_credit,9,support,empirical_reference,lr,3,118
uci_credit,9,support,empirical_reference,xgb,3,118
uci_credit,9,support,empirical_reference,rf,1,118
uci_credit,9,support,nbi_A,lr+knn+rf+xgb,5,9
uci_credit,9,support,nbi_A,lr,1,9
uci_credit,9,support,nbi_A,rf+xgb,1,9
uci_credit,9,support,nbi_A,lr+gnb+xgb,1,9
uci_credit,9,support,nbi_A,lr+rf+xgb,1,9
uci_credit,9,support,nbi_B,lr+knn+rf+xgb,9,14
uci_credit,9,support,nbi_B,lr,1,14
uci_credit,9,support,nbi_B,gnb+knn+rf+xgb,1,14
uci_credit,9,support,nbi_B,lr+gnb+xgb,1,14
uci_credit,9,support,nbi_B,lr+gnb+rf+xgb,1,14
uci_credit,9,support,nbi_B,lr+gnb+knn+rf+xgb,1,14
uci_credit,9,support,nbi_C,lr+gnb+knn+rf+xgb,10,14
uci_credit,9,support,nbi_C,lr,1,14
uci_credit,9,support,nbi_C,gnb+knn+rf+xgb,1,14
uci_credit,9,support,nbi_C,lr+rf+xgb,1,14
uci_credit,9,support,nbi_C,lr+gnb+xgb,1,14
uci_credit,9,support,ws_random_scalarization,lr+gnb+xgb,5,16
uci_credit,9,support,ws_random_scalarization,lr+xgb,5,16
uci_credit,9,support,ws_random_scalarization,lr+rf+xgb,4,16
uci_credit,9,support,ws_random_scalarization,rf+xgb,1,16
uci_credit,9,support,ws_random_scalarization,lr+knn+rf+xgb,1,16
uci_credit,9,support,random_dirichlet_budget,lr+gnb+knn+rf+xgb,1,1
uci_credit,9,support,design_runs,xgb,1,4
uci_credit,9,support,design_runs,rf,1,4
uci_credit,9,support,design_runs,lr+xgb,1,4
uci_credit,9,support,design_runs,lr,1,4
uci_credit,9,support,single_objective_refs,rf,1,6
uci_credit,9,support,single_objective_refs,gnb+knn+rf+xgb,1,6
uci_credit,9,support,single_objective_refs,lr+gnb+knn+rf+xgb,1,6
uci_credit,9,support,single_objective_refs,rf+xgb,1,6
uci_credit,9,support,single_objective_refs,lr+knn+rf+xgb,1,6
uci_credit,9,support,single_objective_refs,lr,1,6
uci_credit,10,weighted,empirical_reference,lr+gnb+rf+xgb,120,497
uci_credit,10,weighted,empirical_reference,lr+rf+xgb,110,497
uci_credit,10,weighted,empirical_reference,lr+gnb+xgb,103,497
uci_credit,10,weighted,empirical_reference,lr+knn+rf+xgb,68,497
uci_credit,10,weighted,empirical_reference,lr+gnb+knn+rf+xgb,45,497
uci_credit,10,weighted,empirical_reference,lr+xgb,37,497
uci_credit,10,weighted,empirical_reference,lr,7,497
uci_credit,10,weighted,empirical_reference,knn+rf+xgb,3,497
uci_credit,10,weighted,empirical_reference,lr+gnb,2,497
uci_credit,10,weighted,empirical_reference,gnb+knn+rf+xgb,2,497
uci_credit,10,weighted,nbi_A,lr+knn+rf+xgb,5,9
uci_credit,10,weighted,nbi_A,lr+gnb+rf+xgb,2,9
uci_credit,10,weighted,nbi_A,lr,1,9
uci_credit,10,weighted,nbi_A,gnb+rf+xgb,1,9
uci_credit,10,weighted,nbi_B,lr+knn+rf+xgb,12,22
uci_credit,10,weighted,nbi_B,lr+gnb+rf+xgb,4,22
uci_credit,10,weighted,nbi_B,lr+gnb+xgb,2,22
uci_credit,10,weighted,nbi_B,lr,1,22
uci_credit,10,weighted,nbi_B,knn+rf+xgb,1,22
uci_credit,10,weighted,nbi_B,lr+rf+xgb,1,22
uci_credit,10,weighted,nbi_B,lr+gnb+knn+rf+xgb,1,22
uci_credit,10,weighted,nbi_C,lr+gnb+rf+xgb,19,65
uci_credit,10,weighted,nbi_C,lr+gnb+xgb,15,65
uci_credit,10,weighted,nbi_C,lr+rf+xgb,15,65
uci_credit,10,weighted,nbi_C,lr+knn+rf+xgb,8,65
uci_credit,10,weighted,nbi_C,lr+gnb+knn+rf+xgb,6,65
uci_credit,10,weighted,nbi_C,lr,1,65
uci_credit,10,weighted,nbi_C,knn+rf+xgb,1,65
uci_credit,10,weighted,ws_random_scalarization,lr+gnb+xgb,13,36
uci_credit,10,weighted,ws_random_scalarization,lr+rf+xgb,11,36
uci_credit,10,weighted,ws_random_scalarization,lr+gnb+rf+xgb,10,36
uci_credit,10,weighted,ws_random_scalarization,gnb+rf+xgb,1,36
uci_credit,10,weighted,ws_random_scalarization,lr+xgb,1,36
uci_credit,10,weighted,random_dirichlet_budget,lr+gnb+knn+rf+xgb,9,10
uci_credit,10,weighted,random_dirichlet_budget,gnb+knn+rf+xgb,1,10
uci_credit,10,weighted,design_runs,rf+xgb,3,9
uci_credit,10,weighted,design_runs,lr+xgb,3,9
uci_credit,10,weighted,design_runs,rf,1,9
uci_credit,10,weighted,design_runs,lr+rf+xgb,1,9
uci_credit,10,weighted,design_runs,lr,1,9
uci_credit,10,weighted,single_objective_refs,rf,1,6
uci_credit,10,weighted,single_objective_refs,knn+rf+xgb,1,6
uci_credit,10,weighted,single_objective_refs,lr+gnb+knn+rf+xgb,1,6
uci_credit,10,weighted,single_objective_refs,gnb+rf,1,6
uci_credit,10,weighted,single_objective_refs,lr+knn+rf+xgb,1,6
uci_credit,10,weighted,single_objective_refs,lr,1,6
uci_credit,10,support,empirical_reference,lr+knn+rf+xgb,18,76
uci_credit,10,support,empirical_reference,lr+xgb,12,76
uci_credit,10,support,empirical_reference,lr+gnb+xgb,10,76
uci_credit,10,support,empirical_reference,lr+rf,8,76
uci_credit,10,support,empirical_reference,rf+xgb,6,76
uci_credit,10,support,empirical_reference,lr+rf+xgb,6,76
uci_credit,10,support,empirical_reference,knn+rf+xgb,5,76
uci_credit,10,support,empirical_reference,rf,3,76
uci_credit,10,support,empirical_reference,lr+gnb+rf+xgb,2,76
uci_credit,10,support,empirical_reference,lr,2,76
uci_credit,10,support,empirical_reference,xgb,2,76
uci_credit,10,support,empirical_reference,gnb+knn+rf+xgb,1,76
uci_credit,10,support,empirical_reference,lr+gnb+knn+rf+xgb,1,76
uci_credit,10,support,nbi_A,lr+knn+rf+xgb,2,6
uci_credit,10,support,nbi_A,lr,1,6
uci_credit,10,support,nbi_A,gnb+rf,1,6
uci_credit,10,support,nbi_A,gnb+rf+xgb,1,6
uci_credit,10,support,nbi_A,knn+rf+xgb,1,6
uci_credit,10,support,nbi_B,lr+knn+rf+xgb,4,9
uci_credit,10,support,nbi_B,lr,1,9
uci_credit,10,support,nbi_B,knn+rf+xgb,1,9
uci_credit,10,support,nbi_B,lr+gnb+xgb,1,9
uci_credit,10,support,nbi_B,lr+rf+xgb,1,9
uci_credit,10,support,nbi_B,lr+gnb+knn+rf+xgb,1,9
uci_credit,10,support,nbi_C,lr+knn+rf+xgb,8,14
uci_credit,10,support,nbi_C,lr,1,14
uci_credit,10,support,nbi_C,lr+gnb+xgb,1,14
uci_credit,10,support,nbi_C,knn+rf+xgb,1,14
uci_credit,10,support,nbi_C,lr+rf+xgb,1,14
uci_credit,10,support,nbi_C,lr+gnb+rf+xgb,1,14
uci_credit,10,support,nbi_C,lr+gnb+knn+rf+xgb,1,14
uci_credit,10,support,ws_random_scalarization,lr+gnb+xgb,4,10
uci_credit,10,support,ws_random_scalarization,gnb+rf,2,10
uci_credit,10,support,ws_random_scalarization,lr+rf+xgb,2,10
uci_credit,10,support,ws_random_scalarization,lr+xgb,1,10
uci_credit,10,support,ws_random_scalarization,rf+xgb,1,10
uci_credit,10,support,random_dirichlet_budget,lr+gnb+knn+rf+xgb,4,6
uci_credit,10,support,random_dirichlet_budget,lr+gnb+rf+xgb,1,6
uci_credit,10,support,random_dirichlet_budget,gnb+knn+rf+xgb,1,6
uci_credit,10,support,design_runs,xgb,1,4
uci_credit,10,support,design_runs,rf,1,4
uci_credit,10,support,design_runs,lr+xgb,1,4
uci_credit,10,support,design_runs,lr,1,4
uci_credit,10,support,single_objective_refs,rf,1,6
uci_credit,10,support,single_objective_refs,knn+rf+xgb,1,6
uci_credit,10,support,single_objective_refs,lr+gnb+knn+rf+xgb,1,6
uci_credit,10,support,single_objective_refs,gnb+rf,1,6
uci_credit,10,support,single_objective_refs,lr+knn+rf+xgb,1,6
uci_credit,10,support,single_objective_refs,lr,1,6
uci_credit,11,weighted,empirical_reference,lr+gnb+rf+xgb,165,696
uci_credit,11,weighted,empirical_reference,lr+gnb+xgb,142,696
uci_credit,11,weighted,empirical_reference,lr+rf+xgb,136,696
uci_credit,11,weighted,empirical_reference,lr+knn+rf+xgb,111,696
uci_credit,11,weighted,empirical_reference,lr+gnb+knn+rf+xgb,69,696
uci_credit,11,weighted,empirical_reference,lr+xgb,51,696
uci_credit,11,weighted,empirical_reference,lr+gnb,10,696
uci_credit,11,weighted,empirical_reference,lr,7,696
uci_credit,11,weighted,empirical_reference,knn+rf+xgb,3,696
uci_credit,11,weighted,empirical_reference,gnb+knn+rf+xgb,1,696
uci_credit,11,weighted,empirical_reference,lr+gnb+knn+xgb,1,696
uci_credit,11,weighted,nbi_A,lr+knn+rf+xgb,4,8
uci_credit,11,weighted,nbi_A,lr,1,8
uci_credit,11,weighted,nbi_A,gnb+rf+xgb,1,8
uci_credit,11,weighted,nbi_A,lr+rf+xgb,1,8
uci_credit,11,weighted,nbi_A,lr+gnb+rf+xgb,1,8
uci_credit,11,weighted,nbi_B,lr+knn+rf+xgb,19,24
uci_credit,11,weighted,nbi_B,lr,1,24
uci_credit,11,weighted,nbi_B,knn+rf+xgb,1,24
uci_credit,11,weighted,nbi_B,lr+gnb+xgb,1,24
uci_credit,11,weighted,nbi_B,lr+gnb+rf+xgb,1,24
uci_credit,11,weighted,nbi_B,lr+gnb+knn+rf+xgb,1,24
uci_credit,11,weighted,nbi_C,lr+gnb+rf+xgb,18,62
uci_credit,11,weighted,nbi_C,lr+gnb+xgb,14,62
uci_credit,11,weighted,nbi_C,lr+rf+xgb,10,62
uci_credit,11,weighted,nbi_C,lr+knn+rf+xgb,9,62
uci_credit,11,weighted,nbi_C,lr+gnb+knn+rf+xgb,9,62
uci_credit,11,weighted,nbi_C,lr,1,62
uci_credit,11,weighted,nbi_C,knn+rf+xgb,1,62
uci_credit,11,weighted,ws_random_scalarization,lr+gnb+xgb,24,36
uci_credit,11,weighted,ws_random_scalarization,lr+gnb+rf+xgb,6,36
uci_credit,11,weighted,ws_random_scalarization,lr+rf+xgb,6,36
uci_credit,11,weighted,random_dirichlet_budget,lr+gnb+knn+rf+xgb,7,7
uci_credit,11,weighted,design_runs,lr+xgb,3,8
uci_credit,11,weighted,design_runs,rf+xgb,2,8
uci_credit,11,weighted,design_runs,rf,1,8
uci_credit,11,weighted,design_runs,lr+rf+xgb,1,8
uci_credit,11,weighted,design_runs,lr,1,8
uci_credit,11,weighted,single_objective_refs,knn+rf+xgb,2,6
uci_credit,11,weighted,single_objective_refs,rf,1,6
uci_credit,11,weighted,single_objective_refs,lr+gnb+knn+rf+xgb,1,6
uci_credit,11,weighted,single_objective_refs,gnb+rf,1,6
uci_credit,11,weighted,single_objective_refs,lr,1,6
uci_credit,11,support,empirical_reference,lr+knn+rf+xgb,22,107
uci_credit,11,support,empirical_reference,lr+rf,19,107
uci_credit,11,support,empirical_reference,lr+xgb,14,107
uci_credit,11,support,empirical_reference,lr+gnb+xgb,14,107
uci_credit,11,support,empirical_reference,knn+rf+xgb,10,107
uci_credit,11,support,empirical_reference,lr+gnb+knn+rf+xgb,7,107
uci_credit,11,support,empirical_reference,lr+rf+xgb,6,107
uci_credit,11,support,empirical_reference,lr+gnb+rf+xgb,5,107
uci_credit,11,support,empirical_reference,rf,3,107
uci_credit,11,support,empirical_reference,rf+xgb,2,107
uci_credit,11,support,empirical_reference,lr,2,107
uci_credit,11,support,empirical_reference,lr+knn+rf,1,107
uci_credit,11,support,empirical_reference,gnb+knn+rf+xgb,1,107
uci_credit,11,support,empirical_reference,xgb,1,107
uci_credit,11,support,nbi_A,lr,1,5
uci_credit,11,support,nbi_A,gnb+rf,1,5
uci_credit,11,support,nbi_A,lr+rf+xgb,1,5
uci_credit,11,support,nbi_A,lr+knn+rf+xgb,1,5
uci_credit,11,support,nbi_A,knn+rf+xgb,1,5
uci_credit,11,support,nbi_B,lr+knn+rf+xgb,7,12
uci_credit,11,support,nbi_B,lr,1,12
uci_credit,11,support,nbi_B,knn+rf+xgb,1,12
uci_credit,11,support,nbi_B,lr+gnb+xgb,1,12
uci_credit,11,support,nbi_B,lr+gnb+rf+xgb,1,12
uci_credit,11,support,nbi_B,lr+gnb+knn+rf+xgb,1,12
uci_credit,11,support,nbi_C,lr+knn+rf+xgb,7,15
uci_credit,11,support,nbi_C,lr+gnb+knn+rf+xgb,3,15
uci_credit,11,support,nbi_C,lr+rf+xgb,2,15
uci_credit,11,support,nbi_C,lr,1,15
uci_credit,11,support,nbi_C,knn+rf+xgb,1,15
uci_credit,11,support,nbi_C,lr+gnb+xgb,1,15
uci_credit,11,support,ws_random_scalarization,gnb+rf,12,19
uci_credit,11,support,ws_random_scalarization,lr+gnb+xgb,6,19
uci_credit,11,support,ws_random_scalarization,lr+rf+xgb,1,19
uci_credit,11,support,random_dirichlet_budget,lr+gnb+knn+rf+xgb,2,4
uci_credit,11,support,random_dirichlet_budget,lr+gnb+knn+xgb,1,4
uci_credit,11,support,random_dirichlet_budget,gnb+knn+rf+xgb,1,4
uci_credit,11,support,design_runs,xgb,1,4
uci_credit,11,support,design_runs,rf,1,4
uci_credit,11,support,design_runs,lr+xgb,1,4
uci_credit,11,support,design_runs,lr,1,4
uci_credit,11,support,single_objective_refs,knn+rf+xgb,2,6
uci_credit,11,support,single_objective_refs,rf,1,6
uci_credit,11,support,single_objective_refs,lr+gnb+knn+rf+xgb,1,6
uci_credit,11,support,single_objective_refs,gnb+rf,1,6
uci_credit,11,support,single_objective_refs,lr,1,6
uci_credit,12,weighted,empirical_reference,lr+gnb+rf+xgb,165,573
uci_credit,12,weighted,empirical_reference,lr+gnb+xgb,132,573
uci_credit,12,weighted,empirical_reference,lr+gnb+knn+rf+xgb,93,573
uci_credit,12,weighted,empirical_reference,lr+rf+xgb,76,573
uci_credit,12,weighted,empirical_reference,lr+knn+rf+xgb,58,573
uci_credit,12,weighted,empirical_reference,lr+xgb,28,573
uci_credit,12,weighted,empirical_reference,lr,10,573
uci_credit,12,weighted,empirical_reference,gnb+knn+rf+xgb,7,573
uci_credit,12,weighted,empirical_reference,lr+gnb,2,573
uci_credit,12,weighted,empirical_reference,knn+rf+xgb,1,573
uci_credit,12,weighted,empirical_reference,lr+gnb+knn+xgb,1,573
uci_credit,12,weighted,nbi_A,lr+knn+rf+xgb,5,11
uci_credit,12,weighted,nbi_A,lr+gnb+xgb,2,11
uci_credit,12,weighted,nbi_A,lr+rf+xgb,2,11
uci_credit,12,weighted,nbi_A,lr,1,11
uci_credit,12,weighted,nbi_A,lr+gnb+rf+xgb,1,11
uci_credit,12,weighted,nbi_B,lr+knn+rf+xgb,13,27
uci_credit,12,weighted,nbi_B,lr+gnb+xgb,9,27
uci_credit,12,weighted,nbi_B,lr+rf+xgb,2,27
uci_credit,12,weighted,nbi_B,lr+gnb+knn+rf+xgb,2,27
uci_credit,12,weighted,nbi_B,lr,1,27
uci_credit,12,weighted,nbi_C,lr+gnb+rf+xgb,40,65
uci_credit,12,weighted,nbi_C,lr+gnb+xgb,14,65
uci_credit,12,weighted,nbi_C,lr+gnb+knn+rf+xgb,10,65
uci_credit,12,weighted,nbi_C,lr,1,65
uci_credit,12,weighted,ws_random_scalarization,lr+gnb+rf+xgb,21,56
uci_credit,12,weighted,ws_random_scalarization,lr+gnb+xgb,18,56
uci_credit,12,weighted,ws_random_scalarization,lr+rf+xgb,13,56
uci_credit,12,weighted,ws_random_scalarization,gnb+rf+xgb,2,56
uci_credit,12,weighted,ws_random_scalarization,lr+knn+rf+xgb,2,56
uci_credit,12,weighted,random_dirichlet_budget,lr+gnb+knn+rf+xgb,8,8
uci_credit,12,weighted,design_runs,lr+xgb,3,9
uci_credit,12,weighted,design_runs,rf+xgb,2,9
uci_credit,12,weighted,design_runs,rf,1,9
uci_credit,12,weighted,design_runs,lr+rf+xgb,1,9
uci_credit,12,weighted,design_runs,lr+rf,1,9
uci_credit,12,weighted,design_runs,lr,1,9
uci_credit,12,weighted,single_objective_refs,lr+gnb+knn+rf+xgb,2,5
uci_credit,12,weighted,single_objective_refs,rf,1,5
uci_credit,12,weighted,single_objective_refs,lr+knn+rf+xgb,1,5
uci_credit,12,weighted,single_objective_refs,lr,1,5
uci_credit,12,support,empirical_reference,lr+gnb+knn+rf+xgb,19,146
uci_credit,12,support,empirical_reference,lr+knn+rf+xgb,19,146
uci_credit,12,support,empirical_reference,lr+rf,15,146
uci_credit,12,support,empirical_reference,lr+gnb+xgb,15,146
uci_credit,12,support,empirical_reference,lr+gnb+rf+xgb,14,146
uci_credit,12,support,empirical_reference,lr+rf+xgb,13,146
uci_credit,12,support,empirical_reference,knn+rf+xgb,8,146
uci_credit,12,support,empirical_reference,lr+xgb,7,146
uci_credit,12,support,empirical_reference,rf+xgb,7,146
uci_credit,12,support,empirical_reference,rf,7,146
uci_credit,12,support,empirical_reference,lr+gnb+rf,4,146
uci_credit,12,support,empirical_reference,gnb+rf+xgb,4,146
uci_credit,12,support,empirical_reference,lr+gnb+knn+rf,3,146
uci_credit,12,support,empirical_reference,gnb+knn+rf+xgb,3,146
uci_credit,12,support,empirical_reference,lr,2,146
uci_credit,12,support,empirical_reference,lr+knn+rf,2,146
uci_credit,12,support,empirical_reference,xgb,2,146
uci_credit,12,support,empirical_reference,gnb+knn+rf,1,146
uci_credit,12,support,empirical_reference,gnb+rf,1,146
uci_credit,12,support,nbi_A,lr+knn+rf+xgb,3,8
uci_credit,12,support,nbi_A,lr,1,8
uci_credit,12,support,nbi_A,rf,1,8
uci_credit,12,support,nbi_A,lr+gnb+xgb,1,8
uci_credit,12,support,nbi_A,lr+rf+xgb,1,8
uci_credit,12,support,nbi_A,knn+rf+xgb,1,8
uci_credit,12,support,nbi_B,lr+knn+rf+xgb,5,11
uci_credit,12,support,nbi_B,lr+rf+xgb,2,11
uci_credit,12,support,nbi_B,lr+gnb+knn+rf+xgb,2,11
uci_credit,12,support,nbi_B,lr,1,11
uci_credit,12,support,nbi_B,lr+gnb+xgb,1,11
uci_credit,12,support,nbi_C,lr+gnb+rf+xgb,10,22
uci_credit,12,support,nbi_C,lr+gnb+knn+rf+xgb,10,22
uci_credit,12,support,nbi_C,lr,1,22
uci_credit,12,support,nbi_C,lr+gnb+xgb,1,22
uci_credit,12,support,ws_random_scalarization,lr+gnb+xgb,9,18
uci_credit,12,support,ws_random_scalarization,lr+rf+xgb,3,18
uci_credit,12,support,ws_random_scalarization,rf,2,18
uci_credit,12,support,ws_random_scalarization,gnb+rf+xgb,2,18
uci_credit,12,support,ws_random_scalarization,rf+xgb,1,18
uci_credit,12,support,ws_random_scalarization,lr+knn+rf+xgb,1,18
uci_credit,12,support,random_dirichlet_budget,lr+gnb+knn+rf+xgb,1,1
uci_credit,12,support,design_runs,xgb,1,4
uci_credit,12,support,design_runs,rf,1,4
uci_credit,12,support,design_runs,lr+xgb,1,4
uci_credit,12,support,design_runs,lr,1,4
uci_credit,12,support,single_objective_refs,rf,2,6
uci_credit,12,support,single_objective_refs,lr+gnb+knn+rf+xgb,2,6
uci_credit,12,support,single_objective_refs,lr+knn+rf+xgb,1,6
uci_credit,12,support,single_objective_refs,lr,1,6
uci_credit,13,weighted,empirical_reference,lr+gnb+rf+xgb,119,486
uci_credit,13,weighted,empirical_reference,lr+rf+xgb,113,486
uci_credit,13,weighted,empirical_reference,lr+gnb+xgb,94,486
uci_credit,13,weighted,empirical_reference,lr+knn+rf+xgb,68,486
uci_credit,13,weighted,empirical_reference,lr+xgb,43,486
uci_credit,13,weighted,empirical_reference,lr+gnb+knn+rf+xgb,34,486
uci_credit,13,weighted,empirical_reference,lr+gnb,7,486
uci_credit,13,weighted,empirical_reference,lr,6,486
uci_credit,13,weighted,empirical_reference,lr+gnb+knn+xgb,2,486
uci_credit,13,weighted,nbi_A,lr+knn+rf+xgb,5,11
uci_credit,13,weighted,nbi_A,lr+gnb+xgb,2,11
uci_credit,13,weighted,nbi_A,lr+rf+xgb,2,11
uci_credit,13,weighted,nbi_A,lr,1,11
uci_credit,13,weighted,nbi_A,lr+gnb+rf+xgb,1,11
uci_credit,13,weighted,nbi_B,lr+knn+rf+xgb,20,35
uci_credit,13,weighted,nbi_B,lr+gnb+xgb,9,35
uci_credit,13,weighted,nbi_B,lr+gnb+rf+xgb,3,35
uci_credit,13,weighted,nbi_B,lr,1,35
uci_credit,13,weighted,nbi_B,lr+rf+xgb,1,35
uci_credit,13,weighted,nbi_B,lr+gnb+knn+xgb,1,35
uci_credit,13,weighted,nbi_C,lr+rf+xgb,20,66
uci_credit,13,weighted,nbi_C,lr+gnb+xgb,17,66
uci_credit,13,weighted,nbi_C,lr+knn+rf+xgb,13,66
uci_credit,13,weighted,nbi_C,lr+gnb+rf+xgb,10,66
uci_credit,13,weighted,nbi_C,lr+gnb+knn+rf+xgb,5,66
uci_credit,13,weighted,nbi_C,lr,1,66
uci_credit,13,weighted,ws_random_scalarization,lr+gnb+xgb,17,44
uci_credit,13,weighted,ws_random_scalarization,lr+rf+xgb,15,44
uci_credit,13,weighted,ws_random_scalarization,lr+gnb+rf+xgb,10,44
uci_credit,13,weighted,ws_random_scalarization,lr+xgb,1,44
uci_credit,13,weighted,ws_random_scalarization,gnb+rf+xgb,1,44
uci_credit,13,weighted,random_dirichlet_budget,lr+gnb+knn+rf+xgb,7,8
uci_credit,13,weighted,random_dirichlet_budget,lr+gnb+rf+xgb,1,8
uci_credit,13,weighted,design_runs,lr+xgb,3,8
uci_credit,13,weighted,design_runs,rf+xgb,2,8
uci_credit,13,weighted,design_runs,rf,1,8
uci_credit,13,weighted,design_runs,lr+rf+xgb,1,8
uci_credit,13,weighted,design_runs,lr,1,8
uci_credit,13,weighted,single_objective_refs,lr+knn+rf+xgb,3,6
uci_credit,13,weighted,single_objective_refs,rf,1,6
uci_credit,13,weighted,single_objective_refs,gnb+rf,1,6
uci_credit,13,weighted,single_objective_refs,lr,1,6
uci_credit,13,support,empirical_reference,lr+knn+rf+xgb,24,88
uci_credit,13,support,empirical_reference,lr+rf+xgb,15,88
uci_credit,13,support,empirical_reference,lr+xgb,11,88
uci_credit,13,support,empirical_reference,lr+gnb+xgb,11,88
uci_credit,13,support,empirical_reference,lr+rf,8,88
uci_credit,13,support,empirical_reference,rf+xgb,6,88
uci_credit,13,support,empirical_reference,knn+rf+xgb,5,88
uci_credit,13,support,empirical_reference,lr+gnb+rf+xgb,4,88
uci_credit,13,support,empirical_reference,rf,2,88
uci_credit,13,support,empirical_reference,xgb,1,88
uci_credit,13,support,empirical_reference,lr,1,88
uci_credit,13,support,nbi_A,lr+rf+xgb,2,7
uci_credit,13,support,nbi_A,lr,1,7
uci_credit,13,support,nbi_A,gnb+rf,1,7
uci_credit,13,support,nbi_A,lr+gnb+xgb,1,7
uci_credit,13,support,nbi_A,knn+rf+xgb,1,7
uci_credit,13,support,nbi_A,lr+knn+rf+xgb,1,7
uci_credit,13,support,nbi_B,lr+knn+rf+xgb,11,14
uci_credit,13,support,nbi_B,lr,1,14
uci_credit,13,support,nbi_B,lr+rf+xgb,1,14
uci_credit,13,support,nbi_B,lr+gnb+xgb,1,14
uci_credit,13,support,nbi_C,lr+knn+rf+xgb,11,15
uci_credit,13,support,nbi_C,lr+rf+xgb,2,15
uci_credit,13,support,nbi_C,lr,1,15
uci_credit,13,support,nbi_C,lr+gnb+xgb,1,15
uci_credit,13,support,ws_random_scalarization,lr+gnb+xgb,4,15
uci_credit,13,support,ws_random_scalarization,lr+rf+xgb,3,15
uci_credit,13,support,ws_random_scalarization,rf,2,15
uci_credit,13,support,ws_random_scalarization,lr+gnb+rf+xgb,2,15
uci_credit,13,support,ws_random_scalarization,lr+xgb,1,15
uci_credit,13,support,ws_random_scalarization,gnb+rf,1,15
uci_credit,13,support,ws_random_scalarization,rf+xgb,1,15
uci_credit,13,support,ws_random_scalarization,gnb+rf+xgb,1,15
uci_credit,13,support,random_dirichlet_budget,lr+gnb+knn+rf+xgb,2,3
uci_credit,13,support,random_dirichlet_budget,lr+gnb+rf+xgb,1,3
uci_credit,13,support,design_runs,xgb,1,5
uci_credit,13,support,design_runs,rf+xgb,1,5
uci_credit,13,support,design_runs,rf,1,5
uci_credit,13,support,design_runs,lr+xgb,1,5
uci_credit,13,support,design_runs,lr,1,5
uci_credit,13,support,single_objective_refs,lr+knn+rf+xgb,3,6
uci_credit,13,support,single_objective_refs,rf,1,6
uci_credit,13,support,single_objective_refs,gnb+rf,1,6
uci_credit,13,support,single_objective_refs,lr,1,6
uci_credit,14,weighted,empirical_reference,lr+gnb+rf+xgb,155,638
uci_credit,14,weighted,empirical_reference,lr+rf+xgb,143,638
uci_credit,14,weighted,empirical_reference,lr+gnb+xgb,134,638
uci_credit,14,weighted,empirical_reference,lr+knn+rf+xgb,93,638
uci_credit,14,weighted,empirical_reference,lr+xgb,50,638
uci_credit,14,weighted,empirical_reference,lr+gnb+knn+rf+xgb,49,638
uci_credit,14,weighted,empirical_reference,lr,8,638
uci_credit,14,weighted,empirical_reference,lr+gnb,6,638
uci_credit,14,weighted,nbi_A,lr+knn+rf+xgb,5,9
uci_credit,14,weighted,nbi_A,lr+gnb+rf+xgb,3,9
uci_credit,14,weighted,nbi_A,lr,1,9
uci_credit,14,weighted,nbi_B,lr+knn+rf+xgb,17,25
uci_credit,14,weighted,nbi_B,lr+gnb+rf+xgb,5,25
uci_credit,14,weighted,nbi_B,lr,1,25
uci_credit,14,weighted,nbi_B,lr+gnb+xgb,1,25
uci_credit,14,weighted,nbi_B,lr+rf+xgb,1,25
uci_credit,14,weighted,nbi_C,lr+gnb+rf+xgb,21,66
uci_credit,14,weighted,nbi_C,lr+rf+xgb,15,66
uci_credit,14,weighted,nbi_C,lr+gnb+xgb,14,66
uci_credit,14,weighted,nbi_C,lr+knn+rf+xgb,11,66
uci_credit,14,weighted,nbi_C,lr+gnb+knn+rf+xgb,4,66
uci_credit,14,weighted,nbi_C,lr,1,66
uci_credit,14,weighted,ws_random_scalarization,lr+gnb+xgb,18,38
uci_credit,14,weighted,ws_random_scalarization,lr+gnb+rf+xgb,8,38
uci_credit,14,weighted,ws_random_scalarization,lr+rf+xgb,7,38
uci_credit,14,weighted,ws_random_scalarization,lr+xgb,3,38
uci_credit,14,weighted,ws_random_scalarization,lr+knn+rf+xgb,2,38
uci_credit,14,weighted,random_dirichlet_budget,lr+gnb+knn+rf+xgb,6,7
uci_credit,14,weighted,random_dirichlet_budget,lr+gnb+rf+xgb,1,7
uci_credit,14,weighted,design_runs,lr+xgb,3,9
uci_credit,14,weighted,design_runs,rf+xgb,2,9
uci_credit,14,weighted,design_runs,rf,1,9
uci_credit,14,weighted,design_runs,lr+rf+xgb,1,9
uci_credit,14,weighted,design_runs,lr+rf,1,9
uci_credit,14,weighted,design_runs,lr,1,9
uci_credit,14,weighted,single_objective_refs,lr+knn+rf+xgb,3,4
uci_credit,14,weighted,single_objective_refs,lr,1,4
uci_credit,14,support,empirical_reference,lr+knn+rf+xgb,25,128
uci_credit,14,support,empirical_reference,lr+rf,18,128
uci_credit,14,support,empirical_reference,lr+rf+xgb,16,128
uci_credit,14,support,empirical_reference,lr+xgb,14,128
uci_credit,14,support,empirical_reference,lr+gnb+xgb,12,128
uci_credit,14,support,empirical_reference,rf+xgb,9,128
uci_credit,14,support,empirical_reference,knn+rf+xgb,8,128
uci_credit,14,support,empirical_reference,lr+knn+rf,7,128
uci_credit,14,support,empirical_reference,lr+gnb+rf+xgb,6,128
uci_credit,14,support,empirical_reference,lr+gnb+knn+rf,3,128
uci_credit,14,support,empirical_reference,rf,3,128
uci_credit,14,support,empirical_reference,xgb,2,128
uci_credit,14,support,empirical_reference,lr+gnb+knn+rf+xgb,2,128
uci_credit,14,support,empirical_reference,lr+gnb+rf,2,128
uci_credit,14,support,empirical_reference,lr,1,128
uci_credit,14,support,nbi_A,lr+knn+rf+xgb,3,6
uci_credit,14,support,nbi_A,lr,1,6
uci_credit,14,support,nbi_A,gnb+rf,1,6
uci_credit,14,support,nbi_A,lr+gnb+rf+xgb,1,6
uci_credit,14,support,nbi_B,lr+knn+rf+xgb,11,14
uci_credit,14,support,nbi_B,lr,1,14
uci_credit,14,support,nbi_B,lr+gnb+xgb,1,14
uci_credit,14,support,nbi_B,lr+rf+xgb,1,14
uci_credit,14,support,nbi_C,lr+knn+rf+xgb,11,16
uci_credit,14,support,nbi_C,lr+rf+xgb,3,16
uci_credit,14,support,nbi_C,lr,1,16
uci_credit,14,support,nbi_C,lr+gnb+xgb,1,16
uci_credit,14,support,ws_random_scalarization,lr+gnb+xgb,9,27
uci_credit,14,support,ws_random_scalarization,gnb+rf,8,27
uci_credit,14,support,ws_random_scalarization,lr+rf+xgb,3,27
uci_credit,14,support,ws_random_scalarization,lr+xgb,3,27
uci_credit,14,support,ws_random_scalarization,lr+knn+rf+xgb,2,27
uci_credit,14,support,ws_random_scalarization,lr+gnb+rf+xgb,1,27
uci_credit,14,support,ws_random_scalarization,rf,1,27
uci_credit,14,support,random_dirichlet_budget,lr+gnb+rf+xgb,1,2
uci_credit,14,support,random_dirichlet_budget,lr+gnb+knn+rf+xgb,1,2
uci_credit,14,support,design_runs,xgb,1,4
uci_credit,14,support,design_runs,rf,1,4
uci_credit,14,support,design_runs,lr+xgb,1,4
uci_credit,14,support,design_runs,lr,1,4
uci_credit,14,support,single_objective_refs,lr+knn+rf+xgb,3,6
uci_credit,14,support,single_objective_refs,rf,1,6
uci_credit,14,support,single_objective_refs,gnb+rf,1,6
uci_credit,14,support,single_objective_refs,lr,1,6
uci_credit,15,weighted,empirical_reference,lr+gnb+rf+xgb,203,672
uci_credit,15,weighted,empirical_reference,lr+gnb+xgb,148,672
uci_credit,15,weighted,empirical_reference,lr+rf+xgb,111,672
uci_credit,15,weighted,empirical_reference,lr+gnb+knn+rf+xgb,95,672
uci_credit,15,weighted,empirical_reference,lr+knn+rf+xgb,65,672
uci_credit,15,weighted,empirical_reference,lr+xgb,41,672
uci_credit,15,weighted,empirical_reference,lr+gnb,7,672
uci_credit,15,weighted,empirical_reference,lr,2,672
uci_credit,15,weighted,nbi_A,lr+knn+rf+xgb,9,14
uci_credit,15,weighted,nbi_A,lr+gnb+xgb,2,14
uci_credit,15,weighted,nbi_A,lr,1,14
uci_credit,15,weighted,nbi_A,lr+rf+xgb,1,14
uci_credit,15,weighted,nbi_A,lr+gnb+rf+xgb,1,14
uci_credit,15,weighted,nbi_B,lr+knn+rf+xgb,14,27
uci_credit,15,weighted,nbi_B,lr+gnb+xgb,9,27
uci_credit,15,weighted,nbi_B,lr,1,27
uci_credit,15,weighted,nbi_B,lr+rf+xgb,1,27
uci_credit,15,weighted,nbi_B,lr+gnb+knn+rf+xgb,1,27
uci_credit,15,weighted,nbi_B,lr+gnb+rf+xgb,1,27
uci_credit,15,weighted,nbi_C,lr+gnb+rf+xgb,34,65
uci_credit,15,weighted,nbi_C,lr+gnb+xgb,14,65
uci_credit,15,weighted,nbi_C,lr+gnb+knn+rf+xgb,14,65
uci_credit,15,weighted,nbi_C,lr,1,65
uci_credit,15,weighted,nbi_C,lr+rf+xgb,1,65
uci_credit,15,weighted,nbi_C,lr+knn+rf+xgb,1,65
uci_credit,15,weighted,ws_random_scalarization,lr+gnb+xgb,19,43
uci_credit,15,weighted,ws_random_scalarization,lr+rf+xgb,13,43
uci_credit,15,weighted,ws_random_scalarization,lr+gnb+rf+xgb,9,43
uci_credit,15,weighted,ws_random_scalarization,lr+xgb,2,43
uci_credit,15,weighted,random_dirichlet_budget,lr+gnb+knn+rf+xgb,12,12
uci_credit,15,weighted,design_runs,lr+xgb,3,8
uci_credit,15,weighted,design_runs,rf+xgb,2,8
uci_credit,15,weighted,design_runs,rf,1,8
uci_credit,15,weighted,design_runs,lr+rf+xgb,1,8
uci_credit,15,weighted,design_runs,lr,1,8
uci_credit,15,weighted,single_objective_refs,rf,1,5
uci_credit,15,weighted,single_objective_refs,lr+gnb+knn+rf+xgb,1,5
uci_credit,15,weighted,single_objective_refs,lr+knn+rf+xgb,1,5
uci_credit,15,weighted,single_objective_refs,gnb+rf,1,5
uci_credit,15,weighted,single_objective_refs,lr,1,5
uci_credit,15,support,empirical_reference,lr+knn+rf+xgb,17,96
uci_credit,15,support,empirical_reference,lr+gnb+knn+rf+xgb,15,96
uci_credit,15,support,empirical_reference,lr+rf,15,96
uci_credit,15,support,empirical_reference,lr+xgb,13,96
uci_credit,15,support,empirical_reference,lr+gnb+xgb,11,96
uci_credit,15,support,empirical_reference,lr+rf+xgb,8,96
uci_credit,15,support,empirical_reference,rf,4,96
uci_credit,15,support,empirical_reference,knn+rf+xgb,4,96
uci_credit,15,support,empirical_reference,lr+gnb+rf+xgb,3,96
uci_credit,15,support,empirical_reference,rf+xgb,3,96
uci_credit,15,support,empirical_reference,lr,2,96
uci_credit,15,support,empirical_reference,xgb,1,96
uci_credit,15,support,nbi_A,lr+knn+rf+xgb,8,12
uci_credit,15,support,nbi_A,lr,1,12
uci_credit,15,support,nbi_A,gnb+rf,1,12
uci_credit,15,support,nbi_A,lr+gnb+xgb,1,12
uci_credit,15,support,nbi_A,lr+rf+xgb,1,12
uci_credit,15,support,nbi_B,lr+knn+rf+xgb,9,16
uci_credit,15,support,nbi_B,lr+gnb+xgb,4,16
uci_credit,15,support,nbi_B,lr,1,16
uci_credit,15,support,nbi_B,lr+rf+xgb,1,16
uci_credit,15,support,nbi_B,lr+gnb+knn+rf+xgb,1,16
uci_credit,15,support,nbi_C,lr+gnb+knn+rf+xgb,9,18
uci_credit,15,support,nbi_C,lr+gnb+rf+xgb,4,18
uci_credit,15,support,nbi_C,lr+knn+rf+xgb,2,18
uci_credit,15,support,nbi_C,lr,1,18
uci_credit,15,support,nbi_C,lr+rf+xgb,1,18
uci_credit,15,support,nbi_C,lr+gnb+xgb,1,18
uci_credit,15,support,ws_random_scalarization,lr+gnb+xgb,5,12
uci_credit,15,support,ws_random_scalarization,lr+xgb,3,12
uci_credit,15,support,ws_random_scalarization,rf,1,12
uci_credit,15,support,ws_random_scalarization,rf+xgb,1,12
uci_credit,15,support,ws_random_scalarization,gnb+rf,1,12
uci_credit,15,support,ws_random_scalarization,lr+rf+xgb,1,12
uci_credit,15,support,random_dirichlet_budget,lr+gnb+knn+rf+xgb,2,3
uci_credit,15,support,random_dirichlet_budget,lr+gnb+rf+xgb,1,3
uci_credit,15,support,design_runs,xgb,1,4
uci_credit,15,support,design_runs,rf,1,4
uci_credit,15,support,design_runs,lr+xgb,1,4
uci_credit,15,support,design_runs,lr,1,4
uci_credit,15,support,single_objective_refs,rf,1,5
uci_credit,15,support,single_objective_refs,lr+gnb+knn+rf+xgb,1,5
uci_credit,15,support,single_objective_refs,lr+knn+rf+xgb,1,5
uci_credit,15,support,single_objective_refs,gnb+rf,1,5
uci_credit,15,support,single_objective_refs,lr,1,5
uci_credit,16,weighted,empirical_reference,lr+rf+xgb,177,736
uci_credit,16,weighted,empirical_reference,lr+gnb+rf+xgb,170,736
uci_credit,16,weighted,empirical_reference,lr+knn+rf+xgb,137,736
uci_credit,16,weighted,empirical_reference,lr+gnb+xgb,128,736
uci_credit,16,weighted,empirical_reference,lr+xgb,63,736
uci_credit,16,weighted,empirical_reference,lr+gnb+knn+rf+xgb,47,736
uci_credit,16,weighted,empirical_reference,lr,6,736
uci_credit,16,weighted,empirical_reference,lr+gnb,4,736
uci_credit,16,weighted,empirical_reference,lr+gnb+knn+xgb,2,736
uci_credit,16,weighted,empirical_reference,knn+rf+xgb,2,736
uci_credit,16,weighted,nbi_A,lr+knn+rf+xgb,10,17
uci_credit,16,weighted,nbi_A,lr+gnb+rf+xgb,3,17
uci_credit,16,weighted,nbi_A,lr+gnb+xgb,2,17
uci_credit,16,weighted,nbi_A,lr,1,17
uci_credit,16,weighted,nbi_A,lr+rf+xgb,1,17
uci_credit,16,weighted,nbi_B,lr+knn+rf+xgb,17,28
uci_credit,16,weighted,nbi_B,lr+gnb+xgb,6,28
uci_credit,16,weighted,nbi_B,lr+gnb+rf+xgb,2,28
uci_credit,16,weighted,nbi_B,lr+rf+xgb,2,28
uci_credit,16,weighted,nbi_B,lr,1,28
uci_credit,16,weighted,nbi_C,lr+rf+xgb,17,64
uci_credit,16,weighted,nbi_C,lr+gnb+rf+xgb,16,64
uci_credit,16,weighted,nbi_C,lr+knn+rf+xgb,16,64
uci_credit,16,weighted,nbi_C,lr+gnb+xgb,14,64
uci_credit,16,weighted,nbi_C,lr,1,64
uci_credit,16,weighted,ws_random_scalarization,lr+rf+xgb,20,46
uci_credit,16,weighted,ws_random_scalarization,lr+gnb+xgb,13,46
uci_credit,16,weighted,ws_random_scalarization,lr+gnb+rf+xgb,7,46
uci_credit,16,weighted,ws_random_scalarization,lr+xgb,6,46
uci_credit,16,weighted,random_dirichlet_budget,lr+gnb+knn+rf+xgb,10,10
uci_credit,16,weighted,design_runs,lr+xgb,3,9
uci_credit,16,weighted,design_runs,rf+xgb,2,9
uci_credit,16,weighted,design_runs,rf,1,9
uci_credit,16,weighted,design_runs,lr+rf+xgb,1,9
uci_credit,16,weighted,design_runs,lr+rf,1,9
uci_credit,16,weighted,design_runs,lr,1,9
uci_credit,16,weighted,single_objective_refs,lr+knn+rf+xgb,3,5
uci_credit,16,weighted,single_objective_refs,rf,1,5
uci_credit,16,weighted,single_objective_refs,lr,1,5
uci_credit,16,support,empirical_reference,lr+knn+rf+xgb,37,152
uci_credit,16,support,empirical_reference,lr+rf,25,152
uci_credit,16,support,empirical_reference,lr+xgb,19,152
uci_credit,16,support,empirical_reference,lr+rf+xgb,16,152
uci_credit,16,support,empirical_reference,lr+gnb+xgb,16,152
uci_credit,16,support,empirical_reference,lr+knn+rf,10,152
uci_credit,16,support,empirical_reference,rf+xgb,9,152
uci_credit,16,support,empirical_reference,knn+rf+xgb,8,152
uci_credit,16,support,empirical_reference,lr+gnb+rf+xgb,4,152
uci_credit,16,support,empirical_reference,rf,3,152
uci_credit,16,support,empirical_reference,xgb,2,152
uci_credit,16,support,empirical_reference,lr,2,152
uci_credit,16,support,empirical_reference,lr+gnb+knn+rf+xgb,1,152
uci_credit,16,support,nbi_A,lr+knn+rf+xgb,5,10
uci_credit,16,support,nbi_A,lr,1,10
uci_credit,16,support,nbi_A,rf,1,10
uci_credit,16,support,nbi_A,lr+gnb+xgb,1,10
uci_credit,16,support,nbi_A,lr+gnb+rf+xgb,1,10
uci_credit,16,support,nbi_A,lr+rf+xgb,1,10
uci_credit,16,support,nbi_B,lr+knn+rf+xgb,11,15
uci_credit,16,support,nbi_B,lr+rf+xgb,2,15
uci_credit,16,support,nbi_B,lr,1,15
uci_credit,16,support,nbi_B,lr+gnb+xgb,1,15
uci_credit,16,support,nbi_C,lr+knn+rf+xgb,10,15
uci_credit,16,support,nbi_C,lr+rf+xgb,3,15
uci_credit,16,support,nbi_C,lr,1,15
uci_credit,16,support,nbi_C,lr+gnb+xgb,1,15
uci_credit,16,support,ws_random_scalarization,lr+xgb,6,23
uci_credit,16,support,ws_random_scalarization,lr+gnb+xgb,5,23
uci_credit,16,support,ws_random_scalarization,lr+rf+xgb,5,23
uci_credit,16,support,ws_random_scalarization,rf,4,23
uci_credit,16,support,ws_random_scalarization,rf+xgb,3,23
uci_credit,16,support,random_dirichlet_budget,lr+gnb+knn+rf,1,2
uci_credit,16,support,random_dirichlet_budget,lr+gnb+knn+rf+xgb,1,2
uci_credit,16,support,design_runs,xgb,1,4
uci_credit,16,support,design_runs,rf,1,4
uci_credit,16,support,design_runs,lr+xgb,1,4
uci_credit,16,support,design_runs,lr,1,4
uci_credit,16,support,single_objective_refs,lr+knn+rf+xgb,3,6
uci_credit,16,support,single_objective_refs,rf,2,6
uci_credit,16,support,single_objective_refs,lr,1,6
uci_credit,17,weighted,empirical_reference,lr+gnb+xgb,107,459
uci_credit,17,weighted,empirical_reference,lr+gnb+rf+xgb,101,459
uci_credit,17,weighted,empirical_reference,lr+rf+xgb,80,459
uci_credit,17,weighted,empirical_reference,lr+knn+rf+xgb,75,459
uci_credit,17,weighted,empirical_reference,lr+xgb,47,459
uci_credit,17,weighted,empirical_reference,lr+gnb+knn+rf+xgb,34,459
uci_credit,17,weighted,empirical_reference,lr+gnb,9,459
uci_credit,17,weighted,empirical_reference,lr,5,459
uci_credit,17,weighted,empirical_reference,lr+gnb+knn+xgb,1,459
uci_credit,17,weighted,nbi_A,lr+knn+rf+xgb,7,11
uci_credit,17,weighted,nbi_A,lr,1,11
uci_credit,17,weighted,nbi_A,lr+rf+xgb,1,11
uci_credit,17,weighted,nbi_A,lr+gnb+xgb,1,11
uci_credit,17,weighted,nbi_A,lr+gnb+rf+xgb,1,11
uci_credit,17,weighted,nbi_B,lr+knn+rf+xgb,20,32
uci_credit,17,weighted,nbi_B,lr+gnb+xgb,8,32
uci_credit,17,weighted,nbi_B,lr+gnb+rf+xgb,2,32
uci_credit,17,weighted,nbi_B,lr,1,32
uci_credit,17,weighted,nbi_B,lr+gnb+knn+rf+xgb,1,32
uci_credit,17,weighted,nbi_C,lr+knn+rf+xgb,19,66
uci_credit,17,weighted,nbi_C,lr+gnb+xgb,17,66
uci_credit,17,weighted,nbi_C,lr+gnb+rf+xgb,17,66
uci_credit,17,weighted,nbi_C,lr+rf+xgb,10,66
uci_credit,17,weighted,nbi_C,lr+gnb+knn+rf+xgb,2,66
uci_credit,17,weighted,nbi_C,lr,1,66
uci_credit,17,weighted,ws_random_scalarization,lr+gnb+xgb,17,47
uci_credit,17,weighted,ws_random_scalarization,lr+rf+xgb,14,47
uci_credit,17,weighted,ws_random_scalarization,lr+gnb+rf+xgb,11,47
uci_credit,17,weighted,ws_random_scalarization,lr+xgb,3,47
uci_credit,17,weighted,ws_random_scalarization,lr+knn+rf+xgb,1,47
uci_credit,17,weighted,ws_random_scalarization,knn+rf+xgb,1,47
uci_credit,17,weighted,random_dirichlet_budget,lr+gnb+knn+rf+xgb,8,8
uci_credit,17,weighted,design_runs,lr+xgb,3,7
uci_credit,17,weighted,design_runs,rf+xgb,2,7
uci_credit,17,weighted,design_runs,lr+rf+xgb,1,7
uci_credit,17,weighted,design_runs,lr,1,7
uci_credit,17,weighted,single_objective_refs,lr+knn+rf+xgb,1,5
uci_credit,17,weighted,single_objective_refs,lr+gnb+knn+rf+xgb,1,5
uci_credit,17,weighted,single_objective_refs,rf+xgb,1,5
uci_credit,17,weighted,single_objective_refs,knn+rf+xgb,1,5
uci_credit,17,weighted,single_objective_refs,lr,1,5
uci_credit,17,support,empirical_reference,lr+xgb,15,71
uci_credit,17,support,empirical_reference,lr+knn+rf+xgb,15,71
uci_credit,17,support,empirical_reference,lr+gnb+xgb,11,71
uci_credit,17,support,empirical_reference,lr+rf,10,71
uci_credit,17,support,empirical_reference,lr+rf+xgb,5,71
uci_credit,17,support,empirical_reference,lr+gnb+knn+rf+xgb,4,71
uci_credit,17,support,empirical_reference,knn+rf+xgb,3,71
uci_credit,17,support,empirical_reference,rf,2,71
uci_credit,17,support,empirical_reference,xgb,2,71
uci_credit,17,support,empirical_reference,rf+xgb,2,71
uci_credit,17,support,empirical_reference,lr,1,71
uci_credit,17,support,empirical_reference,lr+gnb+rf+xgb,1,71
uci_credit,17,support,nbi_A,lr+knn+rf+xgb,2,7
uci_credit,17,support,nbi_A,lr,1,7
uci_credit,17,support,nbi_A,rf+xgb,1,7
uci_credit,17,support,nbi_A,lr+gnb+xgb,1,7
uci_credit,17,support,nbi_A,lr+gnb+rf+xgb,1,7
uci_credit,17,support,nbi_A,knn+rf+xgb,1,7
uci_credit,17,support,nbi_B,lr+knn+rf+xgb,8,12
uci_credit,17,support,nbi_B,lr,1,12
uci_credit,17,support,nbi_B,lr+gnb+xgb,1,12
uci_credit,17,support,nbi_B,lr+gnb+rf+xgb,1,12
uci_credit,17,support,nbi_B,lr+gnb+knn+rf+xgb,1,12
uci_credit,17,support,nbi_C,lr+knn+rf+xgb,10,15
uci_credit,17,support,nbi_C,lr,1,15
uci_credit,17,support,nbi_C,lr+gnb+xgb,1,15
uci_credit,17,support,nbi_C,lr+rf+xgb,1,15
uci_credit,17,support,nbi_C,lr+gnb+rf+xgb,1,15
uci_credit,17,support,nbi_C,lr+gnb+knn+rf+xgb,1,15
uci_credit,17,support,ws_random_scalarization,lr+gnb+xgb,6,13
uci_credit,17,support,ws_random_scalarization,lr+xgb,3,13
uci_credit,17,support,ws_random_scalarization,lr+rf+xgb,2,13
uci_credit,17,support,ws_random_scalarization,knn+rf+xgb,1,13
uci_credit,17,support,ws_random_scalarization,rf+xgb,1,13
uci_credit,17,support,random_dirichlet_budget,lr+gnb+knn+rf+xgb,1,1
uci_credit,17,support,design_runs,xgb,1,5
uci_credit,17,support,design_runs,rf+xgb,1,5
uci_credit,17,support,design_runs,rf,1,5
uci_credit,17,support,design_runs,lr+xgb,1,5
uci_credit,17,support,design_runs,lr,1,5
uci_credit,17,support,single_objective_refs,rf,1,6
uci_credit,17,support,single_objective_refs,lr+knn+rf+xgb,1,6
uci_credit,17,support,single_objective_refs,lr+gnb+knn+rf+xgb,1,6
uci_credit,17,support,single_objective_refs,rf+xgb,1,6
uci_credit,17,support,single_objective_refs,knn+rf+xgb,1,6
uci_credit,17,support,single_objective_refs,lr,1,6
uci_credit,18,weighted,empirical_reference,lr+gnb+rf+xgb,188,711
uci_credit,18,weighted,empirical_reference,lr+gnb+xgb,147,711
uci_credit,18,weighted,empirical_reference,lr+rf+xgb,130,711
uci_credit,18,weighted,empirical_reference,lr+knn+rf+xgb,92,711
uci_credit,18,weighted,empirical_reference,lr+gnb+knn+rf+xgb,89,711
uci_credit,18,weighted,empirical_reference,lr+xgb,47,711
uci_credit,18,weighted,empirical_reference,lr+gnb,11,711
uci_credit,18,weighted,empirical_reference,lr,6,711
uci_credit,18,weighted,empirical_reference,knn+rf+xgb,1,711
uci_credit,18,weighted,nbi_A,lr+knn+rf+xgb,7,15
uci_credit,18,weighted,nbi_A,lr+gnb+rf+xgb,3,15
uci_credit,18,weighted,nbi_A,lr+gnb+xgb,2,15
uci_credit,18,weighted,nbi_A,lr,1,15
uci_credit,18,weighted,nbi_A,gnb+rf+xgb,1,15
uci_credit,18,weighted,nbi_A,lr+rf+xgb,1,15
uci_credit,18,weighted,nbi_B,lr+knn+rf+xgb,14,29
uci_credit,18,weighted,nbi_B,lr+gnb+xgb,5,29
uci_credit,18,weighted,nbi_B,lr+gnb+rf+xgb,4,29
uci_credit,18,weighted,nbi_B,lr+gnb+knn+rf+xgb,2,29
uci_credit,18,weighted,nbi_B,lr+rf+xgb,2,29
uci_credit,18,weighted,nbi_B,lr,1,29
uci_credit,18,weighted,nbi_B,lr+xgb,1,29
uci_credit,18,weighted,nbi_C,lr+gnb+rf+xgb,24,65
uci_credit,18,weighted,nbi_C,lr+gnb+xgb,18,65
uci_credit,18,weighted,nbi_C,lr+rf+xgb,9,65
uci_credit,18,weighted,nbi_C,lr+knn+rf+xgb,7,65
uci_credit,18,weighted,nbi_C,lr+gnb+knn+rf+xgb,6,65
uci_credit,18,weighted,nbi_C,lr,1,65
uci_credit,18,weighted,ws_random_scalarization,lr+gnb+xgb,20,40
uci_credit,18,weighted,ws_random_scalarization,lr+rf+xgb,11,40
uci_credit,18,weighted,ws_random_scalarization,lr+gnb+rf+xgb,8,40
uci_credit,18,weighted,ws_random_scalarization,lr+xgb,1,40
uci_credit,18,weighted,random_dirichlet_budget,lr+gnb+knn+rf+xgb,7,7
uci_credit,18,weighted,design_runs,lr+xgb,3,9
uci_credit,18,weighted,design_runs,rf+xgb,2,9
uci_credit,18,weighted,design_runs,rf,1,9
uci_credit,18,weighted,design_runs,lr+rf+xgb,1,9
uci_credit,18,weighted,design_runs,lr+rf,1,9
uci_credit,18,weighted,design_runs,lr,1,9
uci_credit,18,weighted,single_objective_refs,lr+gnb+knn+rf+xgb,2,4
uci_credit,18,weighted,single_objective_refs,gnb+rf,1,4
uci_credit,18,weighted,single_objective_refs,lr,1,4
uci_credit,18,support,empirical_reference,lr+rf,24,148
uci_credit,18,support,empirical_reference,lr+knn+rf+xgb,20,148
uci_credit,18,support,empirical_reference,lr+gnb+knn+rf+xgb,18,148
uci_credit,18,support,empirical_reference,lr+gnb+xgb,18,148
uci_credit,18,support,empirical_reference,lr+gnb+rf+xgb,16,148
uci_credit,18,support,empirical_reference,lr+rf+xgb,14,148
uci_credit,18,support,empirical_reference,lr+xgb,13,148
uci_credit,18,support,empirical_reference,rf+xgb,8,148
uci_credit,18,support,empirical_reference,rf,5,148
uci_credit,18,support,empirical_reference,lr+gnb+rf,5,148
uci_credit,18,support,empirical_reference,knn+rf+xgb,5,148
uci_credit,18,support,empirical_reference,xgb,1,148
uci_credit,18,support,empirical_reference,lr,1,148
uci_credit,18,support,nbi_A,lr+knn+rf+xgb,7,13
uci_credit,18,support,nbi_A,lr,1,13
uci_credit,18,support,nbi_A,gnb+rf,1,13
uci_credit,18,support,nbi_A,lr+gnb+xgb,1,13
uci_credit,18,support,nbi_A,gnb+rf+xgb,1,13
uci_credit,18,support,nbi_A,lr+gnb+rf+xgb,1,13
uci_credit,18,support,nbi_A,lr+rf+xgb,1,13
uci_credit,18,support,nbi_B,lr+knn+rf+xgb,11,18
uci_credit,18,support,nbi_B,lr+gnb+knn+rf+xgb,2,18
uci_credit,18,support,nbi_B,lr+rf+xgb,2,18
uci_credit,18,support,nbi_B,lr,1,18
uci_credit,18,support,nbi_B,lr+xgb,1,18
uci_credit,18,support,nbi_B,lr+gnb+xgb,1,18
uci_credit,18,support,nbi_C,lr+knn+rf+xgb,7,20
uci_credit,18,support,nbi_C,lr+gnb+knn+rf+xgb,4,20
uci_credit,18,support,nbi_C,lr+rf+xgb,4,20
uci_credit,18,support,nbi_C,lr+gnb+rf+xgb,3,20
uci_credit,18,support,nbi_C,lr,1,20
uci_credit,18,support,nbi_C,lr+gnb+xgb,1,20
uci_credit,18,support,ws_random_scalarization,lr+gnb+xgb,10,19
uci_credit,18,support,ws_random_scalarization,gnb+rf,4,19
uci_credit,18,support,ws_random_scalarization,lr+xgb,2,19
uci_credit,18,support,ws_random_scalarization,lr+rf+xgb,2,19
uci_credit,18,support,ws_random_scalarization,rf+xgb,1,19
uci_credit,18,support,random_dirichlet_budget,lr+gnb+knn+rf+xgb,1,1
uci_credit,18,support,design_runs,xgb,1,5
uci_credit,18,support,design_runs,rf+xgb,1,5
uci_credit,18,support,design_runs,rf,1,5
uci_credit,18,support,design_runs,lr+xgb,1,5
uci_credit,18,support,design_runs,lr,1,5
uci_credit,18,support,single_objective_refs,lr+gnb+knn+rf+xgb,2,6
uci_credit,18,support,single_objective_refs,rf,1,6
uci_credit,18,support,single_objective_refs,gnb+rf,1,6
uci_credit,18,support,single_objective_refs,lr+knn+rf+xgb,1,6
uci_credit,18,support,single_objective_refs,lr,1,6
uci_credit,19,weighted,empirical_reference,lr+gnb+rf+xgb,165,596
uci_credit,19,weighted,empirical_reference,lr+gnb+xgb,111,596
uci_credit,19,weighted,empirical_reference,lr+gnb+knn+rf+xgb,94,596
uci_credit,19,weighted,empirical_reference,lr+rf+xgb,93,596
uci_credit,19,weighted,empirical_reference,lr+knn+rf+xgb,65,596
uci_credit,19,weighted,empirical_reference,lr+xgb,35,596
uci_credit,19,weighted,empirical_reference,gnb+knn+rf+xgb,17,596
uci_credit,19,weighted,empirical_reference,lr+gnb,9,596
uci_credit,19,weighted,empirical_reference,lr,5,596
uci_credit,19,weighted,empirical_reference,lr+gnb+knn+xgb,1,596
uci_credit,19,weighted,empirical_reference,knn+rf+xgb,1,596
uci_credit,19,weighted,nbi_A,lr+knn+rf+xgb,5,9
uci_credit,19,weighted,nbi_A,lr+gnb+rf+xgb,3,9
uci_credit,19,weighted,nbi_A,lr,1,9
uci_credit,19,weighted,nbi_B,lr+knn+rf+xgb,15,30
uci_credit,19,weighted,nbi_B,lr+gnb+rf+xgb,5,30
uci_credit,19,weighted,nbi_B,lr+gnb+xgb,4,30
uci_credit,19,weighted,nbi_B,lr+rf+xgb,2,30
uci_credit,19,weighted,nbi_B,lr,1,30
uci_credit,19,weighted,nbi_B,gnb+knn+rf+xgb,1,30
uci_credit,19,weighted,nbi_B,gnb+rf+xgb,1,30
uci_credit,19,weighted,nbi_B,lr+gnb+knn+rf+xgb,1,30
uci_credit,19,weighted,nbi_C,lr+gnb+rf+xgb,30,65
uci_credit,19,weighted,nbi_C,lr+gnb+xgb,14,65
uci_credit,19,weighted,nbi_C,lr+gnb+knn+rf+xgb,14,65
uci_credit,19,weighted,nbi_C,lr+rf+xgb,5,65
uci_credit,19,weighted,nbi_C,lr,1,65
uci_credit,19,weighted,nbi_C,gnb+knn+rf+xgb,1,65
uci_credit,19,weighted,ws_random_scalarization,lr+gnb+rf+xgb,20,53
uci_credit,19,weighted,ws_random_scalarization,lr+gnb+xgb,19,53
uci_credit,19,weighted,ws_random_scalarization,lr+rf+xgb,12,53
uci_credit,19,weighted,ws_random_scalarization,lr+knn+rf+xgb,1,53
uci_credit,19,weighted,ws_random_scalarization,gnb+rf+xgb,1,53
uci_credit,19,weighted,random_dirichlet_budget,lr+gnb+knn+rf+xgb,10,10
uci_credit,19,weighted,design_runs,lr+xgb,3,9
uci_credit,19,weighted,design_runs,rf+xgb,2,9
uci_credit,19,weighted,design_runs,rf,1,9
uci_credit,19,weighted,design_runs,lr+rf+xgb,1,9
uci_credit,19,weighted,design_runs,lr+rf,1,9
uci_credit,19,weighted,design_runs,lr,1,9
uci_credit,19,weighted,single_objective_refs,rf,1,6
uci_credit,19,weighted,single_objective_refs,gnb+knn+rf+xgb,1,6
uci_credit,19,weighted,single_objective_refs,lr+gnb+knn+rf+xgb,1,6
uci_credit,19,weighted,single_objective_refs,gnb+rf,1,6
uci_credit,19,weighted,single_objective_refs,lr+knn+rf+xgb,1,6
uci_credit,19,weighted,single_objective_refs,lr,1,6
uci_credit,19,support,empirical_reference,lr+knn+rf+xgb,19,155
uci_credit,19,support,empirical_reference,lr+gnb+rf+xgb,15,155
uci_credit,19,support,empirical_reference,lr+rf+xgb,14,155
uci_credit,19,support,empirical_reference,lr+gnb+xgb,13,155
uci_credit,19,support,empirical_reference,lr+xgb,12,155
uci_credit,19,support,empirical_reference,lr+gnb+knn+rf+xgb,12,155
uci_credit,19,support,empirical_reference,gnb+knn+rf+xgb,10,155
uci_credit,19,support,empirical_reference,lr+gnb+knn+rf,10,155
uci_credit,19,support,empirical_reference,lr+rf,9,155
uci_credit,19,support,empirical_reference,lr+gnb+rf,8,155
uci_credit,19,support,empirical_reference,rf+xgb,6,155
uci_credit,19,support,empirical_reference,gnb+rf+xgb,5,155
uci_credit,19,support,empirical_reference,lr+knn+rf,5,155
uci_credit,19,support,empirical_reference,gnb+rf,4,155
uci_credit,19,support,empirical_reference,knn+rf+xgb,4,155
uci_credit,19,support,empirical_reference,rf,4,155
uci_credit,19,support,empirical_reference,xgb,2,155
uci_credit,19,support,empirical_reference,gnb+knn+rf,2,155
uci_credit,19,support,empirical_reference,lr,1,155
uci_credit,19,support,nbi_A,lr+knn+rf+xgb,3,7
uci_credit,19,support,nbi_A,lr,1,7
uci_credit,19,support,nbi_A,gnb+rf,1,7
uci_credit,19,support,nbi_A,lr+gnb+rf+xgb,1,7
uci_credit,19,support,nbi_A,knn+rf+xgb,1,7
uci_credit,19,support,nbi_B,lr+knn+rf+xgb,9,15
uci_credit,19,support,nbi_B,lr+rf+xgb,2,15
uci_credit,19,support,nbi_B,lr,1,15
uci_credit,19,support,nbi_B,gnb+knn+rf+xgb,1,15
uci_credit,19,support,nbi_B,lr+gnb+xgb,1,15
uci_credit,19,support,nbi_B,lr+gnb+knn+rf+xgb,1,15
uci_credit,19,support,nbi_C,lr+gnb+knn+rf+xgb,10,19
uci_credit,19,support,nbi_C,lr+gnb+rf+xgb,5,19
uci_credit,19,support,nbi_C,lr,1,19
uci_credit,19,support,nbi_C,lr+rf+xgb,1,19
uci_credit,19,support,nbi_C,gnb+knn+rf+xgb,1,19
uci_credit,19,support,nbi_C,lr+gnb+xgb,1,19
uci_credit,19,support,ws_random_scalarization,lr+gnb+xgb,6,13
uci_credit,19,support,ws_random_scalarization,gnb+rf,4,13
uci_credit,19,support,ws_random_scalarization,lr+knn+rf+xgb,1,13
uci_credit,19,support,ws_random_scalarization,gnb+rf+xgb,1,13
uci_credit,19,support,ws_random_scalarization,lr+rf+xgb,1,13
uci_credit,19,support,random_dirichlet_budget,lr+gnb+knn+rf+xgb,1,3
uci_credit,19,support,random_dirichlet_budget,lr+gnb+rf+xgb,1,3
uci_credit,19,support,random_dirichlet_budget,lr+knn+rf+xgb,1,3
uci_credit,19,support,design_runs,xgb,1,4
uci_credit,19,support,design_runs,rf,1,4
uci_credit,19,support,design_runs,lr+xgb,1,4
uci_credit,19,support,design_runs,lr,1,4
uci_credit,19,support,single_objective_refs,rf,1,6
uci_credit,19,support,single_objective_refs,gnb+knn+rf+xgb,1,6
uci_credit,19,support,single_objective_refs,lr+gnb+knn+rf+xgb,1,6
uci_credit,19,support,single_objective_refs,gnb+rf,1,6
uci_credit,19,support,single_objective_refs,lr+knn+rf+xgb,1,6
uci_credit,19,support,single_objective_refs,lr,1,6
uci_credit,20,weighted,empirical_reference,lr+gnb+rf+xgb,167,554
uci_credit,20,weighted,empirical_reference,lr+gnb+xgb,103,554
uci_credit,20,weighted,empirical_reference,lr+rf+xgb,83,554
uci_credit,20,weighted,empirical_reference,lr+gnb+knn+rf+xgb,81,554
uci_credit,20,weighted,empirical_reference,lr+knn+rf+xgb,60,554
uci_credit,20,weighted,empirical_reference,lr+xgb,39,554
uci_credit,20,weighted,empirical_reference,lr+gnb,10,554
uci_credit,20,weighted,empirical_reference,lr,8,554
uci_credit,20,weighted,empirical_reference,gnb+knn+rf+xgb,2,554
uci_credit,20,weighted,empirical_reference,lr+gnb+knn+xgb,1,554
uci_credit,20,weighted,nbi_A,lr+knn+rf+xgb,5,9
uci_credit,20,weighted,nbi_A,lr+gnb+rf+xgb,3,9
uci_credit,20,weighted,nbi_A,lr,1,9
uci_credit,20,weighted,nbi_B,lr+knn+rf+xgb,19,27
uci_credit,20,weighted,nbi_B,lr+gnb+rf+xgb,3,27
uci_credit,20,weighted,nbi_B,lr+gnb+xgb,2,27
uci_credit,20,weighted,nbi_B,lr+gnb+knn+rf+xgb,2,27
uci_credit,20,weighted,nbi_B,lr,1,27
uci_credit,20,weighted,nbi_C,lr+gnb+rf+xgb,30,65
uci_credit,20,weighted,nbi_C,lr+gnb+knn+rf+xgb,17,65
uci_credit,20,weighted,nbi_C,lr+gnb+xgb,14,65
uci_credit,20,weighted,nbi_C,lr+rf+xgb,3,65
uci_credit,20,weighted,nbi_C,lr,1,65
uci_credit,20,weighted,ws_random_scalarization,lr+gnb+xgb,16,41
uci_credit,20,weighted,ws_random_scalarization,lr+gnb+rf+xgb,12,41
uci_credit,20,weighted,ws_random_scalarization,lr+rf+xgb,11,41
uci_credit,20,weighted,ws_random_scalarization,gnb+rf+xgb,1,41
uci_credit,20,weighted,ws_random_scalarization,lr+knn+rf+xgb,1,41
uci_credit,20,weighted,random_dirichlet_budget,lr+gnb+knn+rf+xgb,5,6
uci_credit,20,weighted,random_dirichlet_budget,gnb+knn+rf+xgb,1,6
uci_credit,20,weighted,design_runs,lr+xgb,3,8
uci_credit,20,weighted,design_runs,rf+xgb,2,8
uci_credit,20,weighted,design_runs,rf,1,8
uci_credit,20,weighted,design_runs,lr+rf+xgb,1,8
uci_credit,20,weighted,design_runs,lr,1,8
uci_credit,20,weighted,single_objective_refs,lr+gnb+knn+rf+xgb,2,6
uci_credit,20,weighted,single_objective_refs,rf,1,6
uci_credit,20,weighted,single_objective_refs,gnb+rf,1,6
uci_credit,20,weighted,single_objective_refs,lr+knn+rf+xgb,1,6
uci_credit,20,weighted,single_objective_refs,lr,1,6
uci_credit,20,support,empirical_reference,lr+gnb+knn+rf+xgb,17,125
uci_credit,20,support,empirical_reference,lr+knn+rf+xgb,15,125
uci_credit,20,support,empirical_reference,lr+knn+rf,11,125
uci_credit,20,support,empirical_reference,lr+gnb+xgb,11,125
uci_credit,20,support,empirical_reference,lr+xgb,8,125
uci_credit,20,support,empirical_reference,lr+rf+xgb,8,125
uci_credit,20,support,empirical_reference,lr+gnb+rf,8,125
uci_credit,20,support,empirical_reference,lr+gnb+rf+xgb,8,125
uci_credit,20,support,empirical_reference,lr+rf,7,125
uci_credit,20,support,empirical_reference,rf+xgb,6,125
uci_credit,20,support,empirical_reference,knn+rf+xgb,6,125
uci_credit,20,support,empirical_reference,lr,5,125
uci_credit,20,support,empirical_reference,xgb,3,125
uci_credit,20,support,empirical_reference,knn+rf,2,125
uci_credit,20,support,empirical_reference,gnb+knn+rf+xgb,2,125
uci_credit,20,support,empirical_reference,gnb+rf,2,125
uci_credit,20,support,empirical_reference,lr+gnb+knn+rf,2,125
uci_credit,20,support,empirical_reference,rf,2,125
uci_credit,20,support,empirical_reference,gnb+knn+rf,2,125
uci_credit,20,support,nbi_A,lr+gnb+rf+xgb,2,6
uci_credit,20,support,nbi_A,lr,1,6
uci_credit,20,support,nbi_A,gnb+rf,1,6
uci_credit,20,support,nbi_A,lr+knn+rf+xgb,1,6
uci_credit,20,support,nbi_A,knn+rf+xgb,1,6
uci_credit,20,support,nbi_B,lr+knn+rf+xgb,9,14
uci_credit,20,support,nbi_B,lr+gnb+knn+rf+xgb,2,14
uci_credit,20,support,nbi_B,lr,1,14
uci_credit,20,support,nbi_B,lr+gnb+xgb,1,14
uci_credit,20,support,nbi_B,lr+gnb+rf+xgb,1,14
uci_credit,20,support,nbi_C,lr+gnb+knn+rf+xgb,10,15
uci_credit,20,support,nbi_C,lr+gnb+rf+xgb,2,15
uci_credit,20,support,nbi_C,lr,1,15
uci_credit,20,support,nbi_C,lr+rf+xgb,1,15
uci_credit,20,support,nbi_C,lr+gnb+xgb,1,15
uci_credit,20,support,ws_random_scalarization,gnb+rf,10,19
uci_credit,20,support,ws_random_scalarization,lr+gnb+xgb,4,19
uci_credit,20,support,ws_random_scalarization,lr+rf+xgb,2,19
uci_credit,20,support,ws_random_scalarization,rf+xgb,1,19
uci_credit,20,support,ws_random_scalarization,gnb+rf+xgb,1,19
uci_credit,20,support,ws_random_scalarization,lr+knn+rf+xgb,1,19
uci_credit,20,support,random_dirichlet_budget,gnb+knn+rf+xgb,1,2
uci_credit,20,support,random_dirichlet_budget,lr+gnb+knn+rf+xgb,1,2
uci_credit,20,support,design_runs,xgb,1,4
uci_credit,20,support,design_runs,rf,1,4
uci_credit,20,support,design_runs,lr+xgb,1,4
uci_credit,20,support,design_runs,lr,1,4
uci_credit,20,support,single_objective_refs,lr+gnb+knn+rf+xgb,2,6
uci_credit,20,support,single_objective_refs,rf,1,6
uci_credit,20,support,single_objective_refs,gnb+rf,1,6
uci_credit,20,support,single_objective_refs,lr+knn+rf+xgb,1,6
uci_credit,20,support,single_objective_refs,lr,1,6
uci_credit,21,weighted,empirical_reference,lr+gnb+rf+xgb,191,732
uci_credit,21,weighted,empirical_reference,lr+rf+xgb,145,732
uci_credit,21,weighted,empirical_reference,lr+gnb+xgb,145,732
uci_credit,21,weighted,empirical_reference,lr+knn+rf+xgb,118,732
uci_credit,21,weighted,empirical_reference,lr+gnb+knn+rf+xgb,60,732
uci_credit,21,weighted,empirical_reference,lr+xgb,57,732
uci_credit,21,weighted,empirical_reference,lr,9,732
uci_credit,21,weighted,empirical_reference,lr+gnb,7,732
uci_credit,21,weighted,nbi_A,lr+knn+rf+xgb,4,8
uci_credit,21,weighted,nbi_A,lr+gnb+rf+xgb,3,8
uci_credit,21,weighted,nbi_A,lr,1,8
uci_credit,21,weighted,nbi_B,lr+knn+rf+xgb,16,23
uci_credit,21,weighted,nbi_B,lr+gnb+rf+xgb,4,23
uci_credit,21,weighted,nbi_B,lr,1,23
uci_credit,21,weighted,nbi_B,lr+gnb+xgb,1,23
uci_credit,21,weighted,nbi_B,lr+rf+xgb,1,23
uci_credit,21,weighted,nbi_C,lr+rf+xgb,18,65
uci_credit,21,weighted,nbi_C,lr+gnb+rf+xgb,17,65
uci_credit,21,weighted,nbi_C,lr+gnb+xgb,14,65
uci_credit,21,weighted,nbi_C,lr+knn+rf+xgb,11,65
uci_credit,21,weighted,nbi_C,lr+gnb+knn+rf+xgb,4,65
uci_credit,21,weighted,nbi_C,lr,1,65
uci_credit,21,weighted,ws_random_scalarization,lr+gnb+xgb,22,43
uci_credit,21,weighted,ws_random_scalarization,lr+rf+xgb,10,43
uci_credit,21,weighted,ws_random_scalarization,lr+gnb+rf+xgb,6,43
uci_credit,21,weighted,ws_random_scalarization,lr+xgb,4,43
uci_credit,21,weighted,ws_random_scalarization,gnb+rf+xgb,1,43
uci_credit,21,weighted,random_dirichlet_budget,lr+gnb+knn+rf+xgb,7,8
uci_credit,21,weighted,random_dirichlet_budget,lr+gnb+rf+xgb,1,8
uci_credit,21,weighted,design_runs,lr+xgb,3,9
uci_credit,21,weighted,design_runs,rf+xgb,2,9
uci_credit,21,weighted,design_runs,rf,1,9
uci_credit,21,weighted,design_runs,lr+rf+xgb,1,9
uci_credit,21,weighted,design_runs,lr+rf,1,9
uci_credit,21,weighted,design_runs,lr,1,9
uci_credit,21,weighted,single_objective_refs,lr+knn+rf+xgb,3,6
uci_credit,21,weighted,single_objective_refs,rf,1,6
uci_credit,21,weighted,single_objective_refs,gnb+rf,1,6
uci_credit,21,weighted,single_objective_refs,lr,1,6
uci_credit,21,support,empirical_reference,lr+knn+rf+xgb,35,151
uci_credit,21,support,empirical_reference,lr+rf,24,151
uci_credit,21,support,empirical_reference,lr+xgb,16,151
uci_credit,21,support,empirical_reference,lr+rf+xgb,12,151
uci_credit,21,support,empirical_reference,lr+gnb+xgb,10,151
uci_credit,21,support,empirical_reference,knn+rf+xgb,10,151
uci_credit,21,support,empirical_reference,lr+knn+rf,8,151
uci_credit,21,support,empirical_reference,lr+gnb+rf+xgb,8,151
uci_credit,21,support,empirical_reference,lr+gnb+rf,6,151
uci_credit,21,support,empirical_reference,rf+xgb,6,151
uci_credit,21,support,empirical_reference,lr,5,151
uci_credit,21,support,empirical_reference,rf,3,151
uci_credit,21,support,empirical_reference,xgb,3,151
uci_credit,21,support,empirical_reference,lr+gnb+knn+rf+xgb,3,151
uci_credit,21,support,empirical_reference,lr+gnb+knn+rf,2,151
uci_credit,21,support,nbi_A,lr+knn+rf+xgb,2,5
uci_credit,21,support,nbi_A,lr,1,5
uci_credit,21,support,nbi_A,gnb+rf,1,5
uci_credit,21,support,nbi_A,lr+gnb+rf+xgb,1,5
uci_credit,21,support,nbi_B,lr+knn+rf+xgb,10,13
uci_credit,21,support,nbi_B,lr,1,13
uci_credit,21,support,nbi_B,lr+gnb+xgb,1,13
uci_credit,21,support,nbi_B,lr+rf+xgb,1,13
uci_credit,21,support,nbi_C,lr+knn+rf+xgb,11,17
uci_credit,21,support,nbi_C,lr+rf+xgb,3,17
uci_credit,21,support,nbi_C,lr,1,17
uci_credit,21,support,nbi_C,lr+gnb+xgb,1,17
uci_credit,21,support,nbi_C,lr+gnb+rf+xgb,1,17
uci_credit,21,support,ws_random_scalarization,gnb+rf,9,20
uci_credit,21,support,ws_random_scalarization,lr+xgb,4,20
uci_credit,21,support,ws_random_scalarization,lr+gnb+xgb,3,20
uci_credit,21,support,ws_random_scalarization,rf,2,20
uci_credit,21,support,ws_random_scalarization,lr+rf+xgb,1,20
uci_credit,21,support,ws_random_scalarization,rf+xgb,1,20
uci_credit,21,support,random_dirichlet_budget,lr+gnb+rf+xgb,1,2
uci_credit,21,support,random_dirichlet_budget,lr+gnb+knn+rf+xgb,1,2
uci_credit,21,support,design_runs,xgb,1,4
uci_credit,21,support,design_runs,rf,1,4
uci_credit,21,support,design_runs,lr+xgb,1,4
uci_credit,21,support,design_runs,lr,1,4
uci_credit,21,support,single_objective_refs,lr+knn+rf+xgb,3,6
uci_credit,21,support,single_objective_refs,rf,1,6
uci_credit,21,support,single_objective_refs,gnb+rf,1,6
uci_credit,21,support,single_objective_refs,lr,1,6
uci_credit,22,weighted,empirical_reference,lr+rf+xgb,206,765
uci_credit,22,weighted,empirical_reference,lr+gnb+rf+xgb,200,765
uci_credit,22,weighted,empirical_reference,lr+gnb+xgb,129,765
uci_credit,22,weighted,empirical_reference,lr+gnb+knn+rf+xgb,75,765
uci_credit,22,weighted,empirical_reference,lr+knn+rf+xgb,70,765
uci_credit,22,weighted,empirical_reference,lr+xgb,65,765
uci_credit,22,weighted,empirical_reference,lr+gnb,9,765
uci_credit,22,weighted,empirical_reference,lr,8,765
uci_credit,22,weighted,empirical_reference,knn+rf+xgb,1,765
uci_credit,22,weighted,empirical_reference,lr+gnb+knn+xgb,1,765
uci_credit,22,weighted,empirical_reference,gnb+knn+rf+xgb,1,765
uci_credit,22,weighted,nbi_A,lr+rf+xgb,18,40
uci_credit,22,weighted,nbi_A,lr+gnb+xgb,14,40
uci_credit,22,weighted,nbi_A,lr+knn+rf+xgb,6,40
uci_credit,22,weighted,nbi_A,lr,1,40
uci_credit,22,weighted,nbi_A,lr+gnb+rf+xgb,1,40
uci_credit,22,weighted,nbi_B,lr+rf+xgb,24,66
uci_credit,22,weighted,nbi_B,lr+gnb+xgb,17,66
uci_credit,22,weighted,nbi_B,lr+knn+rf+xgb,13,66
uci_credit,22,weighted,nbi_B,lr+gnb+rf+xgb,10,66
uci_credit,22,weighted,nbi_B,lr,1,66
uci_credit,22,weighted,nbi_B,lr+gnb+knn+rf+xgb,1,66
uci_credit,22,weighted,nbi_C,lr+gnb+rf+xgb,23,63
uci_credit,22,weighted,nbi_C,lr+gnb+xgb,14,63
uci_credit,22,weighted,nbi_C,lr+rf+xgb,13,63
uci_credit,22,weighted,nbi_C,lr+knn+rf+xgb,8,63
uci_credit,22,weighted,nbi_C,lr+gnb+knn+rf+xgb,4,63
uci_credit,22,weighted,nbi_C,lr,1,63
uci_credit,22,weighted,ws_random_scalarization,lr+rf+xgb,37,63
uci_credit,22,weighted,ws_random_scalarization,lr+xgb,23,63
uci_credit,22,weighted,ws_random_scalarization,lr+knn+rf+xgb,3,63
uci_credit,22,weighted,random_dirichlet_budget,lr+gnb+knn+rf+xgb,7,8
uci_credit,22,weighted,random_dirichlet_budget,lr+gnb+knn+xgb,1,8
uci_credit,22,weighted,design_runs,lr+xgb,3,8
uci_credit,22,weighted,design_runs,rf+xgb,2,8
uci_credit,22,weighted,design_runs,rf,1,8
uci_credit,22,weighted,design_runs,lr+rf+xgb,1,8
uci_credit,22,weighted,design_runs,lr,1,8
uci_credit,22,weighted,single_objective_refs,rf,1,4
uci_credit,22,weighted,single_objective_refs,lr+knn+rf+xgb,1,4
uci_credit,22,weighted,single_objective_refs,lr+gnb+knn+rf+xgb,1,4
uci_credit,22,weighted,single_objective_refs,lr,1,4
uci_credit,22,support,empirical_reference,lr+knn+rf+xgb,24,138
uci_credit,22,support,empirical_reference,lr+xgb,22,138
uci_credit,22,support,empirical_reference,lr+rf,21,138
uci_credit,22,support,empirical_reference,lr+gnb+xgb,12,138
uci_credit,22,support,empirical_reference,rf+xgb,10,138
uci_credit,22,support,empirical_reference,lr+gnb+rf+xgb,10,138
uci_credit,22,support,empirical_reference,lr+rf+xgb,10,138
uci_credit,22,support,empirical_reference,knn+rf+xgb,8,138
uci_credit,22,support,empirical_reference,lr+gnb+knn+rf+xgb,6,138
uci_credit,22,support,empirical_reference,lr+gnb+rf,5,138
uci_credit,22,support,empirical_reference,rf,4,138
uci_credit,22,support,empirical_reference,xgb,3,138
uci_credit,22,support,empirical_reference,lr,2,138
uci_credit,22,support,empirical_reference,gnb+knn+rf+xgb,1,138
uci_credit,22,support,nbi_A,lr+knn+rf+xgb,6,11
uci_credit,22,support,nbi_A,lr,1,11
uci_credit,22,support,nbi_A,lr+gnb+xgb,1,11
uci_credit,22,support,nbi_A,knn+rf+xgb,1,11
uci_credit,22,support,nbi_A,lr+rf+xgb,1,11
uci_credit,22,support,nbi_A,lr+gnb+rf+xgb,1,11
uci_credit,22,support,nbi_B,lr+knn+rf+xgb,13,18
uci_credit,22,support,nbi_B,lr+gnb+xgb,2,18
uci_credit,22,support,nbi_B,lr,1,18
uci_credit,22,support,nbi_B,lr+rf+xgb,1,18
uci_credit,22,support,nbi_B,lr+gnb+knn+rf+xgb,1,18
uci_credit,22,support,nbi_C,lr+knn+rf+xgb,8,21
uci_credit,22,support,nbi_C,lr+gnb+rf+xgb,5,21
uci_credit,22,support,nbi_C,lr+rf+xgb,3,21
uci_credit,22,support,nbi_C,lr+gnb+knn+rf+xgb,3,21
uci_credit,22,support,nbi_C,lr,1,21
uci_credit,22,support,nbi_C,lr+gnb+xgb,1,21
uci_credit,22,support,ws_random_scalarization,lr+xgb,10,14
uci_credit,22,support,ws_random_scalarization,lr+knn+rf+xgb,3,14
uci_credit,22,support,ws_random_scalarization,lr+rf+xgb,1,14
uci_credit,22,support,random_dirichlet_budget,lr+gnb+knn+rf+xgb,3,5
uci_credit,22,support,random_dirichlet_budget,lr+gnb+knn+rf,1,5
uci_credit,22,support,random_dirichlet_budget,lr+gnb+knn+xgb,1,5
uci_credit,22,support,design_runs,xgb,1,4
uci_credit,22,support,design_runs,rf,1,4
uci_credit,22,support,design_runs,lr+xgb,1,4
uci_credit,22,support,design_runs,lr,1,4
uci_credit,22,support,single_objective_refs,lr+knn+rf+xgb,2,6
uci_credit,22,support,single_objective_refs,rf,1,6
uci_credit,22,support,single_objective_refs,lr+gnb+knn+rf+xgb,1,6
uci_credit,22,support,single_objective_refs,knn+rf+xgb,1,6
uci_credit,22,support,single_objective_refs,lr,1,6
uci_credit,23,weighted,empirical_reference,lr+gnb+xgb,114,463
uci_credit,23,weighted,empirical_reference,lr+gnb+rf+xgb,105,463
uci_credit,23,weighted,empirical_reference,lr+rf+xgb,92,463
uci_credit,23,weighted,empirical_reference,lr+knn+rf+xgb,59,463
uci_credit,23,weighted,empirical_reference,lr+gnb+knn+rf+xgb,40,463
uci_credit,23,weighted,empirical_reference,lr+xgb,38,463
uci_credit,23,weighted,empirical_reference,lr+gnb,8,463
uci_credit,23,weighted,empirical_reference,lr,5,463
uci_credit,23,weighted,empirical_reference,lr+gnb+knn+xgb,2,463
uci_credit,23,weighted,nbi_A,lr+knn+rf+xgb,8,13
uci_credit,23,weighted,nbi_A,lr+gnb+xgb,2,13
uci_credit,23,weighted,nbi_A,lr+gnb+rf+xgb,2,13
uci_credit,23,weighted,nbi_A,lr,1,13
uci_credit,23,weighted,nbi_B,lr+knn+rf+xgb,17,27
uci_credit,23,weighted,nbi_B,lr+gnb+xgb,7,27
uci_credit,23,weighted,nbi_B,lr,1,27
uci_credit,23,weighted,nbi_B,lr+rf+xgb,1,27
uci_credit,23,weighted,nbi_B,lr+gnb+rf+xgb,1,27
uci_credit,23,weighted,nbi_C,lr+gnb+xgb,14,54
uci_credit,23,weighted,nbi_C,lr+knn+rf+xgb,13,54
uci_credit,23,weighted,nbi_C,lr+gnb+rf+xgb,13,54
uci_credit,23,weighted,nbi_C,lr+rf+xgb,7,54
uci_credit,23,weighted,nbi_C,lr+gnb+knn+rf+xgb,6,54
uci_credit,23,weighted,nbi_C,lr,1,54
uci_credit,23,weighted,ws_random_scalarization,lr+gnb+xgb,17,44
uci_credit,23,weighted,ws_random_scalarization,lr+rf+xgb,14,44
uci_credit,23,weighted,ws_random_scalarization,lr+gnb+rf+xgb,11,44
uci_credit,23,weighted,ws_random_scalarization,lr+knn+rf+xgb,1,44
uci_credit,23,weighted,ws_random_scalarization,lr+xgb,1,44
uci_credit,23,weighted,random_dirichlet_budget,lr+gnb+knn+rf+xgb,10,10
uci_credit,23,weighted,design_runs,rf+xgb,3,8
uci_credit,23,weighted,design_runs,lr+xgb,3,8
uci_credit,23,weighted,design_runs,lr+rf+xgb,1,8
uci_credit,23,weighted,design_runs,lr,1,8
uci_credit,23,weighted,single_objective_refs,lr+knn+rf+xgb,2,4
uci_credit,23,weighted,single_objective_refs,rf,1,4
uci_credit,23,weighted,single_objective_refs,lr,1,4
uci_credit,23,support,empirical_reference,lr+knn+rf+xgb,19,80
uci_credit,23,support,empirical_reference,lr+rf,15,80
uci_credit,23,support,empirical_reference,lr+xgb,13,80
uci_credit,23,support,empirical_reference,lr+gnb+xgb,11,80
uci_credit,23,support,empirical_reference,lr+rf+xgb,8,80
uci_credit,23,support,empirical_reference,rf+xgb,3,80
uci_credit,23,support,empirical_reference,lr+gnb+rf+xgb,3,80
uci_credit,23,support,empirical_reference,xgb,3,80
uci_credit,23,support,empirical_reference,knn+rf+xgb,2,80
uci_credit,23,support,empirical_reference,rf,2,80
uci_credit,23,support,empirical_reference,lr,1,80
uci_credit,23,support,nbi_A,lr+knn+rf+xgb,7,11
uci_credit,23,support,nbi_A,lr,1,11
uci_credit,23,support,nbi_A,rf,1,11
uci_credit,23,support,nbi_A,lr+gnb+xgb,1,11
uci_credit,23,support,nbi_A,lr+gnb+rf+xgb,1,11
uci_credit,23,support,nbi_B,lr+knn+rf+xgb,11,15
uci_credit,23,support,nbi_B,lr+gnb+xgb,2,15
uci_credit,23,support,nbi_B,lr,1,15
uci_credit,23,support,nbi_B,lr+rf+xgb,1,15
uci_credit,23,support,nbi_C,lr+knn+rf+xgb,11,14
uci_credit,23,support,nbi_C,lr,1,14
uci_credit,23,support,nbi_C,lr+rf+xgb,1,14
uci_credit,23,support,nbi_C,lr+gnb+xgb,1,14
uci_credit,23,support,ws_random_scalarization,lr+gnb+xgb,6,11
uci_credit,23,support,ws_random_scalarization,lr+rf+xgb,2,11
uci_credit,23,support,ws_random_scalarization,rf+xgb,1,11
uci_credit,23,support,ws_random_scalarization,lr+knn+rf+xgb,1,11
uci_credit,23,support,ws_random_scalarization,lr+xgb,1,11
uci_credit,23,support,random_dirichlet_budget,lr+gnb+knn+rf+xgb,2,2
uci_credit,23,support,design_runs,xgb,1,5
uci_credit,23,support,design_runs,rf+xgb,1,5
uci_credit,23,support,design_runs,rf,1,5
uci_credit,23,support,design_runs,lr+xgb,1,5
uci_credit,23,support,design_runs,lr,1,5
uci_credit,23,support,single_objective_refs,rf,2,5
uci_credit,23,support,single_objective_refs,lr+knn+rf+xgb,2,5
uci_credit,23,support,single_objective_refs,lr,1,5
uci_credit,24,weighted,empirical_reference,lr+gnb+rf+xgb,197,607
uci_credit,24,weighted,empirical_reference,lr+gnb+xgb,128,607
uci_credit,24,weighted,empirical_reference,lr+gnb+knn+rf+xgb,127,607
uci_credit,24,weighted,empirical_reference,lr+rf+xgb,50,607
uci_credit,24,weighted,empirical_reference,lr+knn+rf+xgb,41,607
uci_credit,24,weighted,empirical_reference,lr+xgb,25,607
uci_credit,24,weighted,empirical_reference,gnb+knn+rf+xgb,16,607
uci_credit,24,weighted,empirical_reference,lr+gnb,10,607
uci_credit,24,weighted,empirical_reference,lr,9,607
uci_credit,24,weighted,empirical_reference,knn+rf+xgb,2,607
uci_credit,24,weighted,empirical_reference,gnb+rf+xgb,2,607
uci_credit,24,weighted,nbi_A,lr+knn+rf+xgb,5,10
uci_credit,24,weighted,nbi_A,lr+rf+xgb,2,10
uci_credit,24,weighted,nbi_A,lr,1,10
uci_credit,24,weighted,nbi_A,lr+gnb+xgb,1,10
uci_credit,24,weighted,nbi_A,lr+gnb+rf+xgb,1,10
uci_credit,24,weighted,nbi_B,lr+knn+rf+xgb,16,26
uci_credit,24,weighted,nbi_B,lr+gnb+xgb,3,26
uci_credit,24,weighted,nbi_B,lr+gnb+rf+xgb,2,26
uci_credit,24,weighted,nbi_B,lr+rf+xgb,2,26
uci_credit,24,weighted,nbi_B,lr,1,26
uci_credit,24,weighted,nbi_B,gnb+knn+rf+xgb,1,26
uci_credit,24,weighted,nbi_B,lr+gnb+knn+rf+xgb,1,26
uci_credit,24,weighted,nbi_C,lr+gnb+rf+xgb,35,65
uci_credit,24,weighted,nbi_C,lr+gnb+xgb,14,65
uci_credit,24,weighted,nbi_C,lr+gnb+knn+rf+xgb,14,65
uci_credit,24,weighted,nbi_C,lr,1,65
uci_credit,24,weighted,nbi_C,gnb+knn+rf+xgb,1,65
uci_credit,24,weighted,ws_random_scalarization,lr+gnb+rf+xgb,23,53
uci_credit,24,weighted,ws_random_scalarization,lr+gnb+xgb,18,53
uci_credit,24,weighted,ws_random_scalarization,lr+rf+xgb,8,53
uci_credit,24,weighted,ws_random_scalarization,gnb+rf+xgb,3,53
uci_credit,24,weighted,ws_random_scalarization,lr+knn+rf+xgb,1,53
uci_credit,24,weighted,random_dirichlet_budget,lr+gnb+knn+rf+xgb,11,11
uci_credit,24,weighted,design_runs,lr+xgb,3,11
uci_credit,24,weighted,design_runs,rf+xgb,2,11
uci_credit,24,weighted,design_runs,rf,1,11
uci_credit,24,weighted,design_runs,lr+rf+xgb,1,11
uci_credit,24,weighted,design_runs,lr+rf,1,11
uci_credit,24,weighted,design_runs,lr+gnb,1,11
uci_credit,24,weighted,design_runs,lr,1,11
uci_credit,24,weighted,design_runs,lr+gnb+rf+xgb,1,11
uci_credit,24,weighted,single_objective_refs,rf,1,5
uci_credit,24,weighted,single_objective_refs,gnb+knn+rf+xgb,1,5
uci_credit,24,weighted,single_objective_refs,lr+gnb+knn+rf+xgb,1,5
uci_credit,24,weighted,single_objective_refs,lr+knn+rf+xgb,1,5
uci_credit,24,weighted,single_objective_refs,lr,1,5
uci_credit,24,support,empirical_reference,lr+gnb+knn+rf+xgb,23,164
uci_credit,24,support,empirical_reference,lr+knn+rf+xgb,17,164
uci_credit,24,support,empirical_reference,lr+gnb+rf+xgb,15,164
uci_credit,24,support,empirical_reference,lr+gnb+rf,13,164
uci_credit,24,support,empirical_reference,lr+gnb+xgb,13,164
uci_credit,24,support,empirical_reference,lr+rf,11,164
uci_credit,24,support,empirical_reference,lr+xgb,10,164
uci_credit,24,support,empirical_reference,gnb+knn+rf+xgb,10,164
uci_credit,24,support,empirical_reference,gnb+rf+xgb,9,164
uci_credit,24,support,empirical_reference,lr+gnb+knn+rf,8,164
uci_credit,24,support,empirical_reference,knn+rf+xgb,7,164
uci_credit,24,support,empirical_reference,lr+rf+xgb,6,164
uci_credit,24,support,empirical_reference,gnb+rf,5,164
uci_credit,24,support,empirical_reference,rf+xgb,5,164
uci_credit,24,support,empirical_reference,lr,5,164
uci_credit,24,support,empirical_reference,rf,2,164
uci_credit,24,support,empirical_reference,lr+knn+rf,2,164
uci_credit,24,support,empirical_reference,gnb+knn+rf,2,164
uci_credit,24,support,empirical_reference,xgb,1,164
uci_credit,24,support,nbi_A,lr+knn+rf+xgb,4,9
uci_credit,24,support,nbi_A,lr,1,9
uci_credit,24,support,nbi_A,rf,1,9
uci_credit,24,support,nbi_A,lr+gnb+xgb,1,9
uci_credit,24,support,nbi_A,lr+rf+xgb,1,9
uci_credit,24,support,nbi_A,knn+rf+xgb,1,9
uci_credit,24,support,nbi_B,lr+knn+rf+xgb,9,15
uci_credit,24,support,nbi_B,lr+rf+xgb,2,15
uci_credit,24,support,nbi_B,lr,1,15
uci_credit,24,support,nbi_B,gnb+knn+rf+xgb,1,15
uci_credit,24,support,nbi_B,lr+gnb+xgb,1,15
uci_credit,24,support,nbi_B,lr+gnb+knn+rf+xgb,1,15
uci_credit,24,support,nbi_C,lr+gnb+knn+rf+xgb,9,17
uci_credit,24,support,nbi_C,lr+gnb+rf+xgb,5,17
uci_credit,24,support,nbi_C,lr,1,17
uci_credit,24,support,nbi_C,gnb+knn+rf+xgb,1,17
uci_credit,24,support,nbi_C,lr+gnb+xgb,1,17
uci_credit,24,support,ws_random_scalarization,lr+gnb+xgb,7,14
uci_credit,24,support,ws_random_scalarization,gnb+rf+xgb,3,14
uci_credit,24,support,ws_random_scalarization,rf+xgb,1,14
uci_credit,24,support,ws_random_scalarization,lr+rf+xgb,1,14
uci_credit,24,support,ws_random_scalarization,lr+knn+rf+xgb,1,14
uci_credit,24,support,ws_random_scalarization,rf,1,14
uci_credit,24,support,random_dirichlet_budget,lr+gnb+knn+rf+xgb,1,1
uci_credit,24,support,design_runs,xgb,1,4
uci_credit,24,support,design_runs,rf,1,4
uci_credit,24,support,design_runs,lr+xgb,1,4
uci_credit,24,support,design_runs,lr,1,4
uci_credit,24,support,single_objective_refs,rf,2,6
uci_credit,24,support,single_objective_refs,gnb+knn+rf+xgb,1,6
uci_credit,24,support,single_objective_refs,lr+gnb+knn+rf+xgb,1,6
uci_credit,24,support,single_objective_refs,lr+knn+rf+xgb,1,6
uci_credit,24,support,single_objective_refs,lr,1,6
uci_credit,25,weighted,empirical_reference,lr+gnb+rf+xgb,116,481
uci_credit,25,weighted,empirical_reference,lr+rf+xgb,93,481
uci_credit,25,weighted,empirical_reference,lr+knn+rf+xgb,92,481
uci_credit,25,weighted,empirical_reference,lr+gnb+xgb,82,481
uci_credit,25,weighted,empirical_reference,lr+xgb,38,481
uci_credit,25,weighted,empirical_reference,lr+gnb+knn+rf+xgb,32,481
uci_credit,25,weighted,empirical_reference,lr,10,481
uci_credit,25,weighted,empirical_reference,knn+rf+xgb,7,481
uci_credit,25,weighted,empirical_reference,lr+gnb,4,481
uci_credit,25,weighted,empirical_reference,gnb+knn+rf+xgb,3,481
uci_credit,25,weighted,empirical_reference,lr+knn+xgb,3,481
uci_credit,25,weighted,empirical_reference,lr+gnb+knn+xgb,1,481
uci_credit,25,weighted,nbi_A,lr+knn+rf+xgb,5,13
uci_credit,25,weighted,nbi_A,gnb+rf+xgb,2,13
uci_credit,25,weighted,nbi_A,lr+gnb+rf+xgb,2,13
uci_credit,25,weighted,nbi_A,lr,1,13
uci_credit,25,weighted,nbi_A,lr+gnb+xgb,1,13
uci_credit,25,weighted,nbi_A,lr+gnb+knn+xgb,1,13
uci_credit,25,weighted,nbi_A,lr+rf+xgb,1,13
uci_credit,25,weighted,nbi_B,lr+knn+rf+xgb,19,33
uci_credit,25,weighted,nbi_B,lr+gnb+rf+xgb,8,33
uci_credit,25,weighted,nbi_B,lr+gnb+xgb,4,33
uci_credit,25,weighted,nbi_B,lr,1,33
uci_credit,25,weighted,nbi_B,knn+rf+xgb,1,33
uci_credit,25,weighted,nbi_C,lr+knn+rf+xgb,18,58
uci_credit,25,weighted,nbi_C,lr+gnb+rf+xgb,15,58
uci_credit,25,weighted,nbi_C,lr+gnb+xgb,14,58
uci_credit,25,weighted,nbi_C,lr+rf+xgb,8,58
uci_credit,25,weighted,nbi_C,lr,1,58
uci_credit,25,weighted,nbi_C,knn+rf+xgb,1,58
uci_credit,25,weighted,nbi_C,lr+gnb+knn+rf+xgb,1,58
uci_credit,25,weighted,ws_random_scalarization,lr+gnb+xgb,11,20
uci_credit,25,weighted,ws_random_scalarization,lr+gnb+rf+xgb,4,20
uci_credit,25,weighted,ws_random_scalarization,gnb+rf+xgb,3,20
uci_credit,25,weighted,ws_random_scalarization,lr+xgb,1,20
uci_credit,25,weighted,ws_random_scalarization,lr+rf+xgb,1,20
uci_credit,25,weighted,random_dirichlet_budget,lr+gnb+knn+rf+xgb,8,8
uci_credit,25,weighted,design_runs,lr+xgb,3,8
uci_credit,25,weighted,design_runs,rf+xgb,2,8
uci_credit,25,weighted,design_runs,rf,1,8
uci_credit,25,weighted,design_runs,lr+rf+xgb,1,8
uci_credit,25,weighted,design_runs,lr,1,8
uci_credit,25,weighted,single_objective_refs,lr+knn+rf+xgb,2,6
uci_credit,25,weighted,single_objective_refs,rf,1,6
uci_credit,25,weighted,single_objective_refs,knn+rf+xgb,1,6
uci_credit,25,weighted,single_objective_refs,gnb+rf,1,6
uci_credit,25,weighted,single_objective_refs,lr,1,6
uci_credit,25,support,empirical_reference,lr+knn+rf+xgb,18,83
uci_credit,25,support,empirical_reference,lr+rf,15,83
uci_credit,25,support,empirical_reference,knn+rf+xgb,10,83
uci_credit,25,support,empirical_reference,lr+gnb+xgb,8,83
uci_credit,25,support,empirical_reference,lr+xgb,7,83
uci_credit,25,support,empirical_reference,rf,5,83
uci_credit,25,support,empirical_reference,lr+rf+xgb,5,83
uci_credit,25,support,empirical_reference,lr+gnb+rf+xgb,5,83
uci_credit,25,support,empirical_reference,lr,5,83
uci_credit,25,support,empirical_reference,rf+xgb,3,83
uci_credit,25,support,empirical_reference,xgb,2,83
uci_credit,25,support,nbi_A,lr,1,6
uci_credit,25,support,nbi_A,gnb+rf,1,6
uci_credit,25,support,nbi_A,lr+gnb+xgb,1,6
uci_credit,25,support,nbi_A,lr+gnb+rf+xgb,1,6
uci_credit,25,support,nbi_A,lr+rf+xgb,1,6
uci_credit,25,support,nbi_A,lr+knn+rf+xgb,1,6
uci_credit,25,support,nbi_B,lr+knn+rf+xgb,5,9
uci_credit,25,support,nbi_B,lr,1,9
uci_credit,25,support,nbi_B,knn+rf+xgb,1,9
uci_credit,25,support,nbi_B,lr+gnb+xgb,1,9
uci_credit,25,support,nbi_B,lr+gnb+rf+xgb,1,9
uci_credit,25,support,nbi_C,lr+knn+rf+xgb,10,14
uci_credit,25,support,nbi_C,lr,1,14
uci_credit,25,support,nbi_C,lr+rf+xgb,1,14
uci_credit,25,support,nbi_C,knn+rf+xgb,1,14
uci_credit,25,support,nbi_C,lr+gnb+xgb,1,14
uci_credit,25,support,ws_random_scalarization,gnb+rf+xgb,2,9
uci_credit,25,support,ws_random_scalarization,lr+gnb+rf+xgb,2,9
uci_credit,25,support,ws_random_scalarization,lr+gnb+xgb,2,9
uci_credit,25,support,ws_random_scalarization,gnb+rf,1,9
uci_credit,25,support,ws_random_scalarization,lr+xgb,1,9
uci_credit,25,support,ws_random_scalarization,lr+rf+xgb,1,9
uci_credit,25,support,random_dirichlet_budget,lr+gnb+knn+rf+xgb,1,2
uci_credit,25,support,random_dirichlet_budget,lr+gnb+rf+xgb,1,2
uci_credit,25,support,design_runs,xgb,1,5
uci_credit,25,support,design_runs,rf+xgb,1,5
uci_credit,25,support,design_runs,rf,1,5
uci_credit,25,support,design_runs,lr+xgb,1,5
uci_credit,25,support,design_runs,lr,1,5
uci_credit,25,support,single_objective_refs,lr+knn+rf+xgb,2,5
uci_credit,25,support,single_objective_refs,rf,1,5
uci_credit,25,support,single_objective_refs,knn+rf+xgb,1,5
uci_credit,25,support,single_objective_refs,lr,1,5
uci_credit,26,weighted,empirical_reference,lr+gnb+rf+xgb,121,474
uci_credit,26,weighted,empirical_reference,lr+gnb+xgb,105,474
uci_credit,26,weighted,empirical_reference,lr+rf+xgb,103,474
uci_credit,26,weighted,empirical_reference,lr+knn+rf+xgb,72,474
uci_credit,26,weighted,empirical_reference,lr+xgb,36,474
uci_credit,26,weighted,empirical_reference,lr+gnb+knn+rf+xgb,33,474
uci_credit,26,weighted,empirical_reference,lr+gnb,3,474
uci_credit,26,weighted,empirical_reference,lr,1,474
uci_credit,26,weighted,nbi_A,lr+knn+rf+xgb,6,12
uci_credit,26,weighted,nbi_A,lr+gnb+rf+xgb,3,12
uci_credit,26,weighted,nbi_A,lr,1,12
uci_credit,26,weighted,nbi_A,lr+gnb+xgb,1,12
uci_credit,26,weighted,nbi_A,lr+rf+xgb,1,12
uci_credit,26,weighted,nbi_B,lr+knn+rf+xgb,16,29
uci_credit,26,weighted,nbi_B,lr+gnb+rf+xgb,7,29
uci_credit,26,weighted,nbi_B,lr+gnb+xgb,4,29
uci_credit,26,weighted,nbi_B,lr,1,29
uci_credit,26,weighted,nbi_B,lr+rf+xgb,1,29
uci_credit,26,weighted,nbi_C,lr+gnb+rf+xgb,23,66
uci_credit,26,weighted,nbi_C,lr+gnb+xgb,16,66
uci_credit,26,weighted,nbi_C,lr+knn+rf+xgb,12,66
uci_credit,26,weighted,nbi_C,lr+rf+xgb,11,66
uci_credit,26,weighted,nbi_C,lr+gnb+knn+rf+xgb,3,66
uci_credit,26,weighted,nbi_C,lr,1,66
uci_credit,26,weighted,ws_random_scalarization,lr+gnb+xgb,18,42
uci_credit,26,weighted,ws_random_scalarization,lr+rf+xgb,12,42
uci_credit,26,weighted,ws_random_scalarization,lr+gnb+rf+xgb,11,42
uci_credit,26,weighted,ws_random_scalarization,lr+knn+rf+xgb,1,42
uci_credit,26,weighted,random_dirichlet_budget,lr+gnb+knn+rf+xgb,8,8
uci_credit,26,weighted,design_runs,lr+xgb,3,9
uci_credit,26,weighted,design_runs,rf+xgb,2,9
uci_credit,26,weighted,design_runs,rf,1,9
uci_credit,26,weighted,design_runs,lr+rf+xgb,1,9
uci_credit,26,weighted,design_runs,lr+rf,1,9
uci_credit,26,weighted,design_runs,lr,1,9
uci_credit,26,weighted,single_objective_refs,lr+knn+rf+xgb,2,3
uci_credit,26,weighted,single_objective_refs,lr,1,3
uci_credit,26,support,empirical_reference,lr+knn+rf+xgb,25,104
uci_credit,26,support,empirical_reference,lr+gnb+xgb,12,104
uci_credit,26,support,empirical_reference,lr+rf+xgb,12,104
uci_credit,26,support,empirical_reference,lr+xgb,10,104
uci_credit,26,support,empirical_reference,lr+rf,9,104
uci_credit,26,support,empirical_reference,rf+xgb,9,104
uci_credit,26,support,empirical_reference,knn+rf+xgb,5,104
uci_credit,26,support,empirical_reference,lr+gnb+knn+rf+xgb,5,104
uci_credit,26,support,empirical_reference,lr+gnb+rf,4,104
uci_credit,26,support,empirical_reference,rf,3,104
uci_credit,26,support,empirical_reference,lr+gnb+rf+xgb,3,104
uci_credit,26,support,empirical_reference,lr+knn+rf,3,104
uci_credit,26,support,empirical_reference,lr,2,104
uci_credit,26,support,empirical_reference,xgb,1,104
uci_credit,26,support,empirical_reference,lr+gnb+knn+rf,1,104
uci_credit,26,support,nbi_A,lr+knn+rf+xgb,5,10
uci_credit,26,support,nbi_A,lr,1,10
uci_credit,26,support,nbi_A,gnb+rf,1,10
uci_credit,26,support,nbi_A,lr+gnb+xgb,1,10
uci_credit,26,support,nbi_A,lr+gnb+rf+xgb,1,10
uci_credit,26,support,nbi_A,lr+rf+xgb,1,10
uci_credit,26,support,nbi_B,lr+knn+rf+xgb,11,15
uci_credit,26,support,nbi_B,lr,1,15
uci_credit,26,support,nbi_B,lr+gnb+xgb,1,15
uci_credit,26,support,nbi_B,lr+gnb+rf+xgb,1,15
uci_credit,26,support,nbi_B,lr+rf+xgb,1,15
uci_credit,26,support,nbi_C,lr+knn+rf+xgb,10,15
uci_credit,26,support,nbi_C,lr+rf+xgb,2,15
uci_credit,26,support,nbi_C,lr,1,15
uci_credit,26,support,nbi_C,lr+gnb+xgb,1,15
uci_credit,26,support,nbi_C,lr+gnb+knn+rf+xgb,1,15
uci_credit,26,support,ws_random_scalarization,gnb+rf,12,23
uci_credit,26,support,ws_random_scalarization,lr+gnb+xgb,5,23
uci_credit,26,support,ws_random_scalarization,lr+rf+xgb,4,23
uci_credit,26,support,ws_random_scalarization,lr+knn+rf+xgb,1,23
uci_credit,26,support,ws_random_scalarization,rf,1,23
uci_credit,26,support,random_dirichlet_budget,lr+gnb+knn+rf,1,2
uci_credit,26,support,random_dirichlet_budget,lr+gnb+knn+rf+xgb,1,2
uci_credit,26,support,design_runs,xgb,1,4
uci_credit,26,support,design_runs,rf,1,4
uci_credit,26,support,design_runs,lr+xgb,1,4
uci_credit,26,support,design_runs,lr,1,4
uci_credit,26,support,single_objective_refs,lr+knn+rf+xgb,2,5
uci_credit,26,support,single_objective_refs,rf,1,5
uci_credit,26,support,single_objective_refs,gnb+rf,1,5
uci_credit,26,support,single_objective_refs,lr,1,5
uci_credit,27,weighted,empirical_reference,lr+gnb+rf+xgb,179,691
uci_credit,27,weighted,empirical_reference,lr+gnb+xgb,136,691
uci_credit,27,weighted,empirical_reference,lr+rf+xgb,127,691
uci_credit,27,weighted,empirical_reference,lr+gnb+knn+rf+xgb,92,691
uci_credit,27,weighted,empirical_reference,lr+knn+rf+xgb,88,691
uci_credit,27,weighted,empirical_reference,lr+xgb,49,691
uci_credit,27,weighted,empirical_reference,lr,9,691
uci_credit,27,weighted,empirical_reference,lr+gnb,8,691
uci_credit,27,weighted,empirical_reference,gnb+knn+rf+xgb,2,691
uci_credit,27,weighted,empirical_reference,knn+rf+xgb,1,691
uci_credit,27,weighted,nbi_A,lr+knn+rf+xgb,7,11
uci_credit,27,weighted,nbi_A,lr+gnb+rf+xgb,3,11
uci_credit,27,weighted,nbi_A,lr,1,11
uci_credit,27,weighted,nbi_B,lr+knn+rf+xgb,18,25
uci_credit,27,weighted,nbi_B,lr+gnb+xgb,2,25
uci_credit,27,weighted,nbi_B,lr+gnb+rf+xgb,2,25
uci_credit,27,weighted,nbi_B,lr,1,25
uci_credit,27,weighted,nbi_B,lr+rf+xgb,1,25
uci_credit,27,weighted,nbi_B,lr+gnb+knn+rf+xgb,1,25
uci_credit,27,weighted,nbi_C,lr+gnb+rf+xgb,26,61
uci_credit,27,weighted,nbi_C,lr+gnb+xgb,14,61
uci_credit,27,weighted,nbi_C,lr+gnb+knn+rf+xgb,11,61
uci_credit,27,weighted,nbi_C,lr+rf+xgb,5,61
uci_credit,27,weighted,nbi_C,lr+knn+rf+xgb,4,61
uci_credit,27,weighted,nbi_C,lr,1,61
uci_credit,27,weighted,ws_random_scalarization,lr+gnb+xgb,16,41
uci_credit,27,weighted,ws_random_scalarization,lr+gnb+rf+xgb,16,41
uci_credit,27,weighted,ws_random_scalarization,lr+rf+xgb,8,41
uci_credit,27,weighted,ws_random_scalarization,lr+xgb,1,41
uci_credit,27,weighted,random_dirichlet_budget,lr+gnb+knn+rf+xgb,12,12
uci_credit,27,weighted,design_runs,lr+xgb,3,9
uci_credit,27,weighted,design_runs,rf+xgb,2,9
uci_credit,27,weighted,design_runs,rf,1,9
uci_credit,27,weighted,design_runs,lr+rf+xgb,1,9
uci_credit,27,weighted,design_runs,lr+rf,1,9
uci_credit,27,weighted,design_runs,lr,1,9
uci_credit,27,weighted,single_objective_refs,rf,1,5
uci_credit,27,weighted,single_objective_refs,lr+knn+rf+xgb,1,5
uci_credit,27,weighted,single_objective_refs,lr+gnb+knn+rf+xgb,1,5
uci_credit,27,weighted,single_objective_refs,gnb+rf,1,5
uci_credit,27,weighted,single_objective_refs,lr,1,5
uci_credit,27,support,empirical_reference,lr+knn+rf+xgb,20,119
uci_credit,27,support,empirical_reference,lr+gnb+knn+rf+xgb,15,119
uci_credit,27,support,empirical_reference,lr+rf,15,119
uci_credit,27,support,empirical_reference,lr+rf+xgb,12,119
uci_credit,27,support,empirical_reference,lr+xgb,11,119
uci_credit,27,support,empirical_reference,lr+gnb+xgb,10,119
uci_credit,27,support,empirical_reference,knn+rf+xgb,9,119
uci_credit,27,support,empirical_reference,lr+gnb+rf+xgb,9,119
uci_credit,27,support,empirical_reference,lr,5,119
uci_credit,27,support,empirical_reference,rf+xgb,4,119
uci_credit,27,support,empirical_reference,lr+gnb+rf,4,119
uci_credit,27,support,empirical_reference,xgb,2,119
uci_credit,27,support,empirical_reference,rf,2,119
uci_credit,27,support,empirical_reference,gnb+knn+rf+xgb,1,119
uci_credit,27,support,nbi_A,lr+knn+rf+xgb,7,10
uci_credit,27,support,nbi_A,lr,1,10
uci_credit,27,support,nbi_A,gnb+rf,1,10
uci_credit,27,support,nbi_A,lr+gnb+rf+xgb,1,10
uci_credit,27,support,nbi_B,lr+knn+rf+xgb,14,20
uci_credit,27,support,nbi_B,lr+gnb+xgb,2,20
uci_credit,27,support,nbi_B,lr,1,20
uci_credit,27,support,nbi_B,lr+gnb+rf+xgb,1,20
uci_credit,27,support,nbi_B,lr+rf+xgb,1,20
uci_credit,27,support,nbi_B,lr+gnb+knn+rf+xgb,1,20
uci_credit,27,support,nbi_C,lr+gnb+knn+rf+xgb,5,14
uci_credit,27,support,nbi_C,lr+knn+rf+xgb,4,14
uci_credit,27,support,nbi_C,lr+gnb+rf+xgb,2,14
uci_credit,27,support,nbi_C,lr,1,14
uci_credit,27,support,nbi_C,lr+rf+xgb,1,14
uci_credit,27,support,nbi_C,lr+gnb+xgb,1,14
uci_credit,27,support,ws_random_scalarization,gnb+rf,6,11
uci_credit,27,support,ws_random_scalarization,lr+gnb+xgb,3,11
uci_credit,27,support,ws_random_scalarization,lr+rf+xgb,1,11
uci_credit,27,support,ws_random_scalarization,lr+xgb,1,11
uci_credit,27,support,random_dirichlet_budget,lr+gnb+knn+rf+xgb,4,6
uci_credit,27,support,random_dirichlet_budget,lr+gnb+knn+rf,1,6
uci_credit,27,support,random_dirichlet_budget,gnb+knn+rf+xgb,1,6
uci_credit,27,support,design_runs,xgb,1,4
uci_credit,27,support,design_runs,rf,1,4
uci_credit,27,support,design_runs,lr+xgb,1,4
uci_credit,27,support,design_runs,lr,1,4
uci_credit,27,support,single_objective_refs,lr+knn+rf+xgb,2,6
uci_credit,27,support,single_objective_refs,rf,1,6
uci_credit,27,support,single_objective_refs,lr+gnb+knn+rf+xgb,1,6
uci_credit,27,support,single_objective_refs,gnb+rf,1,6
uci_credit,27,support,single_objective_refs,lr,1,6
uci_credit,28,weighted,empirical_reference,lr+gnb+rf+xgb,131,519
uci_credit,28,weighted,empirical_reference,lr+rf+xgb,118,519
uci_credit,28,weighted,empirical_reference,lr+gnb+xgb,109,519
uci_credit,28,weighted,empirical_reference,lr+gnb+knn+rf+xgb,51,519
uci_credit,28,weighted,empirical_reference,lr+knn+rf+xgb,49,519
uci_credit,28,weighted,empirical_reference,lr+xgb,43,519
uci_credit,28,weighted,empirical_reference,lr+gnb,10,519
uci_credit,28,weighted,empirical_reference,lr,8,519
uci_credit,28,weighted,nbi_A,lr+knn+rf+xgb,6,11
uci_credit,28,weighted,nbi_A,lr+gnb+xgb,2,11
uci_credit,28,weighted,nbi_A,lr,1,11
uci_credit,28,weighted,nbi_A,lr+rf+xgb,1,11
uci_credit,28,weighted,nbi_A,lr+gnb+rf+xgb,1,11
uci_credit,28,weighted,nbi_B,lr+knn+rf+xgb,14,27
uci_credit,28,weighted,nbi_B,lr+gnb+xgb,5,27
uci_credit,28,weighted,nbi_B,lr+rf+xgb,4,27
uci_credit,28,weighted,nbi_B,lr+gnb+knn+rf+xgb,2,27
uci_credit,28,weighted,nbi_B,lr,1,27
uci_credit,28,weighted,nbi_B,lr+gnb+rf+xgb,1,27
uci_credit,28,weighted,nbi_C,lr+gnb+rf+xgb,26,59
uci_credit,28,weighted,nbi_C,lr+gnb+xgb,14,59
uci_credit,28,weighted,nbi_C,lr+gnb+knn+rf+xgb,10,59
uci_credit,28,weighted,nbi_C,lr+rf+xgb,8,59
uci_credit,28,weighted,nbi_C,lr,1,59
uci_credit,28,weighted,ws_random_scalarization,lr+rf+xgb,21,52
uci_credit,28,weighted,ws_random_scalarization,lr+gnb+xgb,19,52
uci_credit,28,weighted,ws_random_scalarization,lr+gnb+rf+xgb,11,52
uci_credit,28,weighted,ws_random_scalarization,lr+knn+rf+xgb,1,52
uci_credit,28,weighted,random_dirichlet_budget,lr+gnb+knn+rf+xgb,10,10
uci_credit,28,weighted,design_runs,lr+xgb,3,8
uci_credit,28,weighted,design_runs,rf+xgb,2,8
uci_credit,28,weighted,design_runs,rf,1,8
uci_credit,28,weighted,design_runs,lr+rf+xgb,1,8
uci_credit,28,weighted,design_runs,lr,1,8
uci_credit,28,weighted,single_objective_refs,lr+gnb+knn+rf+xgb,2,5
uci_credit,28,weighted,single_objective_refs,rf+xgb,1,5
uci_credit,28,weighted,single_objective_refs,lr+knn+rf+xgb,1,5
uci_credit,28,weighted,single_objective_refs,lr,1,5
uci_credit,28,support,empirical_reference,lr+knn+rf+xgb,19,95
uci_credit,28,support,empirical_reference,lr+rf,12,95
uci_credit,28,support,empirical_reference,lr+gnb+xgb,11,95
uci_credit,28,support,empirical_reference,lr+xgb,10,95
uci_credit,28,support,empirical_reference,lr+gnb+knn+rf+xgb,10,95
uci_credit,28,support,empirical_reference,lr+gnb+rf+xgb,7,95
uci_credit,28,support,empirical_reference,lr+rf+xgb,6,95
uci_credit,28,support,empirical_reference,rf+xgb,5,95
uci_credit,28,support,empirical_reference,lr,5,95
uci_credit,28,support,empirical_reference,knn+rf+xgb,4,95
uci_credit,28,support,empirical_reference,xgb,2,95
uci_credit,28,support,empirical_reference,gnb+knn+rf+xgb,2,95
uci_credit,28,support,empirical_reference,rf,2,95
uci_credit,28,support,nbi_A,lr+knn+rf+xgb,4,9
uci_credit,28,support,nbi_A,lr,1,9
uci_credit,28,support,nbi_A,rf+xgb,1,9
uci_credit,28,support,nbi_A,lr+gnb+xgb,1,9
uci_credit,28,support,nbi_A,lr+rf+xgb,1,9
uci_credit,28,support,nbi_A,knn+rf+xgb,1,9
uci_credit,28,support,nbi_B,lr+knn+rf+xgb,9,16
uci_credit,28,support,nbi_B,lr+rf+xgb,3,16
uci_credit,28,support,nbi_B,lr+gnb+knn+rf+xgb,2,16
uci_credit,28,support,nbi_B,lr,1,16
uci_credit,28,support,nbi_B,lr+gnb+xgb,1,16
uci_credit,28,support,nbi_C,lr+gnb+knn+rf+xgb,9,19
uci_credit,28,support,nbi_C,lr+gnb+rf+xgb,6,19
uci_credit,28,support,nbi_C,lr+rf+xgb,2,19
uci_credit,28,support,nbi_C,lr,1,19
uci_credit,28,support,nbi_C,lr+gnb+xgb,1,19
uci_credit,28,support,ws_random_scalarization,lr+gnb+xgb,6,10
uci_credit,28,support,ws_random_scalarization,lr+rf+xgb,2,10
uci_credit,28,support,ws_random_scalarization,rf+xgb,1,10
uci_credit,28,support,ws_random_scalarization,lr+knn+rf+xgb,1,10
uci_credit,28,support,random_dirichlet_budget,lr+gnb+knn+rf+xgb,3,4
uci_credit,28,support,random_dirichlet_budget,lr+gnb+knn+xgb,1,4
uci_credit,28,support,design_runs,xgb,1,4
uci_credit,28,support,design_runs,rf,1,4
uci_credit,28,support,design_runs,lr+xgb,1,4
uci_credit,28,support,design_runs,lr,1,4
uci_credit,28,support,single_objective_refs,lr+gnb+knn+rf+xgb,2,6
uci_credit,28,support,single_objective_refs,rf,1,6
uci_credit,28,support,single_objective_refs,rf+xgb,1,6
uci_credit,28,support,single_objective_refs,lr+knn+rf+xgb,1,6
uci_credit,28,support,single_objective_refs,lr,1,6
uci_credit,29,weighted,empirical_reference,lr+gnb+rf+xgb,138,427
uci_credit,29,weighted,empirical_reference,lr+gnb+xgb,87,427
uci_credit,29,weighted,empirical_reference,lr+rf+xgb,58,427
uci_credit,29,weighted,empirical_reference,lr+gnb+knn+rf+xgb,58,427
uci_credit,29,weighted,empirical_reference,lr+xgb,41,427
uci_credit,29,weighted,empirical_reference,lr+knn+rf+xgb,35,427
uci_credit,29,weighted,empirical_reference,lr,6,427
uci_credit,29,weighted,empirical_reference,lr+gnb,3,427
uci_credit,29,weighted,empirical_reference,lr+gnb+knn+xgb,1,427
uci_credit,29,weighted,nbi_A,lr+gnb+rf+xgb,3,10
uci_credit,29,weighted,nbi_A,lr+knn+rf+xgb,3,10
uci_credit,29,weighted,nbi_A,lr,1,10
uci_credit,29,weighted,nbi_A,lr+gnb+xgb,1,10
uci_credit,29,weighted,nbi_A,lr+gnb+knn+xgb,1,10
uci_credit,29,weighted,nbi_A,gnb+rf+xgb,1,10
uci_credit,29,weighted,nbi_B,lr+gnb+rf+xgb,10,24
uci_credit,29,weighted,nbi_B,lr+knn+rf+xgb,6,24
uci_credit,29,weighted,nbi_B,lr+gnb+xgb,5,24
uci_credit,29,weighted,nbi_B,lr+gnb+knn+rf+xgb,2,24
uci_credit,29,weighted,nbi_B,lr,1,24
uci_credit,29,weighted,nbi_C,lr+gnb+rf+xgb,33,66
uci_credit,29,weighted,nbi_C,lr+gnb+xgb,16,66
uci_credit,29,weighted,nbi_C,lr+gnb+knn+rf+xgb,11,66
uci_credit,29,weighted,nbi_C,lr+rf+xgb,5,66
uci_credit,29,weighted,nbi_C,lr,1,66
uci_credit,29,weighted,ws_random_scalarization,lr+gnb+xgb,12,29
uci_credit,29,weighted,ws_random_scalarization,lr+gnb+rf+xgb,7,29
uci_credit,29,weighted,ws_random_scalarization,lr+rf+xgb,6,29
uci_credit,29,weighted,ws_random_scalarization,lr+xgb,4,29
uci_credit,29,weighted,random_dirichlet_budget,lr+gnb+knn+rf+xgb,11,11
uci_credit,29,weighted,design_runs,lr+xgb,3,8
uci_credit,29,weighted,design_runs,rf+xgb,2,8
uci_credit,29,weighted,design_runs,rf,1,8
uci_credit,29,weighted,design_runs,lr+rf+xgb,1,8
uci_credit,29,weighted,design_runs,lr,1,8
uci_credit,29,weighted,single_objective_refs,lr+gnb+knn+rf+xgb,2,4
uci_credit,29,weighted,single_objective_refs,lr+knn+rf+xgb,1,4
uci_credit,29,weighted,single_objective_refs,lr,1,4
uci_credit,29,support,empirical_reference,lr+xgb,17,86
uci_credit,29,support,empirical_reference,lr+gnb+knn+rf+xgb,17,86
uci_credit,29,support,empirical_reference,lr+knn+rf+xgb,14,86
uci_credit,29,support,empirical_reference,lr+rf+xgb,8,86
uci_credit,29,support,empirical_reference,lr+rf,7,86
uci_credit,29,support,empirical_reference,lr+gnb+xgb,6,86
uci_credit,29,support,empirical_reference,lr+gnb+rf+xgb,5,86
uci_credit,29,support,empirical_reference,rf,4,86
uci_credit,29,support,empirical_reference,rf+xgb,4,86
uci_credit,29,support,empirical_reference,lr,1,86
uci_credit,29,support,empirical_reference,xgb,1,86
uci_credit,29,support,empirical_reference,gnb+knn+rf+xgb,1,86
uci_credit,29,support,empirical_reference,knn+rf+xgb,1,86
uci_credit,29,support,nbi_A,lr,1,5
uci_credit,29,support,nbi_A,lr+gnb+xgb,1,5
uci_credit,29,support,nbi_A,gnb+rf,1,5
uci_credit,29,support,nbi_A,lr+gnb+rf+xgb,1,5
uci_credit,29,support,nbi_A,lr+knn+rf+xgb,1,5
uci_credit,29,support,nbi_B,lr+knn+rf+xgb,6,11
uci_credit,29,support,nbi_B,lr+gnb+knn+rf+xgb,2,11
uci_credit,29,support,nbi_B,lr,1,11
uci_credit,29,support,nbi_B,lr+gnb+xgb,1,11
uci_credit,29,support,nbi_B,lr+gnb+rf+xgb,1,11
uci_credit,29,support,nbi_C,lr+gnb+knn+rf+xgb,11,21
uci_credit,29,support,nbi_C,lr+gnb+rf+xgb,6,21
uci_credit,29,support,nbi_C,lr+rf+xgb,2,21
uci_credit,29,support,nbi_C,lr,1,21
uci_credit,29,support,nbi_C,lr+gnb+xgb,1,21
uci_credit,29,support,ws_random_scalarization,lr+xgb,4,8
uci_credit,29,support,ws_random_scalarization,lr+rf+xgb,2,8
uci_credit,29,support,ws_random_scalarization,lr+gnb+xgb,1,8
uci_credit,29,support,ws_random_scalarization,gnb+rf,1,8
uci_credit,29,support,random_dirichlet_budget,lr+gnb+knn+rf+xgb,2,4
uci_credit,29,support,random_dirichlet_budget,lr+gnb+rf+xgb,1,4
uci_credit,29,support,random_dirichlet_budget,gnb+knn+rf+xgb,1,4
uci_credit,29,support,design_runs,xgb,1,5
uci_credit,29,support,design_runs,rf+xgb,1,5
uci_credit,29,support,design_runs,rf,1,5
uci_credit,29,support,design_runs,lr+xgb,1,5
uci_credit,29,support,design_runs,lr,1,5
uci_credit,29,support,single_objective_refs,lr+gnb+knn+rf+xgb,2,5
uci_credit,29,support,single_objective_refs,rf,1,5
uci_credit,29,support,single_objective_refs,lr+knn+rf+xgb,1,5
uci_credit,29,support,single_objective_refs,lr,1,5
