dataset,rep,model,oof_roc_auc,oof_log_loss,oof_brier,oof_pr_auc,holdout_roc_auc,holdout_log_loss,holdout_brier,holdout_pr_auc,holdout_f1,holdout_balanced_accuracy,holdout_threshold,fit_seconds,cost_ms_per_1k
santander,0,lr,0.8595357469695056,0.23215568002242354,0.06655075136469506,0.5056984318109132,0.8586932555123217,0.23252061569894594,0.0667682547902668,0.5050773831394283,0.4900181488203267,0.7210151991570772,0.265,10.818886374036083,0.7166915980633348
santander,0,gnb,0.8879769110121447,0.21104236754846878,0.06046963381063898,0.5829873063331129,0.8797892036482402,0.21786883009790273,0.062468795568299755,0.5641602134834564,0.5347545073137544,0.7593619589655944,0.27,10.591808124008821,0.7780542015098035
santander,0,knn,0.7219828592348588,0.35140050768220926,0.09216746448457934,0.27734093663077647,0.7316225086352561,0.3502897315151292,0.09206706823554137,0.2862839551278814,0.33193420306296084,0.635661672183828,0.055,10.682920626044506,140.7096167007694
santander,0,rf,0.8451203840270358,0.27503785697194133,0.07942356699552104,0.4637460339618615,0.8435803542045194,0.2742780316566361,0.07924167371765228,0.463579930845615,0.4602656723374505,0.7096962380980036,0.17,182.82752008299576,3.8025874993763864
santander,0,xgb,0.8813416504101157,0.21974638491913384,0.06324319753641788,0.5626263693986784,0.8829814310880284,0.21782232543215937,0.06272269833144135,0.5675760306337503,0.5401031894934334,0.7558007627233483,0.2,32.04064595903037,1.0916832980001345
santander,1,lr,0.8587194062054307,0.23244669550579133,0.0665744295145572,0.5060477567381084,0.8616734905240335,0.2317057222574588,0.06678076120169503,0.502104415187541,0.49468713105076745,0.7278456245730769,0.255,10.743542998970952,0.7170291995862499
santander,1,gnb,0.8873294361639016,0.21122461361533343,0.06046481476697361,0.5835213382692267,0.881774842435958,0.2172917151844229,0.06242299515224963,0.5630039282211237,0.5373404135125974,0.761682761843921,0.27,10.575451209995663,0.7891999994171783
santander,1,knn,0.7239808301178273,0.35073968667607935,0.0921210048257067,0.27792486829558094,0.7249323490938858,0.35197774755552586,0.09214553680992442,0.28545836708244143,0.3280145885571005,0.6329128399138272,0.055,10.653945707977982,254.03983749856707
santander,1,rf,0.8445469842159029,0.2754563845207507,0.07950980243109958,0.4639378666146825,0.851506980107799,0.273414665332832,0.07905367804100376,0.47564545430551447,0.47678906163854884,0.7287859617974607,0.165,176.22911208300502,3.6588125018170103
santander,1,xgb,0.8799766064837414,0.22036386518763687,0.06334777715545169,0.562093330592013,0.8849370124087732,0.21841032745537886,0.0633254512221759,0.558505324952678,0.5374939525882921,0.7482136289093719,0.21000000000000002,31.295536166988313,1.0212292021606117
santander,2,lr,0.8597332689496593,0.2318870092851886,0.06648469964052056,0.50715528622246,0.8580715308947204,0.23356934091141648,0.06702788292638535,0.49976603560620636,0.49417618455275364,0.7351069140124835,0.23500000000000001,10.786534500017297,0.7176582992542535
santander,2,gnb,0.887958729766892,0.21114545926401515,0.06056171240223689,0.5824296650827365,0.880785390031499,0.2166457991640579,0.06190895458452362,0.5683034335949323,0.5400139178844816,0.7579513494229796,0.28,10.514972584001953,0.7819332997314632
santander,2,knn,0.7254687131594907,0.35077294658189523,0.09211593238966352,0.27843165269996284,0.7269070814631677,0.3514592563294248,0.09215702728881398,0.2865752712786711,0.32402619786280595,0.6298895323272464,0.055,10.622212874994148,252.67361250007525
santander,2,rf,0.8446533691983601,0.27551094197629716,0.07954413195945476,0.4605399757067833,0.846288761860514,0.2740458997207661,0.07913071881272478,0.4777679109774733,0.47040737893927753,0.7254923962732198,0.165,173.48140462502488,3.792966599576175
santander,2,xgb,0.880674811721064,0.22036446981521077,0.06342408339717741,0.5591063435617399,0.8862466295537321,0.2162607802957217,0.06238190391274745,0.5714042194115992,0.5451947123972849,0.7556853724706096,0.2,32.80020575004164,1.0398791986517608
santander,3,lr,0.8594008589060363,0.2322624980993688,0.06662512216311223,0.5051049069010577,0.8589944455045506,0.23243218796542447,0.06662273942563397,0.5065573525521594,0.49354914379544923,0.728311886924466,0.25,10.767944290972082,0.7268709014169872
santander,3,gnb,0.8880165475183386,0.211170187141963,0.06057955187422738,0.5822637687580996,0.8796935279135175,0.21723578717473715,0.06204757638990995,0.5679129629074486,0.5404708914138455,0.7562287921150224,0.28500000000000003,10.518369751021964,0.7824333995813504
santander,3,knn,0.7286608268131803,0.350538513248051,0.09214000121450386,0.2824507629334292,0.7247271528682325,0.3527028033867966,0.09225422908696734,0.28236080711525885,0.3226337448559671,0.6273866216444183,0.055,10.61988387600286,251.787612499902
santander,3,rf,0.8453363057074224,0.2746967499349851,0.07932518427370812,0.4665354190825835,0.8422558172174148,0.2750383800255339,0.07939753517852025,0.45999079406601795,0.47109158186864014,0.7173520944471639,0.17,174.98105037398636,3.7523291015531868
santander,3,xgb,0.8815344359578581,0.21986715627873712,0.0633273085724041,0.5616416021430024,0.8835432308994218,0.2173503375479596,0.06257506550940554,0.5728410335861004,0.5408834044516203,0.7596210857884009,0.19,32.6011652489542,1.0303291986929253
santander,4,lr,0.8605904491268274,0.2312377304317014,0.06624120847160907,0.5102918811734609,0.854423397879972,0.2361665477188322,0.06795116875932282,0.48737593314056593,0.4809688581314879,0.7236835555408063,0.25,10.802524290978909,0.7155792001867667
santander,4,gnb,0.8889935635409928,0.20989083016550586,0.060071585313242734,0.5879620287162218,0.8783146143932921,0.2208366005207312,0.06386595974290667,0.5486458846513628,0.5184339687250313,0.7481380617756133,0.275,10.530318959004944,0.7754457998089492
santander,4,knn,0.7280993884385887,0.3517461199432085,0.09218931179212238,0.28200786070392464,0.7185815329964961,0.3538940787050685,0.09238982404291095,0.2747105856890993,0.3191961677766094,0.6258065564340609,0.055,10.598527584021213,252.61776670231484
santander,4,rf,0.8465941200019647,0.2745239568916113,0.07929070074622283,0.4683190182880316,0.8404216894958227,0.27535854901133827,0.07954112846859215,0.4435580835121647,0.45096122515477355,0.7149766039175993,0.165,175.4926199990441,3.589212498627603
santander,4,xgb,0.8824500527342112,0.21860421080448358,0.06288504695266807,0.5676359529467236,0.8791401663168317,0.2222320923342768,0.0642695847733379,0.5431926822897802,0.5203141003755549,0.7498508707159035,0.19,32.56857049901737,1.0406917019281536
santander,5,lr,0.8594675157651764,0.2323254569526677,0.06664104862746831,0.5044254356890214,0.8579384864172744,0.23236968873069208,0.06650551162478183,0.5087967463309093,0.49341507720254313,0.7339339987112796,0.24000000000000002,10.781384582980536,0.7238541002152488
santander,5,gnb,0.8881238134512949,0.21115136164506065,0.060577332205466246,0.5818048497380078,0.8789219791813584,0.21763156068729195,0.06213643113844174,0.5694562434676252,0.5320490769407178,0.7554693873600314,0.28,10.536646874970756,0.786520799738355
santander,5,knn,0.7287129111477657,0.34970831847239725,0.09201783212395258,0.2865100299715067,0.7227480233628965,0.35203281701037575,0.09218402554351139,0.2808406957418342,0.32571750140686556,0.6324765140390322,0.055,10.622700583015103,247.0976457989309
santander,5,rf,0.845734103583381,0.27546502859294864,0.07951333463519075,0.4662300865126481,0.8493309612305344,0.27358973233913453,0.07905057108654623,0.47450740484058934,0.4668777113377887,0.7126451538859344,0.17,170.85951137496158,3.7233042006846517
santander,5,xgb,0.8797680068265613,0.22129107700648587,0.06375513103325721,0.5547077006655198,0.8822322206366721,0.21762975855508693,0.06259082566602295,0.5703249705966758,0.5298611111111111,0.752308496428364,0.195,32.643935333006084,1.092691600206308
santander,6,lr,0.8597742669640932,0.23202073709871457,0.06656202428251094,0.5059493625924063,0.8579210638027207,0.23318305385508475,0.06681458081945013,0.502471248374273,0.492250320475469,0.7286537711664025,0.25,10.774646292993566,0.7144791015889496
santander,6,gnb,0.8884087254184495,0.2107579573126168,0.060430607663573166,0.5837384939001412,0.8775016627534922,0.21954993812189624,0.06284267154169253,0.5591763569334043,0.5301096933064697,0.7591465960912502,0.27,10.546840832015732,0.7709249999606982
santander,6,knn,0.72446099243585,0.3517973615736454,0.09218903282552462,0.28305389739633213,0.7281281613057559,0.35157682637305415,0.0922416628434854,0.2780200918853335,0.32161155100139727,0.6274776755466691,0.055,10.61298124899622,253.2298333011568
santander,6,rf,0.8459218229634997,0.27502630217697854,0.07938640667297282,0.46938871323696185,0.8413033947826183,0.2750877165173163,0.0794058412645326,0.4635513484364473,0.45641699518177836,0.7171250473590911,0.165,173.20891437403043,3.577004201360978
santander,6,xgb,0.8814984621918924,0.21968285455804235,0.06323476461326302,0.5623312155427792,0.8800573114140249,0.21949496226008378,0.06310662655924812,0.5619930407160232,0.5289176865850731,0.7448075077641254,0.21000000000000002,32.62278100004187,1.0783666017232463
santander,7,lr,0.8585966593554992,0.23291694267590993,0.06683543611316059,0.5024049422406376,0.8616681738611003,0.23003597813269872,0.06581807842540263,0.5161453949276907,0.5019446350949439,0.7377549440125664,0.245,10.736143708054442,0.7248333015013486
santander,7,gnb,0.8871194077981858,0.2117518203513859,0.06070097567664818,0.5803380939804615,0.8835753175478914,0.2150957335373123,0.061703577061096554,0.5743430441294516,0.5394584586901181,0.758088241394473,0.28500000000000003,10.52046591497492,0.7781707972753793
santander,7,knn,0.7220181465206343,0.35138712484244605,0.09218518842642637,0.2751116468858908,0.7229107070262916,0.35176175545346555,0.09221566426409673,0.27819985637065225,0.3233779608650875,0.6298040785511022,0.055,10.606195958971512,250.1655749976635
santander,7,rf,0.8438857570756523,0.2753035575905774,0.07947093546904993,0.46416037320447173,0.8473879490817176,0.27366301877620186,0.0790758935019514,0.4748944541862211,0.46966561376756344,0.7263998932519171,0.165,174.43295624898747,3.852287499466911
santander,7,xgb,0.8808074145423261,0.22062711208662886,0.06362778755253766,0.5560276077236612,0.8832982841490159,0.2172244787889853,0.06254286994094828,0.5676751855572307,0.546237588228257,0.7553837953091684,0.21000000000000002,32.629605791007634,1.0473833011928946
santander,8,lr,0.8579677525323453,0.23318268568421555,0.06687179486057507,0.5020903624951542,0.8659137711940575,0.22787393337969958,0.06539590816030995,0.5213552722561908,0.5045986147382764,0.7407233565358311,0.245,10.799201915971935,0.7163458038121462
santander,8,gnb,0.8869508994916441,0.21202436293553173,0.060834667712229486,0.5791702360994502,0.886305524213286,0.21257590307287783,0.06072335817421696,0.5841058461531251,0.5453532427011366,0.769514434497883,0.27,10.523323543020524,0.7859083008952439
santander,8,knn,0.7258928204913776,0.3512931505745086,0.09217469964627585,0.2801270909149176,0.7323164817933678,0.3496919875534409,0.0920518991110037,0.29282986832435814,0.3328014588557101,0.635816609006109,0.055,10.614649916940834,250.51228750380687
santander,8,rf,0.8425020040251758,0.27574606162559906,0.07957037188701377,0.46092943035995576,0.8514177963711183,0.27310678158538904,0.07894125693624363,0.4755323039537538,0.47293632715045014,0.7291904153495999,0.165,172.77178454212844,3.852695901878178
santander,8,xgb,0.880206465419007,0.2209479440558137,0.06368894097486642,0.5567486535920351,0.8899260610510538,0.2131967544717236,0.06153439899352074,0.5791840827339216,0.5392222971454259,0.7639333903025174,0.19,32.63357637595618,1.0430875001475215
santander,9,lr,0.8578785978353304,0.2331113947916297,0.06682344282366964,0.5026764376583497,0.8643351993506619,0.22917472346849005,0.06575441811320537,0.5160553926460866,0.502152414194299,0.7348198556965035,0.25,10.795970168022905,0.7196874998044223
santander,9,gnb,0.8869942421697684,0.21158710213554122,0.06061247508547885,0.5819294738307659,0.8854591826857928,0.21432539570454123,0.06146599190043156,0.5735603846477768,0.5440926115083419,0.7648658458679366,0.275,10.544941833009943,0.7912667002528906
santander,9,knn,0.7235283350906448,0.35226318913953125,0.09223462515149276,0.278729621903735,0.7296083126612629,0.35163576905418403,0.09218849316308017,0.2878217969884459,0.3273698884758364,0.6310714354851645,0.055,10.642702791898046,250.0279416970443
santander,9,rf,0.8433629491475233,0.2754232759392902,0.07948701345329445,0.4634556817658117,0.8492567388184149,0.27331871843141614,0.07901653271609373,0.46819429570810156,0.47074066076441373,0.728592861152824,0.165,174.9475460840622,3.87092080200091
santander,9,xgb,0.8801574534992235,0.22082228414005095,0.06360422170458292,0.5577025104354048,0.8864283398184176,0.21565360395908742,0.062165194572485094,0.5712055745312332,0.5413209048539275,0.7628480028982381,0.19,33.162658375978936,1.06425000121817
santander,10,lr,0.8607080271720277,0.23142032763275946,0.06637496852390691,0.5082258092590698,0.8527063093371386,0.23632518878975953,0.06769563593773768,0.49243540077829157,0.48301973382285457,0.7258098058899499,0.245,10.801857626007404,0.7306542014703155
santander,10,gnb,0.8890052127446492,0.21020330733942105,0.06024120679460774,0.5859491266692702,0.8736886578779256,0.22219208021707965,0.06357101468063477,0.552268573316527,0.5236179749454086,0.7499397813600148,0.28,10.535176914883777,0.7878959004301578
santander,10,knn,0.7265433299407512,0.3516123194495519,0.09216289127228731,0.280977560051917,0.7215950403623904,0.3544061054610989,0.0923068438394604,0.27871559917487343,0.32119166763644824,0.6272699177818523,0.055,10.583294208045118,216.66572079993784
santander,10,rf,0.8464095248953967,0.2750281715572351,0.07940488642003561,0.47110341722349286,0.8448892903464887,0.2746394047313468,0.0793224934436332,0.46531383508278873,0.4663551401869159,0.712905732593287,0.17,178.44665137614356,4.516695800703019
santander,10,xgb,0.8815401058477518,0.21946057952866496,0.0631558125517977,0.5632891919096288,0.87885916443353,0.22072593212502106,0.06352531466241577,0.555693791658434,0.5260069953740268,0.7550170907552289,0.185,30.763102083059493,1.0687332949601114
santander,11,lr,0.8601383199199036,0.23214845377434887,0.06667780599549969,0.5040557470459286,0.8562885855602477,0.23252376446685039,0.06621846653533435,0.5119923509697333,0.502475532527346,0.7368877541143642,0.245,10.84260512603214,0.7211916032247245
santander,11,gnb,0.888309530867623,0.21096641961535315,0.06051075349543759,0.5824785082120716,0.8781977376873277,0.21826469289436437,0.06236895367002833,0.5666315674578699,0.5360534646500176,0.7534361958965594,0.29000000000000004,10.617374125111382,0.787662499351427
santander,11,knn,0.725547140226035,0.3512558456400364,0.09213982766688995,0.2804463682233876,0.7294094494177251,0.3509978993438481,0.09219026551351829,0.2807498519429903,0.32659158814065736,0.6314244508419548,0.055,10.70437212602701,250.29548339662145
santander,11,rf,0.8443494697984836,0.2752472817019089,0.07946376247756293,0.4614805760778448,0.844749200772126,0.2739626052451048,0.07911699490066658,0.4673582375395271,0.4644446857018782,0.7236323247575353,0.165,175.09064804110676,3.7940333015285432
santander,11,xgb,0.8813514811003063,0.22011687170324568,0.06342363443870007,0.5593334967130235,0.8811721375059113,0.21835792187971811,0.06278458913356659,0.5671614510716647,0.5286109829257037,0.7521959408073584,0.195,32.712530500022694,1.0531542007811368
santander,12,lr,0.8599024153348921,0.23205502615991627,0.06660389781588842,0.5052221979230516,0.8573394284829328,0.23297105826323486,0.06656840962446466,0.5066544700086316,0.4957304408031387,0.7324504492545609,0.245,10.862215707020368,0.7191249984316528
santander,12,gnb,0.8880831756390886,0.21109810290247974,0.06056005153507731,0.5821306960780017,0.8801368677734175,0.21721342849263964,0.06207293893751155,0.5679269689583453,0.5334079462786794,0.7612068202622242,0.265,10.608974708069582,0.7846167020034045
santander,12,knn,0.7243058902641663,0.35241374318779245,0.09222393687259794,0.2798588578116735,0.7304749321762505,0.35252287300934776,0.09228541484035382,0.2807565782260063,0.322960867515323,0.6274019010008324,0.055,10.69435754098231,250.58227920089848
santander,12,rf,0.8459774034420819,0.27507367150805195,0.07941563205853892,0.4666976922954688,0.847342861152824,0.27425119029788186,0.07926173762456198,0.46480564964657495,0.47524047025293903,0.7155287348692889,0.17,174.03159716597293,3.8544250011909753
santander,12,xgb,0.881529256349221,0.22029942324452323,0.06354629645416209,0.5574510184828587,0.8811197210169276,0.2181912947400468,0.06249872147719966,0.5712774055538049,0.5439962255248879,0.7569104173407559,0.195,33.071559332020115,1.0437333025038242
santander,13,lr,0.8587815262883434,0.2326547467797378,0.0667353629333007,0.5038367512486743,0.8620865516774107,0.23043716036867495,0.0660580447458336,0.5126616834920111,0.502432952359398,0.7400299088216505,0.23500000000000001,10.862836417043582,0.7171374978497624
santander,13,gnb,0.887401353444896,0.21152446318333523,0.06064271671276507,0.5812363996365477,0.8847726245094705,0.21389050631296605,0.061272945846844826,0.5768237626816425,0.5405344711430496,0.7649284151781393,0.265,10.624721876054537,0.7806457986589521
santander,13,knn,0.7251492595921559,0.3514637532402111,0.09217056230579894,0.2803773326961937,0.7353147893108112,0.3500085176739484,0.09207568498731793,0.293690648310863,0.33884967017706286,0.6382179569080666,0.055,10.67029558395734,252.20695830066686
santander,13,rf,0.8445988866127104,0.275396934641635,0.07950145320430442,0.46405040998313735,0.8487464601672018,0.2737389309670809,0.07908888060042579,0.47016190281682413,0.47373029772329245,0.7281314384165885,0.165,176.2833467910532,3.8646458997391164
santander,13,xgb,0.8808855112254235,0.22015161230407226,0.06336323589646782,0.5602288183322311,0.8848152926307872,0.2168171749688222,0.062449450494804104,0.5706299999840745,0.5421122191517482,0.7521506558369907,0.20500000000000002,33.372444083041046,1.0872084007132798
santander,14,lr,0.8593207131541181,0.23205104965176132,0.06648977003627943,0.5069231319861943,0.8597339801824673,0.23284474692540708,0.06699579686507141,0.5007854573615718,0.49009172234175064,0.7323699042309298,0.24000000000000002,10.855730830982793,0.7194250007160008
santander,14,gnb,0.8876200776585113,0.2110837683409617,0.06043081615133138,0.5835620076725604,0.8826535229632825,0.21683520235942924,0.062403421540678156,0.5639989175100343,0.5323905109489052,0.7567520927878673,0.275,10.591507041011937,0.7864292012527585
santander,14,knn,0.7246890144910095,0.35117219031363717,0.09216120750315754,0.28197423899169194,0.7258687696868631,0.352636765824038,0.09224557526120056,0.2824096485754118,0.32671081677704195,0.6306705079383516,0.055,10.699408416927326,251.0670666990336
santander,14,rf,0.8445662458517603,0.27550907984570155,0.07954095401493833,0.4631576732823456,0.845839334456124,0.27382701086783606,0.07908992804511028,0.47989371760367844,0.47180389139276685,0.7261844612402135,0.165,175.08021495799767,3.8328333001118153
santander,14,xgb,0.8810075352940404,0.22027497126753784,0.06342182635751022,0.5591187517239878,0.8846743492100365,0.21722022454380885,0.06264984239149228,0.5681142446556617,0.5315576143601621,0.7532076277865813,0.195,34.16181287606014,1.109016698319465
santander,15,lr,0.8591824955428832,0.23236941534854505,0.06664763687458905,0.505296327307967,0.8605743275009057,0.23131015892847012,0.06629230538219986,0.5088818264341092,0.49821889202800634,0.7231532028573088,0.275,10.846208374889102,0.7193500001449138
santander,15,gnb,0.8878794366592391,0.21108755028140863,0.06048419562689659,0.5829958848919848,0.8807879481137946,0.21727772954848523,0.06234103016345839,0.5663449032572763,0.5316063323369865,0.7623338974941856,0.265,10.60166791593656,0.783362501533702
santander,15,knn,0.7214057346690771,0.35255995412839664,0.0922390791956745,0.2804431674759311,0.7292371141789662,0.3522504669546187,0.09225270451022542,0.2793234315562366,0.32518423207392677,0.6292641157746565,0.055,10.674109960033093,251.59853749792094
santander,15,rf,0.8447593099242007,0.2752726495078321,0.07945061683838624,0.4642450736363043,0.8482871876028418,0.27405594773348924,0.07917641772929958,0.4631503501052014,0.4716157205240174,0.7272448209204119,0.165,174.0663688329514,3.8400250021368265
santander,15,xgb,0.8808375933091662,0.22038538561292653,0.06349982680316107,0.5599430495580487,0.8867387769324583,0.21509582507054237,0.06195348002934146,0.5773503341998282,0.5377103188610425,0.7537148194546999,0.2,34.166144749033265,1.0569667036179453
santander,16,lr,0.8590781745386372,0.23236358202729918,0.06661959261193211,0.5048682467578196,0.8604003398792586,0.2319469877606255,0.06662839158747547,0.5063853536393506,0.4904065783462768,0.7310614797054196,0.24000000000000002,10.836024334072135,0.7250334019772708
santander,16,gnb,0.888067331494792,0.21086603430433443,0.06039956169830524,0.5835912177817986,0.8794335265031153,0.21823881281191393,0.06261877586507325,0.563564067567734,0.5285397455351931,0.7498660809349583,0.28500000000000003,10.627515373926144,0.7810333976522088
santander,16,knn,0.7256016543590903,0.35339227057683054,0.09228752391856673,0.28207952170957734,0.7225626384475621,0.35471180714761047,0.09239149523898325,0.2828378852189911,0.32037770845628527,0.6537586525405215,0.04,10.665691709029488,248.9488833991345
santander,16,rf,0.8470791120981468,0.27463908659983727,0.07931460622082377,0.4697458894621604,0.837523994120559,0.2755806585713784,0.07953192809628656,0.455140103800279,0.457242178447277,0.7087526514177307,0.17,174.32518529100344,3.8555750041268766
santander,16,xgb,0.8822881492875925,0.21934690649758212,0.06320614900372463,0.561422330480225,0.8788858618248391,0.22101218603806483,0.06371822517674366,0.5553991275462814,0.526125256425727,0.7421420551494888,0.21000000000000002,34.106665706960484,1.0900332999881357
santander,17,lr,0.8585202074590585,0.23266766297144736,0.06668505023390654,0.5043013141125586,0.8625372200974007,0.23052404145978203,0.0662241281675027,0.5109252163026227,0.4997070198054611,0.732086302782917,0.255,10.878052084008232,0.7256042037624866
santander,17,gnb,0.8876609957240404,0.21126021081678636,0.06055281820967007,0.5821880373274296,0.8819064488563298,0.21663413036459533,0.06216074814504227,0.5683801065793961,0.5348220207826664,0.7646421865104716,0.265,10.592774998047389,0.7798791979439557
santander,17,knn,0.720776238168731,0.3527100098433689,0.09228046766952254,0.2747911426163029,0.7310001444970811,0.3512851118045615,0.09223635416626459,0.28187128452900084,0.323292220113852,0.627156601649894,0.055,10.692943002097309,251.8236625008285
santander,17,rf,0.8460091576345018,0.275577063081159,0.07954471227462179,0.4667293444627465,0.8483269554119343,0.27373764089509184,0.07905760350471344,0.47782083389594915,0.4706902156246614,0.7279452515078858,0.165,171.98568204196636,3.7262999976519495
santander,17,xgb,0.8798590208758068,0.22079468706824956,0.06354087563817017,0.5582259040894189,0.8843590586533702,0.21713502189795855,0.062547529602998,0.5668682682221798,0.5328376703841389,0.7410093777914208,0.225,34.172619834018406,1.0932416946161538
santander,18,lr,0.8592296424924049,0.23223132716343217,0.0665913468078351,0.5064729716321481,0.8602476880467037,0.23195766681242813,0.06650577588741145,0.5034988279196352,0.5017740643241387,0.737547877621343,0.245,10.835682540084235,0.7260125013999641
santander,18,gnb,0.8880726926090509,0.21085963107993794,0.06045799837002272,0.5842191033168521,0.8802737908567225,0.21778110556974853,0.062208822515060595,0.563872641214577,0.5339751483264301,0.7615111629180391,0.27,10.609459500061348,0.7842082995921373
santander,18,knn,0.7240618661116038,0.35161472970089036,0.09219098338014232,0.27774531224022453,0.7229433502305039,0.35250216513828236,0.09226146044279085,0.27958871019464004,0.32211981566820275,0.6285498577153145,0.055,10.679238959099166,249.72151250112802
santander,18,rf,0.8455111018872835,0.27497962294547323,0.07940244375758687,0.4691941439652836,0.8451293732836651,0.27436050665094,0.07923592223644753,0.4709024126248538,0.4674637847781099,0.7161041651110761,0.17,175.16265699989162,3.78035000176169
santander,18,xgb,0.8802071918736497,0.2207300351722416,0.0635967652411286,0.5587125456629151,0.8838963914446666,0.2177680508762967,0.06282436716124551,0.5626790540123267,0.5368752184550856,0.7551747239345241,0.2,34.08173724997323,1.0805915982928127
santander,19,lr,0.8584644586556202,0.2324404572628685,0.06656406642575849,0.5063469326833605,0.8629107415949713,0.23161278529060259,0.06684653528408895,0.5004150128612576,0.49314112996977444,0.7296064148407491,0.25,10.828653166012373,0.7158708001952618
santander,19,gnb,0.8874043433178556,0.2112422139791946,0.06049886875891344,0.5832509778231156,0.8817472704570533,0.21794311835254448,0.06270933526516104,0.559824789865107,0.531691334312507,0.7582258938769189,0.275,10.575254374998622,0.7845833024475724
santander,19,knn,0.7245561908379077,0.35165991713840755,0.0921565021905032,0.28297103718846195,0.7304664248241837,0.35061722296137404,0.09215443446350854,0.28271781864124973,0.3255975864469715,0.6301028210808105,0.055,10.67122991598444,250.4720540950075
santander,19,rf,0.8439520295318151,0.27533476861061634,0.07947481362593418,0.46054215187363723,0.8468702312506395,0.27388366318788804,0.07914093949096235,0.46580262941568223,0.4686375040907603,0.7254882480316593,0.165,173.8903083759942,3.8746084028389305
santander,19,xgb,0.8808214896550465,0.22003082262541612,0.06333422000264584,0.5615300591546085,0.8856299277652869,0.21620232665901945,0.062306451974182823,0.5700705347863028,0.538665437363144,0.7584315083835962,0.195,34.08406416705111,1.110433303983882
santander,20,lr,0.8594962081306224,0.23217811635039626,0.06660539262243789,0.5057502030959444,0.8581307470429952,0.23287910502808865,0.0666448852217561,0.5036079931162992,0.4962388876225211,0.7349595822997299,0.24000000000000002,10.821484460029751,0.7171500008553267
santander,20,gnb,0.8882307943772096,0.2107987721139727,0.060424199068140956,0.5840360517572749,0.8795681023730707,0.21801361031259162,0.06239457895374844,0.5624569995676016,0.533716559805439,0.7639508129170711,0.26,10.602094500034582,0.7850792026147246
santander,20,knn,0.7229779145394403,0.3517699273667487,0.09220115662672908,0.2797668834092152,0.7253475016523829,0.3527757396784152,0.09234143076713747,0.2783302214441607,0.3204524033930255,0.6259635673771222,0.055,10.688770001055673,251.25977499992587
santander,20,rf,0.8452509261112585,0.2750636154831576,0.079436415134449,0.46483141706326403,0.8412885406209641,0.2747451231407151,0.07928561081109539,0.4712998592176782,0.4646288209606987,0.722820029922649,0.165,174.26256020896835,3.794354200363159
santander,20,xgb,0.8813128912765302,0.22005286130300264,0.06340749948871706,0.5605475541113887,0.8820399911227631,0.21859934406492026,0.06289163071353834,0.5653434867091975,0.5361001964636541,0.7445440944250399,0.215,34.053948331973515,1.1073832982219756
santander,21,lr,0.8597900549280783,0.2318234598274659,0.06642111356223085,0.5079871371444049,0.8579335742078933,0.23351798564831797,0.06712097156935551,0.49885780201713364,0.49131341209173035,0.7291617233454739,0.25,10.841616416932084,0.7181541004683822
santander,21,gnb,0.8881164361120895,0.21074703759851227,0.060343294348912016,0.5844794449822744,0.8802463848074801,0.21833695953921578,0.06281228738145549,0.561143301863635,0.5236768802228412,0.7560878901766874,0.265,10.56976395798847,0.7937333022709936
santander,21,knn,0.7266533936532176,0.35026358308387384,0.0920884127516401,0.28166454214665015,0.7303258582020414,0.3511659600810432,0.09210296016490513,0.2868211898949802,0.32829717141883447,0.6333394865583146,0.055,10.69918149994919,253.21479169651866
santander,21,rf,0.8453013788399526,0.2751926477831929,0.07944883435560901,0.46697005984047013,0.8442885178056355,0.27444806012973727,0.07926926433676508,0.4651871664863365,0.4703943754806108,0.725409707991449,0.165,173.21004416706273,3.868825000245124
santander,21,xgb,0.8814485369098916,0.21992543505754292,0.0633467766362927,0.5612098534996824,0.8837922671246325,0.21766085375998137,0.06273908456108973,0.5623484680179974,0.5368248772504092,0.7544715278526766,0.2,34.08956870803377,1.0720791993662715
santander,22,lr,0.8594483137668804,0.23234765659212445,0.06668104335031849,0.5042950116374371,0.859730032439249,0.2314806247360848,0.0662268391649863,0.5109780063500272,0.49225281462490245,0.7365084665610249,0.23500000000000001,10.840793123992626,0.7206875015981495
santander,22,gnb,0.8878381549342323,0.21119137566243934,0.06055827628354259,0.5824382583066434,0.8806335471060485,0.21686782423531425,0.06194588560671948,0.5696438575927945,0.5365533821440279,0.768160932414083,0.26,10.605586874007713,0.7983916962984949
santander,22,knn,0.7233896356252002,0.35137315502456984,0.0921477433880468,0.2790589785834736,0.7310936424049845,0.3504445197874777,0.09205890536480679,0.2908167968265754,0.33439562941042567,0.6368943221635015,0.055,10.681919209018815,249.337291700067
santander,22,rf,0.8458448622030842,0.2751483549397581,0.07945663185170199,0.4638254618213992,0.8461468401461287,0.2740135533271533,0.07913318336127242,0.4668891017678067,0.46588946459412783,0.7255230241234074,0.165,173.96861975098727,3.7413874990306795
santander,22,xgb,0.88121086372546,0.22004033557363417,0.06339791835387015,0.5599843972164541,0.8857917886941059,0.21645435617475142,0.06244690593183791,0.5672268289169602,0.5370155488512416,0.7560710897983678,0.2,34.08533074997831,1.1063457990530878
santander,23,lr,0.858448581235293,0.23266551333916083,0.06665870383945699,0.5046669310772347,0.8622767900353707,0.23079234278763178,0.06638812961818633,0.5092003217570719,0.4963452016033954,0.7290616124491495,0.255,10.847828083031345,0.7188832969404757
santander,23,gnb,0.8876014052676897,0.21131317779996697,0.060564441743804244,0.5819906000841334,0.8802631782720638,0.21782974766059696,0.06240348211300136,0.565806120462865,0.5357341336000888,0.7640786478944909,0.27,10.608275373990182,0.7823874999303371
santander,23,knn,0.7216385532263654,0.3527760407764185,0.09224377428227265,0.2772628720553992,0.7347072413087425,0.35027590987248525,0.09210427783734171,0.29258405911781593,0.33007812500000006,0.6655239643914944,0.04,10.757429458957631,250.2565041999333
santander,23,rf,0.8439736989261742,0.27524648033237037,0.0794412055625308,0.4631087834056288,0.8447296418131688,0.27425379275229417,0.07925631685332632,0.4598791586501631,0.45683411886423725,0.7097296314425648,0.17,174.2917387089692,3.848004201427102
santander,23,xgb,0.8808038693485958,0.22043098999660166,0.06349137754579633,0.5582736120792516,0.8846314079961505,0.2164041610103205,0.062328129440009344,0.5719503316576814,0.5420833801550736,0.7657170650361311,0.185,34.075176457932685,1.11620839452371
santander,24,lr,0.8607928376184208,0.23141832325052356,0.06640714057016442,0.5078869675492116,0.853857169820713,0.23566526716784184,0.06742991286978679,0.4949616932338151,0.4879581151832461,0.7263850978570184,0.25,10.804868249979336,0.7222582993563265
santander,24,gnb,0.8889992703802451,0.21033600733555968,0.060324396331902355,0.5849730118980901,0.876947488792834,0.2201003314032445,0.06294413508611041,0.5585361161294754,0.5318308550185874,0.7527531879236391,0.29000000000000004,10.567117999016773,0.7852624985389411
santander,24,knn,0.7252745334757119,0.3509135529683352,0.09214994740752,0.2783469791411581,0.7226602258302706,0.35289693491846247,0.09223026771628465,0.28111504380845426,0.32464563328760854,0.6306469320988166,0.055,10.68316112406319,251.85608339961618
santander,24,rf,0.845063480286041,0.275162284319594,0.07942144714197916,0.4678319719915581,0.843497842223015,0.2748556631264822,0.07936186872188888,0.4601754814700768,0.46400703373997143,0.721317052867956,0.165,172.82024229102535,3.8020874955691397
santander,24,xgb,0.8821080792890332,0.21951481367885153,0.0632757826866129,0.5619876316459416,0.8808647873749651,0.21874668712686862,0.06286922008230178,0.5637317578226659,0.5376855944690014,0.7612422185902064,0.19,34.10887483198894,1.0852416977286339
santander,25,lr,0.8591107139589486,0.23261203928921104,0.06676434022013275,0.5029418821960647,0.8597033938146953,0.23096897332534372,0.06593666409547268,0.5165481115270372,0.501788908765653,0.7418615648826463,0.23500000000000001,10.839851333061233,0.7215332996565849
santander,25,gnb,0.8878593880668652,0.2111971240872362,0.0605635476462969,0.5822317752886033,0.8806726235415474,0.2166015872308914,0.06187097773314607,0.5694156219619213,0.5383993532740501,0.757851999037608,0.28,10.572373417089693,0.7878083968535066
santander,25,knn,0.725032632722844,0.35140693100638437,0.0921611926068301,0.2814792560396427,0.7207294924764726,0.35381733115416647,0.0922936055174003,0.2793580763226811,0.3171154512885704,0.6253299234787707,0.055,10.65922866697656,247.2914749989286
santander,25,rf,0.8431408811249865,0.2753750315710894,0.07946946546460701,0.4629249216289919,0.8467681603101779,0.2739369885384389,0.07918756936973637,0.4636636319356057,0.46168958742632615,0.7209946653613533,0.165,173.24711170810042,3.625574999023229
santander,25,xgb,0.8809834842866322,0.22032599971590494,0.06345695307961928,0.5594531441714928,0.8823248128451683,0.21786348635534913,0.06261606567658841,0.5699384069625485,0.5339561624146604,0.7480559265927174,0.20500000000000002,34.13979562494205,1.1005499982275069
santander,26,lr,0.8594781688486953,0.23200529228598288,0.06648125901476037,0.5068877887899612,0.8597989347315673,0.23260130967940867,0.06685585402084891,0.5024668321186786,0.48751016614383635,0.7263566132649704,0.245,10.794754290021956,0.719833403127268
santander,26,gnb,0.8877276063424626,0.2109042096971186,0.06035098358572338,0.5843711243669286,0.8813833210268833,0.21746736255060314,0.06257479617787401,0.5616156815670317,0.5318249342932238,0.7560204121139715,0.27,10.57572733197594,0.780854100594297
santander,26,knn,0.7253149807070155,0.35057977873988316,0.09211231797574403,0.2785526473862148,0.7278373142624841,0.3517939782164793,0.09219896768463709,0.28476851834834216,0.3238405207485761,0.6289285230324199,0.055,10.673853707965463,250.53664169972762
santander,26,rf,0.8445812382161041,0.27516169614660085,0.07941378020797893,0.46537636726037857,0.8454390706279608,0.2741043819659404,0.07924044081111943,0.4618135716424236,0.4657984277836443,0.7118988852292181,0.17,172.76075979106827,3.836212499300018
santander,26,xgb,0.8803547492455844,0.22032956838352538,0.06333291274253268,0.559785387569071,0.882835852007334,0.21905548767400757,0.06331251881501966,0.5601984312904729,0.5296452493177871,0.7390464298850383,0.22,34.12321829103166,1.1010957998223603
santander,27,lr,0.8598987783079604,0.23200622048530878,0.06658832827731083,0.5060508234134579,0.8576563783362233,0.23274298275091568,0.06650335278930333,0.505734195923259,0.4960182025028441,0.7351520607081325,0.24000000000000002,10.81857533287257,0.7164959039073437
santander,27,gnb,0.888489548791355,0.2107639197941022,0.060463584511746216,0.5835320386914089,0.8803427484589282,0.21764132937354144,0.062326880585070354,0.564911261934087,0.5308342010875854,0.7529581801940823,0.28,10.557493916130625,0.7805250003002584
santander,27,knn,0.7258300763748516,0.3510980032457606,0.09216093231952804,0.2788864164600479,0.7269853656951485,0.3506902540668102,0.09218346453725138,0.2870546053542869,0.3242178447276941,0.629382962895362,0.055,10.673624541028403,252.25362090277486
santander,27,rf,0.8458208282658476,0.2751946328738764,0.07945110593057315,0.46776240539836245,0.8456759905309472,0.27423853096980755,0.0792053304323102,0.4655837441058945,0.4688499283272687,0.7238080719249776,0.165,173.43386129202554,3.840229200432077
santander,27,xgb,0.8820800846398398,0.21957606211573516,0.06327820881845568,0.5624079469736345,0.8805617721564496,0.2179157082142661,0.06238873564507745,0.5706752737426304,0.5328900498693897,0.7491155948993222,0.20500000000000002,34.16236345900688,1.065816596383229
santander,28,lr,0.8594546504738553,0.23204852642632237,0.0664845521272857,0.5066481185622767,0.8597507252508995,0.2325284328458153,0.06692085807506203,0.5022701682729894,0.4874181316787315,0.7282028573087869,0.245,10.819406335009262,0.7199959014542401
santander,28,gnb,0.8880763039226862,0.21082198565705493,0.06038149171245459,0.5841723112355939,0.8809472509603179,0.21691593028238332,0.062207101951069606,0.5678950819780565,0.5333178815621741,0.7541206557540259,0.28500000000000003,10.560332083958201,0.7850124966353178
santander,28,knn,0.7254401997067288,0.3509313785252961,0.09209673244875789,0.2838960003689444,0.7259356047721371,0.3513501458010651,0.09219639786586377,0.2787601547242373,0.32592085756642714,0.6315995757731631,0.055,10.653289625945035,249.43398750037886
santander,28,rf,0.8451761816641296,0.27526110052851765,0.07944581397940956,0.46661365448968606,0.8484717705248078,0.2740564003107365,0.07918897786234373,0.4695328541271938,0.4701762066323738,0.7259051463084798,0.165,171.64221479202388,3.6264666996430606
santander,28,xgb,0.8810558518744308,0.21994428034921878,0.06333835565889424,0.5613046629070063,0.8825771296380798,0.2184267586462188,0.06293768532046422,0.5609753600626146,0.5339091864129801,0.7530463994646003,0.2,34.03129354194971,1.0701875027734786
santander,29,lr,0.8601506830456718,0.23207909493565745,0.06660355190418403,0.5045373028886297,0.8565826371201248,0.2327928550346526,0.06653887476497164,0.5087923695967519,0.4967169680912338,0.7333481978655915,0.245,10.824673458002508,0.7193917001131922
santander,29,gnb,0.889032496712903,0.21051775831333408,0.06038595182092954,0.5834273150192489,0.8755776979471735,0.2199568010642793,0.06283140212640871,0.5636272192142081,0.5293590318242941,0.7584559138714433,0.265,10.585255584097467,0.7865541963838041
santander,29,knn,0.7238801394420914,0.3529177569544589,0.09226820011493343,0.2795087287446827,0.7261779070185481,0.35394141125205886,0.09227555636250734,0.29057405879501075,0.3253835890593729,0.6589902073844232,0.04,10.657541375025176,251.02175420033745
santander,29,rf,0.8465977444963654,0.27486959477880124,0.07937951270552995,0.4661958398380105,0.8407952801307526,0.27487085581637055,0.07926951803026004,0.47365181680521384,0.4646377125527998,0.7241562476666141,0.165,172.7773934568977,3.8157832983415574
santander,29,xgb,0.8835754266982382,0.2190134249810003,0.06324016341174081,0.5623861354377916,0.8783969431607941,0.219733048933621,0.0629419090854939,0.5638494039354622,0.533317552373062,0.7499848589183045,0.2,34.0800213739858,1.1021249985788018
bnp,0,lr,0.7332790411929008,0.48497652994120877,0.1586958645514707,0.8925657340618911,0.7367623877606642,0.48248151289591606,0.15801969819190662,0.8950066185936987,0.8684163903723013,0.5395501797828716,0.455,9.252799751004204,3.379862499423325
bnp,0,gnb,0.5908901002611501,3.9663119884140534,0.590619665582985,0.8255644833195436,0.5937441716571277,3.973882798447894,0.592249857381615,0.8316636483955666,0.43512644477274703,0.5887097724644407,0.005,4.5516013340093195,3.743520801072009
bnp,0,knn,0.676580650983985,0.5129435986051238,0.168995922108293,0.8671434355746741,0.6812942420023719,0.5109387120042272,0.16835266165269736,0.8703316445433326,0.8657262408859713,0.5173564394047014,0.52,4.521999207994668,146.40369589906186
bnp,0,rf,0.7418512098919621,0.48234186819967484,0.15737237291901354,0.8957997452924576,0.7461192417656077,0.48021065182430933,0.15673200975944354,0.8989054243907973,0.8696295540361262,0.5548021546585178,0.51,19.94360062497435,6.2357749993680045
bnp,0,xgb,0.7486220475004483,0.47365314406666764,0.15444203152591457,0.9001091726873048,0.7542936274680027,0.4688428967862162,0.153168663168265,0.9038968977567224,0.8712432296258974,0.5390614986851701,0.3,13.531688167044194,3.5061959002632648
bnp,1,lr,0.7343890007970464,0.48444233168501905,0.15858850253523618,0.8933210984318308,0.7365244240581788,0.48289329152877314,0.157772505783978,0.8936255102681361,0.8696291414231032,0.5448669280542305,0.465,9.19654141709907,3.3195082971360534
bnp,1,gnb,0.5908320736101885,3.981384385028468,0.5922390337162659,0.8272188568894877,0.5844961975685906,4.043717482438971,0.601312496783937,0.8203464199618459,0.42024607031831523,0.5797124999868464,0.005,4.549685915117152,3.7131624994799495
bnp,1,knn,0.6758042963629682,0.513191849103102,0.1691018880099215,0.8668284062061575,0.6845147283053057,0.5105568090834122,0.16804743566684344,0.8704773435210131,0.8651995187487468,0.5166849238093134,0.53,4.52336375095183,151.4592209015973
bnp,1,rf,0.740963768710174,0.48292824252032646,0.1576549463933826,0.8955661168102477,0.7502093152466608,0.4784663344731053,0.15590477009736997,0.8993459633066623,0.8705068890131681,0.5513023866873336,0.5,19.691850708972197,6.23856249731034
bnp,1,xgb,0.7461167924166732,0.4750593137358247,0.154899858287121,0.8992129417388637,0.7564579249152648,0.4666412371056206,0.1520945019404066,0.9042398600441888,0.8721334610150699,0.5416956045008329,0.305,13.799817001039628,3.496149997226894
bnp,2,lr,0.7353543592721727,0.48375756398076364,0.1583656179486198,0.8939584854757301,0.7327751698650865,0.486078209733891,0.1585276076299882,0.8903168515794874,0.8681174089068826,0.5384853990211645,0.455,8.788803789997473,3.325962502276525
bnp,2,gnb,0.6139989570863041,3.5481482493744867,0.5336428024338187,0.8355140573249824,0.6146420442527883,3.5092402994638565,0.5291184058592799,0.8350638891485037,0.5464528361510508,0.6076816270007881,0.005,4.5593785410164855,3.7037333997432142
bnp,2,knn,0.6769897502353044,0.5130946277231422,0.1690331138659695,0.8671773797085789,0.6813324925577152,0.5111630823289859,0.1683575338614129,0.8698171304612433,0.8650334297974254,0.5088523991569094,0.505,4.515616251097526,150.17850840231404
bnp,2,rf,0.7428216709265606,0.4818017471340767,0.15723094693956352,0.8963486005386481,0.7444911834311432,0.4808595161812142,0.15675078327543665,0.89653004409476,0.8704161463775133,0.554891861944433,0.505,19.515923709026538,6.0764041962102056
bnp,2,xgb,0.747057760815374,0.47488519813121793,0.15476495866875525,0.8994857231394371,0.7511761756389737,0.47152407914839833,0.1535565636412952,0.9007893460794183,0.8720585627802122,0.5494581259016766,0.365,13.210205792041961,3.4876084013376385
bnp,3,lr,0.7359203457843677,0.483526971343926,0.15817878686927844,0.8938049704011299,0.7299444709269473,0.4871763749124445,0.1594502826299404,0.8908034375654711,0.8671239837398373,0.542430493953045,0.465,8.947848708019592,3.382654197048396
bnp,3,gnb,0.6113155948555677,3.5855168782815583,0.5389806429194074,0.8340450014818006,0.6149074936363071,3.512560774908038,0.5298083316441382,0.8345569248710004,0.5452315968513902,0.6078791934867775,0.005,4.556053708016407,3.7529082968831062
bnp,3,knn,0.6803213749544335,0.5116540179099663,0.1685492005248219,0.8691377810908174,0.6717156873577442,0.5145366557680854,0.16951037916460995,0.8643060153746123,0.8651318250979023,0.5088128858597115,0.505,4.526137667067815,149.9757832963951
bnp,3,rf,0.7441782223393132,0.4810847424463032,0.15694961187794074,0.8969215972475001,0.7404765219459273,0.4825341862877131,0.15751125437829822,0.8953686960783649,0.8694561740243122,0.5591458024882329,0.52,19.563002582930494,5.792754201684147
bnp,3,xgb,0.7502753665476675,0.4725341577929328,0.15388287325546518,0.9007153503268167,0.74865205463884,0.4734479731826492,0.15459035237838664,0.9011929694649977,0.8709677419354839,0.5389914954336098,0.315,13.171306250034831,3.4744500007946044
bnp,4,lr,0.7349264062674953,0.4840831884431252,0.15831695525047929,0.8931679770996155,0.7348227320893221,0.4842030457779179,0.15867741677727878,0.8942346892510005,0.8676157665416961,0.5390259314562675,0.46,9.162694126018323,3.3650375029537827
bnp,4,gnb,0.589864095124021,3.9996372995653524,0.5958150681119069,0.826234722479665,0.5959808347355029,3.9801298546117323,0.5930518577744816,0.8288734333469479,0.43324761365122255,0.5907604126219467,0.005,4.5437501660198905,3.7277499970514327
bnp,4,knn,0.6796376066630929,0.5121525382001253,0.16867736917963427,0.8684359219160307,0.6786741315755966,0.5121698971436339,0.1687103791969196,0.8684966006250006,0.8654014452529193,0.513336053489745,0.51,4.5178062920458615,150.24729580036364
bnp,4,rf,0.7435985418545104,0.481769618455741,0.15716260324741615,0.8964644671504793,0.7440345707151222,0.48154012434220117,0.15722979173743012,0.8977715336942227,0.868922478835776,0.5569480002904307,0.52,19.545982667943463,6.324541702633724
bnp,4,xgb,0.7493997767475667,0.4726574727870305,0.153902026535334,0.9002257574200916,0.7517558530715669,0.4712237884391578,0.1540627805822672,0.9026649717802694,0.8706413410087998,0.5478960616133842,0.375,13.22563621000154,3.508612501900643
bnp,5,lr,0.7346042330433491,0.4845598429596353,0.15842700793469242,0.8925603869610544,0.7345399673581231,0.48417143856933187,0.15841591098598246,0.8933086355812516,0.8680276238901117,0.5378389804201352,0.455,9.224960625055246,3.3261041971854866
bnp,5,gnb,0.61036768196419,3.6265710533255753,0.5442684342834406,0.8344714895550653,0.6122643697392333,3.5464711244457483,0.5328504572005763,0.8341908520287101,0.5368999283496536,0.604634867669915,0.005,4.555776332970709,3.672379197087139
bnp,5,knn,0.6776268907488742,0.5126554262390103,0.16890245882673574,0.8676208326507463,0.6790527436749787,0.5124186401082216,0.16864352104627672,0.8665948540071102,0.8647160413485846,0.5132696806210165,0.52,4.49358458298957,148.33409580169246
bnp,5,rf,0.7426705508470117,0.48198662005220133,0.15722155382595207,0.8957246159846661,0.7430136912785577,0.4811348604576349,0.15702248512841696,0.8968515350180414,0.8697584146279176,0.5565977735756535,0.515,19.53412141703302,6.170299998484552
bnp,5,xgb,0.7484343719034738,0.4738207835074423,0.15444965670840075,0.8998825429712387,0.7548483657489691,0.46871236209606953,0.1528257007008797,0.90327612875881,0.8716692344606369,0.5440712691502695,0.325,13.196001957985573,3.447391599183902
bnp,6,lr,0.7339999358990145,0.4846974049660661,0.15854403160955136,0.8926817501797203,0.7357588078875066,0.4828406606949845,0.15837638724400863,0.8954534695628551,0.8676057762828457,0.5364420196293221,0.45,9.822459458955564,3.3297749992925674
bnp,6,gnb,0.5911120632424822,3.9750550336611896,0.5928018390220575,0.8269940684658165,0.5927337098408629,3.992725844387231,0.595189519219012,0.8263125328027634,0.4321030640668523,0.5870166197873753,0.005,4.549877000099514,3.6964124999940395
bnp,6,knn,0.6776230059502762,0.5128523597388562,0.16891385560261302,0.867371290233418,0.6792257919232927,0.5117259820165123,0.16870799537361283,0.8695827175103918,0.8649539360347538,0.5098866899642539,0.505,4.534449415921699,148.65727910073474
bnp,6,rf,0.7417169013580938,0.4824129839460416,0.1573880202391019,0.8955494799320945,0.7458882231433223,0.47971776341129013,0.1564910823269962,0.8986629392336835,0.8698703279938979,0.5501101479196854,0.495,19.438749417022336,6.147816602606326
bnp,6,xgb,0.7481416354093792,0.4742400510848223,0.15453473542901458,0.8996539956175241,0.7527157683836799,0.46925618116778095,0.1529967380808001,0.902095111890255,0.8723974125732767,0.5464701629884049,0.325,13.182070125069004,3.4573249984532595
bnp,7,lr,0.7345230866941034,0.4843015619048485,0.15848256222587537,0.8932764331953218,0.7335286005768625,0.4849591200626021,0.15854685864888185,0.8920789320477607,0.8687520646456433,0.5465602911882717,0.465,9.158427125948947,3.3320165995974094
bnp,7,gnb,0.5896744736747395,4.002120582040509,0.5952994255584213,0.8266093335651246,0.5941638018210842,3.989647905701664,0.5942454915750557,0.8271084186863867,0.4309517578295385,0.5887081151157566,0.005,4.564161042042542,3.689887496875599
bnp,7,knn,0.6784295842583449,0.5123675392312124,0.1687864850172441,0.8680172845411279,0.6812494462350825,0.5117435007296393,0.1685754039572854,0.8696172499046512,0.8647079433405075,0.5130524101006722,0.52,4.516627167002298,149.62782089714892
bnp,7,rf,0.7421092173455136,0.48238071249091596,0.15743312192071507,0.8960636454144729,0.7473102388370989,0.47951146945899226,0.15638635428375797,0.8989350663854649,0.8699758791418052,0.5482013820709598,0.5,19.442392833007034,6.24804170220159
bnp,7,xgb,0.7475616964422519,0.47466359368383937,0.15472343093636526,0.8995690336978622,0.755620390334553,0.4664764892980274,0.15210240483622217,0.9040681667145105,0.8729621965376269,0.5458613898789136,0.325,13.163749165949412,3.46189999836497
bnp,8,lr,0.7342697950631113,0.48433714967696373,0.15847441103885132,0.8931145856089053,0.7355643193347876,0.48353524132715064,0.15819982220769924,0.8937270855615119,0.8682386277387035,0.5385374608155418,0.455,9.406695707992185,3.3962709014303982
bnp,8,gnb,0.5901065048464712,3.989078062478793,0.5931841499217995,0.825824542115345,0.5905403114552784,4.004080244659806,0.5955353867735802,0.8269798117274638,0.42835319278948975,0.5861117600201197,0.005,4.507864375947975,3.745741699822247
bnp,8,knn,0.6783805607506337,0.5123011337502298,0.16870599833342936,0.86765897878904,0.6813501919893762,0.5116821712765092,0.16858392384664106,0.8692624428819142,0.8645684669120409,0.5134690096841777,0.52,4.507302667014301,152.76952919666655
bnp,8,rf,0.7421644681067803,0.4821550675430304,0.1572772366940072,0.8956234786244545,0.74526717513072,0.48017612761399525,0.15672824389565804,0.8984206088270527,0.8692865318580694,0.5493183298555318,0.5,19.411463998956606,6.292066699825227
bnp,8,xgb,0.7459028581725771,0.4755656025490448,0.15508406798177507,0.898968661986918,0.7556523271806237,0.4668763021378366,0.15244031145233228,0.9045352829352926,0.8725462951266959,0.5465509521599726,0.34500000000000003,13.206795332022011,3.520883299643174
bnp,9,lr,0.7333474081234115,0.4849196775356555,0.1587593157539685,0.8929110961677309,0.7375767878583162,0.4827873593384112,0.15781060986077386,0.8940740779051389,0.8689431224313766,0.5444575892363884,0.46,9.132240667124279,3.3616082975640893
bnp,9,gnb,0.6104577035309554,3.61615761863838,0.5435903215346422,0.8344781698387694,0.6136304354460057,3.5261596835549174,0.5314675859828517,0.8326011046206179,0.540855568330492,0.6046490735157785,0.005,4.524869123939425,3.7635167012922466
bnp,9,knn,0.678835812251173,0.512360453586988,0.16879595429051056,0.8681260666483505,0.6776680683101252,0.512074212870505,0.16868995915391694,0.8676508456573949,0.8655575539568345,0.5121706742936274,0.51,4.5092411659425125,154.0826125012245
bnp,9,rf,0.7428592929302177,0.4821481837902728,0.15734847288928314,0.8963188625108146,0.745779879892204,0.48021516525482066,0.15644098718897997,0.8966842831164745,0.8706918625492908,0.5628734164427931,0.52,19.461759040947072,6.2835332995746285
bnp,9,xgb,0.7493196064486249,0.47292400592297684,0.15419024393155953,0.9004882671734166,0.7523225137402098,0.4701579730451617,0.1529126197376945,0.9009240638533684,0.8719346049046321,0.5430207994629138,0.32,13.164759708975907,3.5282917029689997
bnp,10,lr,0.7349798890885889,0.4840784242906482,0.15842451202268504,0.8934962537578496,0.7344849275975389,0.4848079649438986,0.15831780576801344,0.8919945984416464,0.8684311078279032,0.5495769814787338,0.47500000000000003,9.274547208973672,3.3518790965899825
bnp,10,gnb,0.612393601308865,3.573631963398185,0.5377791498841165,0.8335546135681737,0.6197745216576013,3.451837778361184,0.5210674955535285,0.8393617417755073,0.5567268879570482,0.6116512927845879,0.005,4.568777000065893,3.7448792019858956
bnp,10,knn,0.6776584726191318,0.51259282994653,0.16882583932735884,0.8673789375863312,0.6818431769322318,0.511297841065537,0.16846425617312655,0.8698987487433835,0.8644343710085401,0.5135426433185698,0.52,4.536012416006997,149.1421042010188
bnp,10,rf,0.7415625071691027,0.48249017523158444,0.1575152682030552,0.8959811633623062,0.7458013254580333,0.48089560798668823,0.15681733570565276,0.8968495422274497,0.8692922228744991,0.5546746966525766,0.515,19.56843529304024,6.275808298960328
bnp,10,xgb,0.7471470128546088,0.47485704570436077,0.15482563477469768,0.8998480947291913,0.7535029669172157,0.46934173824246667,0.15280670562366422,0.901848529516539,0.8723237134821497,0.5505570270005777,0.37,14.080953623983078,3.4840709005948156
bnp,11,lr,0.7328993615710211,0.4852575231048945,0.15879078202811683,0.8923755666982145,0.7411253187107827,0.48035746681434993,0.15718219742611428,0.8965511201293072,0.8685875620761805,0.533743093065127,0.445,9.017190374084748,3.236316697439179
bnp,11,gnb,0.5896547954745783,4.010329994634288,0.596238426658185,0.8275383658525199,0.5914444609302408,4.006072234469313,0.5970239142118338,0.8271081170059,0.4298306859835923,0.5878193290000242,0.005,4.546695167024154,3.6100500030443072
bnp,11,knn,0.6765103158388287,0.5128243698029122,0.1689722016094419,0.8673904070315143,0.6858896016365135,0.5096641499462655,0.16785389096889095,0.8720426380554805,0.8651502639941946,0.5139178617992177,0.52,4.516694499005098,150.22389580262825
bnp,11,rf,0.740361772584699,0.48320464006829467,0.1576932630432612,0.8950355918522477,0.7524337981275643,0.47713729054927545,0.15553378228073422,0.9018505771407305,0.8703736722789679,0.5540856275774403,0.505,19.7024474159698,6.126787501852959
bnp,11,xgb,0.7465813341534261,0.4746892245060708,0.15475414365188142,0.8995034572744324,0.7624821137877731,0.4634138382121786,0.15130573682759568,0.9074504036258343,0.8718724778046811,0.5424031082390749,0.305,13.233346207009163,3.369466698495671
bnp,12,lr,0.7352132654128604,0.48375919599267597,0.15824621728532706,0.8935351719329584,0.7327616743115163,0.4856497618670272,0.1590911987600735,0.8927661600379596,0.8665900676624538,0.5488589022774601,0.48000000000000004,8.793985623982735,3.3350666984915733
bnp,12,gnb,0.5911939491931879,3.9818162236563137,0.5915593947280863,0.8265114700460164,0.5882394800449957,4.001876909134823,0.5938347978537103,0.8242810039952254,0.42835359212303403,0.5833483283928558,0.005,4.570579082996119,3.6802749964408576
bnp,12,knn,0.6777063599227326,0.5126611672035735,0.168921319342586,0.8678229050365973,0.6791670060285401,0.5115712239624297,0.16849599497344678,0.8684092316876697,0.8648068669527896,0.5086225801393857,0.505,4.5248586679808795,147.71784170297906
bnp,12,rf,0.7426951730971281,0.48158796705124524,0.15708205954445248,0.8962081073997686,0.7425992646633267,0.4812692197279939,0.15714941203755114,0.897062990307924,0.869954700463175,0.551722616653671,0.5,19.671705541026313,6.286950001958758
bnp,12,xgb,0.7486752419131469,0.4732654616584936,0.15424786826980943,0.900194011917993,0.7493601897480093,0.4733977438853688,0.15449451827695188,0.9006831805430837,0.8708470290771175,0.543798411681204,0.35000000000000003,13.181182376050856,3.4741792012937367
bnp,13,lr,0.7347195016902771,0.4842498480961406,0.1584067394052324,0.8931505097249303,0.7358593642305219,0.48345431621317564,0.1583706287413998,0.8942740709378527,0.8678854079749172,0.5367921411156114,0.455,9.423342083988246,3.269879100844264
bnp,13,gnb,0.6083078353345784,3.6447929477006586,0.5471536565044859,0.8322505129979565,0.6144934668893302,3.520988075083277,0.5294937753385915,0.8347208840364928,0.5404267154038698,0.6071880790855223,0.005,4.558443834015634,3.7109875003807247
bnp,13,knn,0.6767323416320234,0.512884595339038,0.16896442930800795,0.8672146808337687,0.6841532421423258,0.5100485551063466,0.1680966372858081,0.8719904004063949,0.8649269571731801,0.5101380808217924,0.505,4.525759874028154,153.58974169939756
bnp,13,rf,0.7422148244756374,0.4821855555820017,0.15731498465420846,0.8958276051389048,0.7472048577679143,0.47908682922817875,0.15637214382090714,0.8996761807050841,0.8700860340583204,0.5477560551102637,0.495,19.566863708023448,6.086608301848173
bnp,13,xgb,0.7460175865059441,0.4755224028092814,0.15508494642323242,0.8989814956943191,0.7568427928482511,0.4669493878004872,0.15248597037131048,0.9048304315842144,0.8720068993506495,0.5514871942191678,0.38,13.277388707967475,3.3920250018127263
bnp,14,lr,0.7349971113778105,0.484050312216976,0.15832382185504912,0.8933214614355959,0.7313949667109678,0.4863225966109856,0.15921556276061327,0.8918161534417636,0.86840239084186,0.5405790776302124,0.455,9.584678790997714,3.297266596928239
bnp,14,gnb,0.6121145469484932,3.5875466279808053,0.5382478723187144,0.8357959903179812,0.6130770809196548,3.511633181408656,0.5288487607731638,0.832523932520566,0.5452964426877471,0.6068610815594441,0.005,4.562620082986541,3.6710791988298297
bnp,14,knn,0.677693437121945,0.5123654084956111,0.16880708837250216,0.8678754127653443,0.676719517674703,0.5132759733675988,0.16903249619941838,0.8664213790697458,0.8647023451593506,0.5148588149378153,0.52,4.520974749990273,147.82364999991842
bnp,14,rf,0.7438527118650043,0.481112633352015,0.15695845039060574,0.8968174205255892,0.7402484391984535,0.48277701530110373,0.1575101623008016,0.8945752367807829,0.8689045307854547,0.5469211985945683,0.5,19.498275040008593,6.220295804087073
bnp,14,xgb,0.748634925247701,0.4736915027968035,0.15449317933624393,0.9004287483940541,0.7514383997693391,0.4716470394103351,0.15361196787156436,0.9010491659806282,0.871553599433399,0.5461057304277643,0.35500000000000004,13.260647123970557,3.427458298392594
bnp,15,lr,0.7345809623992801,0.4842447925764843,0.15849048325612325,0.8933553121905398,0.7342809158666671,0.4844426609782657,0.1583164323482432,0.89242178551109,0.8690787968165985,0.5482768835110117,0.465,8.754728417959996,3.330529195955023
bnp,15,gnb,0.6123723682684625,3.5941531106466655,0.5397215377083825,0.8354141478690313,0.6104632736793035,3.5750977653779175,0.5372901612323383,0.8316008624354154,0.5310237228467416,0.6032093899588872,0.005,4.533245334110688,3.7183707987423986
bnp,15,knn,0.679683367900247,0.5118992296146844,0.16862038419060554,0.8685943418448411,0.6745238726609023,0.5136725022253545,0.16929350166661203,0.8661529755396095,0.8647198897104902,0.515573474213233,0.52,4.50869308313122,147.43379579740576
bnp,15,rf,0.7421403144791985,0.4821039568006715,0.15735733843720773,0.896046742065479,0.7423393555596945,0.4813812297869129,0.15695638842980678,0.8957458045395512,0.8695696668883998,0.5589805937622657,0.52,19.662548666121438,6.243183399783447
bnp,15,xgb,0.7478293910635254,0.4745013053404753,0.15480554454898052,0.9001006115585497,0.7528603681102963,0.46952227951887787,0.15291076364183498,0.9020004551442586,0.8725128960943257,0.5554626738769226,0.385,13.274038665927947,3.48315829760395
bnp,16,lr,0.7334133763642605,0.48489818468235607,0.15865777004176898,0.8925875916432587,0.7383649387096672,0.48237515795571084,0.1578479733797491,0.8949997375149513,0.8677018161554244,0.539112113587839,0.46,8.671199168020394,3.3058916975278407
bnp,16,gnb,0.6114088971089338,3.582320248685694,0.5398902444301885,0.8338721156683234,0.6149097613102209,3.5061774069208784,0.528299018877102,0.8367039757165192,0.5437707772676904,0.6064230153644115,0.005,4.551347126951441,3.666637494461611
bnp,16,knn,0.6778833499393428,0.5126300067216147,0.16888008605917962,0.8675809597966675,0.6831877812889017,0.5102598853990088,0.1680396725672242,0.8703302582017621,0.8651195428800561,0.5162557757286284,0.52,4.5341061660437845,148.12631670502014
bnp,16,rf,0.7423841425658537,0.4817795443686675,0.15716151008791618,0.8961142150747237,0.7457869880765601,0.480336231577066,0.15680307085673006,0.8983699629136955,0.8683347005742412,0.5591459077167207,0.525,19.661678374977782,6.131170800654218
bnp,16,xgb,0.748167076844572,0.47393918541857083,0.1545220209208127,0.9000214541890146,0.7566054236867221,0.4680285157594266,0.1527592735015589,0.9045640462732801,0.8713076437144662,0.5439150837671378,0.34500000000000003,13.157370958011597,3.43550419784151
bnp,17,lr,0.7345969567330318,0.4841358943101579,0.1584644352061566,0.893449578480914,0.7341900615902339,0.4851545804700973,0.1585331529259937,0.8919433249443149,0.8682525160109789,0.5455745370209605,0.465,9.117475166975055,3.327054198598489
bnp,17,gnb,0.6125108549421926,3.5563365145561296,0.5346255362147662,0.8332838187451249,0.6190907153748292,3.452765221957024,0.5206491639260891,0.8386518797755582,0.5536008796041781,0.6098252891415775,0.005,4.537512206996325,3.680441598407924
bnp,17,knn,0.678734825574812,0.5122855670761868,0.16874597271617928,0.8679718910898226,0.6781983514905089,0.5123058212165843,0.16876576054109124,0.8677402634471715,0.8647961092405537,0.5078450731495834,0.495,4.515104498947039,148.47434170078486
bnp,17,rf,0.7432020987002061,0.48194580276979077,0.15726782898413655,0.8964710163192355,0.7411338580025739,0.4823811268945088,0.15738223560590706,0.8953619083902643,0.869796325164192,0.5577469738917599,0.515,19.533352375030518,6.175779103068635
bnp,17,xgb,0.7506348365349887,0.4723531182017596,0.1539394099292855,0.9011855607654112,0.7496997462941157,0.471899402870326,0.1539016682667147,0.9009587656493793,0.872095086038673,0.550327207983054,0.36,13.139667374023702,3.427787497639656
bnp,18,lr,0.73468353745939,0.48431818233298346,0.15845771048226842,0.8931995223679908,0.7329992381457477,0.48570946838435736,0.15885434357250006,0.8926957894716769,0.8683442094304649,0.5444145507848467,0.465,9.008693581970874,3.327637497568503
bnp,18,gnb,0.6150176369132859,3.497909870189671,0.5282546283310653,0.8345356758671311,0.622447272635437,3.3844252824699064,0.5129316201488895,0.8385395244496301,0.5703566179314613,0.6132721534904816,0.005,4.553690000087954,3.733966703293845
bnp,18,knn,0.6769257719137237,0.5128796771187508,0.1689456246025126,0.8671817663824354,0.67792747757844,0.5122491937985354,0.16888255476052638,0.8687885787240263,0.8651311676294796,0.5129230842890711,0.51,4.536913832067512,150.4679750010837
bnp,18,rf,0.74210232448353,0.4822532355084547,0.1573320015922353,0.8958617535036966,0.7426911449175166,0.4820520416221056,0.15745129842835728,0.8968867200441434,0.8687348397804162,0.5539116059656135,0.515,19.640335207921453,6.216770899482071
bnp,18,xgb,0.749301605423851,0.47327140047487576,0.1542723822464036,0.9003668124671654,0.7519345889196507,0.4702889257641583,0.15353727382005303,0.9022027632592249,0.8721258572004841,0.5423815363990601,0.32,13.181330041086767,3.466491703875363
bnp,19,lr,0.7345539302783327,0.48415447291345093,0.1585183468490063,0.8936772473185292,0.7346950583649808,0.48461899006335596,0.1581089233760518,0.8916522703271565,0.8700913993467859,0.5440803977215928,0.455,9.270289751060773,3.238733299076557
bnp,19,gnb,0.5929238388605668,3.972202137266115,0.591572582611168,0.8283397305461089,0.5911540881793683,3.966422157496381,0.5902020921155572,0.8278896838403706,0.43685327098757415,0.5856805336767992,0.005,4.558302001096308,3.6352124996483326
bnp,19,knn,0.6775598116259746,0.5127153253433159,0.16894903647184575,0.8678227476712256,0.6766968567198386,0.5127592327013977,0.16877576706886135,0.8657478371328144,0.8658015152651714,0.5142984732398694,0.51,4.517560959036928,146.5841791999992
bnp,19,rf,0.7423307870127747,0.48212455296565626,0.15731975458424888,0.8960709324290957,0.7435121270570854,0.4810661565563922,0.1568684823400147,0.896348188802111,0.8696559977592748,0.5518411565452646,0.505,19.64025825005956,6.131287495372817
bnp,19,xgb,0.7483757339056408,0.4741451822126999,0.15456460507591646,0.8999934099206524,0.7561307116707864,0.4673545362996245,0.152539042551186,0.904450291560022,0.871685785915065,0.548181467579629,0.36,13.204490208067,3.391533298417926
bnp,20,lr,0.734103320936179,0.48464964773115043,0.15855779949826998,0.8928427696185459,0.7352160446084606,0.4835031331945966,0.15834250086984228,0.8941659182254543,0.8674589127686473,0.5357381462739118,0.455,9.487233750987798,3.2622165977954865
bnp,20,gnb,0.6118698381803307,3.5880252649705597,0.5384691479677738,0.8354774751195095,0.6118902772034056,3.544443304113622,0.5337251536627533,0.8366058019573507,0.537268315965317,0.6040063905260687,0.005,4.556318042974453,3.607029200065881
bnp,20,knn,0.6777736547764271,0.5126165683434328,0.16886553919099428,0.8676042455903786,0.6821851326878617,0.5108845717165975,0.16832758430095543,0.8702935123229838,0.864866214057508,0.5092402713632245,0.505,4.529421333048958,148.60084999818355
bnp,20,rf,0.7423831773678612,0.48210887387964385,0.15728239782652165,0.8959071835725931,0.7446703822845736,0.480517550662229,0.1567592248861519,0.8972682735199795,0.8699987217180111,0.5588512679506646,0.52,19.793311375018675,6.139229203108698
bnp,20,xgb,0.7487564362756488,0.47353455399965566,0.15442347520513414,0.9002954741505497,0.749761347050919,0.47234268619653524,0.15445941162981652,0.9020982527449292,0.8714040577369535,0.5420691656327967,0.33,13.150101041945163,3.3842916949652135
bnp,21,lr,0.7354887421279307,0.4836822311339406,0.15825153427580102,0.8937381164088949,0.7303985002835908,0.48676877316308126,0.15937925008942366,0.8915853101783524,0.8676675358869845,0.5382430315064616,0.455,9.124343166011386,3.2946999999694526
bnp,21,gnb,0.5875604204077544,4.050775972422064,0.6014751760983913,0.8256219293927759,0.5880784383671485,4.023262821453778,0.5980870482419848,0.8245707317655018,0.4231947483588621,0.5830360628550804,0.005,4.557558959990274,3.6812666978221387
bnp,21,knn,0.678497461519414,0.5121229319594058,0.16873649799371582,0.8683820776662203,0.6739255382174084,0.5136717702027312,0.16930310605871793,0.8660684918826879,0.8642587169282371,0.5122498061165112,0.51,4.503801874932833,152.5920291955117
bnp,21,rf,0.7423959567865962,0.4819352829654961,0.1572207290516178,0.8959439027950097,0.7432563008187829,0.48143048292978474,0.1572085186776943,0.8972053229479146,0.8695541466147225,0.5516005516077335,0.505,19.658717790967785,6.232341600116342
bnp,21,xgb,0.748711990799029,0.4737734872441575,0.1544276510892511,0.9000190681199398,0.7503065042780642,0.4722024223581925,0.1540077966348728,0.9010533719996113,0.8714923228197564,0.5409091793966829,0.315,13.176225000992417,3.4036665980238467
bnp,22,lr,0.7345352758128736,0.48442268376670633,0.15849847573301626,0.8930100615707365,0.7347050024570851,0.48378976285843245,0.15842081166291846,0.8938766837599537,0.8679054736416885,0.5345170749005854,0.445,9.224157416960225,3.3779250050429255
bnp,22,gnb,0.6097226209076394,3.6162860718289402,0.5438630937834081,0.8328189454480648,0.6162971305243641,3.5388165327256615,0.5332550571485896,0.8388616268273961,0.5382867620680034,0.6088024156251677,0.005,4.515940499899443,3.7802791979629546
bnp,22,knn,0.6772883752592979,0.5126471975603123,0.1688665975999064,0.8673476454220392,0.677621630978425,0.5125891947413089,0.1689198040186545,0.8681103872719306,0.8653418322709661,0.5127183622659061,0.51,4.489312290970702,152.84138749702834
bnp,22,rf,0.7425747387500073,0.4821395866112364,0.15728402473776015,0.8957425003142014,0.743572154647995,0.4810726926661183,0.15708117400256824,0.8980199972827666,0.8691749378061604,0.5617854064923872,0.525,19.61639983294299,6.208345899358392
bnp,22,xgb,0.7477703100940755,0.47467168458507697,0.15468468111610123,0.8993927472645447,0.7545959278679761,0.46831215937785176,0.15275859282093945,0.9034457933876244,0.8723592662871601,0.5483735358771268,0.34,13.16067870799452,3.5287374979816377
bnp,23,lr,0.7340731613764214,0.48445906866969124,0.15857444880113336,0.8932335060235341,0.736857540620827,0.4827463977116678,0.1579094903308507,0.8943204372801651,0.8679139905054455,0.5430804377084182,0.465,8.992307541077025,3.351729200221598
bnp,23,gnb,0.5912041904865034,3.991942885761682,0.5942957918979134,0.8280182390698296,0.5907389407489954,4.000478403162999,0.5962477774948619,0.8294722723462767,0.43061242268490285,0.5861386195916503,0.005,4.5402094590244815,3.7269166961777955
bnp,23,knn,0.6753491816673234,0.5135708728117293,0.16920787210431235,0.8664138815772044,0.6809408321258364,0.5098901440828678,0.16815232968314076,0.8718986237206925,0.8653999601037302,0.5089457368256564,0.495,4.520324458077084,151.51440000045113
bnp,23,rf,0.7425630343678099,0.48188908278459436,0.15720221417768954,0.8960035933788277,0.7465778064700788,0.47965404536028455,0.156535437124287,0.8987600827279872,0.8694901920978506,0.5461867300563078,0.495,19.60112041706452,6.282849999843165
bnp,23,xgb,0.748189884456691,0.4741765219569668,0.15451025101275837,0.8997490882998952,0.7540258157049309,0.46790984953248027,0.15267440151951814,0.9035640876779437,0.8723581968665367,0.5489966200609694,0.36,13.171741624944843,3.4929582965560257
bnp,24,lr,0.7359398990185196,0.48367795764309346,0.15809597628488867,0.8932732292663271,0.7288726030265817,0.4867364634353403,0.1598075025086264,0.8925556763862212,0.8669855485446774,0.5443105324245802,0.465,8.69090337405214,3.3057083026506007
bnp,24,gnb,0.6120095830644591,3.5787204643852117,0.5376139634926446,0.8341072932112997,0.610342944903416,3.5430849634799286,0.534014248177571,0.8311173651309958,0.5398612487611497,0.6030222937074416,0.005,4.540545249008574,3.691012499621138
bnp,24,knn,0.6793196878738457,0.5123044403337248,0.16871323771602276,0.867901473252173,0.6751853231514249,0.5132427507256526,0.1691415532651613,0.8668277987958305,0.8651179091773895,0.5145122186058698,0.51,4.498690459004138,147.076737502357
bnp,24,rf,0.7442045773418051,0.48125884473000097,0.15695652105156688,0.8965143609151685,0.7383397470096694,0.48284370619202227,0.15771470079664,0.8959231104898515,0.8698055271238484,0.5597706492492474,0.515,19.713620625028852,6.233112496556714
bnp,24,xgb,0.7517924302221375,0.47182357341427855,0.1536918057399251,0.9013301310144695,0.7473281382028868,0.4747189405356113,0.15492556265715401,0.8998518235461328,0.8705810954331665,0.5433225947661455,0.335,13.15250166709302,3.4383875026833266
bnp,25,lr,0.7338958905151483,0.4845198757845101,0.15855019218721977,0.892964295116297,0.7367274887326597,0.483045634656524,0.15797706173172185,0.8940573293732483,0.8674317776077531,0.5490689120321409,0.47500000000000003,9.160139332991093,3.250958299031481
bnp,25,gnb,0.6114823922498344,3.5603815495187345,0.5360715052225,0.8342558050472221,0.6205435630155538,3.482427674464442,0.5249309712360439,0.8394747308715637,0.5500671777444085,0.6137703840734579,0.005,4.5380424579489045,3.6293749988544732
bnp,25,knn,0.6753647126402671,0.5135177578707486,0.1692137166778358,0.8666605296846563,0.6858677035881862,0.5101480609422046,0.16793185738386834,0.8707616725344293,0.86465657450269,0.5126519893971776,0.52,4.5081810830160975,149.4944833975751
bnp,25,rf,0.7421573973326624,0.4826374982693671,0.15745545680648837,0.895456140948031,0.7474515712191667,0.4792921343712717,0.1563366050831804,0.899212420378971,0.8699432988380075,0.5503220254800261,0.505,19.517482792958617,6.144266703631729
bnp,25,xgb,0.7477753718751657,0.4740081817476619,0.1544334257084662,0.8998284070377722,0.7528068909927571,0.4701607571275811,0.15327308414101054,0.9022296918894648,0.8710974037464925,0.5441198057903028,0.34500000000000003,13.16389995708596,3.3970542019233108
bnp,26,lr,0.7334776624968535,0.48503745360375466,0.15875319862093876,0.8927250680376283,0.7393718964172856,0.481143135009174,0.15751690372490612,0.8960677302408884,0.8682045734698498,0.529602404681405,0.44,9.044526750047226,3.2914250041358173
bnp,26,gnb,0.5896916285480875,4.008252336325772,0.5965186776490131,0.826093832914852,0.5914708469735761,4.031955812799394,0.5995242637633975,0.8297788308504558,0.4193619361936194,0.5860617764883781,0.005,4.55573879298754,3.6751999985426664
bnp,26,knn,0.6752674552127085,0.5135580892766876,0.1692051060268605,0.8663027104192994,0.68438427128746,0.5102838209341803,0.16804133480343295,0.871359108817899,0.8647879589646308,0.5090912415172685,0.505,4.536042250983883,149.79412500397302
bnp,26,rf,0.7416451925734096,0.48256734273585805,0.15747511083283425,0.8957574339099235,0.7500623057876721,0.47843552936820494,0.15596743652630027,0.899685589664514,0.8698710433763188,0.5537229575939717,0.51,19.438695041055325,6.223933299770579
bnp,26,xgb,0.7466084297439517,0.47524476896772416,0.15500375989749432,0.8992727410544886,0.7603927442853039,0.464998191843563,0.15158945529957396,0.9057171338025122,0.8716558573165789,0.5487758243862811,0.37,13.197387957014143,3.433045803103596
bnp,27,lr,0.7355941456950026,0.4837430062721664,0.1582091788943342,0.8934376121278126,0.7318856997641829,0.4854855438822786,0.15898538008594768,0.8924514661065576,0.8683909942381399,0.5439746167841543,0.46,9.146956082026009,3.2952917041257024
bnp,27,gnb,0.6124057374815103,3.571582878949721,0.53807388648119,0.8343220700994506,0.6209368229204483,3.477703769168704,0.5253109632914036,0.8378088131032517,0.5517159763313609,0.6137110615134171,0.005,4.538726166996639,3.7000166019424796
bnp,27,knn,0.6776758803842197,0.5127807377772253,0.1689460469017593,0.86781309680691,0.6808185513614988,0.5113308349106558,0.16843989572792567,0.869254701617365,0.8650415429526684,0.5090696696772536,0.505,4.521078334015328,146.96899160044268
bnp,27,rf,0.7431053302843732,0.4818721522750242,0.15722372615202912,0.8963452269578842,0.7429928455151092,0.48103619374108064,0.1570250128906888,0.8975034955540483,0.8700122774708411,0.559628774940467,0.515,19.554012000968214,6.1969665985088795
bnp,27,xgb,0.7484871006533591,0.4739795328409084,0.15445152837651,0.899974311186351,0.7487260144815445,0.47253048598254077,0.15413092999313754,0.9003993555492095,0.8714263874025377,0.5570806407993998,0.4,13.192216627008747,3.4225499955937266
bnp,28,lr,0.7335004122299787,0.4852648472294983,0.15869244459817844,0.8920803275059631,0.7397496456430671,0.47997083764180515,0.15743592633709477,0.8978680351766374,0.8685987903225807,0.5333372794016288,0.45,9.213261665950995,3.3517333038616925
bnp,28,gnb,0.6153931360932984,3.46719173988239,0.5246930128424249,0.8353229006078339,0.6263434784118496,3.346458054932936,0.5086929313203391,0.8390652566680661,0.5795362786941978,0.6188704668882778,0.005,4.532214376027696,3.7309125007595867
bnp,28,knn,0.676448413597291,0.5134098613811999,0.16915075279453962,0.866768454304066,0.6848880000589279,0.5094743963997385,0.16782526194765532,0.871751471485163,0.8655964903534573,0.5088667102312606,0.495,4.504102706094272,150.44499170035124
bnp,28,rf,0.7416358507065026,0.48255049187807764,0.15741439772893406,0.8953479699142907,0.7465693724067755,0.4792319268548438,0.15637786941898066,0.8991005382482833,0.8701149718306269,0.5547302836012977,0.51,19.682812875020318,6.251020898343995
bnp,28,xgb,0.746898563327617,0.4750428323077878,0.15487204461787044,0.8991806841320984,0.7565922806485863,0.46716072733071173,0.15260255974156534,0.9051265552068453,0.8714058916916564,0.5399197948465401,0.315,13.123489751073066,3.4756874956656247
bnp,29,lr,0.7360683969618158,0.4835366325343795,0.15805937032658043,0.8934243935993057,0.7290585891174802,0.4864498580972081,0.15997691921622098,0.8935323770456074,0.8656100295586586,0.5434290070745112,0.47000000000000003,9.605292875028681,3.262295899912715
bnp,29,gnb,0.615371849777913,3.5048164056461437,0.528395502667267,0.8354806244840459,0.6148802815493422,3.45274191501065,0.5216905167936926,0.8326054273668352,0.5578077492788649,0.6053612336146091,0.005,4.543318790034391,3.606545797083527
bnp,29,knn,0.6794860840614511,0.5121287624925117,0.16862133221585318,0.86815466956693,0.6761404242602175,0.512616082686601,0.16896003132093837,0.8675362272635635,0.8654024399408804,0.516262931265804,0.52,4.503522791957948,148.33594170049764
bnp,29,rf,0.7438838527367925,0.4812288654273332,0.15695441526298803,0.8964648333845463,0.7384193523607485,0.48330557876852337,0.15803639452409604,0.8961738876842649,0.8687953186617479,0.548549846208565,0.505,19.632414206978865,6.121666700346395
bnp,29,xgb,0.750327195871144,0.47266663955670074,0.15392092088365353,0.9004714251545224,0.7465625167707902,0.47432669950325623,0.15525821621523336,0.9013040217509714,0.8711328393552823,0.5553299281394657,0.4,13.164094749954529,3.3871249994263053
porto,0,lr,0.6199732244335522,0.15310434248328442,0.03483929726197542,0.06182491151489305,0.6437245805779795,0.15198949544524284,0.034787778015251354,0.06407237465972632,0.11567092956671121,0.5587898552442283,0.06,3.6948305840196554,1.3726499979384243
porto,0,gnb,0.588893162903754,1.7767665527936944,0.3053223107508914,0.04918414618711926,0.5934398236146498,1.793756724717017,0.311695497380914,0.050169160853377186,0.09795011612642635,0.563059759367491,0.995,3.380041624972364,1.579995799693279
porto,0,knn,0.5656245864789406,0.16087615177445497,0.03519095985272272,0.04760702761888265,0.5602433851044794,0.1618357533850993,0.035230693577894656,0.04588962225895794,0.08005071085755681,0.5329666373611699,0.04,3.273941040970385,232.08354170201346
porto,0,rf,0.6148738669122576,0.15348688546566686,0.034880017604876565,0.05883678236697507,0.6336033112008143,0.1524741187770421,0.03480198484162502,0.0629566240173915,0.11359588363348506,0.5555082731260907,0.06,11.275584668008378,4.3925208010477945
porto,0,xgb,0.5830608020456048,0.15945937170010738,0.03537271289577608,0.0507160335870725,0.610109994199405,0.15616212284620182,0.0351686454935722,0.05701198879667098,0.09607344864333142,0.5692208183059914,0.04,7.930767040990759,1.6255083988653496
porto,1,lr,0.6244314002017929,0.15285683577089937,0.03482259348689473,0.06262889620280991,0.6326822558811904,0.15248374287901828,0.0348160409323068,0.06217509409971438,0.11534968210717529,0.5688168088983361,0.055,3.7427007099613547,1.383916602935642
porto,1,gnb,0.5863588404778739,2.009577508682126,0.3483599905685729,0.04787376093361814,0.5970340801501421,1.9516253096349603,0.3417630674701989,0.051464161216361354,0.10187364654928914,0.57367611510903,0.995,3.3973754580365494,1.5828458010219038
porto,1,knn,0.563319826632219,0.16132490817725223,0.035212591561149593,0.04633404066605291,0.5576917443988384,0.16151172022701288,0.03522436657693481,0.04744845779270588,0.07751044518080968,0.5246091609822758,0.055,3.3020044589065947,231.3610291981604
porto,1,rf,0.6167055483234971,0.15341384401605582,0.03487262997384655,0.05902521019881915,0.6262775954459101,0.15288581543271137,0.0348509095277424,0.06033731752462887,0.10424422933730454,0.5563696070180579,0.055,11.1551299180137,4.364512499887496
porto,1,xgb,0.5853432275287095,0.1591004632923429,0.03531346808485563,0.05200995089888192,0.6065285948544615,0.15637211133619022,0.03518479392752729,0.05503007739204238,0.09847484087906809,0.5568118587821,0.049999999999999996,7.991261706978548,1.679400005377829
porto,2,lr,0.627240310954668,0.15279347135696744,0.03482791752499075,0.06232029404189647,0.6196174639690804,0.15311040356878855,0.0348412757148181,0.06218012152627574,0.10852713178294572,0.5622609941702917,0.055,3.728130500006955,1.3647707994095981
porto,2,gnb,0.5901969965834218,1.916907371143336,0.3307621082363643,0.048492000361069806,0.5912058934300664,1.9278254443204117,0.33135737620784056,0.04952692586192075,0.0918918918918919,0.5614308912394502,0.9500000000000001,3.3718548748875037,1.5845749992877245
porto,2,knn,0.5654613552135489,0.16100075803116734,0.035200870708719176,0.04682240773248817,0.5596399691242354,0.16175661720503695,0.03522539442955718,0.046287135149456295,0.08215476083235743,0.5371969288807485,0.04,3.2725073319743387,231.67492089560255
porto,2,rf,0.6197462199459389,0.1532631012068446,0.03486217568887384,0.059457274311999715,0.6233873079082346,0.15297618357528475,0.034842199859966116,0.06063238344677904,0.11443584878119985,0.5695534502862536,0.055,11.206435583997518,4.37113749794662
porto,2,xgb,0.5932348253876074,0.15879687812716062,0.0353324173772103,0.05246982129657779,0.6027636980419131,0.1571482600411909,0.0352784281316215,0.05371827272075721,0.0952847760023527,0.55954975524536,0.045,7.988389417005237,1.623008301248774
porto,3,lr,0.6263624773722344,0.1528228352068778,0.03482538327574301,0.062464886144082896,0.6219250493947458,0.15300220937434825,0.03483823991122166,0.062203845876083,0.1128701260627382,0.5674383045264643,0.055,3.7505067919846624,1.3799665961414576
porto,3,gnb,0.5911088733593602,2.000987734518751,0.35025067235000734,0.04909830120611878,0.5921921155756972,1.9727153250910352,0.34463008128529693,0.04891821716673473,0.09619351209450591,0.5631269014850562,0.995,3.388577043020632,1.5813999983947724
porto,3,knn,0.5688635708117822,0.16113853730667738,0.03518676779757276,0.047204468813889885,0.5661495157617233,0.16217941072935535,0.0351929367260088,0.048135580701017144,0.08845738942826321,0.5497112550831726,0.04,3.2832375829457305,232.46478749788366
porto,3,rf,0.6194532211453146,0.15325005298807182,0.03486351675746996,0.05933949896214005,0.6240496000337117,0.15294028196350698,0.034841897490636375,0.06060146181572523,0.1134237158678633,0.556680350632403,0.06,11.117181542038452,4.364154202630743
porto,3,xgb,0.5919128626243801,0.15880262537904238,0.03532887235375783,0.05248901767611115,0.5994687248706433,0.15753809841590669,0.035225418540759404,0.054830600128505935,0.09507962918944615,0.5521241360056928,0.049999999999999996,8.018989289994352,1.6537999967113137
porto,4,lr,0.6268129239269309,0.15271372532530025,0.034807034054518474,0.06360547476153691,0.6193827156934744,0.1533197360371764,0.03487542204858863,0.060606499004494274,0.10365310365310364,0.555767214274432,0.055,3.78230529098073,1.3925042003393173
porto,4,gnb,0.5908782241474019,1.8240620074149556,0.314564176961249,0.049614613597992026,0.584696364587998,1.8761562942634271,0.3264712364076992,0.048798930686066146,0.09240085954287948,0.5544429503410279,0.995,3.3864504999364726,1.5784666989929974
porto,4,knn,0.5702598361244737,0.16077679412738108,0.03517111972777529,0.04786587621935123,0.5663281550798199,0.16100058840481044,0.0352030873032831,0.04651861290039457,0.0794392523364486,0.5268833622010627,0.055,3.2850311680231243,233.69104589801282
porto,4,rf,0.623311858110323,0.15301861347484022,0.034839252543236374,0.060856043926300625,0.6136034574791621,0.15354658873195484,0.034886049847079686,0.05878652383508731,0.10131332082551596,0.5539493232010486,0.055,11.206057541014161,4.334512498462573
porto,4,xgb,0.5922794148985315,0.15867826239502494,0.03530784240991288,0.05336290826808333,0.5921810824156414,0.15787914874353878,0.03525268156608111,0.0539277756078426,0.09705248023005034,0.5547858324828903,0.049999999999999996,7.994798250030726,1.6560791991651058
porto,5,lr,0.6254009285756639,0.15284380150954469,0.0348341993161608,0.06189357851005914,0.6262221449189201,0.1528840232215111,0.03482228829812239,0.06310658739480321,0.10975430336913344,0.563491725379094,0.055,3.7061483329162,1.3866707973647863
porto,5,gnb,0.5895381378616839,1.8810544432130545,0.32662394443191095,0.04905556314945272,0.5893645835846937,1.8950169830245072,0.32897498444590323,0.04801607567455511,0.09475400402800421,0.5594651558213195,0.995,3.3734444989822805,1.5787792042829096
porto,5,knn,0.5677112784752515,0.16085394517719986,0.03518612587837903,0.04733212053990773,0.5626158793225696,0.16199289598842864,0.03521135803160007,0.04735002378837747,0.08347484136205201,0.5399703094103816,0.04,3.280570082948543,232.91739159612916
porto,5,rf,0.6252387900602474,0.15293600678141597,0.03483705117866308,0.06068206502296054,0.6178064508253124,0.15333662308046167,0.034870179860689236,0.05958390976095799,0.10455764075067023,0.5567384882677291,0.055,11.25091029208852,4.355137498350814
porto,5,xgb,0.5959191465162014,0.1585399512495902,0.03532976410755937,0.052835015068095584,0.5895235411688843,0.15826956037202786,0.03531514158533297,0.05139788497287438,0.09174571711737221,0.5426014333569728,0.055,7.9629898750572465,1.643625000724569
porto,6,lr,0.6237408689700844,0.1529893210722635,0.034839874432896274,0.06159936498910611,0.6280475634547287,0.15251054775286255,0.03478737813013604,0.06506158213948983,0.11426871001339087,0.5683926550758693,0.055,3.728620458045043,1.391637499909848
porto,6,gnb,0.5909161467423456,1.8744914459863045,0.322166978460854,0.04918472102346537,0.5901915278285838,1.9234912847374281,0.3324303125867701,0.049847674191612255,0.09386213408876297,0.5584183046816403,0.995,3.3842897910508327,1.5994624991435558
porto,6,knn,0.567031974484892,0.16118290982901698,0.03519592604678784,0.0470059233744391,0.5641946266517441,0.1608866425945601,0.03522129937902637,0.04649414620756265,0.08144796380090498,0.5360592677156426,0.04,3.274420373898465,231.41735419631004
porto,6,rf,0.6180612829000824,0.1533521815392636,0.03487090729008776,0.05895610985641775,0.6216280972304704,0.1530914013327558,0.03485465650450744,0.05996574001908149,0.10992498557414888,0.5645876562856019,0.055,11.233562332985457,4.354620899539441
porto,6,xgb,0.588008283447434,0.15911995586480626,0.03536960821372699,0.05096522129982573,0.6063627949314944,0.15609432038564724,0.03513768475322122,0.05729360814268306,0.096390321301071,0.5610675799560653,0.045,7.959092374134343,1.6307624988257885
porto,7,lr,0.623265450993052,0.15297350063906273,0.03483557116269396,0.061971153154404233,0.6359589264635611,0.15212438604594003,0.03476331057925623,0.06559910823941041,0.11810584958217271,0.5622344434044801,0.06,3.725577541976236,1.365620899014175
porto,7,gnb,0.5892052345012752,1.8459333845655295,0.31838221502369096,0.04906195254175081,0.599199658128638,1.855344738795526,0.3203674117275485,0.05029021161637998,0.09628983822532208,0.5618820585086343,0.995,3.393160458013881,1.579937501810491
porto,7,knn,0.5653254588246381,0.16121212985101613,0.03519632004067209,0.04692891920500564,0.5666916354196897,0.160685669075811,0.0351818388549587,0.047953766277927426,0.0842651399946328,0.541523671573718,0.04,3.28285220899852,232.87434579688124
porto,7,rf,0.6189024929531919,0.15330592675535348,0.03487078872578402,0.05861352211636833,0.6291597771700286,0.1527579730427384,0.03482372518860269,0.062474811243560635,0.10933734939759038,0.5619693806318499,0.055,11.194357459957246,4.302995803300291
porto,7,xgb,0.5948057616398593,0.15846438380936312,0.035281587050231766,0.05348539685799674,0.5962282768645525,0.15766217514897554,0.03521147064557569,0.055218759519913584,0.092797783933518,0.544479686493113,0.055,7.985517999972217,1.6380416986066848
porto,8,lr,0.6199486506276195,0.1531598129739497,0.034847338465393576,0.06136519600928677,0.6430798525314945,0.15184439797379481,0.034760981088486846,0.06551194045384626,0.12019587475886631,0.5756332197487302,0.055,3.6940257500391454,1.368483400437981
porto,8,gnb,0.5869256123528399,1.7702652445988274,0.30531466756211123,0.04890241443926666,0.6027052222936174,1.7801317492707196,0.3063194288777871,0.04958248233414212,0.10013069267115714,0.5671157625490273,0.995,3.408442832995206,1.5823624969925731
porto,8,knn,0.5657095551579348,0.1611426488668577,0.03520550419744385,0.04664059256537811,0.5609461262183545,0.1615927913337006,0.03522590900391681,0.046256575450288426,0.08138422745848187,0.5362786852373969,0.04,3.2942836260190234,233.48766249837354
porto,8,rf,0.6163352006200422,0.15343749583128555,0.034876521422557274,0.058864084016194966,0.6328519618987257,0.1526162599197915,0.034814247568747236,0.06192379519400887,0.1116223838503785,0.5653378221922974,0.055,11.173707333044149,4.349449998699129
porto,8,xgb,0.5902826181318668,0.15891256113483673,0.03534856294033775,0.05139673469932305,0.6013558579210865,0.15722325237351598,0.03521158889678967,0.05541886150604083,0.10015500178848218,0.5595925710245442,0.049999999999999996,7.967788958048914,1.639620802598074
porto,9,lr,0.626851028924924,0.15278073502367873,0.03482608554161069,0.06211477775403311,0.62590387384215,0.1527910771597541,0.03481484267778607,0.06404391140491254,0.10368450286983891,0.5485023588540291,0.06,3.7255635850015096,1.375487499171868
porto,9,gnb,0.5919923753389938,1.938269491666331,0.3343091118950656,0.04967624878823933,0.581798202577218,1.94346983804245,0.3370202598989199,0.047962667540261544,0.09235967711657592,0.5558084996475439,0.995,3.381054916942958,1.5883540967479348
porto,9,knn,0.5685858143440192,0.16041176887823327,0.035194689536122654,0.04655884397186137,0.5677936078710991,0.16078229387652723,0.03517354967690994,0.04915270269405629,0.08588170664713424,0.5441458800151674,0.04,3.279129084025044,230.56115829967894
porto,9,rf,0.6212920935743302,0.15318705786735945,0.03486154218537853,0.058937616069777946,0.6187589862419342,0.1532994488855581,0.034872906380493146,0.05823609810722862,0.10676052207068486,0.5600031469419746,0.055,11.235829164914321,3.9744333014823496
porto,9,xgb,0.5909649851587981,0.15888388900666572,0.03534747773832263,0.05153480262883735,0.6030365730036796,0.15703913880076933,0.03522788738691718,0.05493218081983889,0.09771714922048998,0.5506412437033578,0.055,7.994148250028957,1.6517582989763469
porto,10,lr,0.6265149401844345,0.152791434321401,0.03482320132712032,0.06264952037392935,0.6191173503987135,0.15310744178312272,0.03483221956445492,0.06272506355711135,0.11324824734855295,0.5588575490197962,0.06,3.728409167029895,1.3873625022824854
porto,10,gnb,0.5887231643740116,2.15985314372012,0.3729958372047878,0.049139283255649396,0.5912245697227737,1.9943200776348509,0.34406925973364433,0.04801756390803609,0.0928708003277793,0.5579467794526115,0.995,3.419588833930902,1.5894125041086227
porto,10,knn,0.5687522988345282,0.1608850324677806,0.03519489041603369,0.0467683812902084,0.5614942073418349,0.16210038027644721,0.03520929822942387,0.04783577356840695,0.08346795907377491,0.5398682170890267,0.04,3.310294918017462,228.8174125016667
porto,10,rf,0.6215784446735783,0.15314942109390722,0.03485970489816583,0.05923263633466202,0.6181394921002218,0.15330324766367456,0.034854645754201156,0.061013187651614766,0.11053089643167972,0.5650806249950617,0.055,11.235703668033239,4.411116702249274
porto,10,xgb,0.5922642153858984,0.15887556514751922,0.03534219622293087,0.051791034922551764,0.6010911599545548,0.15740791459436773,0.035267896535783196,0.05368449010825354,0.0932061744174614,0.5556680404018661,0.045,7.951809500053059,1.6269374988041818
porto,11,lr,0.6275970056786607,0.15275994336394905,0.03482421135753468,0.06243240115050602,0.6217634936793162,0.15289343261969218,0.03481548828795938,0.06355907650365122,0.11218292247231151,0.5580475905037663,0.06,3.740300166013185,1.376116694882512
porto,11,gnb,0.5921976026820616,1.931486656184082,0.33179181115259293,0.05077346736016784,0.5820359048924519,1.9322998125822022,0.3326721238320695,0.04794445976325113,0.09263434798947763,0.5562941366441925,0.995,3.4160665849922225,1.5857791993767023
porto,11,knn,0.5692472172546309,0.16108239268990032,0.03518165184566782,0.04790769684627539,0.5611823159229355,0.16180127919685736,0.035240363004525016,0.045221169036114534,0.07813768835152937,0.5292445474300959,0.04,3.3125092079280876,232.33633330091834
porto,11,rf,0.6218181339586145,0.15309666529917393,0.034849894149133726,0.060250677865298224,0.6157107821521054,0.15355997660346973,0.03487242033959787,0.05981108905648712,0.11221507890122732,0.5667969932005126,0.055,11.110234125051647,4.383387498091906
porto,11,xgb,0.592894818318199,0.15876480639470036,0.03533144707900741,0.05245919765233459,0.6044540849349744,0.15695786302182765,0.03520917991200083,0.05515683516696504,0.10125074449076832,0.5697391098973211,0.045,7.952146706986241,1.6478542005643249
porto,12,lr,0.6253195840450612,0.15281159507973516,0.034817573911054375,0.06307788275156652,0.6315695083033072,0.15256050753494887,0.034816317494148756,0.062470334076927266,0.10986588278522874,0.5547197580904917,0.06,3.705089583119843,1.3708333019167185
porto,12,gnb,0.5874102650403504,1.7769932704783045,0.30405240985402443,0.04941756324402876,0.5910662171828441,1.8427422355687697,0.3178786851465792,0.05079409916711652,0.09642088793272051,0.5617167924482505,0.995,3.4124962509959005,1.5834249963518232
porto,12,knn,0.5699002963577973,0.16093597246551278,0.03518118652211414,0.04762358826231682,0.5621575760901883,0.16213592867076923,0.03523183002843235,0.04543947561571872,0.08444282327193144,0.5414396238076802,0.04,3.3165972079732455,231.90160830272362
porto,12,rf,0.6192460490965657,0.15324166650277293,0.03485796388868472,0.06010096806765337,0.6281354194405276,0.1528613793324143,0.03483706965067586,0.06036131645182351,0.1120117907148121,0.566138758430669,0.055,11.2204171679914,4.400566598633304
porto,12,xgb,0.5909031082609612,0.15875271280526868,0.03530135627013252,0.053296535475349426,0.5999322688540512,0.15747145379582594,0.035306709380739036,0.05270672288540691,0.10021372595582996,0.5598503376752022,0.049999999999999996,7.967820625053719,1.6007917001843452
porto,13,lr,0.6255023157535232,0.15284330079656192,0.03482573260567103,0.0624293013653069,0.6255416747724802,0.15296312762413336,0.03484843785384155,0.06117705688400444,0.11230024923031813,0.5667394606094476,0.055,3.7208328751148656,1.3790500001050532
porto,13,gnb,0.5838333907369077,1.4367566011899218,0.2420343706330009,0.04895556049588858,0.5980042597251434,1.45285606646806,0.24554005641130924,0.05198324909314377,0.09887313704107598,0.5697752345987941,0.7000000000000001,3.409006625006441,1.5791665995493531
porto,13,knn,0.5680427687681349,0.16093753138829348,0.03519219365467809,0.04673119482082544,0.5649061764982444,0.16141303607803373,0.03518843845536814,0.04910690320402988,0.08459302325581396,0.5332304900452779,0.055,3.3167880830005743,228.0330750043504
porto,13,rf,0.6205628434026579,0.1531782977360747,0.03485412666528449,0.06034984670084014,0.6262459373947179,0.15277612514286398,0.03482153708151969,0.06268158966908158,0.11461234061263373,0.5695607819990648,0.055,11.290534875006415,4.3744832975789905
porto,13,xgb,0.5942920868476618,0.1586187527687064,0.03532888153558359,0.05223635144261231,0.5962961485943149,0.15757871507294915,0.03526333307337387,0.05342201731066607,0.09476894205958244,0.5520948091544478,0.049999999999999996,7.952787792077288,1.6533916001208127
porto,14,lr,0.6296874085760326,0.15260208330336533,0.034810050888076656,0.06307891608429754,0.6158386778316551,0.15338899355914573,0.03486251178982364,0.061921647031186244,0.10738255033557047,0.5609727303704245,0.055,3.726369375071954,1.388008298818022
porto,14,gnb,0.5888945159117387,1.8980014563869398,0.3266575365687128,0.04976507286566506,0.5846249693651854,1.9384861273170768,0.33479345253312925,0.049060067222913326,0.09321807325550308,0.5594860476437477,0.99,3.4221598329604603,1.583120896248147
porto,14,knn,0.5702815604388678,0.1609963454903656,0.03518318941752957,0.047501581140190735,0.5591303616975948,0.16182626823867352,0.03522765575303333,0.04656620788306363,0.08084050780679994,0.5285980398416663,0.055,3.3212110009626485,228.04200829705223
porto,14,rf,0.6236128926550403,0.1529657788757651,0.03483939122933366,0.06068164758182642,0.6106316135341711,0.15382569458961923,0.03490069683631902,0.0584925467887607,0.10391479562464018,0.5572619227352784,0.055,11.227662249992136,4.302695801015943
porto,14,xgb,0.5976134361671899,0.15838557918623555,0.035316339008592594,0.05300657784266788,0.5909731560368576,0.15828570850199147,0.03533637450444023,0.05192463783147355,0.09721249474716347,0.5498013888826605,0.055,7.955692000978161,1.6269665968138725
porto,15,lr,0.6213618710822939,0.1530262670996123,0.03483478987153125,0.061991652278967295,0.6383436372371003,0.15211775029945745,0.0347749619857597,0.06478678103355581,0.10981697171381032,0.5623455935943323,0.055,3.761457248881925,1.373225002316758
porto,15,gnb,0.587827078808403,1.9070198169202965,0.3351776131529522,0.04852969294840069,0.5994983008577606,1.8609197224742355,0.3268483629446913,0.05203184100910095,0.09907120743034055,0.5685563373439226,0.99,3.424609791021794,1.5794457984156907
porto,15,knn,0.5632324372200737,0.1610330434812283,0.03519687129137202,0.04732393181461502,0.565333764836664,0.1610636522137259,0.035203712805678654,0.04640045753357941,0.08479927830401443,0.5423872120976962,0.04,3.3238342080730945,232.9158834007103
porto,15,rf,0.6174632277899463,0.1533209244453436,0.03486751000882416,0.05915295398532109,0.6356039968227346,0.1523931316005055,0.034805073134608906,0.06262918317528605,0.1155006031363088,0.5691913312959713,0.055,11.350679249037057,4.307412501657382
porto,15,xgb,0.5926580174521814,0.1584360390588993,0.03526083838657462,0.053520396716388995,0.6035814598493696,0.15663945862155307,0.03521778252888593,0.054600871311569626,0.09637106464792118,0.5536735475859125,0.049999999999999996,7.967709499935154,1.6257665993180126
porto,16,lr,0.6292726140319801,0.15266222456334042,0.034818041392922154,0.0625061524752349,0.6123987075827493,0.15350594515155727,0.03486170582562412,0.06269751688059312,0.10679497711536205,0.5703110012920186,0.049999999999999996,3.814026749925688,1.3803208013996482
porto,16,gnb,0.5866842369518113,2.4816947205817264,0.41338305279599763,0.046879528029112084,0.5754411181958236,2.1070815543091816,0.36073680279685316,0.04669477754649421,0.08837762792542643,0.5536324935532534,0.985,3.417574124992825,1.5833665966056287
porto,16,knn,0.568509972490773,0.1607512998707389,0.03518618859816943,0.04750115878061421,0.5652275350802883,0.16139584523071357,0.035245294655809174,0.04429885038714637,0.08251799889237586,0.5374575072076787,0.04,3.3201928740600124,230.39133749553002
porto,16,rf,0.6265398081708949,0.15283898931053158,0.034831520838382736,0.06100156948863075,0.6099290058859418,0.15375416850249327,0.034902159120940246,0.058139119416498214,0.09848204368752314,0.5435066685487102,0.06,11.235042792046443,4.483591701136902
porto,16,xgb,0.5986113493472889,0.15824098951664683,0.035279606208841276,0.05430351199760212,0.5812046541570562,0.1592827487148952,0.03536330838600787,0.05108275003855661,0.09051297286591405,0.5505646166272284,0.045,7.951718622993212,1.6599875001702458
porto,17,lr,0.6255601163880936,0.1528517263687385,0.03482645407102294,0.06244265333627105,0.6196951498726666,0.15306776884332496,0.03483601854940171,0.06250426535243628,0.10896309314586995,0.5627336583061651,0.055,3.76380908297142,1.3694249966647476
porto,17,gnb,0.5860643613207945,2.1156135370169946,0.36316390408826793,0.04799861330897781,0.5949962287947113,1.9562563357344247,0.341981538557759,0.05035821012819033,0.10006558605827791,0.5705101676264448,0.995,3.4124600840732455,1.568150002276525
porto,17,knn,0.5702196674139319,0.16072196503557715,0.03517436899830977,0.04766518852291395,0.5608396117352676,0.16132215911202633,0.03522285298013378,0.046423819233076494,0.08157855985863643,0.5294023572097324,0.055,3.3166899999487214,230.43912919820286
porto,17,rf,0.623170031953989,0.1530488121085657,0.03484373486590929,0.060913845863168316,0.6191922246260275,0.15326149741959108,0.03487608501251771,0.05800541008090761,0.10583836640782282,0.5596754442928986,0.055,11.118753084039781,4.446266702143475
porto,17,xgb,0.5905073587084626,0.15901335955479007,0.03535213497172909,0.051765796487073946,0.5986990106956878,0.15747125606998957,0.03528575120873799,0.05294505063702942,0.0960319323784926,0.5539781339851297,0.049999999999999996,7.967120166053064,1.6295000037644058
porto,18,lr,0.6277565177013884,0.1527018394498536,0.03481601154071894,0.06281429234926778,0.6210301622394154,0.15310035754949516,0.03483721963830763,0.062136582481636136,0.11178114428592438,0.5659571383798153,0.055,3.7439888758817688,1.3812749995850027
porto,18,gnb,0.5896839507480803,1.723691981376115,0.2967938272060618,0.04966929324232643,0.5900741047533772,1.816148988031404,0.31311522560037236,0.04979477144677964,0.09423371321653344,0.5635527814632091,0.9550000000000001,3.4231743330019526,1.57775420229882
porto,18,knn,0.5665716937365248,0.16106174279043936,0.035198563103981104,0.04654356941721405,0.5743081817145801,0.16015836756438634,0.03516510085579418,0.04777898982071431,0.08449454158161,0.5421616017699751,0.04,3.3237964170402847,230.9818833018653
porto,18,rf,0.6242601454266591,0.15297576280979167,0.03484456121966622,0.06013125050880955,0.6220000125991569,0.1531027543825454,0.03483979625280321,0.0620240681589886,0.11002865329512894,0.5535031208538896,0.06,11.17747704096837,4.421929101226851
porto,18,xgb,0.5951925806723308,0.15865879024342242,0.03532431782349661,0.05270240856579476,0.6061734961571503,0.15708987147985032,0.03519933857129968,0.05571034522388699,0.09330708661417324,0.555810741870394,0.045,7.949596123071387,1.633737498195842
porto,19,lr,0.6205947422481195,0.1531294072772791,0.034846905103505486,0.06116395684118057,0.6406006124898647,0.1517846073917618,0.034736872166609395,0.06713527810728566,0.11523378582202111,0.5688613686286259,0.055,3.736055043002125,1.3554457982536405
porto,19,gnb,0.5891148699174413,1.8715501315881287,0.3214693322311932,0.049096398382989695,0.59475107019873,1.8318284859914646,0.314791612140457,0.051119029066577754,0.0927774515560775,0.555058315945429,0.995,3.414204083092045,1.561674999538809
porto,19,knn,0.5653166956927753,0.16109491409242763,0.03519578310396189,0.047061397644319124,0.5647403142913092,0.1612302251624408,0.03519924380405916,0.04724294639335901,0.08615755384847115,0.5345774075476353,0.055,3.311106290027965,228.4915332973469
porto,19,rf,0.6202787973663348,0.15317049352066153,0.03485288704237851,0.06056687620990103,0.6232401308917164,0.15296196302453918,0.03484164929077625,0.06119812887689215,0.11034894124664478,0.5636045305429547,0.055,11.143349957070313,4.275475000031292
porto,19,xgb,0.591641033143506,0.15860567257423133,0.03528179020809758,0.05288641323341082,0.6069805629175206,0.1567359550045113,0.03524758818778693,0.054494991203386585,0.09692737430167597,0.5495289588063801,0.055,7.962653999042232,1.6544916958082467
porto,20,lr,0.6265396658075394,0.15277614427805966,0.03482657511834683,0.06210065080340481,0.6215593179343163,0.15273718045325632,0.03476890743530295,0.0685373953880631,0.1153788671349574,0.569493657676919,0.055,3.7365112919942476,1.3911749992985278
porto,20,gnb,0.5897041591151804,1.8673989841032246,0.32388334134357033,0.049116506612736734,0.5955362663886026,1.8690768261650836,0.32791574152539416,0.051153884625090344,0.09834767982586326,0.56468419643609,0.995,3.419081540137995,1.5854833996854722
porto,20,knn,0.5657576617377625,0.16093860814242553,0.03519822303549947,0.046484633391051675,0.5647850074872448,0.16131440810442435,0.03519690100337884,0.046935010566151306,0.08624376336421954,0.545566701894479,0.04,3.326958418067079,231.03177080047317
porto,20,rf,0.62282956665253,0.1531193203788466,0.034856927713270536,0.05908250887386826,0.6186450599666485,0.15332700955202808,0.03486553961810677,0.059371853338234123,0.10922294843863471,0.5634178387975592,0.055,11.21982354199281,4.284825001377612
porto,20,xgb,0.5892500033277435,0.1591139018848682,0.03534597358998915,0.05200827675798628,0.5860146492604686,0.15840087714430742,0.035317323018279285,0.05149144042799747,0.0873006355678139,0.5402843985635822,0.049999999999999996,7.959691582946107,1.6333499981556088
porto,21,lr,0.626482681537836,0.15273207514246684,0.03481224019079468,0.06323516177610211,0.6292219098770201,0.15254644774962203,0.034797736481130485,0.06415117533871224,0.11447440836543753,0.5592427842599372,0.06,3.7328076249687,1.372912502847612
porto,21,gnb,0.5897213166800594,1.4596999634273402,0.24545332031508443,0.04930129333778187,0.5912357007576364,1.4550365549271005,0.24444984993695448,0.05037253027415066,0.09636821287306725,0.5537570258985282,0.995,3.4182990820263512,1.5954666014295071
porto,21,knn,0.5607726436791489,0.1617347872863449,0.03521959382134996,0.04626655189046942,0.5669372122080278,0.16131015521895073,0.03518454295390758,0.047885824690714444,0.08652612282309809,0.5453692795111584,0.04,3.3101080829510465,228.8826042029541
porto,21,rf,0.6216062450114991,0.1531198604920544,0.0348507394590016,0.06043101963762086,0.6228473770868599,0.15297177079480417,0.03483966209822673,0.06128141891483256,0.11469666236400515,0.5592501159727485,0.06,11.334508333005942,4.377912502968684
porto,21,xgb,0.5927609617292421,0.15841817333424305,0.03529064401517442,0.053222461674071506,0.6113455301714574,0.15617544686154783,0.03516080340874346,0.057129971979030886,0.1007502679528403,0.5605305675834795,0.049999999999999996,7.939396916946862,1.6298750007990748
porto,22,lr,0.6239297729085596,0.15286002496922108,0.03482158505181494,0.06280739907228959,0.6350071384545561,0.15247533448161393,0.03481238687807915,0.0626063317720439,0.11129722687511631,0.5556278583447598,0.06,3.7227529579540715,1.4256082999054343
porto,22,gnb,0.5845466172455837,1.490094600265738,0.24878599991547234,0.05001374148990114,0.5960961191820456,1.4695923257526922,0.2453595396081403,0.048201828777191084,0.09163911195087386,0.5471527008570772,0.995,3.4170747919706628,1.6222624981310219
porto,22,knn,0.5648268689870612,0.16133685014316088,0.035214562314958016,0.04611125760736635,0.5733608247650168,0.16045068421376535,0.03515535007929237,0.04865579279155371,0.08467886616433441,0.542281738646647,0.04,3.303512334066909,226.850916701369
porto,22,rf,0.6203241345340116,0.15314706844867226,0.03485403547730883,0.060625995580576526,0.6275952305855711,0.15293560309180462,0.03482279212329813,0.0629186048182333,0.11694021101992967,0.5723950762494573,0.055,11.223573707975447,4.417245800141245
porto,22,xgb,0.588865133449808,0.15895102359150218,0.03532390360168642,0.0521082436223097,0.5995793323002024,0.15785138712949323,0.035330336596538794,0.052164994770918204,0.09215936480930101,0.5430870703536214,0.055,7.992737374966964,1.6725792025681585
porto,23,lr,0.6239296700287909,0.15292009563234515,0.034833169900730175,0.062170830333452054,0.6297613424266503,0.15258073994664662,0.034796413786253706,0.06435743471298226,0.11216644052464948,0.5652633661573404,0.055,3.749469291069545,1.3622416998259723
porto,23,gnb,0.5837153448220206,1.8115267948064553,0.3154368410475619,0.04851470065494372,0.6064451877235238,1.8035216332670607,0.31521958041633313,0.05552549841252761,0.105337361530715,0.576234010904606,0.995,3.4242839999496937,1.5732250001747161
porto,23,knn,0.5747400381731322,0.16047640477342354,0.03515768447318846,0.048276185966164425,0.5532301658127357,0.1623878640518899,0.03524970027670628,0.04634712949089918,0.07603017991874637,0.5227534724379916,0.055,3.310805249027908,229.4766624982003
porto,23,rf,0.6210391500384488,0.15313696784530426,0.03485317481336915,0.06022526728263964,0.6241829767024504,0.15305166438296725,0.034850467794311384,0.06016428825102367,0.10697115384615383,0.559270456137174,0.055,11.118301998940296,4.33372079860419
porto,23,xgb,0.5911878655579551,0.15898892718962024,0.035354969933473895,0.051757873861970796,0.5857765287528778,0.15821018376784166,0.035264172269342094,0.053365100785742296,0.09257175014068655,0.543797196566566,0.055,7.977470791898668,1.6545333026442677
porto,24,lr,0.6236250452582005,0.1529839035925624,0.03483852112870221,0.06182299918759579,0.6330500960988241,0.15225352930902838,0.03477067898083341,0.06549538102931951,0.11384568926468369,0.5671726367095729,0.055,3.721566333028022,1.3822791981510818
porto,24,gnb,0.5877375333699706,1.9887025938852108,0.34871609252914265,0.04908203532075525,0.6060575501017578,1.9485912716239258,0.34062975327156325,0.05204347981287841,0.10226003265446422,0.5797147415617503,0.985,3.4067887499695644,1.575637498172
porto,24,knn,0.5635297514099132,0.16139014780364824,0.03521798809132112,0.045864613892430676,0.5707963090734075,0.16111097743334857,0.035179975602589696,0.04753554967352775,0.08670467915648475,0.5460574105856694,0.04,3.3076181249925867,230.13100000098348
porto,24,rf,0.6170316794145934,0.15338848485819792,0.03487841034572227,0.0582037603581368,0.6360588210506145,0.1523064975853195,0.03478594512264863,0.06405271108608686,0.11744032801288624,0.573042028723373,0.055,11.151909418054856,4.347833397332579
porto,24,xgb,0.5878585922718124,0.15911205747607166,0.03535575027891124,0.05116524641292179,0.6045300090920357,0.1565760328585154,0.03514307013720443,0.05721487457322846,0.10031641861010196,0.5605458004625243,0.049999999999999996,7.962031957868021,1.6568208986427635
porto,25,lr,0.6271601342484663,0.15269092095851816,0.03481283377832624,0.06324677451747066,0.6189849613757539,0.15330270640326313,0.03486814023650012,0.060830773579736236,0.1052784222737819,0.5586483282733837,0.055,3.759808250993956,1.3707624981179833
porto,25,gnb,0.5910451229375198,1.8748954986350004,0.3224020837204106,0.05031922621100889,0.5820715402198902,2.0414666771378513,0.3532920145216201,0.048081062559162405,0.09085153529597974,0.5592807774804519,0.975,3.4127814570674673,1.579937495989725
porto,25,knn,0.5653910455113226,0.16125420241550636,0.03519480975378473,0.047409801137205256,0.5596155449110475,0.16131512287174857,0.035230221805221694,0.04641855046855336,0.0825906120023767,0.5305236643843686,0.055,3.316244001092855,228.13830000231974
porto,25,rf,0.6236068983792217,0.15298959891367686,0.03483942471839385,0.06098747579012742,0.6109086882149265,0.15369638803971925,0.03491878472591275,0.05598954096814888,0.1023734629682585,0.5555974459729286,0.055,11.208940833981615,4.26096249721013
porto,25,xgb,0.5918190101383352,0.158896198156444,0.03533905222959821,0.05232527586882121,0.5900120610234829,0.15841519212739066,0.03539531872306457,0.05171736611239012,0.08863573214781885,0.5390705552078331,0.055,7.966437126044184,1.6266582999378443
porto,26,lr,0.6256869966165213,0.1528024039172819,0.034818592115216054,0.06292665815771252,0.6225166225233492,0.15311032227646137,0.03485072619006365,0.06136169373972073,0.10887996430165103,0.5619603583541913,0.055,3.770225248998031,1.3744750001933426
porto,26,gnb,0.5885615391452248,1.7313719729609112,0.2993696996282946,0.049657474023059214,0.5916184624344746,1.8197342379751946,0.3169992535924664,0.048058759770079944,0.09635119726339796,0.5628335973817671,0.99,3.427446667046752,1.5889582980889827
porto,26,knn,0.5636439902172529,0.16131722791486222,0.03521690175462488,0.04599988914769617,0.5681900809186194,0.16018549218368314,0.035189468702960795,0.046748164691681256,0.08500485994521516,0.543292500675692,0.04,3.3124397909850813,229.61132079944946
porto,26,rf,0.6202406868072733,0.15316637417805504,0.03485097404282976,0.0604010475430345,0.6209530635846708,0.15312989068863914,0.03485100835239004,0.06139545795900901,0.1079192546583851,0.5510207844092765,0.06,11.225442625931464,4.344495898112655
porto,26,xgb,0.5894120384072843,0.1590298826039285,0.03535198316779226,0.051704084331674977,0.5887970965563087,0.158343849910916,0.03527973390574197,0.05264982103822592,0.09738984002245299,0.5499700360727389,0.055,7.959551584033761,1.6526499995961785
porto,27,lr,0.6269281053353942,0.1527282739745233,0.03480797283839793,0.06358912388092312,0.6217267105473238,0.15317413798882903,0.034879638938542,0.05943474398031647,0.10630551914955584,0.5597363580136582,0.055,3.761849542031996,1.3763459050096571
porto,27,gnb,0.5900382864667828,1.5387565705934223,0.25978052185166745,0.050810832811877454,0.5782647173991297,1.5525892977146847,0.2600705351340997,0.049237600925099746,0.09301801801801803,0.5507055919400702,0.995,3.415251210099086,1.5673708985559642
porto,27,knn,0.5692923636776555,0.1608139091149119,0.035188553315174724,0.04763571353560204,0.5627746589525658,0.16229815988988394,0.0352094996525279,0.04869052258209551,0.08799856912895726,0.5489588291582077,0.04,3.3297695418586954,228.75127498991787
porto,27,rf,0.6204387425963047,0.15319198933134393,0.034854391471076,0.06019001230651904,0.6155980570676324,0.1534971209294297,0.03487306353954623,0.06028945209998494,0.10087463556851312,0.5530649086500615,0.055,11.19916174991522,4.365908296313137
porto,27,xgb,0.5908563786017128,0.15894853732848252,0.03532656439776091,0.05261064776239882,0.5980639811528001,0.15733607369734687,0.03525347425024481,0.053753691769151235,0.09129759129759128,0.552622799249375,0.045,7.980295500950888,1.6317040892317891
porto,28,lr,0.6220766152065845,0.15304938701356186,0.03484215272195903,0.06143844037911657,0.6362911046606274,0.15220667716649136,0.0347837208200573,0.06433522455912405,0.11542649727767694,0.5606128358075728,0.06,3.711750165792182,1.3766459072940052
porto,28,gnb,0.58911819543645,1.9596313844571152,0.3389801550124468,0.0490433131693359,0.5965595652906466,1.9210444489943148,0.33287783817718825,0.05027296800862369,0.0972523840997073,0.5648116828209926,0.995,3.419029790908098,1.5837582992389798
porto,28,knn,0.5676913070096726,0.16066557708404175,0.03519465462409072,0.046483004498137984,0.5542257394512846,0.1615950197168944,0.0352502966538328,0.04587102807307347,0.07995782444424919,0.5332086194747803,0.04,3.3137738747755066,230.0072874990292
porto,28,rf,0.6188973383987283,0.15327850963300763,0.034860403418291455,0.05968791953187375,0.6307229624048986,0.15252416259276602,0.034811414713855356,0.062325345614998015,0.11045130641330167,0.5639271614974888,0.055,11.103979416773655,4.327137500513345
porto,28,xgb,0.5894459753843793,0.15899009688317364,0.035356807263725386,0.05214602420896026,0.5934050424673448,0.15755338716694142,0.03525741203588656,0.05381181081958379,0.09492168960607499,0.5519425159548392,0.049999999999999996,7.96098358288873,1.6523541999049485
porto,29,lr,0.624142697326644,0.15290599042834466,0.0348291273284149,0.0624339710451797,0.6262264425127161,0.15295440634841928,0.034856052296492746,0.06068389543406716,0.10660432495616598,0.5702258324145558,0.049999999999999996,3.744018835015595,1.3785083079710603
porto,29,gnb,0.5822596978629623,1.9516475979130614,0.33426352109824714,0.04799028088452297,0.5998894886657059,1.8490229453231157,0.32112234728465694,0.050096159035367877,0.10017574692442882,0.5686273944537656,0.995,3.412620499962941,1.6003417083993554
porto,29,knn,0.5610213152021499,0.1613730053436145,0.03521262614874316,0.04630837317537013,0.561899916212047,0.1607836596204243,0.03520373885323098,0.04784156161755723,0.08355770123479714,0.5393425226032079,0.04,3.3103920427383855,228.17612499929965
porto,29,rf,0.6225023728412288,0.15308649903848318,0.03484607689104215,0.060437457158769754,0.615677655978809,0.15351537149649133,0.034897355819235226,0.0566262641062582,0.10411516649701903,0.5571152706836338,0.055,11.269991750014015,4.285112500656396
porto,29,xgb,0.5957730750401162,0.1583481015227275,0.0353090974664198,0.052799771239998516,0.6007830767554166,0.1576723252526106,0.03528426463803137,0.053471914884516865,0.09892051030421982,0.5660988077140154,0.045,7.953053957084194,1.618954201694578
uci_credit,0,lr,0.7229731258384329,0.46576309629146795,0.1449845884322461,0.5027265711553984,0.7274233757362236,0.46477484433795313,0.14458527080842215,0.5010140068780703,0.5162324649298597,0.6865858333181478,0.28500000000000003,0.2675184569670819,0.5168265003400544
uci_credit,0,gnb,0.6506446217418252,1.3053129181444,0.45532116342860796,0.363143324969546,0.670431446438849,1.277567237661278,0.45028221401050433,0.3962172353868611,0.4104072398190045,0.607851450176913,0.8350000000000001,0.18368554097833112,0.5814999991950268
uci_credit,0,knn,0.7594709950070905,0.443428142580287,0.13993384814779475,0.5246201161164046,0.7599545304351458,0.4459082832658199,0.14064580345955172,0.5101901235535614,0.5193133047210301,0.6940501084409452,0.23500000000000001,0.18170054195798002,23.711687502024386
uci_credit,0,rf,0.7850183671819755,0.4262941241958189,0.13382277955083002,0.5591227631937539,0.7790191404033271,0.4304040825190059,0.1351383155964658,0.5505785831402353,0.540041067761807,0.7110470110727647,0.265,1.8920886259584222,5.772590166695106
uci_credit,0,xgb,0.7671203301879335,0.4538225121146919,0.13996100713456242,0.5371614551697717,0.7652589367223823,0.4517610388149998,0.14055683535147337,0.5325790284203428,0.5126625598904859,0.6916955151779427,0.265,4.745462374994531,0.8716320007806644
uci_credit,1,lr,0.7234736724495011,0.46612753417171116,0.14525933851250025,0.4993270992861122,0.7281862278306441,0.462253377520139,0.1440868218459444,0.516064027864448,0.507870753935377,0.6802552333298555,0.3,0.2641599180060439,0.5179096672994395
uci_credit,1,gnb,0.6610483111551598,1.1480635848136724,0.4122571632680625,0.38740070108328645,0.6613897018756921,1.1515564208626363,0.4142543132663869,0.4054798385838632,0.4140225179119754,0.6152230800131139,0.8200000000000001,0.18297129205893725,0.5613125006978711
uci_credit,1,knn,0.7566921926509323,0.4453714351078545,0.14049372645153202,0.51770519718892,0.7558034733032407,0.44341955495260044,0.13931066879624338,0.5340369196892335,0.529952223447262,0.6996559949079764,0.24000000000000002,0.18146279093343765,23.60466666868888
uci_credit,1,rf,0.7834756865476034,0.42796289108089636,0.13444643145280796,0.5511113773555159,0.7831031929806964,0.4251812485315902,0.13297913704253997,0.5708404604091696,0.5503847563209968,0.7133136356606786,0.29000000000000004,1.8616797500289977,5.751444502190377
uci_credit,1,xgb,0.7646354142317848,0.4567031025819586,0.14071045335692905,0.5306722825405908,0.7665628243895288,0.446709055971031,0.13788687766667787,0.5487441372183863,0.5215840171245094,0.6957200619054353,0.28500000000000003,4.787773623946123,0.8526945021003485
uci_credit,2,lr,0.723798794199595,0.4652587242173987,0.144643437915251,0.5061715887034473,0.7227572462885846,0.46621535074399645,0.1453298445182111,0.49656117463818905,0.5059101654846336,0.6810173597431799,0.28,0.25927541602868587,0.5122431612107903
uci_credit,2,gnb,0.656044603576043,1.0302878415514234,0.37525005305157005,0.37633304997978306,0.6750927380125142,0.9917063945436091,0.3666390104534822,0.4091265861168933,0.41578218735579137,0.6141505233531434,0.74,0.18268366804113612,0.5694861659624925
uci_credit,2,knn,0.7581384059877788,0.444598620290585,0.14024915547976224,0.5223104177146521,0.7574966485628047,0.4442169025197191,0.14002913409151335,0.5203031227432499,0.5266294227188082,0.696734886602653,0.24000000000000002,0.18134362396085635,24.063125000490498
uci_credit,2,rf,0.7834024076806451,0.42760479220960423,0.13412502987282887,0.5572044630550487,0.781757699597376,0.42763481691695515,0.13438255586540215,0.5547731605501555,0.5485141424991049,0.7137225972739225,0.28,1.8858299179119058,5.758124995433415
uci_credit,2,xgb,0.7655224699570502,0.45598756830244763,0.1399956277300139,0.5344579438104116,0.760939682838658,0.4551451550008921,0.1408397081191666,0.5290454287008878,0.509979353062629,0.6895371783358069,0.265,4.815354331978597,0.8531320005810509
uci_credit,3,lr,0.7252715265955628,0.4642606355087595,0.1444796928560512,0.5068541843492596,0.7187589853430157,0.46945200390256064,0.1460517322125299,0.4913682632020977,0.5154719937328633,0.6871529934103319,0.28500000000000003,0.2707855830085464,0.513485991784061
uci_credit,3,gnb,0.6552197565347814,1.2812444777886398,0.4478570044207271,0.3787624294597668,0.6713159710637082,1.2679786339218673,0.4432652376408446,0.41003628098288053,0.42266701325708345,0.6236850860117551,0.86,0.18392429203959182,0.5617291705372432
uci_credit,3,knn,0.7563534914092307,0.4448208994275312,0.14013318071871295,0.5207133145210869,0.7589811501916363,0.44573887779589255,0.14084358584551065,0.5187493574811077,0.5199268738574041,0.6933201538895459,0.24000000000000002,0.1833642499987036,23.82005550316535
uci_credit,3,rf,0.786167701088009,0.4250830676096482,0.1334097786140376,0.5604123153219663,0.7770345638680802,0.4320001896289914,0.13565471237737933,0.5552640926123773,0.5386840202458424,0.7064519983725392,0.28500000000000003,1.8702523341053165,5.778375004107754
uci_credit,3,xgb,0.769647607103617,0.4508513652469099,0.13925735428560393,0.5417363314450112,0.760226418952468,0.45900093536987985,0.14189791731586698,0.5299778281071761,0.5202037351443123,0.6974589550740509,0.265,4.80726508400403,0.8540348402069261
uci_credit,4,lr,0.7206675246755486,0.46727402233178117,0.14559036291686608,0.4993924245945013,0.7351853413708697,0.45892396550581815,0.14246794535888205,0.5161878635984849,0.5269275474622239,0.694800382063034,0.275,0.2688352089608088,0.5094791704323143
uci_credit,4,gnb,0.6636287571971683,1.0025359225235466,0.3665233834151302,0.3809532227533267,0.6784020857042276,0.9747991277513056,0.3617161015865478,0.41296257775019196,0.4191196327302188,0.621192613340502,0.775,0.18223321001278237,0.5646041730263581
uci_credit,4,knn,0.7546789864114285,0.44724307523768647,0.14116856764663385,0.5135324679817717,0.7721671788631351,0.4338037876420647,0.1361064343445384,0.5480374947418357,0.5441122185308231,0.7086805650185266,0.24000000000000002,0.18076075112912804,24.1720625005352
uci_credit,4,rf,0.7812539960614335,0.42904507871402053,0.13480156140150173,0.553926576459318,0.7895453059640827,0.4226751908625171,0.13229769366371688,0.5623143233856809,0.5506101938262742,0.7149553681936556,0.28,1.8814842089777812,5.79869433810624
uci_credit,4,xgb,0.7624339796106478,0.458897642907773,0.14158507761532485,0.5248086477716409,0.774818898219356,0.4427611026894533,0.13736651845047979,0.5448936085123164,0.5289778714436248,0.7016554882213089,0.275,4.808717833948322,0.8401320083066821
uci_credit,5,lr,0.7231147153427667,0.4658838124174616,0.14515948847955265,0.5027356166182376,0.7253436543461605,0.4637852273253929,0.14406999730497635,0.5152729077940624,0.5161547666533706,0.686753223757638,0.28500000000000003,0.2633690009242855,0.51315266561384
uci_credit,5,gnb,0.6700205155633621,1.1490099742468882,0.41553769432950444,0.39357087036464056,0.6715244834319749,1.1301464620711006,0.4119435068961362,0.41804652135439735,0.42098765432098767,0.6252565081096475,0.845,0.18317329295678064,0.5595625067750613
uci_credit,5,knn,0.7521686397709962,0.44785145125127823,0.14143290608341244,0.5147157222218773,0.7642436282377674,0.4388227681170099,0.13746405217620267,0.5447461205463112,0.5369439071566731,0.7011454150420144,0.255,0.18055704102152959,23.914652828049537
uci_credit,5,rf,0.7815964612661152,0.4284510229298859,0.13451661789441846,0.5533313087792325,0.7824080711219078,0.42584996000929154,0.13337899648080032,0.5705481553557014,0.5513841486537732,0.7115465215605499,0.3,1.8613100000075065,5.783805507235229
uci_credit,5,xgb,0.7633021248231101,0.45775106694380985,0.14119873218492035,0.5310331520015795,0.7633574103570173,0.45104233344893424,0.13959029572149814,0.5363490915178581,0.512695652173913,0.69091895577393,0.265,4.815420708910096,0.8530000050086528
uci_credit,6,lr,0.7236847365476341,0.4652684735428202,0.14473984093581385,0.5046061243251273,0.7262476110981474,0.46455525246050977,0.14481362743688944,0.505992215716101,0.5128814902893382,0.6850412614208095,0.29000000000000004,0.2636884990497492,0.5149236628009627
uci_credit,6,gnb,0.6666847676167047,1.2219433799552233,0.4357414362668457,0.3997012284828559,0.6724368258321829,1.2199275602883286,0.43429668596089127,0.4135988227938448,0.42266187050359716,0.6261118442281987,0.865,0.1831105010351166,0.5619583340982596
uci_credit,6,knn,0.7581394087034856,0.44403957338742134,0.14004177702438672,0.5226969125217221,0.7553149286631293,0.446180810982977,0.14047586846107846,0.5165351334285134,0.5256887565152643,0.6961441015592307,0.24000000000000002,0.18059191695647314,23.960145830642432
uci_credit,6,rf,0.7839392132978766,0.42605359827389216,0.13357481725528494,0.5599162861151747,0.7762680027369465,0.4322293312013003,0.13613000110431708,0.5495058162977422,0.5428156748911466,0.7089733370251687,0.28500000000000003,1.9051814580452628,5.742055509472266
uci_credit,6,xgb,0.7653430946985171,0.45440432867949465,0.13994949034372134,0.5382040945437826,0.7611265054052759,0.45781417716768524,0.14210704375473412,0.5251465845251068,0.513768115942029,0.6896776379435101,0.295,4.7988787911017425,0.8517083382078757
uci_credit,7,lr,0.7257131346859125,0.4646077097086997,0.14443064183788817,0.5053645587750855,0.714914326896112,0.4692747613818661,0.14644160672855533,0.4913487566898359,0.4946564885496183,0.6751462771511566,0.275,0.2678100820630789,0.5114374992748102
uci_credit,7,gnb,0.6596052420122885,1.011529822614159,0.36898118682463216,0.372032401764409,0.6649280422688274,1.0142278991380218,0.3708536538732173,0.40242963787603875,0.41536964980544744,0.6151659931002241,0.755,0.18282120797084644,0.5602569920786967
uci_credit,7,knn,0.7601485990413896,0.4435113974770901,0.1396814550741051,0.5244359942063382,0.7543827509796291,0.44672860498756245,0.14113911752549296,0.5149704911126887,0.5099457504520797,0.687207500123769,0.23500000000000001,0.18103695701574907,24.19961116781148
uci_credit,7,rf,0.7843650701857158,0.42584095361998836,0.13345929380298388,0.5619105091913815,0.7765064292926174,0.4327306363469391,0.1362797925198523,0.5406738877872264,0.5379549393414211,0.7087166878108637,0.26,1.8900285430718213,5.740305670769885
uci_credit,7,xgb,0.7685111926100074,0.45183452172274585,0.13926934832082255,0.5388542743334657,0.7560807641131669,0.46128275217637776,0.14237557178885663,0.521103224292857,0.5234042553191489,0.6972876137041488,0.275,4.795284084917512,0.8409653382841498
uci_credit,8,lr,0.7232672137893383,0.4659323905263465,0.1449836264850771,0.503381975417196,0.7264600743968259,0.4652665934099368,0.14473216997932364,0.5066248174820918,0.5193236714975845,0.6882465948220879,0.28500000000000003,0.2614931670250371,0.5113333366656055
uci_credit,8,gnb,0.6631627261770141,1.1234057637233088,0.4058915752117611,0.3935152580492869,0.6677478777456346,1.1091530067331865,0.40183114572814166,0.40890431710890307,0.41779706999457406,0.6201088489391591,0.8200000000000001,0.18429125007241964,0.5672291736118495
uci_credit,8,knn,0.7571212743531051,0.4453636156721564,0.14049182600789772,0.5200046323141718,0.7590174342464391,0.44228483530403145,0.13924928466908307,0.5254843113258787,0.5290464011691633,0.6993953947632594,0.24000000000000002,0.18183516507269815,23.832916660467163
uci_credit,8,rf,0.7806441735934083,0.4288867267576032,0.13467621864635715,0.5536125391912888,0.7933560186619376,0.42113871634553757,0.131893021495928,0.5711193498790899,0.5564899451553932,0.7175095237580734,0.28500000000000003,1.8573959158966318,5.740541664029782
uci_credit,8,xgb,0.7647201260733102,0.4563315184258428,0.1405426173309553,0.5305904607658289,0.7741881200844177,0.44356541443127373,0.13673158273206767,0.552497359082219,0.5359570661896242,0.7052842162265196,0.275,4.796480376040563,0.8611804999721547
uci_credit,9,lr,0.7231121959565686,0.46533997286339795,0.1447088573778788,0.5048578865586084,0.7231467757747009,0.46616844661704226,0.14561966580085173,0.498765307559559,0.505511811023622,0.6808033644510763,0.28,0.2711554990382865,0.5121526677006235
uci_credit,9,gnb,0.6556135265200014,1.063616123121031,0.3858666107940356,0.3773106676688044,0.6716515582550175,1.02425511980819,0.3781144896787232,0.4025744908297635,0.4220897070261861,0.6230988969486078,0.785,0.18346016702707857,0.5639375012833625
uci_credit,9,knn,0.7548237654586891,0.4451973038038555,0.1402892932236932,0.521861785344875,0.7675541047667411,0.4408191440543122,0.1394959014756248,0.5271624935644673,0.5248172373989995,0.6938419992288429,0.255,0.18175337492721155,24.24184717043924
uci_credit,9,rf,0.7805784327299548,0.4285082520350082,0.1344608787149259,0.5575200342506214,0.792006816241904,0.4239692205140882,0.13343369702441943,0.5571791100378224,0.5545390570021111,0.719123035359537,0.265,1.8856700010364875,5.737902839124824
uci_credit,9,xgb,0.7633926211753462,0.4560800584759364,0.14085598534105265,0.5356470026795729,0.769262035541925,0.44880139254102625,0.1394906344298614,0.5328194426984484,0.5196008553100498,0.6944314941725389,0.27,4.8220742919365875,0.8457221653467665
uci_credit,10,lr,0.7260325878170606,0.4644652403143777,0.14421560340841041,0.5077412203777946,0.7132392936639493,0.47038004003780787,0.14766025042671743,0.4808723992872947,0.49179046129788895,0.6725881706563269,0.28,0.2637128761271015,0.5142360071962079
uci_credit,10,gnb,0.6449824524247424,1.1836363264774923,0.41784912749415054,0.3579238165109587,0.6613918789189803,1.1776467591973947,0.4221853880231735,0.396107372623699,0.40311141615191026,0.6005158625018162,0.805,0.1845055412268266,0.5667984951287508
uci_credit,10,knn,0.760510644915603,0.4426260755217683,0.13957142628465533,0.5274303842787249,0.7490839888786953,0.45155275889101876,0.14303416838418095,0.5000261739332756,0.5078888054094666,0.684198423143357,0.255,0.1830917081097141,23.7287151782463
uci_credit,10,rf,0.7865944750324243,0.4245383676223135,0.13303941401563915,0.5639225142912965,0.7677634234473367,0.4391038778693919,0.1384955151283169,0.5281346605473463,0.5253752680486061,0.6981901997251765,0.28,1.864603415131569,4.895083334607382
uci_credit,10,xgb,0.7681781700647963,0.45179581386097606,0.1390141500195895,0.5390828613370767,0.7573463519446882,0.4606696757352879,0.14348815033414689,0.5137359913047953,0.5167151162790699,0.6915011939066655,0.28500000000000003,4.789781417930499,0.8415208430960774
uci_credit,11,lr,0.7273397058419094,0.4635175221041626,0.1440245284818321,0.5083337524504357,0.7097996458998777,0.4729295028853324,0.14733300970083948,0.48787294333570513,0.5035460992907801,0.6795659975510682,0.28,0.26534345909021795,0.5150903404379884
uci_credit,11,gnb,0.6504565092519571,1.1967719624301048,0.42465404128573786,0.349374664401954,0.6657737026394311,1.1903751112445502,0.42695676094796914,0.40662315200431115,0.41660261337432747,0.6176932178328549,0.8350000000000001,0.1838785420404747,0.5638471726949016
uci_credit,11,knn,0.7606672852330844,0.44299952534134446,0.13964443867092396,0.5236637712243221,0.7403901680854807,0.45420776184779044,0.14298733560914967,0.5073435113633924,0.5163002274450341,0.6891853036354527,0.24000000000000002,0.18377604091074318,23.739923684236903
uci_credit,11,rf,0.7854814102100988,0.42628288329503294,0.1338018786032239,0.5574663151508565,0.7751543241481995,0.432146411386029,0.13586106448999843,0.548952764280659,0.5367294204503508,0.7038426910448211,0.29000000000000004,1.8516517068492249,5.748409836087376
uci_credit,11,xgb,0.7678929654696254,0.4540619041239848,0.14039767657413832,0.5359074942768504,0.762134798972629,0.45163609408730804,0.14040954118837104,0.5344762410203984,0.5114579873796081,0.6923322600241152,0.25,4.816580750979483,0.8345763199031353
uci_credit,12,lr,0.7230328252137833,0.4660569241958418,0.1450769387534425,0.5034314921615124,0.7288704644729919,0.4632971620818815,0.14447408403857528,0.5078663016881833,0.5196975726223637,0.6890139622655506,0.28500000000000003,0.2642202089773491,0.5175138358026743
uci_credit,12,gnb,0.6682007931451008,1.1063309723389125,0.40155353859898074,0.39052001089008015,0.670678984323837,1.106142663449191,0.40326172048913844,0.4251468136365523,0.41798233877441804,0.619973630361594,0.8150000000000001,0.18435479199979454,0.5621250020340085
uci_credit,12,knn,0.7568933051735828,0.4449363538312654,0.14020465938759386,0.5217522733127166,0.7551919660329643,0.4459550530002072,0.14083115147704728,0.519721147565538,0.5125666412795126,0.6865989762091097,0.255,0.18254312488716096,23.679041672342766
uci_credit,12,rf,0.7811217232472603,0.4283346628758339,0.13443939470204902,0.5540007960708525,0.7875679862397963,0.42570399043107804,0.13364249553458454,0.5627944507683071,0.5420765027322404,0.7082151615422562,0.28500000000000003,1.8871320830658078,5.6787221498476965
uci_credit,12,xgb,0.7618894747491949,0.45678236914320935,0.14047721464618307,0.5360247737699089,0.7759862772092111,0.44523769177692807,0.13913800299428775,0.531832797560629,0.5258937520882059,0.7024826034083467,0.25,4.824489041930065,0.8553401761067411
uci_credit,13,lr,0.7239572837465458,0.4655156391476017,0.14512550874419353,0.5024354268176597,0.7262618828263698,0.4661386280513955,0.14441270503726378,0.5078093194834693,0.5278614457831325,0.6969350939539315,0.27,0.2665257080225274,0.5157916651417812
uci_credit,13,gnb,0.6610327967749519,1.1453004061158876,0.4123413669619037,0.3865454994952463,0.6647211425252186,1.1361721478464795,0.4103200385432642,0.41143889219223034,0.41815754339118827,0.6200852239879208,0.8250000000000001,0.18483395967632532,0.5695348178657392
uci_credit,13,knn,0.7558448928398732,0.44611561247271647,0.14081650110456972,0.5160802162703106,0.7594244607100935,0.4430654349437378,0.13931476904421128,0.5263259242564278,0.5282726568551511,0.6956609592117232,0.26,0.1833284159656614,23.820645835561056
uci_credit,13,rf,0.7821542987193285,0.42883986477435354,0.1348700159253371,0.5518971827811123,0.7878734173500029,0.4245260865937035,0.13273728530151166,0.5657426506252478,0.5595667870036103,0.7205376297094486,0.28,1.8706048340536654,4.930027838175495
uci_credit,13,xgb,0.7645204546395651,0.4552719871807587,0.14062245501422369,0.5358910370024574,0.7696979279869558,0.45176705446109355,0.13855429485911339,0.5388460330268278,0.5344452501812907,0.7034376803619891,0.29000000000000004,4.801131833810359,0.8801806640500823
uci_credit,14,lr,0.7255305598069078,0.4641897864396314,0.1444592629889178,0.50672158911441,0.7195514290999087,0.46977455381728395,0.1459342161178235,0.4937644191972181,0.5070084100921105,0.6810501766549681,0.29000000000000004,0.26936287397984415,0.5201180077468356
uci_credit,14,gnb,0.6639787553665824,1.2011666093960767,0.43004010930144665,0.3993167775533368,0.6780487596416812,1.191631521688756,0.42553037586139103,0.4254626197095709,0.4335329341317365,0.6348758141940319,0.86,0.1856917489785701,0.581361159371833
uci_credit,14,knn,0.7587991805222746,0.4445403711869444,0.14022823039022486,0.5192995867261474,0.7509853539815945,0.44783072909283933,0.14129676792444962,0.5161383044096055,0.5111940298507462,0.6866265520907597,0.255,0.1841070408700034,24.025618001663435
uci_credit,14,rf,0.7839169721565197,0.42682277447392614,0.1339688658639835,0.5579508226338664,0.7807643228081085,0.4288501665467385,0.1346778586422333,0.5541836776140928,0.540463458110517,0.7085683263423367,0.28,1.8733601251151413,5.742291667653869
uci_credit,14,xgb,0.7643097482942722,0.455714003876499,0.1402708139244132,0.5366659994748303,0.7639124757642671,0.4535226142655039,0.1400187365423508,0.5327447668431347,0.5236234458259326,0.6973388145370372,0.28500000000000003,4.801964626065455,0.854597349340717
uci_credit,15,lr,0.7251516995492082,0.46503930255963605,0.14440955630347185,0.5071765174836912,0.7217763673404158,0.46686795466523184,0.14602942050407258,0.4950185229645292,0.5042219541616405,0.6792174287312627,0.28,0.26785095897503197,0.513229169882834
uci_credit,15,gnb,0.6669987738348925,1.1436678937009321,0.4129493969649902,0.3826433096215472,0.672620423149485,1.1244126371356522,0.4101777887812541,0.40570994811252187,0.42165898617511527,0.6246224240941605,0.8350000000000001,0.18578729091677815,0.5656666665648421
uci_credit,15,knn,0.7575076121490406,0.44416489641859125,0.1399372008068196,0.523249547881113,0.7543756554311344,0.447864292765467,0.1417294512385184,0.5130160176889171,0.5124610591900312,0.6855480287195551,0.26,0.18460795702412724,23.830812502031524
uci_credit,15,rf,0.7831618919578562,0.4269872926798788,0.13383994260708865,0.5578059597710354,0.781999028877431,0.42921139569573324,0.13518813900002638,0.5522561761038681,0.5338317757009345,0.7011913748447647,0.295,1.883128792163916,5.7679930080970125
uci_credit,15,xgb,0.7653159256377566,0.45554540873145605,0.14012102771761864,0.5340613283913577,0.7669382434098884,0.4492155150853875,0.1393245089969004,0.5409611825410268,0.5292072322670376,0.7024228556647715,0.265,4.799102291930467,0.8806041635883352
uci_credit,16,lr,0.7221090368377495,0.4676677548563582,0.14577413258735744,0.49801441700874627,0.7341051247437741,0.4556522042676706,0.1421436958851768,0.52343884297352,0.5200155460551885,0.6903347018603723,0.28500000000000003,0.271563126007095,0.5151319977206489
uci_credit,16,gnb,0.6604330921618983,1.103264885229173,0.40029287170987293,0.3916848619628463,0.6836311017887071,1.0769865161399774,0.3950285999221448,0.43373356628388426,0.4211015570532187,0.6198863873676015,0.78,0.18546112487092614,0.5727014892424146
uci_credit,16,knn,0.7549667859743835,0.44652817195371064,0.14104073435720393,0.5156932145644048,0.7671391764422629,0.43564112639168934,0.13634648395842164,0.5432635415792656,0.5386329866270431,0.7046940762329603,0.255,0.18373204302042723,23.85296517362197
uci_credit,16,rf,0.7802828583411924,0.42955752158762867,0.13498180323974127,0.5518747798331441,0.7937726402423065,0.4195078743526208,0.13118032123504567,0.5747658570970716,0.5599999999999999,0.7216817869042299,0.28500000000000003,1.8800037511391565,5.758479179348797
uci_credit,16,xgb,0.7607391280499097,0.45859531590782443,0.14188175673246312,0.5247086281003245,0.7807434393187886,0.43551403896994295,0.13374985256071698,0.5707231197515208,0.5444405716277448,0.712847587134545,0.28,4.807780042057857,0.8644444945578774
uci_credit,17,lr,0.7234930868395438,0.4661827406673978,0.1453499104223732,0.5000415099409536,0.7252850354398458,0.46167492241486807,0.14302436740038882,0.5224764030546626,0.5224232887490164,0.6912326919011248,0.28,0.26681749906856567,0.5148541531525552
uci_credit,17,gnb,0.6605745758520118,1.1168845084725336,0.40624995963135246,0.38675829631346453,0.6942956305451107,1.0963107957994682,0.39933661869517134,0.4445974300180113,0.4385554689529748,0.6384685000381385,0.81,0.18586437590420246,0.5718054987179736
uci_credit,17,knn,0.7568990292190249,0.44586195081020247,0.14082022583384096,0.5148179397499295,0.766541215219113,0.43664333179757536,0.13698473481450166,0.5496269027304951,0.5428245146555006,0.7058434744578799,0.255,0.18487295706290752,24.150291671200346
uci_credit,17,rf,0.7800230239650364,0.43009113880782496,0.13523376509817864,0.5475476744447734,0.7932784514158925,0.4189301488997706,0.13082483753989996,0.5851902725038657,0.5571327182398864,0.7202396166726683,0.265,1.9137342090252787,5.746437488899876
uci_credit,17,xgb,0.7639980095236628,0.4560456222396548,0.14092717534526122,0.5295589962724823,0.7704773094841197,0.44493127611202393,0.1371593937518086,0.5504880106953535,0.5321572951120912,0.7011073571000881,0.28500000000000003,4.8114541239338,0.8754304920633634
uci_credit,18,lr,0.7238243105430094,0.4646564394807164,0.14446160366106214,0.5077263487335433,0.7232629653813026,0.4673904291527386,0.1453597869192065,0.49616149069570864,0.5217741935483872,0.6896421602010363,0.29000000000000004,0.2728714160621166,0.5164931644685566
uci_credit,18,gnb,0.6508185903975772,1.1412772432297995,0.4092388325644828,0.381315251283524,0.6768684796545629,1.1319861815523182,0.4114818190169122,0.41084429535196054,0.4215478710891555,0.6206123909885889,0.8,0.1855324183125049,0.5622916699697574
uci_credit,18,knn,0.7549560936993588,0.44549345091915804,0.14035331734615145,0.5228401772986321,0.7658359338249796,0.44109725345789047,0.13955168471374754,0.5234336961668425,0.5361577794010227,0.7041262710909132,0.24000000000000002,0.18343962403014302,24.003138843302924
uci_credit,18,rf,0.7809449983830076,0.4274690202262456,0.1339517871563664,0.5609145394298676,0.792041407040816,0.4249014070951486,0.13412581820536157,0.5513557667179794,0.5473361441165198,0.7082532194841826,0.31,1.8560547509696335,5.770708337270965
uci_credit,18,xgb,0.764299050980475,0.4529907294921991,0.13940230482000948,0.5396069933999624,0.7730092108282586,0.4473748875997186,0.13988354691357985,0.539129923300722,0.527345164795364,0.6987626008474987,0.28500000000000003,4.82679116690997,0.8672778300630549
uci_credit,19,lr,0.7230315705594567,0.4669168689245648,0.14556013725717037,0.49766854470685024,0.7310225927101948,0.4587607682661839,0.14237557027337977,0.5270695080821752,0.5255023183925811,0.6940513985406714,0.28,0.2607741249958053,0.5180625012144446
uci_credit,19,gnb,0.6613675627354121,1.1721506485501878,0.42004568415924376,0.3776835541931515,0.6648751481800482,1.1691031824179428,0.4199997901135965,0.4190673881660829,0.4165029469548134,0.6197235122771534,0.84,0.1862824580166489,0.571257007929186
uci_credit,19,knn,0.7558047993279164,0.44617453546482905,0.1409616968495784,0.5177063361551945,0.7652455519377217,0.4372223626732118,0.13696753428371733,0.5411718718349017,0.543939393939394,0.7068714420460595,0.26,0.1853573740227148,23.792652840105195
uci_credit,19,rf,0.7828294488714707,0.42847217881381744,0.13458495098241965,0.5552044544451197,0.7897984880353732,0.4216160231910567,0.13201500439845013,0.5714635009701418,0.5503166783954961,0.7162203109753138,0.28,1.8921286661643535,5.7718958317612605
uci_credit,19,xgb,0.7636105279263933,0.4559110617538529,0.140740686581357,0.5323447088881166,0.764943265445598,0.4491842780522852,0.1380024645096024,0.5450970217963799,0.5300546448087432,0.7041157890306369,0.27,4.808181083993986,0.8709513349458575
uci_credit,20,lr,0.7244653885162085,0.4655669042710678,0.14507133079397574,0.5016091499364294,0.7216147823496941,0.465840430913825,0.14443804212883882,0.5093510057632002,0.5167464114832536,0.6871300135089567,0.28500000000000003,0.2772474999073893,0.5253890024808546
uci_credit,20,gnb,0.6553500894215821,1.212112261465996,0.4289927168130221,0.3693378193498932,0.6545132284407,1.2116562799434683,0.4303784734836968,0.3991348901010122,0.39972401103955846,0.5971713595925607,0.8150000000000001,0.18707512493710965,0.5648193376449248
uci_credit,20,knn,0.7577947768266736,0.44552636563894943,0.14067890590163604,0.5178694046375425,0.7581614530780247,0.44169351941587714,0.13832661865563886,0.5353713274658398,0.5185185185185185,0.6927385608066736,0.24000000000000002,0.18515837495215237,23.79236100629593
uci_credit,20,rf,0.7821238746116,0.42870875327063124,0.13464213141713288,0.5527529230043042,0.7844153856648312,0.42451567104007587,0.13264854329485798,0.5743701388722336,0.5494892567805566,0.7155737291187281,0.27,1.9024385410593823,5.76853466918692
uci_credit,20,xgb,0.7638982015200384,0.45676685406439504,0.14118900812159924,0.5284946593552579,0.7683704959998039,0.44524794566703685,0.1375310040314643,0.544713584158041,0.5198506956226671,0.6972449597819473,0.255,4.818495416082442,0.8569096680730581
uci_credit,21,lr,0.7243504138076714,0.4656182092493115,0.14488114595073137,0.5032087155376664,0.722754666089132,0.4642946015367893,0.14480866139664345,0.5092538208573223,0.5071622144792876,0.6824917018366666,0.28,0.27141304104588926,0.519020832143724
uci_credit,21,gnb,0.6569827071044544,1.1913860836833097,0.4261034440317282,0.3661578209997156,0.6656434831983056,1.1765054142061515,0.42201429991499817,0.4208680771810274,0.4084287200832466,0.6104600318235349,0.8350000000000001,0.1860001658787951,0.5754098334970573
uci_credit,21,knn,0.7571959489600171,0.4448517428028969,0.14025560114818655,0.5200867023941731,0.7571133276816214,0.44252667635424914,0.1393235854455157,0.5284764705653591,0.5217068645640074,0.6937297605526529,0.255,0.18368625117000192,23.771409837839503
uci_credit,21,rf,0.7831889400880792,0.4266933708792934,0.13383481389216065,0.5592150200876953,0.7778386991537429,0.43023670933967517,0.13493192494294967,0.553664467683013,0.5448054266333452,0.7114152539133967,0.28,1.8955428750487044,5.775187494388471
uci_credit,21,xgb,0.7646628150760756,0.45650125114233536,0.14058977033907993,0.5330174349138219,0.7626795435820684,0.4511290648913884,0.13969988522520582,0.5369019851869686,0.5232847493778884,0.6970690224317702,0.28,4.822960749850608,0.8888958254829049
uci_credit,22,lr,0.7216753849690134,0.46636421170451664,0.1453921737557698,0.49983705985118115,0.7312073994959903,0.4619977849062066,0.14373201882733913,0.5148321600741241,0.5224676313785224,0.6928882123749269,0.27,0.273005582857877,0.5192221724428236
uci_credit,22,gnb,0.640996138496464,1.105608877225996,0.395566827663696,0.330774411191241,0.6804083520411233,1.06603757719484,0.390787092426232,0.42566167087382817,0.41595814257684754,0.6127208509626805,0.755,0.18588708294555545,0.5699791557465991
uci_credit,22,knn,0.7538941018740414,0.44661506005246776,0.14117771020131992,0.5184932576793105,0.7674002603743773,0.4392097169495668,0.13768311806903327,0.5339383229787149,0.5428675665815395,0.7086431521264633,0.24000000000000002,0.18563633307348937,23.785152666581173
uci_credit,22,rf,0.782562827268897,0.4284069535341341,0.1347913641484109,0.553755001673294,0.7861651640498876,0.4238461556919993,0.13207934176812403,0.5725828007739473,0.5593035908596299,0.7199934495186395,0.28,1.872339999070391,5.754437511010717
uci_credit,22,xgb,0.7646985903600887,0.45590614559955367,0.14095301221390014,0.5309292408800348,0.7677422980643183,0.44783062781251043,0.13687588367148049,0.552128840857183,0.5396714435512059,0.7093494817266244,0.265,4.8215233330847695,0.8605624898336828
uci_credit,23,lr,0.7202740318228105,0.4663698662225432,0.1451233405785118,0.5038103966853517,0.7367647459608188,0.46208539265725085,0.14424991287439687,0.5003051204427594,0.5127572016460905,0.6833811449667324,0.305,0.26718100102152675,0.5211598278644184
uci_credit,23,gnb,0.6515548709364304,1.1009628578650088,0.39809538814762496,0.3712414493925344,0.6818722120743336,1.0770987115433384,0.391512738873485,0.41580522528803027,0.43559234350750126,0.6356819652605171,0.8,0.18602254195138812,0.5671804926047722
uci_credit,23,knn,0.7563093618405845,0.4450169214255759,0.14031793939153406,0.5208104230658305,0.7552580836439383,0.4469313532009142,0.14060250298030627,0.5182575718911671,0.5228122662677638,0.6940415615302582,0.255,0.18471116805449128,23.99065267915527
uci_credit,23,rf,0.7814190813614509,0.42776532134688666,0.13412643598222632,0.5566735596893098,0.786412298778711,0.42685215724375775,0.13435708765240448,0.5572512442977102,0.5489111648807466,0.7165688797951193,0.265,1.9010689578717574,5.748284825434287
uci_credit,23,xgb,0.7666920798832061,0.4530844264194077,0.1399083283357565,0.5369571472460253,0.7664946909977325,0.45116212746491435,0.1395685051383905,0.536562640548133,0.5276804484933426,0.7009065046989463,0.27,4.8100013338262215,0.8689859920802215
uci_credit,24,lr,0.72676261523937,0.4636824381851575,0.14400367549712786,0.5106490523395714,0.7116748058520859,0.4734658182294151,0.14740328083985946,0.4810737625433634,0.497626582278481,0.6757981000378805,0.28,0.2575794158037752,0.5201250120686988
uci_credit,24,gnb,0.6801181751352122,1.1376142963903901,0.41384977980764037,0.4141067451938359,0.6704678111248847,1.1355394995700414,0.4155426551862447,0.4080987986905897,0.4191156275748421,0.6215372312298957,0.8250000000000001,0.1844407489988953,0.5644306656904519
uci_credit,24,knn,0.7602287306388068,0.44328229441887856,0.13969885109898764,0.5235461696616168,0.7481861601004085,0.44818578768281425,0.14106865217569278,0.5190405116311518,0.5177923021060276,0.692254773409303,0.23500000000000001,0.1831837909994647,24.155562491311382
uci_credit,24,rf,0.7849995221732137,0.4257179038453825,0.133449108327673,0.5612815435569437,0.7746752133623369,0.43475260644258956,0.1370186498695862,0.5398647574140368,0.5364409914909359,0.7035171021263907,0.29000000000000004,1.906362085021101,5.780833346458773
uci_credit,24,xgb,0.7644287993696778,0.4559902601084697,0.13983678755000872,0.5390159508581192,0.7615200664530369,0.457948478517649,0.14162930026127354,0.519509932176626,0.5169966380276431,0.690334056810509,0.295,4.814563625026494,0.8666736733478805
uci_credit,25,lr,0.7254950011901077,0.46395729391449597,0.14424246521007664,0.5075041232154339,0.7142392822143143,0.473200556749642,0.14719591978444643,0.4852529859282251,0.504884720593982,0.6807055587655745,0.28500000000000003,0.2702673760941252,0.5187013496955236
uci_credit,25,gnb,0.6485128279939764,1.399611875503067,0.474600876526049,0.3543384824339933,0.66072957397198,1.3971255897583537,0.4760144601553346,0.40479451072351913,0.4086177680948923,0.6082951638515346,0.875,0.18535974994301796,0.5658124961579839
uci_credit,25,knn,0.7600879221441944,0.44290645802520284,0.13961168470866175,0.5245059359653377,0.7465922418885382,0.45186548646224434,0.14267981771325977,0.501615680901777,0.5148217636022514,0.6887153041789071,0.255,0.18444016587454826,23.835451322762918
uci_credit,25,rf,0.7854728140643908,0.4257323790873746,0.1335852901194302,0.5589947518537856,0.7724484206034732,0.43464330807373414,0.136623242184193,0.5435429953737209,0.537030537030537,0.7072469416976519,0.27,1.8654348341515288,4.807520832400769
uci_credit,25,xgb,0.7687060772099761,0.4525675451193357,0.13954775510589593,0.5403105744989022,0.7618995170350412,0.4567943856864872,0.14087209735281636,0.5299104168428945,0.5187014820042343,0.6943382844673122,0.275,4.8113834579708055,0.8557916735298932
uci_credit,26,lr,0.7228705515487629,0.46686192529671855,0.14552322894947403,0.49879799382947615,0.7328615492388331,0.45927168555474646,0.14290366593656545,0.5252780007694349,0.5230769230769231,0.69276742678805,0.28,0.273436542134732,0.5163263413123786
uci_credit,26,gnb,0.6548921557086687,1.1844491723313506,0.4226310382823724,0.3778135822020792,0.6688453494565697,1.1711325960625438,0.4227624248867619,0.4215800622807961,0.4199501246882793,0.6202743042290598,0.8250000000000001,0.1856351678725332,0.5634791838626066
uci_credit,26,knn,0.7575920922070356,0.4461397559262962,0.1409400304722897,0.5153028644758259,0.7563704721329589,0.44238093383187105,0.13878201830282638,0.5325295826701556,0.5333333333333333,0.699438048685461,0.26,0.18492508516646922,30.01883333005632
uci_credit,26,rf,0.7831492496779141,0.4280305796919055,0.13450645366583744,0.5530029877044818,0.7850323758589444,0.4262281437827236,0.13338958990870717,0.5640211825237248,0.541726618705036,0.7088243305067785,0.28,1.8758943749126047,5.689895828254521
uci_credit,26,xgb,0.7638925933663614,0.4571501791490429,0.14072038476744042,0.530989842120892,0.7649484258445033,0.4521606033797587,0.13910347288678085,0.5381254869074741,0.525238263325097,0.6987993686896989,0.275,4.813960042200051,0.8605693195325633
uci_credit,27,lr,0.7246349079359345,0.4651388560322262,0.14472375779533866,0.5046694216917116,0.7214697267617158,0.4648494188682494,0.1451448122761609,0.49985254526115575,0.5208416038110361,0.6898233385813515,0.28,0.27169020799919963,0.51571533549577
uci_credit,27,gnb,0.6567847690084136,1.2051403376112049,0.42916564259455475,0.36546096477289663,0.6616438515217774,1.1985207624286975,0.43041153116329134,0.4030173484698169,0.4137931034482758,0.6163593353470715,0.845,0.18607070797588676,0.5721109919250011
uci_credit,27,knn,0.7578467215313063,0.4445031280143888,0.14019476394728925,0.5195212563116153,0.7554416003300075,0.44528213982191156,0.1403510356335057,0.5257693603937458,0.5145228215767634,0.68827812163415,0.255,0.18459787487518042,24.03381949989125
uci_credit,27,rf,0.78462462742939,0.4269971787701251,0.13412835963028383,0.5556087435962288,0.7739934762882089,0.4315951989726717,0.1352436793879122,0.551458932946192,0.5443126308443823,0.7126847926753298,0.265,1.8930252500576898,5.779777653515339
uci_credit,27,xgb,0.7657178080465346,0.45575329240142565,0.1404361144732228,0.5324791462361196,0.7578240113683588,0.4578203918769287,0.14142668249254284,0.5226895620208982,0.5223988439306358,0.6955946803382835,0.29000000000000004,4.807680542115122,0.8520556730218232
uci_credit,28,lr,0.7206851906115698,0.4667066445473886,0.14532395581246135,0.5003857152437173,0.7333676714877156,0.4599039585282803,0.14357328716126735,0.516037917985905,0.5193150139386699,0.6887441701602836,0.28500000000000003,0.27211966714821756,0.5138333265980085
uci_credit,28,gnb,0.6646990730744843,1.0696476312266896,0.391511467457251,0.3882481895661684,0.6919916736963663,1.0462719266484595,0.3865920158179245,0.42893494981599245,0.43497983870967744,0.6349277407080164,0.785,0.18546133395284414,0.5616249982267618
uci_credit,28,knn,0.7538223799877536,0.4465734440105843,0.14072307201382508,0.5185467416461605,0.7696500330346161,0.438156667264372,0.1384966506721657,0.5301882339601074,0.5321033210332103,0.7008329690145461,0.24000000000000002,0.1842032918939367,23.964485987865675
uci_credit,28,rf,0.780965465876481,0.42927220731486354,0.13483772300011557,0.5525753523299142,0.7893250214358133,0.42345930379752733,0.1327888809876157,0.5645560615183678,0.5507868383404865,0.7153367539252493,0.28,1.8857824582373723,5.71274299484988
uci_credit,28,xgb,0.7640195855470634,0.45705991200900326,0.1410322303807876,0.5285750614332334,0.7730632337542982,0.44582998007555397,0.13856586544815377,0.5413893718980844,0.5322230267921795,0.7020421149830408,0.295,4.823446250054985,0.8519374920676152
uci_credit,29,lr,0.7242496282822022,0.4650448351565619,0.14491953463771914,0.5027290745236628,0.7261985066773143,0.4670274654263091,0.1452582554656701,0.5023714478723111,0.508130081300813,0.6811387903799199,0.29000000000000004,0.2734070410951972,0.5146736705986162
uci_credit,29,gnb,0.6483020208732356,1.367163047952271,0.4644284693609053,0.3537074738881989,0.6522785338210125,1.3972822929006294,0.4754132024448921,0.398073186734677,0.40593096742829365,0.60576003725808,0.875,0.18623154191300273,0.5669443247218927
uci_credit,29,knn,0.7566607355948627,0.4451673730072198,0.14017879267051128,0.5219690641596955,0.7574162592236083,0.44545815486926904,0.14095966862883286,0.5196334534747572,0.509090909090909,0.6846172217670141,0.255,0.18434925097972155,24.041840321539592
uci_credit,29,rf,0.7823479740139221,0.42786225522351173,0.13425449470077114,0.5574146553737632,0.7858552175906388,0.42533368385213316,0.13348967185357832,0.56414199437242,0.5480453050785532,0.7119738670948939,0.29000000000000004,1.900981789920479,5.767458331926416
uci_credit,29,xgb,0.7654984501290374,0.453991702153658,0.13979544035528724,0.5355532650399012,0.7672939884094215,0.4501691060964612,0.1393944640920362,0.5348171283725666,0.5239520958083832,0.6947393442197323,0.3,4.829397459165193,0.8561319943207005
