dataset,rep,cost,set,n_candidates,n_valid,n_front,gd_front,gd_all_valid,igd,igd_plus,spacing,spacing_cv,hypervolume,hypervolume_reference,hv_ratio,joint_nondominated_fraction_all_valid,joint_nondominated_fraction_front,coverage_ref_over_set,coverage_set_over_ref,spacing_size_matched_percentile,spacing_size_matched_mean,front_n_eff_median,extreme_gap_auc,extreme_gap_ll,extreme_gap_cost,mw_lr,mw_gnb,mw_knn,mw_rf,mw_xgb
santander,0,weighted,nbi_A,66,66,12,0.8331684782917503,8.855504437722487,0.2268652651894956,0.2183684771121966,1.1350334167729317,1.4866231928348441,0.8684615614239217,1.2719534601947906,0.6827777812648295,0.015151515151515152,0.08333333333333333,0.9166666666666666,0.0,1.0,0.20862011821597337,1.9477255483590863,0.01706026926901201,0.08002744566375034,0.0,0.4085,0.3474,0.006,0.0503,0.1878
santander,0,weighted,nbi_B,66,60,16,0.012912366992024358,0.05662973743262626,0.05311442502596621,0.0183253642411976,0.14367059192033582,0.917128244469279,1.2345297983954613,1.2719534601947906,0.9705778057370132,0.05,0.1875,0.8125,0.0,0.42,0.1692116082882724,1.7873673565239105,1.3181291944855393e-07,3.166957800664216e-07,0.0,0.1975,0.5852,0.0004,0.0317,0.1853
santander,0,weighted,nbi_C,66,54,32,0.007222714945150744,0.032914177579080585,0.053302758971238026,0.017565037533828768,0.24067535614954047,2.343174438975646,1.2438397033570379,1.2719534601947906,0.9778971812117659,0.4074074074074074,0.6875,0.3125,0.0,1.0,0.09210577798308382,2.175413341562573,1.3181291944855393e-07,3.166957800664216e-07,0.0,0.0899,0.5502,0.0007,0.043,0.3161
santander,0,weighted,ws_random_scalarization,66,66,53,0.001017707790161964,0.152474564680115,0.054985041760889704,0.006027317205245518,0.17753475268650398,4.227747812454755,1.2473996809289223,1.2719534601947906,0.9806960081211555,0.7272727272727273,0.9056603773584906,0.09433962264150944,0.0,1.0,0.05877387502755345,1.5440448009452068,0.015725676647777145,0.000192265136103122,2.955853856234905e-12,0.0359,0.7753,0.0,0.0039,0.1849
santander,0,weighted,random_dirichlet_budget,66,66,8,8.632265683174596,34.226223328444036,1.372621019298932,1.3385155121723293,4.1719447828365395,1.680153018194431,0.0,1.2719534601947906,0.0,0.0,0.0,1.0,0.0,1.0,0.23072107003721853,3.42821961293767,0.034288718641079505,0.10493812229881969,1.4676773692939298,0.1451,0.3219,0.0611,0.1758,0.296
santander,0,weighted,design_runs,66,66,7,0.0024055592273124994,29.25587038065497,0.08610075671565649,0.018387488951138377,0.3060601715534784,0.9519953423997897,1.2375971700485149,1.2719534601947906,0.9729893496724209,0.06060606060606061,0.5714285714285714,0.42857142857142855,0.0,0.66,0.2599164839106558,1.7999999999999998,0.014058282769239495,9.21603247880605e-05,0.0,0.3571,0.5238,0.0,0.0,0.119
santander,0,weighted,single_objective_refs,7,7,4,3.29639652467428e-09,10.505654074679201,0.1334367892872799,0.02435839571337117,0.7180159263318038,0.8325703152659751,1.2101059730795258,1.2719534601947906,0.9513759826512888,0.2857142857142857,0.5,0.5,0.0,0.885,0.3231499961413655,1.3887466766920897,0.0,3.1703227216916917e-07,0.0,0.25,0.5463,0.0007,0.0301,0.1728
santander,0,support,nbi_A,66,66,7,0.04349830168102331,0.13752290467838804,0.0873101261355182,0.08652683642359821,0.6373558329671329,2.152665315178527,1.0817585126791645,1.3276851075260179,0.8147703898666845,0.015151515151515152,0.14285714285714285,0.8571428571428571,0.0,0.555,0.41576316982289074,1.6840086270109655,0.01706026926901201,0.08002744782702062,0.0,0.1476,0.6274,0.0253,0.077,0.1227
santander,0,support,nbi_B,66,60,11,0.009925946292156458,0.13679273049262097,0.01959449007242375,0.007198750936848858,0.5692963050437421,2.0210646420614355,1.3075962546618352,1.3276851075260179,0.9848692639916584,0.03333333333333333,0.18181818181818182,0.8181818181818182,0.0,0.69,0.2573623978136321,1.8577291775622193,1.3181291944855393e-07,3.1669578862721677e-07,0.0,0.1015,0.6165,0.0005,0.044,0.2374
santander,0,support,nbi_C,66,54,24,0.021803142579671794,0.09636519911674951,0.006347473398102842,0.0013832108837018924,0.2729239578810414,3.006646063751538,1.3206621001867005,1.3276851075260179,0.9947103365854544,0.3888888888888889,0.875,0.125,0.0,0.845,0.08145244071313933,2.189080180585037,1.3181291944855393e-07,3.1669578862721677e-07,0.0,0.0687,0.5216,0.001,0.0558,0.353
santander,0,support,ws_random_scalarization,66,66,15,0.00335853250676014,0.026201638038196726,0.21965958539582595,0.009596213518256222,0.4544717414218858,3.6023442459916946,1.3090383924978515,1.3276851075260179,0.9859554687158371,0.015151515151515152,0.06666666666666667,0.9333333333333333,0.0,0.7,0.21388329267568104,1.00000000008032,0.015725676647777145,0.00019226514130035716,0.0,0.0667,0.8488,0.0,0.0137,0.0708
santander,0,support,random_dirichlet_budget,66,66,5,0.4074091818728253,0.8153838994884,0.8244919219211305,0.7866245324639953,0.12365923197306544,0.6652971902175655,0.10135829339653499,1.3276851075260179,0.07634211818900645,0.0,0.0,1.0,0.0,0.345,0.44583370528746324,3.527862384191662,0.034288718641079505,0.10493812513546552,0.9999999927960327,0.0591,0.4008,0.1008,0.2197,0.2197
santander,0,support,design_runs,66,66,4,0.0002311306003175562,0.8888257949788565,0.23132659240186595,0.0066799015624390825,0.8440286574467369,1.6629436929897001,1.3115452870625495,1.3276851075260179,0.987843638245259,0.045454545454545456,0.75,0.25,0.0,0.655,0.5219899086227824,1.4,0.014058282769239495,9.216032727930198e-05,0.0,0.25,0.5417,0.0,0.0,0.2083
santander,0,support,single_objective_refs,7,7,4,0.00023113389665382393,0.1292052300318525,0.03252743513567519,0.009301385372108412,0.7578330904984442,0.9044735375959211,1.3065923030378956,1.3276851075260179,0.9841130970223608,0.14285714285714285,0.25,0.75,0.0,0.66,0.48924614875275113,1.3887466766920897,0.0,3.1703228073906027e-07,0.0,0.25,0.5463,0.0007,0.0301,0.1728
santander,1,weighted,nbi_A,66,66,15,0.30372434935089776,4.428938945322591,0.11395507560145156,0.09220563675650767,0.578942609543184,1.512945487351598,1.1092834004609933,1.3113000014269363,0.8459417366383652,0.0,0.0,1.0,0.0,1.0,0.16250292901480773,1.9968746058252327,0.015297063136401315,0.07526912668137238,0.0,0.3465,0.328,0.005,0.0592,0.2612
santander,1,weighted,nbi_B,66,61,21,0.01123125036956735,0.028428680685398326,0.04224694229040712,0.007415291429281355,0.18538423971885423,1.4771105340406916,1.2894007671074066,1.3113000014269363,0.9832996001710522,0.03278688524590164,0.09523809523809523,0.9047619047619048,0.0,0.8,0.12644605535861733,1.8656026611790615,5.818930648365266e-07,4.688936694165736e-10,0.0,0.1432,0.6136,0.0016,0.0412,0.2004
santander,1,weighted,nbi_C,66,54,37,0.0021724853237599395,0.01535773655794639,0.042923577285367644,0.005064749455774119,0.19506229694888377,2.6950827581069,1.3017091778938075,1.3113000014269363,0.9926860188189642,0.5,0.7297297297297297,0.2702702702702703,0.0,0.995,0.08031784845451168,2.1315432147959807,5.818930648365266e-07,4.688936694165736e-10,0.0,0.0677,0.5524,0.0032,0.0515,0.3252
santander,1,weighted,ws_random_scalarization,66,66,57,0.0012712789046201872,0.21331484751044955,0.19142610849799455,0.007235263094503245,0.01845286593661214,3.0009795440664035,1.2833700937016617,1.3113000014269363,0.9787005965874462,0.7272727272727273,0.8421052631578947,0.15789473684210525,0.0,0.0,0.057735215004601805,1.6892834118118358,0.014248612257963533,6.85537916218017e-05,0.02274441677638083,0.0,0.7228,0.0,0.0062,0.2709
santander,1,weighted,random_dirichlet_budget,66,66,2,2.6395123424093825,17.40474385456773,0.4781966410786095,0.3763152381128918,,,0.6736527396540773,1.3113000014269363,0.5137289246709517,0.0,0.0,1.0,0.0,,,2.156743293149731,0.03409507505705793,0.13902028374155126,0.4304356822336933,0.071,0.5679,0.0402,0.0611,0.2597
santander,1,weighted,design_runs,66,66,7,0.0020175700770231272,15.671406599469467,0.08112398885900869,0.006995278633731979,0.3153923404291766,1.0657380510131,1.2864187957609565,1.3113000014269363,0.9810255428666939,0.06060606060606061,0.5714285714285714,0.42857142857142855,0.0,0.7,0.2502072253471503,1.7999999999999998,0.017218601926206875,0.00034223595915804626,0.0,0.3571,0.5238,0.0,0.0,0.119
santander,1,weighted,single_objective_refs,7,7,4,1.372611171530558e-07,5.484090811112672,0.12513974407265388,0.010239232641239633,0.7678228082157602,0.9097580132566115,1.275222999523349,1.3113000014269363,0.9724876062957913,0.42857142857142855,0.75,0.25,0.0,0.915,0.28682583700488284,1.3779310977461443,5.292156958918015e-07,0.0,0.0,0.2501,0.5492,0.0026,0.0327,0.1653
santander,1,support,nbi_A,66,66,9,0.10191611277241228,0.12721109781787776,0.07524894799546075,0.07237445529011176,0.41216344290456375,2.0893414794796383,1.1399547978403886,1.328799642480243,0.8578831310585168,0.0,0.0,1.0,0.0,0.825,0.16838654666047304,1.9639553935896836,0.015297063136401315,0.07526912668137238,0.0,0.2289,0.4704,0.0199,0.0573,0.2235
santander,1,support,nbi_B,66,61,17,0.02003990846467677,0.11407308893940139,0.01570126871817666,0.007998367081844166,0.3639295001846389,2.8466625484837196,1.3107371510027968,1.328799642480243,0.986406911245301,0.03278688524590164,0.11764705882352941,0.8823529411764706,0.0,0.665,0.16510614714488553,1.878740397696574,5.818930648365266e-07,4.688936694165736e-10,0.0,0.0807,0.6256,0.0019,0.0504,0.2414
santander,1,support,nbi_C,66,54,33,0.0057604588593423165,0.08684527841398806,0.014990771632359968,0.0021438701753721825,0.05896677502351957,2.8346685930029394,1.3178016180295273,1.328799642480243,0.9917233387945623,0.5185185185185185,0.8484848484848485,0.15151515151515152,0.0,0.51,0.16432301867012591,2.1574502327242513,5.818930648365266e-07,4.688936694165736e-10,0.0,0.0586,0.531,0.0036,0.0577,0.3491
santander,1,support,ws_random_scalarization,66,66,10,0.006650655341631051,0.009429363636666646,0.3674794285414273,0.009043833902720028,0.044548037147478604,1.838148408581171,1.3121114827887215,1.328799642480243,0.9874411768651798,0.0,0.0,1.0,0.0,0.615,0.15274665232445656,1.8051391423550687,0.014248612257963533,6.85537916218017e-05,0.00027810510935564694,0.0,0.7164,0.0,0.0356,0.2481
santander,1,support,random_dirichlet_budget,66,66,4,0.46509862146076186,0.899516238002138,0.6925792320643563,0.6875087333454509,0.445039559334656,0.9778784769833244,0.10379594340292198,1.328799642480243,0.07811256120537768,0.0,0.0,1.0,0.0,0.43,0.347614067529384,2.5309289560734984,0.03409507505705793,0.13902028374155126,0.9960647791032802,0.1952,0.3574,0.1011,0.1083,0.2381
santander,1,support,design_runs,66,66,4,3.972169815291693e-14,0.881404086177889,0.3538457595435064,0.009476861727034104,0.8516860549146097,1.685881616377655,1.3085269742752883,1.328799642480243,0.9847436230738931,0.030303030303030304,0.5,0.5,0.0,0.915,0.3367073144988113,1.4,0.017218601926206875,0.00034223595915804626,0.0,0.25,0.5417,0.0,0.0,0.2083
santander,1,support,single_objective_refs,7,7,4,0.0,0.12433181285362156,0.04964065172865611,0.011818779036215164,0.7740608496542868,0.9230980828281083,1.3056523144923657,1.328799642480243,0.9825802722638666,0.5714285714285714,1.0,0.0,0.0,0.94,0.26657601078152987,1.3779310977461443,5.292156958918015e-07,0.0,0.0,0.2501,0.5492,0.0026,0.0327,0.1653
santander,2,weighted,nbi_A,66,66,13,1.4577680689855999,9.308110266500215,0.16194426917265883,0.14385927428948078,1.2169721887822558,1.2443789012350837,0.9820564926037145,1.2901595148748943,0.7611899778911786,0.0,0.0,1.0,0.0,1.0,0.19621911556318508,1.9250378124975767,0.010522718467197469,0.04492268783433875,1.290210935184993e-08,0.3784,0.3617,0.0092,0.054,0.1967
santander,2,weighted,nbi_B,66,59,26,0.011304675987613042,0.04095500668983741,0.06175773787164975,0.010320807302497303,0.13392757131675873,1.6774133187350182,1.2594587114423559,1.2901595148748943,0.9762038700807354,0.01694915254237288,0.038461538461538464,0.9615384615384616,0.0,0.745,0.11230584753751476,1.9253411326643124,8.251212232375274e-07,2.633078137163679e-09,1.290210935184993e-08,0.0925,0.6409,0.0005,0.034,0.2321
santander,2,weighted,nbi_C,66,55,37,0.0055524159922955485,0.019868016083366368,0.035564764481634745,0.009387083730243138,0.1858918740626044,2.1650539748862063,1.2723944518432106,1.2901595148748943,0.9862303359957731,0.45454545454545453,0.6756756756756757,0.32432432432432434,0.0,0.995,0.08149819974101462,2.1408645053968494,8.251212232375274e-07,2.633078137163679e-09,1.290210935184993e-08,0.0836,0.5502,0.0009,0.0437,0.3216
santander,2,weighted,ws_random_scalarization,66,66,59,0.00041762933348033323,0.37883881037792877,0.16442747035640778,0.006820419563881086,0.01985555951745732,2.2340903671801713,1.2664879488320793,1.2901595148748943,0.981652217597984,0.8181818181818182,0.9152542372881356,0.0847457627118644,0.0,0.0,0.04943633621094106,1.7535968827596957,0.008336308128115524,3.8923885719488825e-07,0.03687076233605459,0.0092,0.7165,0.0,0.003,0.2713
santander,2,weighted,random_dirichlet_budget,66,66,5,2.8583362268390804,38.018189024044226,0.9023003020128378,0.8591639342166935,2.1887764819022384,0.9539962046730355,0.11343027917226411,1.2901595148748943,0.08791957728053755,0.0,0.0,1.0,0.0,1.0,0.2775533901703015,2.7984144987227877,0.008178783351638696,0.1535251749216577,0.9571965058112842,0.2264,0.4287,0.0186,0.1479,0.1784
santander,2,weighted,design_runs,66,66,7,0.001919716599691881,36.169014699502476,0.08233527902875075,0.010780436405463289,0.3096323016298925,0.9919366021214424,1.2604470864477015,1.2901595148748943,0.9769699575249235,0.06060606060606061,0.5714285714285714,0.42857142857142855,0.0,0.635,0.2685802651878248,1.7999999999999998,0.016189681955635936,0.00036264936105692827,1.290210935184993e-08,0.3571,0.5238,0.0,0.0,0.119
santander,2,weighted,single_objective_refs,7,7,4,1.9785962076855786e-07,11.758897419300025,0.12378745853913478,0.015454520103460295,0.7456760770221453,0.8776842166086357,1.2409040446665944,1.2901595148748943,0.9618221858301946,0.42857142857142855,0.75,0.25,0.0,0.895,0.30907693436529626,1.3775583116665044,7.452202470306885e-07,0.0,1.290210935184993e-08,0.25,0.5514,0.0009,0.0304,0.1674
santander,2,support,nbi_A,66,66,7,0.05190729469958321,0.14853082846126173,0.06643967052126563,0.06257236340253602,0.585349663228437,1.9424711182517915,1.1686579931070413,1.3288965807168975,0.8794198209740199,0.0,0.0,1.0,0.0,0.925,0.21859853726333747,1.8922598892038351,0.010559049265102802,0.045064385100796044,6.960402422469243e-11,0.1666,0.6121,0.0154,0.0727,0.1332
santander,2,support,nbi_B,66,59,17,0.0035925181796157414,0.1357808015160873,0.011169386251188643,0.00418460144005305,0.47238631681839327,3.7728784847570553,1.3163373022349742,1.3288965807168975,0.9905490926350733,0.01694915254237288,0.058823529411764705,0.9411764705882353,0.0,0.945,0.13748719052779507,1.9789219470557007,8.279700414875161e-07,2.6413835167478313e-09,6.960402422469243e-11,0.0588,0.5955,0.0008,0.0489,0.296
santander,2,support,nbi_C,66,55,29,0.020272632081216345,0.08148749022131832,0.007282315308717021,0.0018798332258547887,0.24795278683783817,3.399692709993288,1.3229188411559885,1.3288965807168975,0.9955017270360615,0.45454545454545453,0.8620689655172413,0.13793103448275862,0.0,0.675,0.12730275486113232,2.148527185007,8.279700414875161e-07,2.6413835167478313e-09,6.960402422469243e-11,0.0574,0.5377,0.0012,0.0556,0.3481
santander,2,support,ws_random_scalarization,66,66,31,0.0005000310247229924,0.011799134681164404,0.18647770251945603,0.003162389474266872,0.031677569451995485,4.071188903709848,1.3192533050328232,1.3288965807168975,0.9927433964207568,0.3787878787878788,0.8064516129032258,0.1935483870967742,0.0,0.595,0.11185649442633785,1.8288285513486735,0.008365090113191271,3.9046661280619253e-07,0.0002495431743253875,0.0,0.6672,0.0,0.0058,0.327
santander,2,support,random_dirichlet_budget,66,66,3,0.4904206225659165,0.8084244446749559,0.8485934659049896,0.8447956757553887,0.8075789613426572,1.4516110632533004,0.10020768131060723,1.3288965807168975,0.07540668157679235,0.0,0.0,1.0,0.0,0.955,0.3315357503318224,3.096723921123825,0.0082070214657711,0.1540094312889303,1.0,0.0691,0.322,0.101,0.1896,0.3183
santander,2,support,design_runs,66,66,4,0.004915715870528798,0.9064041503962004,0.18365092876856398,0.00705690759807138,0.8511227798086305,1.6775672193763205,1.3096602895511582,1.3288965807168975,0.9855246138451481,0.015151515151515152,0.25,0.75,0.0,0.975,0.2406651511904881,1.4,0.01624557854406177,0.00036379324682203986,6.960402422469243e-11,0.25,0.5417,0.0,0.0,0.2083
santander,2,support,single_objective_refs,7,7,4,0.0011693011594784753,0.12652330467772832,0.027818296913491226,0.009756304929327941,0.7687271418754871,0.9173402465321264,1.306534768941156,1.3288965807168975,0.9831726470665775,0.2857142857142857,0.5,0.5,0.0,0.985,0.22971063068952183,1.3775583116665044,7.477931987136812e-07,0.0,6.960402422469243e-11,0.25,0.5514,0.0009,0.0304,0.1674
santander,3,weighted,nbi_A,66,54,9,0.014930141543841126,0.6677300465419873,0.10253920077905618,0.019602560128424863,0.4942676387155794,1.8673619142927231,1.2811675245641045,1.321858036521416,0.9692171845742285,0.0,0.0,1.0,0.0,0.945,0.2071257051746182,1.6072704657584622,0.01682193601220304,0.006424324075676554,1.214947751834312e-09,0.1863,0.6684,0.0015,0.0,0.1438
santander,3,weighted,nbi_B,66,56,14,0.017608692778338517,0.06045957820246702,0.052706350562847275,0.005626076148661838,0.30785977378188273,1.496775857652036,1.30015702383233,1.321858036521416,0.9835829475711368,0.017857142857142856,0.07142857142857142,0.9285714285714286,0.0,0.925,0.17076420965129394,1.9134528246408622,7.414794499685234e-05,2.862629609121494e-07,1.214947751834312e-09,0.3597,0.4912,0.0018,0.0075,0.1398
santander,3,weighted,nbi_C,66,54,34,0.01274740246119147,0.02549843112467425,0.06704712670677598,0.005038204113961106,0.2416319087251728,3.3396258743603777,1.3135960812872587,1.321858036521416,0.9937497408905578,0.2962962962962963,0.47058823529411764,0.5294117647058824,0.0,1.0,0.09358476619541445,2.130643577520609,0.0,2.862629609121494e-07,1.214947751834312e-09,0.0563,0.5441,0.0077,0.0406,0.3513
santander,3,weighted,ws_random_scalarization,66,66,33,1.5810345600040715e-08,0.0020209267056421586,0.22248235568180044,0.006300516404018885,0.005956384705648362,1.4109202431989714,1.2898670702887094,1.321858036521416,0.9757984856551664,0.48484848484848486,0.9696969696969697,0.030303030303030304,0.0,0.0,0.09786211235848481,1.4528516190074723,0.022874726349647663,0.0007320652601630944,0.00966446965600132,0.0,0.8275,0.0,0.0,0.1725
santander,3,weighted,random_dirichlet_budget,66,66,1,0.017962029038089543,8.369311319719994,0.29663300284043853,0.0644321001304249,,,1.1532299244759143,1.321858036521416,0.8724309968343792,0.0,0.0,1.0,0.0,,,2.059020164036309,0.014868861552336354,0.060267040936531256,0.07785651229585634,0.0207,0.6394,0.0004,0.0728,0.2667
santander,3,weighted,design_runs,66,66,7,0.0017221481162064103,8.396366917358266,0.07644102206895713,0.004694819947532298,0.3131113760399963,1.0717786862200793,1.3057607959989046,1.321858036521416,0.9878222622416604,0.06060606060606061,0.5714285714285714,0.42857142857142855,0.0,0.685,0.25078045898023105,1.7999999999999998,0.011473085184436481,8.396563138487398e-05,1.214947751834312e-09,0.3571,0.5238,0.0,0.0,0.119
santander,3,weighted,single_objective_refs,7,7,4,0.02798285266345487,1.6651523907434191,0.13793929863539572,0.006850173339228658,0.7727097703514278,0.8896985607589829,1.2945518328662189,1.321858036521416,0.979342559563313,0.14285714285714285,0.25,0.75,0.0,0.945,0.2796624763087971,1.3892713083577442,7.402981231566297e-05,2.8517197067349845e-07,1.214947751834312e-09,0.2505,0.5443,0.0059,0.0264,0.173
santander,3,support,nbi_A,66,54,8,0.023251471817301902,0.12715758782346212,0.054622822245905825,0.04159685293219885,0.6135027314459294,2.345951098401701,1.2065031779826327,1.328869071903733,0.9079172685193136,0.0,0.0,1.0,0.0,0.89,0.1321194192173554,1.5922197159427733,0.01687631919126531,0.00644311649366308,2.721830152347294e-11,0.1342,0.6746,0.0111,0.0,0.1801
santander,3,support,nbi_B,66,56,4,0.006497146642694218,0.10769384045843104,0.03487630239102369,0.009766845611844198,0.8679872063527668,1.0486706184165249,1.3057385342561512,1.328869071903733,0.9825938174522753,0.017857142857142856,0.25,0.75,0.0,0.925,0.31437344180894256,1.8078085303750824,7.438765587002045e-05,2.871003366659488e-07,2.721830152347294e-11,0.251,0.4577,0.0065,0.0264,0.2585
santander,3,support,nbi_C,66,54,32,0.014888561248813593,0.100583341715221,0.021455720099876625,0.00494831185521119,0.2807104949407603,3.0691370418395096,1.3066024253544686,1.328869071903733,0.9832439124214356,0.2962962962962963,0.5,0.5,0.0,0.48,0.17286577795067512,2.1453728810085746,0.0,2.871003366659488e-07,2.721830152347294e-11,0.0486,0.5338,0.0082,0.0432,0.3663
santander,3,support,ws_random_scalarization,66,66,34,0.0012076389550251508,0.01544569451247359,0.46086061106203896,0.015068921249592936,0.03636698050825818,5.830951894845299,1.3012399914889459,1.328869071903733,0.9792085759244845,0.0,0.0,1.0,0.0,0.37,0.2004372193017639,1.0000000000000235,0.022948677429842648,0.0007342066957756728,0.0002165117378622675,0.0,0.9913,0.0,0.0,0.0087
santander,3,support,random_dirichlet_budget,66,66,1,0.013093892746375551,0.8676346394329527,0.4663531704095837,0.03621844232089205,,,1.2163443704303194,1.328869071903733,0.915322958557376,0.0,0.0,1.0,0.0,,,2.059020164036309,0.01491693069013751,0.06044333394584229,0.02168562546932606,0.0207,0.6394,0.0004,0.0728,0.2667
santander,3,support,design_runs,66,66,4,0.0013648242798704575,0.8880961203228593,0.43274826923999204,0.0068355857225344775,0.8471815299686724,1.6637683963044272,1.3156358653643114,1.328869071903733,0.9900417529317137,0.030303030303030304,0.5,0.5,0.0,0.92,0.33252962286932364,1.4,0.011510176209246542,8.421124745637032e-05,2.721830152347294e-11,0.25,0.5417,0.0,0.0,0.2083
santander,3,support,single_objective_refs,7,7,5,0.004520909949492337,0.10537821960828055,0.054020912564066305,0.010525827260572187,0.7981740052681354,1.2686371878524787,1.3095204362671526,1.328869071903733,0.9854397727769661,0.14285714285714285,0.2,0.8,0.0,0.93,0.20016703124401314,1.0000000000000027,7.426914128090148e-05,2.860061550651651e-07,2.721830152347294e-11,0.2004,0.6354,0.0047,0.0211,0.1384
santander,4,weighted,nbi_A,66,66,13,0.1970722800129001,2.7950847977709294,0.10679924845284715,0.07446844041634121,0.39336405868691626,1.1336503945676764,1.1310196211542536,1.3181473644809407,0.8580373117838959,0.0,0.0,1.0,0.0,0.975,0.19780987445079298,1.9542689293746085,0.01688171616354349,0.07559561373690524,0.0,0.3703,0.3713,0.0062,0.0573,0.1949
santander,4,weighted,nbi_B,66,60,18,0.013944658087348634,0.028011050755652887,0.07004997852279042,0.006528375444729998,0.37383451481415914,2.2096020811310852,1.2961823645591988,1.3181473644809407,0.9833364610713375,0.05,0.16666666666666666,0.8333333333333334,0.0,0.985,0.16795287689754582,1.876298756615688,2.1972554255765541e-07,2.9258073620306335e-07,0.0,0.0941,0.659,0.0025,0.0457,0.1986
santander,4,weighted,nbi_C,66,54,36,0.001602847180241322,0.01436125475324755,0.04155366943446084,0.004517375816202929,0.20053323366718087,2.733586090077522,1.3094511393002752,1.3181473644809407,0.9934026912202719,0.5370370370370371,0.8055555555555556,0.19444444444444445,0.0,0.98,0.09461797249623874,2.173746150917931,2.1972554255765541e-07,2.9258073620306335e-07,0.0,0.0681,0.5408,0.0055,0.0564,0.3292
santander,4,weighted,ws_random_scalarization,66,66,56,0.000614150762229674,0.005093454937821468,0.23696857252236492,0.007725964085262073,0.009112717974809396,2.846922158159313,1.2868034051385027,1.3181473644809407,0.9762212024337805,0.7878787878787878,0.9285714285714286,0.07142857142857142,0.0,0.0,0.058345262836234306,1.6899550701209964,0.01625829122898613,0.00012688323182477975,0.01951685744437256,0.0,0.7223,0.0,0.0033,0.2744
santander,4,weighted,random_dirichlet_budget,66,66,5,2.11511474051258,8.527500958703115,0.3824550885963367,0.2822601847413788,0.8647684043543536,0.6505736238397548,0.8416384176459011,1.3181473644809407,0.638501005520973,0.0,0.0,1.0,0.0,0.99,0.3038919530816149,3.2135292368743524,0.013175944039497102,0.07284153257316886,0.2776287998162263,0.103,0.3522,0.0492,0.1505,0.3452
santander,4,weighted,design_runs,66,66,7,0.0013179177822677547,10.297800237398128,0.09914845030059104,0.0061704800681671905,0.3135982523680597,1.0714187567201465,1.2941785599396214,1.3181473644809407,0.9818162936958436,0.06060606060606061,0.5714285714285714,0.42857142857142855,0.0,0.65,0.2714606983907278,1.7999999999999998,0.018446294385169884,0.00013214009465394602,0.0,0.3571,0.5238,0.0,0.0,0.119
santander,4,weighted,single_objective_refs,7,7,4,0.0,3.5389825063180993,0.12300160627277641,0.008138983533974544,0.763368515671565,0.9000352055822081,1.2852150922862229,1.3181473644809407,0.9750162439480461,0.5714285714285714,1.0,0.0,0.0,0.93,0.291277648668335,1.3863608287906204,1.9336897994356807e-07,2.912824505646372e-07,0.0,0.25,0.5435,0.0042,0.034,0.1683
santander,4,support,nbi_A,66,66,6,0.03297503606275382,0.12421212829780975,0.06106225316543591,0.055563902236683,0.6870096364006895,2.035779850234729,1.13284081131001,1.327878568595436,0.8531207883777149,0.0,0.0,1.0,0.0,0.84,0.22504238249539632,1.7247860370637327,0.01688171616354349,0.07559561373690524,0.0,0.1711,0.6038,0.0129,0.086,0.1262
santander,4,support,nbi_B,66,60,15,0.02196305393088601,0.10791515872701228,0.03250964649098974,0.011115731641381093,0.39773601182212687,2.2452230096802475,1.299921018225696,1.327878568595436,0.9789457025431835,0.0,0.0,1.0,0.0,0.695,0.1648422949363476,1.8835618140388277,2.1972554255765541e-07,2.9258073620306335e-07,0.0,0.0915,0.6142,0.003,0.0529,0.2384
santander,4,support,nbi_C,66,54,32,8.260057938274067e-05,0.09667858959884645,0.018178116567963587,0.003068961857386086,0.3480900444298352,4.958038428105117,1.316285354553705,1.327878568595436,0.9912693718266771,0.5185185185185185,0.875,0.125,0.0,1.0,0.16989268775333485,2.202389865680924,2.1972554255765541e-07,2.9258073620306335e-07,0.0,0.0313,0.5355,0.0062,0.0635,0.3636
santander,4,support,ws_random_scalarization,66,66,5,0.007574264846308555,0.010112822503379913,0.519619090306552,0.010470892797726937,0.0014293292187451468,0.0770861597482372,1.3056538763413301,1.327878568595436,0.9832630085463206,0.0,0.0,1.0,0.0,0.01,0.2332441142601974,1.8281731352448511,0.01625829122898613,0.00012688323182477975,0.004265347469250286,0.0,0.6813,0.0,0.0372,0.2815
santander,4,support,random_dirichlet_budget,66,66,4,0.20165838668265496,0.7334761240505958,0.557818837503109,0.547556715089048,0.06462077871613255,0.28933335234307866,0.11766267680403805,1.327878568595436,0.08860951564908212,0.0,0.0,1.0,0.0,0.36,0.3431953057563129,3.0704253070756122,0.013175944039497102,0.07284153257316886,0.9860895218903464,0.1393,0.3653,0.0998,0.0615,0.334
santander,4,support,design_runs,66,66,4,1.4324652575226082e-13,0.8689437564490406,0.49341372184698157,0.010682601576469317,0.8459562143680722,1.6738596904149299,1.307233822411178,1.327878568595436,0.9844528357693919,0.030303030303030304,0.5,0.5,0.0,0.93,0.320944152981161,1.4,0.018446294385169884,0.00013214009465394602,0.0,0.25,0.5417,0.0,0.0,0.2083
santander,4,support,single_objective_refs,7,7,4,5.082627216398632e-08,0.12044323628488815,0.0635735416226613,0.014176291534851213,0.7693295668555307,0.9115522516951384,1.3028127793776527,1.327878568595436,0.9811234326612436,0.42857142857142855,0.75,0.25,0.0,0.925,0.3210397930388186,1.3863608287906204,1.9336897994356807e-07,2.912824505646372e-07,0.0,0.25,0.5435,0.0042,0.034,0.1683
santander,5,weighted,nbi_A,66,66,14,0.6500960414094559,7.8214109174832425,0.13674385518889462,0.1207005388396792,1.0091863101257506,1.6482646007955046,1.0544466096881016,1.3024280231426557,0.8096006773132886,0.015151515151515152,0.07142857142857142,0.9285714285714286,0.0,1.0,0.18980795135485848,1.8868435903213974,0.015766714779519627,0.07526614374051044,0.0,0.3856,0.3504,0.0061,0.0538,0.2042
santander,5,weighted,nbi_B,66,61,21,0.010190114527841184,0.02966941441259731,0.05524694540834042,0.010537699039376399,0.3012299552115808,2.0601056283734103,1.2774409370258293,1.3024280231426557,0.9808149965504163,0.04918032786885246,0.14285714285714285,0.8571428571428571,0.0,1.0,0.1341164494129975,1.8071509624509623,0.0,0.0,0.0,0.0984,0.6664,0.001,0.0411,0.193
santander,5,weighted,nbi_C,66,54,37,0.0032799246053420873,0.0198191958386368,0.050262288643356696,0.009224747237856946,0.22814771574402593,2.8249292861028343,1.28681259393432,1.3024280231426557,0.9880105242432845,0.5370370370370371,0.7837837837837838,0.21621621621621623,0.0,1.0,0.07975364106538986,2.085684360018226,0.0,0.0,0.0,0.0601,0.5775,0.0016,0.0462,0.3145
santander,5,weighted,ws_random_scalarization,66,66,54,0.0009162808420767202,0.5114120023199735,0.20742816881486292,0.007672027632075035,0.011936529265086012,2.086838928126395,1.2745870938825132,1.3024280231426557,0.9786238250671507,0.7121212121212122,0.8703703703703703,0.12962962962962962,0.0,0.0,0.057315838631753296,1.538463173057337,0.014496430864074721,0.00010515302518805752,0.027510959232483735,0.0056,0.7848,0.0,0.0042,0.2053
santander,5,weighted,random_dirichlet_budget,66,66,6,7.786702961900574,33.530645370454,1.030916373032831,1.002860647393441,4.876292032173769,1.4860514902343256,0.031041285040598762,1.3024280231426557,0.023833397691872905,0.0,0.0,1.0,0.0,1.0,0.3103085651382999,3.499184611041617,0.019943338663308996,0.11762751077048073,1.0072273428576326,0.1494,0.3184,0.063,0.2287,0.2405
santander,5,weighted,design_runs,66,66,6,7.11884255248189e-14,25.555596439368514,0.09582296240764974,0.011386906664507581,0.3007595366845898,0.7939763645843856,1.2755102322256535,1.3024280231426557,0.9793326076844909,0.07575757575757576,0.8333333333333334,0.16666666666666666,0.0,0.575,0.30978778381067384,1.7999999999999998,0.014644234846038518,0.0016215696868644147,0.0,0.4167,0.5278,0.0,0.0,0.0556
santander,5,weighted,single_objective_refs,7,7,4,3.3381377128552324e-09,9.284025234688395,0.13125725116391312,0.013711689147424187,0.7756723404946927,0.924234315902927,1.262120481847767,1.3024280231426557,0.9690520008947366,0.2857142857142857,0.5,0.5,0.0,0.895,0.3516823535410336,1.3508328465175772,0.0,2.9074436030169837e-10,0.0,0.2502,0.5615,0.0014,0.0304,0.1565
santander,5,support,nbi_A,66,66,7,0.0802116787300865,0.13689545074392753,0.05591827427774196,0.05337229064153217,0.4742134709214047,1.6079883443185639,1.1633547407228275,1.3283057765136834,0.8758184759056066,0.015151515151515152,0.14285714285714285,0.8571428571428571,0.0,0.65,0.3188037544318199,1.8793843428921924,0.015766726588819016,0.07526614374051044,0.0,0.2189,0.5259,0.0118,0.0737,0.1697
santander,5,support,nbi_B,66,61,17,0.019401422369954676,0.1249576223584284,0.015133006778070496,0.007369130527130146,0.37151248433808437,2.937013274943526,1.3112951827121837,1.3283057765136834,0.9871937665993246,0.03278688524590164,0.11764705882352941,0.8823529411764706,0.0,0.57,0.20714175582451522,1.8071509624509623,0.0,0.0,0.0,0.0801,0.6479,0.0012,0.0452,0.2257
santander,5,support,nbi_C,66,54,31,0.01770739792311689,0.08697799391406415,0.00717112675500152,0.0012996774488807262,0.24446275836086112,3.5079851323702376,1.3218373161073025,1.3283057765136834,0.9951302926474066,0.5370370370370371,0.9354838709677419,0.06451612903225806,0.0,0.86,0.060359348250030864,2.102532437439227,0.0,0.0,0.0,0.053,0.562,0.0019,0.0549,0.3281
santander,5,support,ws_random_scalarization,66,66,9,0.005193991058212715,0.020758508655687923,0.4633301514371115,0.00871930019553807,0.00752814302559701,0.7848578604655323,1.311942716473218,1.3283057765136834,0.987681255077116,0.0,0.0,1.0,0.0,0.055,0.2857264506034916,1.6852364409757563,0.014496441721929038,0.00010515302518805752,0.0002487007582194221,0.0,0.8072,0.0,0.0253,0.1675
santander,5,support,random_dirichlet_budget,66,66,5,0.37796664208108166,0.954902044170268,0.6513389728016099,0.6122272332487794,0.8154532149884298,1.5926098707592364,0.10354750986933284,1.3283057765136834,0.07795457318653477,0.0,0.0,1.0,0.0,0.715,0.3909583431369961,3.375989171960414,0.019943353600907626,0.11762751077048073,0.02223429887191776,0.0747,0.3312,0.1154,0.1927,0.2859
santander,5,support,design_runs,66,66,3,1.919099776345931e-05,0.9001524015920497,0.3721797440037724,0.0071428746312507275,0.9343285850582533,1.2897212693317746,1.3102294514699524,1.3283057765136834,0.9863914428715542,0.030303030303030304,0.6666666666666666,0.3333333333333333,0.0,0.915,0.5172114928053324,1.0,0.014644245814598299,0.0016215696868644147,0.0,0.3333,0.5556,0.0,0.0,0.1111
santander,5,support,single_objective_refs,7,7,4,1.4396586372939146e-05,0.13003320495339363,0.03372349324451558,0.010110180672454543,0.7934458199715636,0.9574344139092494,1.3082482957570798,1.3283057765136834,0.9848999521712183,0.14285714285714285,0.25,0.75,0.0,0.7,0.4981503041922784,1.3508328465175772,0.0,2.9074436030169837e-10,0.0,0.2502,0.5615,0.0014,0.0304,0.1565
santander,6,weighted,nbi_A,66,66,13,0.1308621977206839,2.0541709113715623,0.10200632393227152,0.07342734345020004,0.30005341375000777,1.0091702342028592,1.1353880137371308,1.321802523076228,0.8589694707911019,0.0,0.0,1.0,0.0,0.825,0.20920433978261094,1.9739370594847492,0.01694111656667862,0.07821491345951449,2.0844877908915295e-09,0.3719,0.3715,0.0063,0.0597,0.1906
santander,6,weighted,nbi_B,66,66,20,0.006756151167622177,0.02239594360932969,0.04127485907363798,0.005758150086288613,0.19828591774223828,1.3361474353121463,1.303622133670135,1.321802523076228,0.9862457597949035,0.07575757575757576,0.25,0.75,0.0,0.73,0.1538770565122173,1.7934925703792226,0.0,0.0,2.0844877908915295e-09,0.3016,0.5443,0.0019,0.0224,0.1298
santander,6,weighted,nbi_C,66,54,36,0.001952624531133715,0.015302030895401945,0.04323694498291696,0.00436750801596938,0.20170353447719427,2.8160162447995303,1.3142457787517328,1.321802523076228,0.9942830005295281,0.46296296296296297,0.6944444444444444,0.3055555555555556,0.0,0.995,0.09653910302699492,2.1365245572538383,0.0,0.0,2.0844877908915295e-09,0.0681,0.5463,0.0075,0.0463,0.3318
santander,6,weighted,ws_random_scalarization,66,66,39,0.0009265534873675415,0.23687791646237724,0.26132161914222146,0.008581941586641833,0.004236629097180251,2.2176978490789794,1.289607317529594,1.321802523076228,0.9756429534786283,0.5303030303030303,0.8974358974358975,0.10256410256410256,0.0,0.0,0.08229670989390506,1.6972746761729947,0.01472826684735645,0.00016306767935602245,0.019243876256743044,0.0,0.7157,0.0,0.0046,0.2797
santander,6,weighted,random_dirichlet_budget,66,66,9,1.001746697276585,6.619662705909805,0.387905972189378,0.34479707325843956,2.3608252011394812,2.0507897121957237,0.8073508803226072,1.321802523076228,0.6107953845054414,0.0,0.0,1.0,0.0,1.0,0.261946439988403,2.560050513097172,0.04239349981101782,0.1148241053445733,0.0440631288569934,0.2822,0.394,0.0348,0.0905,0.1985
santander,6,weighted,design_runs,66,66,7,0.0011512561478068783,7.879804052723658,0.10555741345287833,0.005527374707123948,0.3128552086535717,1.071068403815928,1.302618627628545,1.321802523076228,0.9854865646624457,0.06060606060606061,0.5714285714285714,0.42857142857142855,0.0,0.625,0.2683966079600681,1.7999999999999998,0.014038976575291488,0.00016695758942768794,2.0844877908915295e-09,0.3571,0.5238,0.0,0.0,0.119
santander,6,weighted,single_objective_refs,7,7,4,2.203095725982718e-08,2.655602193403578,0.12646274773601476,0.0072350570839604875,0.7621876996847621,0.9054289574994174,1.2946437821734684,1.321802523076228,0.9794532538494835,0.2857142857142857,0.5,0.5,0.0,0.91,0.2931128353784881,1.384692776623206,6.569048657446077e-08,1.7863022761743372e-09,2.0844877908915295e-09,0.25,0.546,0.0056,0.0285,0.1698
santander,6,support,nbi_A,66,66,8,0.04138816309880778,0.13028625060925877,0.06513361494483379,0.0626663830487382,0.6010803086549826,2.313980561158444,1.1252487669156788,1.3288448080558106,0.8467871944820956,0.0,0.0,1.0,0.0,0.855,0.14659688463499496,1.820388806196317,0.017003293026003095,0.07847443384988023,4.950853312537138e-11,0.1269,0.6321,0.0374,0.0669,0.1367
santander,6,support,nbi_B,66,66,11,0.0502667644351727,0.13299558457141952,0.018110052171427103,0.008605446639334184,0.3917665571411136,1.9512801768844108,1.309981879614138,1.3288448080558106,0.9858050177663181,0.030303030303030304,0.18181818181818182,0.8181818181818182,0.0,0.825,0.12544438499600152,1.8426263565116359,0.0,0.0,4.950853312537138e-11,0.1452,0.578,0.0034,0.0374,0.2359
santander,6,support,nbi_C,66,54,32,0.0006659521244140535,0.09935643752198947,0.013528584497143984,0.003867787089266679,0.38839032852506666,3.959164549528309,1.3039329437319622,1.3288448080558106,0.9812529919424555,0.46296296296296297,0.78125,0.21875,0.0,1.0,0.17203625463705308,2.164817545348132,0.0,0.0,4.950853312537138e-11,0.0313,0.5414,0.0084,0.0521,0.3669
santander,6,support,ws_random_scalarization,66,66,5,0.007811867463337928,0.014455313679187419,0.5616956927883697,0.009952745532751118,0.011407179240277811,0.9403822399036462,1.307415259878042,1.3288448080558106,0.9838735508858092,0.0,0.0,1.0,0.0,0.18,0.20231151459193109,1.839027707865541,0.014782321813624485,0.0001636087448118375,0.004387340554360722,0.0,0.6834,0.0,0.0356,0.281
santander,6,support,random_dirichlet_budget,66,66,5,0.259911146136152,0.708356656080517,0.3788391770935882,0.3688952765846842,0.6199780980680641,1.526305638696609,0.4467738652123471,1.3288448080558106,0.33621222170104825,0.0,0.0,1.0,0.0,0.96,0.18374177053400248,2.716884410387274,0.04254909036529134,0.11520509658172201,0.020978802597079647,0.2583,0.4491,0.0529,0.0668,0.1729
santander,6,support,design_runs,66,66,4,0.004978565594247591,0.8852840264479744,0.5488379669180236,0.008416954848163233,0.8512165655290803,1.674479293283041,1.3124465189722114,1.3288448080558106,0.9876597410140082,0.015151515151515152,0.25,0.75,0.0,0.965,0.3039407481655583,1.4,0.014090501742039218,0.00016751156176961508,4.950853312537138e-11,0.25,0.5417,0.0,0.0,0.2083
santander,6,support,single_objective_refs,7,7,4,0.0014980997943265675,0.12519230949108004,0.053414464746484584,0.011035896564873209,0.7695722244947107,0.9159394463700667,1.3077123120883754,1.3288448080558106,0.9840970925729442,0.14285714285714285,0.25,0.75,0.0,0.93,0.3244665756064925,1.384692776623206,6.593158059269894e-08,1.7922293026648022e-09,4.950853312537138e-11,0.25,0.546,0.0056,0.0285,0.1698
santander,7,weighted,nbi_A,66,66,14,0.5996025743876234,7.703949695554234,0.15606988927691123,0.139125309004156,0.9742312140539445,1.7189823191663782,1.046583529157847,1.304620316401593,0.8022131159543309,0.0,0.0,1.0,0.0,1.0,0.2103685589115673,2.0158836261424105,0.016364795546150484,0.07566065296551373,0.0,0.3599,0.294,0.0056,0.0538,0.2867
santander,7,weighted,nbi_B,66,66,26,0.012185158515519677,0.03147908220837052,0.030478867222774826,0.010621147878318485,0.12725621376225593,1.0966760565058453,1.2792296537316579,1.304620316401593,0.9805378911007857,0.045454545454545456,0.11538461538461539,0.8846153846153846,0.0,0.61,0.12239114597307175,1.8745604916983947,7.840731611610448e-08,0.0,0.0,0.2257,0.561,0.0008,0.0322,0.1803
santander,7,weighted,nbi_C,66,55,38,0.00432382230867629,0.01875290210532963,0.0381677823462876,0.00875616851248155,0.188452941670865,2.4112077563297745,1.29062644999209,1.304620316401593,0.9892736099280587,0.5272727272727272,0.7631578947368421,0.23684210526315788,0.0,0.995,0.08973657166205229,2.1237834617662443,7.840731611610448e-08,0.0,0.0,0.0737,0.5397,0.0015,0.0391,0.3459
santander,7,weighted,ws_random_scalarization,66,66,63,0.0009932557861559628,0.0019847355019232396,0.1793263285348513,0.007391540515485018,0.005645561587336528,2.0572778533573084,1.2746939479589954,1.304620316401593,0.977061242978999,0.8181818181818182,0.8571428571428571,0.14285714285714285,0.0,0.0,0.05509682559174541,1.6301862072014524,0.01465738481519938,6.20167084135e-07,0.027712785574601665,0.0,0.7701,0.0,0.0046,0.2254
santander,7,weighted,random_dirichlet_budget,66,66,5,8.888089560675258,26.987885081977677,0.6200219081353463,0.6022719320688426,2.447270553005323,0.9145157697787719,0.3970413821732386,1.304620316401593,0.30433481464427836,0.0,0.0,1.0,0.0,1.0,0.27380541657507657,2.3346481452666255,0.014580950752230617,0.1636984585484172,0.5806848669629748,0.1689,0.3057,0.0718,0.1423,0.3112
santander,7,weighted,design_runs,66,66,7,0.0014906626472102544,25.73152134122925,0.09496659279444501,0.009872270297365099,0.30912367190291473,1.0094546536254918,1.281777256713453,1.304620316401593,0.9824906454384018,0.045454545454545456,0.42857142857142855,0.5714285714285714,0.0,0.72,0.24487811739862964,1.7999999999999998,0.012957461982707396,0.00017955707845875195,0.0,0.3571,0.5238,0.0,0.0,0.119
santander,7,weighted,single_objective_refs,7,7,4,0.0,9.225704125391152,0.11442587513871183,0.01279279204199668,0.7394755388090859,0.8737392482458826,1.2648778416073725,1.304620316401593,0.9695371332987989,0.5714285714285714,1.0,0.0,0.0,0.9,0.30017079071790626,1.3841604010507098,0.0,1.295359652434169e-09,0.0,0.25,0.5456,0.0014,0.0285,0.1744
santander,7,support,nbi_A,66,66,10,0.07678441461654284,0.13364445736250913,0.06881656720628213,0.06653165267036013,0.4008501476083386,1.9332468997263437,1.1457227479213596,1.3287927292894026,0.8622283390533427,0.0,0.0,1.0,0.0,0.755,0.17396152960791356,1.992958972425596,0.016364801235366117,0.07566065296551373,0.0,0.1715,0.5372,0.0295,0.064,0.1979
santander,7,support,nbi_B,66,66,17,0.008173400964460337,0.139435797656505,0.017179872300412125,0.008436689848390992,0.4682519323510914,3.706590354084412,1.3096704058230455,1.3287927292894026,0.9856092503782865,0.030303030303030304,0.11764705882352941,0.8823529411764706,0.0,0.925,0.19050998733888982,1.9052274466583352,7.840734337438138e-08,0.0,0.0,0.0588,0.6187,0.0012,0.048,0.2733
santander,7,support,nbi_C,66,55,30,0.012389591709140677,0.0831807061371897,0.010329915688157883,0.0007973920576944703,0.13515707194716006,3.2646887940005245,1.3210335390587864,1.3287927292894026,0.9941607219398577,0.509090909090909,0.9333333333333333,0.06666666666666667,0.0,0.48,0.18069686957946515,2.142416886207008,7.840734337438138e-08,0.0,0.0,0.0613,0.5219,0.002,0.0491,0.3658
santander,7,support,ws_random_scalarization,66,66,10,0.004925530485605198,0.015519748182067371,0.46902507486527134,0.01041810019587832,0.019639243243737732,2.3303565634664016,1.311634868030513,1.3287927292894026,0.9870876315916741,0.0,0.0,1.0,0.0,0.365,0.1541993331799884,1.3831949145283144,0.01465738991083425,6.20167084135e-07,0.0002090694260109775,0.0,0.8349,0.0,0.0287,0.1364
santander,7,support,random_dirichlet_budget,66,66,4,0.21780475920614412,0.8523189443224445,0.637887065170234,0.6215485627291918,0.08387474241432716,1.0453659259581083,0.09734797291309334,1.3287927292894026,0.07326046475672096,0.0,0.0,1.0,0.0,0.375,0.36621489839823596,2.8761773664682764,0.014580955821293212,0.1636984585484172,1.0028411623024176,0.0482,0.3745,0.0895,0.1175,0.3703
santander,7,support,design_runs,66,66,4,0.0034634392196254767,0.8843435738339068,0.4387340711128032,0.008045074350107392,0.8417611040883679,1.6570572194325792,1.3137214668781594,1.3287927292894026,0.9886579282990938,0.015151515151515152,0.25,0.75,0.0,0.93,0.3128635429939922,1.4,0.01295746648736467,0.00017955707845875195,0.0,0.25,0.5417,0.0,0.0,0.2083
santander,7,support,single_objective_refs,7,7,4,0.0,0.12826003441622474,0.03911055637232928,0.012045784963530152,0.7578972264409275,0.9063533219770977,1.3062174215648086,1.3287927292894026,0.9830106628167159,0.5714285714285714,1.0,0.0,0.0,0.89,0.36634280048161927,1.3841604010507098,0.0,1.295359652434169e-09,0.0,0.25,0.5456,0.0014,0.0285,0.1744
santander,8,weighted,nbi_A,66,66,13,0.04993062007696787,0.4749325829663346,0.09105666354975217,0.05832081209339025,0.13121848507340247,0.6408831952917303,1.1870598889422,1.325890559761833,0.8952925112879823,0.0,0.0,1.0,0.0,0.325,0.20009761123838415,1.9829372634877052,0.017723851536760506,0.0760713158079759,1.0490345933466183e-09,0.372,0.2958,0.0063,0.0499,0.276
santander,8,weighted,nbi_B,66,66,16,0.010154250439557644,0.036112579212058606,0.043194313998932365,0.004897155081465683,0.23772628038620505,1.1850976047550825,1.3080436219999085,1.325890559761833,0.986539659981341,0.045454545454545456,0.1875,0.8125,0.0,0.765,0.18626171559237853,1.7859587450876067,2.590424061587707e-08,0.0,1.0490345933466183e-09,0.3792,0.4848,0.0048,0.0187,0.1125
santander,8,weighted,nbi_C,66,56,45,0.01077943267299144,0.017880229942250088,0.04302395285362069,0.0019985798690274627,0.17938303215943943,4.056638814536101,1.3221294539536852,1.325890559761833,0.9971633361588883,0.30357142857142855,0.37777777777777777,0.6222222222222222,0.0,0.99,0.08106422911765086,2.243658957565394,2.590424061587707e-08,0.0,1.0490345933466183e-09,0.1288,0.5286,0.0144,0.0323,0.2959
santander,8,weighted,ws_random_scalarization,66,66,41,0.0012687941352307406,0.07371428803034974,0.24983333335354335,0.006116933922165249,0.004625254742334166,2.7951105394769398,1.3017280660459838,1.325890559761833,0.9817764041398791,0.5303030303030303,0.8536585365853658,0.14634146341463414,0.0,0.0,0.08362218431497989,1.7168106371139,0.01579924398388532,2.179192962578233e-05,0.008326390333990078,0.0,0.7033,0.0,0.0061,0.2906
santander,8,weighted,random_dirichlet_budget,66,66,4,0.08688390220371689,2.969749269025008,0.2600409592029173,0.11656028262556085,0.14329878311687533,0.3628951176752007,1.065683744562692,1.325890559761833,0.8037494020276597,0.0,0.0,1.0,0.0,0.38,0.29729327238894326,2.6290785297563164,0.010177867796161191,0.05572130280808786,0.042901536421763774,0.0773,0.4628,0.0383,0.0522,0.3694
santander,8,weighted,design_runs,66,66,7,0.0011087812363210201,2.839851595783908,0.0901455922997808,0.003937870289852719,0.3146103248776148,1.092756597617083,1.309625450266384,1.325890559761833,0.9877326907747419,0.06060606060606061,0.5714285714285714,0.42857142857142855,0.0,0.58,0.28853076350913015,1.7999999999999998,0.013428539459824553,0.0002329496034033201,1.0490345933466183e-09,0.3571,0.5238,0.0,0.0,0.119
santander,8,weighted,single_objective_refs,7,7,4,2.1976453343273697e-07,0.7614952029222686,0.10990372827538922,0.0058467953255079775,0.7764891242355015,0.9115633561654246,1.301531513169628,1.325890559761833,0.9816281619830066,0.42857142857142855,0.75,0.25,0.0,0.905,0.3302587858976115,1.3818012130088881,0.0,3.819862893858258e-11,1.0490345933466183e-09,0.25,0.5402,0.0155,0.0279,0.1665
santander,8,support,nbi_A,66,66,8,0.08279107751201006,0.11595276425832779,0.07798802200576446,0.06711365428510874,0.44504188311477494,1.7313894953003568,1.132315937377914,1.3274544035763207,0.852997989480708,0.0,0.0,1.0,0.0,0.92,0.10890860896923464,1.8174967562302151,0.01779011360797332,0.07633229732101925,6.543403344310487e-11,0.1915,0.5479,0.0372,0.0502,0.1732
santander,8,support,nbi_B,66,66,8,0.08253565341773018,0.1325665644226623,0.02656100080951436,0.00990837797208027,0.3866970848538616,1.5027326505017733,1.3065048074538974,1.3274544035763207,0.9842182179169525,0.030303030303030304,0.25,0.75,0.0,0.895,0.1266022610423952,1.8257089217392792,2.6001085741940272e-08,0.0,6.543403344310487e-11,0.2174,0.4833,0.0097,0.0354,0.2543
santander,8,support,nbi_C,66,56,32,0.010065994912086196,0.11073587197352565,0.01227979990621617,0.0021600629666589347,0.26388366090399257,3.7868359036221975,1.3167818222837238,1.3274544035763207,0.9919601145893646,0.21428571428571427,0.375,0.625,0.0,0.68,0.11619423840911025,2.198991576492354,2.6001085741940272e-08,0.0,6.543403344310487e-11,0.0454,0.5299,0.0203,0.0454,0.3591
santander,8,support,ws_random_scalarization,66,66,7,0.008407898937489274,0.012628293394408067,0.42707990947572794,0.010565264892094818,0.010085034887722702,0.9248312774909806,1.3063685424688212,1.3274544035763207,0.9841155665680933,0.0,0.0,1.0,0.0,0.08,0.12266832538524948,1.8280560095083678,0.015858310752064772,2.1866692244326054e-05,0.004342998048068118,0.0,0.6809,0.0,0.0358,0.2833
santander,8,support,random_dirichlet_budget,66,66,3,0.01909403238417151,0.8176831915875926,0.6035720221858417,0.5943106116666043,0.019561581219214277,0.2790903768949936,0.11358580734709384,1.3274544035763207,0.08556663569089838,0.0,0.0,1.0,0.0,0.155,0.407393500447964,2.5561306091218072,0.010215918588863051,0.05591246855513909,0.9999999440075523,0.0298,0.5033,0.0506,0.0462,0.3701
santander,8,support,design_runs,66,66,4,0.0015204585143443244,0.8613754256185098,0.4198880174834276,0.008087346029178426,0.8507533288809161,1.6707260932060921,1.3130262448031071,1.3274544035763207,0.9891309571655776,0.030303030303030304,0.5,0.5,0.0,0.93,0.3296347172228283,1.4,0.013478743154891929,0.0002337487947846354,6.543403344310487e-11,0.25,0.5417,0.0,0.0,0.2083
santander,8,support,single_objective_refs,7,7,4,0.0015204585143047903,0.1105474036671523,0.05633522053455654,0.012123993172992115,0.7780233628306665,0.9120908872952085,1.3065167216039362,1.3274544035763207,0.9842271931028471,0.2857142857142857,0.5,0.5,0.0,0.95,0.29652233327238764,1.3818012130088881,0.0,3.832967880765199e-11,6.543403344310487e-11,0.25,0.5402,0.0155,0.0279,0.1665
santander,9,weighted,nbi_A,66,54,9,0.013097043566781206,0.19791724706737815,0.11921293342357407,0.013466774093310797,0.49894591551096645,2.065882267644581,1.2893960201757815,1.324939636881639,0.9731734067602411,0.018518518518518517,0.1111111111111111,0.8888888888888888,0.0,0.94,0.26034591299623605,1.5899545960011638,0.018907412654996913,0.006421949554719712,0.0,0.1868,0.6735,0.0015,0.0,0.1383
santander,9,weighted,nbi_B,66,59,11,0.006610205380381873,0.07457120268574541,0.05998517422361767,0.00511486239881815,0.3558882201054185,1.3169009288400992,1.30396710894752,1.324939636881639,0.9841709559059764,0.05084745762711865,0.2727272727272727,0.7272727272727273,0.0,0.865,0.22878899303626368,1.8259987910594508,1.0298736996266096e-07,0.0,0.0,0.3276,0.5262,0.0046,0.0098,0.1318
santander,9,weighted,nbi_C,66,56,51,0.006907335018162744,0.01445392132194129,0.04812722745253048,0.0030432433653034665,0.16832393635996565,4.274649996401224,1.320044359673063,1.324939636881639,0.996305282842849,0.35714285714285715,0.39215686274509803,0.6078431372549019,0.0,1.0,0.0610560341917571,2.1760840619136967,1.0298736996266096e-07,0.0,0.0,0.1152,0.5381,0.0112,0.0311,0.3044
santander,9,weighted,ws_random_scalarization,66,66,36,1.8538411546605477e-14,0.003161836701576388,0.24685000885823505,0.00741015498081148,0.004736767231980821,1.4627492961435034,1.2898751062346483,1.324939636881639,0.9735349976173117,0.5,0.9166666666666666,0.08333333333333333,0.0,0.0,0.09166881379868058,1.4062284556812263,0.02685022345942153,0.0009834058082316395,0.005880865148436673,0.0,0.8408,0.0,0.0,0.1592
santander,9,weighted,random_dirichlet_budget,66,66,5,1.2372302620726465,4.28335092026706,0.3861809081144972,0.25403183964657455,0.45624701302039056,0.4456649189201329,0.831794796974724,1.324939636881639,0.6277982587436403,0.0,0.0,1.0,0.0,0.7,0.3253320607083786,2.678797396435494,0.03402458112848238,0.09276431287345559,0.27318653572664897,0.0943,0.379,0.0898,0.1466,0.2903
santander,9,weighted,design_runs,66,66,7,0.0009706289745913071,3.779642161397401,0.10384902973970907,0.004109480939274327,0.3142112487710027,1.0879483016991067,1.3078524981351556,1.324939636881639,0.9871034587004284,0.06060606060606061,0.5714285714285714,0.42857142857142855,0.0,0.61,0.28074771587149294,1.7999999999999998,0.01334877234163086,0.000399433951350736,0.0,0.3571,0.5238,0.0,0.0,0.119
santander,9,weighted,single_objective_refs,7,7,4,6.4578503619382016e-09,0.6315287868226777,0.12701658280132988,0.0059084300866345555,0.7728700005211419,0.9141855185775789,1.2993252248090976,1.324939636881639,0.980667487514505,0.42857142857142855,0.75,0.25,0.0,0.945,0.3073677416310655,1.3759909957607683,0.0,2.0884276905704356e-09,0.0,0.25,0.5442,0.0117,0.0271,0.167
santander,9,support,nbi_A,66,54,8,0.02321988825505425,0.12811183217767066,0.06891983935063253,0.04239999738992202,0.6142839304635314,2.365255816205334,1.2044858518280739,1.3282927766280002,0.9067924429174251,0.0,0.0,1.0,0.0,0.815,0.1720073830379304,1.575181917278869,0.018907412654996913,0.006421949999076336,0.0,0.1343,0.6806,0.0112,0.0,0.174
santander,9,support,nbi_B,66,59,4,0.001472184765571822,0.14431827911983167,0.036920921457124216,0.010928028371105023,0.8476783652684855,1.0066365559228065,1.3025636607566367,1.3282927766280002,0.9806299361676276,0.03389830508474576,0.5,0.5,0.0,0.87,0.33018010155639793,1.7889903912904936,1.0298736996266096e-07,0.0,0.0,0.2508,0.4597,0.0127,0.0271,0.2496
santander,9,support,nbi_C,66,56,37,0.0023357278691534464,0.11384487511655551,0.013604093614416838,0.003432565978809872,0.3225869432592675,5.4856814998993295,1.3114273392267985,1.3282927766280002,0.987302921691695,0.375,0.5675675675675675,0.43243243243243246,0.0,1.0,0.1638350476736538,2.152338150260468,1.0298736996266096e-07,0.0,0.0,0.0296,0.5398,0.0155,0.0429,0.3723
santander,9,support,ws_random_scalarization,66,66,32,0.001126545181843843,0.018054160516288196,0.503232044000053,0.018799629708959282,0.03554276719235595,5.65685424949238,1.296166419656182,1.3282927766280002,0.9758137983303846,0.0,0.0,1.0,0.0,0.425,0.1947727926706397,1.0000000000000522,0.02685022345942153,0.0009834058762768464,0.0002806645635185804,0.0,0.9913,0.0,0.0,0.0087
santander,9,support,random_dirichlet_budget,66,66,4,0.24053335857429173,0.9388964462550409,0.6188100429202709,0.6030953203608306,0.1432477011578725,0.7505133979314403,0.10163482805845972,1.3282927766280002,0.07651538113191399,0.0,0.0,1.0,0.0,0.435,0.35343357989607277,2.362677177570439,0.03402458112848238,0.09276431929213523,1.0028219197273025,0.088,0.4115,0.1011,0.0911,0.3083
santander,9,support,design_runs,66,66,4,0.003926401895937725,0.8636631569186063,0.4549608012935106,0.00797608885981369,0.8483638859561461,1.6718208022409045,1.3129748217317632,1.3282927766280002,0.9884679378178032,0.0,0.0,1.0,0.0,0.885,0.3420394414269442,1.4,0.01334877234163086,0.0003994339789889354,0.0,0.25,0.5417,0.0,0.0,0.2083
santander,9,support,single_objective_refs,7,7,5,0.00038646199322779943,0.09510507950602173,0.05621761587094507,0.011711499589068338,0.8053706552147176,1.2699835766302812,1.3065155528415775,1.3282927766280002,0.983605102602676,0.2857142857142857,0.4,0.6,0.0,0.855,0.28609862060786556,1.0000000000000013,0.0,2.0884278350758806e-09,0.0,0.2,0.6353,0.0094,0.0217,0.1336
santander,10,weighted,nbi_A,66,66,15,0.6206621198346972,8.157233481892144,0.17703587862273143,0.16727963790395053,1.0078647744675573,1.7297859250463692,1.0138703093131762,1.2966857003256258,0.7818936455137675,0.0,0.0,1.0,0.0,1.0,0.17434202188100717,1.9909429279242075,0.015347682620701965,0.07504911092327571,1.3597385639412732e-08,0.3411,0.3252,0.0051,0.0591,0.2694
santander,10,weighted,nbi_B,66,60,14,0.009698466629351176,0.04726323062189327,0.05192889556135097,0.013478695934356591,0.14596292446383619,0.9410420055099422,1.2697009842827833,1.2966857003256258,0.9791894704815006,0.03333333333333333,0.14285714285714285,0.8571428571428571,0.0,0.435,0.1821362580982816,1.7795040700200848,5.313880361991201e-08,0.0,1.3597385639412732e-08,0.2302,0.5599,0.0003,0.0321,0.1775
santander,10,weighted,nbi_C,66,54,32,0.004858409461579754,0.02182719685549905,0.03768825636433924,0.010082556417616592,0.19481357257191753,2.23528804080024,1.2821852627036872,1.2966857003256258,0.9888173073719427,0.42592592592592593,0.71875,0.28125,0.0,0.975,0.09960096203149663,2.1797794976690446,5.313880361991201e-08,0.0,1.3597385639412732e-08,0.0998,0.5478,0.0005,0.0488,0.3032
santander,10,weighted,ws_random_scalarization,66,66,63,0.0008970848291634348,0.29102239119350704,0.156131848238826,0.007938873430726053,0.01244029337377562,2.4923715591851066,1.2638662857546388,1.2966857003256258,0.9746897690298078,0.7878787878787878,0.8253968253968254,0.1746031746031746,0.0,0.0,0.056250768673183425,1.581410640175079,0.014617130324153788,0.00019069330099180347,0.03594752186328678,0.0002,0.7921,0.0,0.0039,0.2039
santander,10,weighted,random_dirichlet_budget,66,66,5,3.7908449204739916,26.31138109811515,0.5793816262217449,0.5544392833978286,1.4817150960453842,1.0564461068342024,0.47476112185443586,1.2966857003256258,0.36613430820993326,0.0,0.0,1.0,0.0,1.0,0.25351708696100006,2.5805265126873307,0.021124109891574195,0.12130962105346081,0.5852502730036221,0.1696,0.4268,0.0303,0.0884,0.2849
santander,10,weighted,design_runs,66,66,7,0.0024861012059971288,27.344291786714333,0.085003848057315,0.013333293920860929,0.31046092500177136,1.0021411818432593,1.2671399334585811,1.2966857003256258,0.9772143960100547,0.06060606060606061,0.5714285714285714,0.42857142857142855,0.0,0.69,0.25426442951842665,1.7999999999999998,0.01797280603063455,0.00037479538142370125,1.3597385639412732e-08,0.3571,0.5238,0.0,0.0,0.119
santander,10,weighted,single_objective_refs,7,7,4,6.015157372013698e-08,9.789563850145218,0.12178312859249646,0.015953108475648303,0.7328786124767828,0.9465479980545798,1.258354567051245,1.2966857003256258,0.970439148619627,0.2857142857142857,0.5,0.5,0.0,0.925,0.28476858837815777,1.3769654446417385,0.0,6.143645006174002e-10,1.3597385639412732e-08,0.25,0.551,0.0005,0.0334,0.1652
santander,10,support,nbi_A,66,66,8,0.10582654438827135,0.1306745259675391,0.07426663155865967,0.07048032547509459,0.4413232489581302,2.052617494965315,1.1437169793433106,1.3279131695621262,0.8612889800019428,0.0,0.0,1.0,0.0,0.87,0.19969174835459708,1.9757866255477499,0.015389556545503278,0.07523463026480177,9.60388761714918e-11,0.2544,0.4273,0.0094,0.0636,0.2453
santander,10,support,nbi_B,66,60,9,0.0060253189191816214,0.13464539487429833,0.023573832594998765,0.00773812824381795,0.6941735546624886,2.0014023227845184,1.3087196989342733,1.3279131695621262,0.9855461403141428,0.03333333333333333,0.2222222222222222,0.7777777777777778,0.0,1.0,0.19912953623446483,1.8473726299176507,5.3283785134177275e-08,0.0,9.60388761714918e-11,0.1111,0.5869,0.0004,0.0487,0.2529
santander,10,support,nbi_C,66,54,24,0.026094944851782265,0.0840131769463713,0.010328929548040496,0.001381460875131756,0.2532855048151178,3.0159099338769924,1.3231291484388454,1.3279131695621262,0.9963973388976493,0.3888888888888889,0.875,0.125,0.0,0.58,0.17026658192455763,2.1969587557010204,5.3283785134177275e-08,0.0,9.60388761714918e-11,0.0706,0.5278,0.0007,0.0631,0.3378
santander,10,support,ws_random_scalarization,66,66,12,0.004547081161708,0.016960804103086684,0.2534037102429242,0.009090250626448231,0.009478033268291787,1.2106925251024168,1.3112433496757507,1.3279131695621262,0.9874466039885181,0.0,0.0,1.0,0.0,0.06,0.17904108122195267,1.7322048181708216,0.014657011043030462,0.000191164689595855,0.00025664439336914324,0.0,0.817,0.0,0.0203,0.1627
santander,10,support,random_dirichlet_budget,66,66,3,0.10706079688608855,0.7304120208959758,0.24868184758693251,0.22731328700375852,0.6036363837100976,1.3595468468051333,0.9290891105679933,1.3279131695621262,0.6996610409958932,0.0,0.0,1.0,0.0,0.865,0.36596743855042624,2.5805265126873307,0.021181743959918904,0.12160949510582131,0.028574929649183196,0.0407,0.574,0.0487,0.1011,0.2355
santander,10,support,design_runs,66,66,4,0.0009204685786240335,0.8934390376411699,0.2455240058742655,0.009553337467810731,0.8524801807454325,1.6834439766192286,1.3073639825184478,1.3279131695621262,0.9845252027657392,0.030303030303030304,0.5,0.5,0.0,0.94,0.28290571272909015,1.4,0.018021842223706477,0.00037572186531556,9.60388761714918e-11,0.25,0.5417,0.0,0.0,0.2083
santander,10,support,single_objective_refs,7,7,4,0.000920471912270783,0.12831567212903283,0.03886677021661412,0.011374886609129213,0.7722750986184123,0.9203474699016313,1.304957324659129,1.3279131695621262,0.9827128419017286,0.2857142857142857,0.5,0.5,0.0,0.925,0.3057802701581383,1.3769654446417385,0.0,6.158831927938878e-10,9.60388761714918e-11,0.25,0.551,0.0005,0.0334,0.1652
santander,11,weighted,nbi_A,66,66,13,1.1453449544096161,13.245977805998193,0.18829844484478037,0.18115686112677093,1.7078324275159058,1.8871027697094997,0.9818556616514151,1.281194136996664,0.7663597836570273,0.0,0.0,1.0,0.0,1.0,0.18567866638473482,2.034088273759013,0.014725404391126528,0.07591681368098636,1.578213625189531e-08,0.3856,0.28,0.0059,0.0472,0.2813
santander,11,weighted,nbi_B,66,66,19,0.011515181971050543,0.05249921165899768,0.03317979630223937,0.016040935890023037,0.1280858781817178,0.9682393606070832,1.259709984613294,1.281194136996664,0.9832311499381877,0.06060606060606061,0.21052631578947367,0.7894736842105263,0.0,0.485,0.13779161045273594,1.8078269960157198,2.6550463597934416e-08,7.177660763839184e-10,1.575227596638129e-08,0.2537,0.5645,0.0,0.0233,0.1585
santander,11,weighted,nbi_C,66,55,23,0.008233002905212868,0.03269136930245633,0.038321439466883614,0.012463984835281612,0.1989037609659906,1.8844670161292232,1.2666693102006499,1.281194136996664,0.9886630555225122,0.18181818181818182,0.43478260869565216,0.5652173913043478,0.0,0.885,0.1186804475422825,2.079619505978024,2.6550463597934416e-08,7.177660763839184e-10,1.575227596638129e-08,0.1924,0.544,0.0,0.0222,0.2413
santander,11,weighted,ws_random_scalarization,66,66,63,0.0005104675769433632,0.056428339696296154,0.0563977104117509,0.005369066457407799,0.18007638943894275,5.01813879087088,1.2566374214824627,1.281194136996664,0.9808329473222799,0.6818181818181818,0.7142857142857143,0.2857142857142857,0.0,1.0,0.06019239930722424,1.3664038912233245,0.013412404355327189,1.3062508375681403e-06,1.575227596638129e-08,0.0271,0.8292,0.0,0.002,0.1417
santander,11,weighted,random_dirichlet_budget,66,66,9,14.149324891700044,44.184423856628605,1.4380718065208546,1.4101643670133597,0.8676795271252545,0.5553194281722814,0.0,1.281194136996664,0.0,0.0,0.0,1.0,0.0,1.0,0.2230567410170837,3.1923879897282257,0.02377666955610996,0.19963282620951325,1.4018273153076442,0.1609,0.3061,0.0673,0.1609,0.3048
santander,11,weighted,design_runs,66,66,7,0.002641172211208187,43.278896223146376,0.061122551375971806,0.015265606560709803,0.3070066269535755,0.9697761384674622,1.2525496823354678,1.281194136996664,0.977642377658437,0.06060606060606061,0.5714285714285714,0.42857142857142855,0.0,0.7,0.24103527767189817,1.7999999999999998,0.011438417273421663,0.0002735700166105353,1.575227596638129e-08,0.3571,0.5238,0.0,0.0,0.119
santander,11,weighted,single_objective_refs,7,7,4,0.0,15.663137024458731,0.11848586449058188,0.020990363363556926,0.7515983534250592,1.0714632857031883,1.237386792860867,1.281194136996664,0.965807411327616,0.5714285714285714,1.0,0.0,0.0,0.91,0.2864548415522632,1.3805034184027714,0.0,0.0,1.575227596638129e-08,0.25,0.5524,0.0,0.0252,0.1724
santander,11,support,nbi_A,66,66,10,0.1568132968050844,0.1798870983877515,0.07982947530467277,0.07526354733630516,0.3171009076769593,1.525313974934685,1.1594058953614033,1.3291780791372543,0.8722728079550882,0.0,0.0,1.0,0.0,0.685,0.29122078925455996,2.009197331538998,0.014749250200070285,0.07602563362613993,7.116042330556146e-11,0.2748,0.4053,0.0291,0.0359,0.2549
santander,11,support,nbi_B,66,66,11,0.042183065909994516,0.18019330927713723,0.09564651078792413,0.007279639398272955,0.21685446193490998,1.9152777505769545,1.3240251927089421,1.3291780791372543,0.9961232535284837,0.0,0.0,1.0,0.0,0.355,0.2867329118677526,1.8078269960157198,2.6593458497463696e-08,7.187949296942457e-10,7.116042330556146e-11,0.1667,0.5581,0.0,0.0381,0.2371
santander,11,support,nbi_C,66,55,13,0.0317273493334623,0.09952567662006574,0.09039600172721363,0.0009677631980171827,0.21552790118548545,2.145945739031547,1.3253350696398827,1.3291780791372543,0.9971087324131421,0.16363636363636364,0.6923076923076923,0.3076923076923077,0.0,0.28,0.30171937511326336,2.0875282034743656,2.6593458497463696e-08,7.187949296942457e-10,7.116042330556146e-11,0.14,0.4936,0.0,0.0393,0.327
santander,11,support,ws_random_scalarization,66,66,20,0.001173905238437864,0.02139892288938664,0.0919232387268747,0.008001559161438212,0.39479588744020155,4.140327473352935,1.3132517278716234,1.3291780791372543,0.9880178950318166,0.0,0.0,1.0,0.0,0.73,0.2704748788524282,1.0,0.013434123937570123,1.3081232310157668e-06,7.116042330556146e-11,0.05,0.9012,0.0,0.0064,0.0424
santander,11,support,random_dirichlet_budget,66,66,4,0.5108071626747567,0.9214729547125946,0.9391562752632052,0.9376201792443515,0.5143615005353951,1.2511676186340976,0.09567911551020702,1.3291780791372543,0.07198366946610392,0.0,0.0,1.0,0.0,0.89,0.2318274941867979,2.9632392823783285,0.02381517266981022,0.1999189819653417,0.9879595350390541,0.1794,0.3004,0.1503,0.1078,0.262
santander,11,support,design_runs,66,66,4,0.004712772297595177,0.9244646185884325,0.10096826488982798,0.0060139694764471,0.8452095197540734,1.6627852783077641,1.3154283354828629,1.3291780791372543,0.9896554540958754,0.015151515151515152,0.25,0.75,0.0,0.915,0.23299193887673425,1.4,0.011456940249475573,0.000273962154699053,7.116042330556146e-11,0.25,0.5417,0.0,0.0,0.2083
santander,11,support,single_objective_refs,7,7,4,0.000540533292631636,0.15593785137034866,0.0963271626485671,0.00826752962623835,0.8133005506252725,1.4756013824536098,1.3273976247256083,1.3291780791372543,0.9986604846712477,0.42857142857142855,0.75,0.25,0.0,0.92,0.2421724893750043,1.3805034184027714,0.0,0.0,7.116042330556146e-11,0.25,0.5524,0.0,0.0252,0.1724
santander,12,weighted,nbi_A,66,66,12,1.9731258350106213,19.38876704684243,0.22396495523825943,0.21226751281618841,2.566081325992443,1.7441906206313644,0.9198012037943438,1.260318883336321,0.7298162520261876,0.0,0.0,1.0,0.0,1.0,0.2071223271187855,2.008613779067678,0.015642145396188738,0.07525455992897592,3.157431065219786e-08,0.4042,0.2495,0.0066,0.0352,0.3046
santander,12,weighted,nbi_B,66,66,18,0.01842905726717646,0.0665745363681987,0.039527849270741953,0.02249698459893472,0.07860091384778249,0.5086151743180293,1.225520003600523,1.260318883336321,0.9723888293701684,0.045454545454545456,0.16666666666666666,0.8333333333333334,0.0,0.115,0.15129922558253006,1.8837331861592606,7.935717266636919e-08,7.699981960242587e-10,3.157431065219786e-08,0.3378,0.5011,0.0,0.0234,0.1378
santander,12,weighted,nbi_C,66,56,22,0.009791553919649759,0.04203992870555825,0.04109166229299397,0.018100544261525985,0.19836808763150082,1.6926897458918184,1.2329174265455607,1.260318883336321,0.9782583145003564,0.16071428571428573,0.4090909090909091,0.5909090909090909,0.0,0.865,0.13259456281528842,2.091529869205835,7.935717266636919e-08,7.699981960242587e-10,3.157431065219786e-08,0.2085,0.5227,0.0,0.0257,0.2431
santander,12,weighted,ws_random_scalarization,66,66,63,0.00091606098080002,0.26666513620881416,0.08407816639481155,0.010395974878905478,0.22180898373020794,6.154760937319769,1.2176691726174207,1.260318883336321,0.9661595876386475,0.7424242424242424,0.7777777777777778,0.2222222222222222,0.0,1.0,0.04920643899385,1.4001952305805532,0.014559409345570498,2.648990752304791e-06,3.157431065219786e-08,0.0202,0.8144,0.0,0.0041,0.1613
santander,12,weighted,random_dirichlet_budget,66,66,6,4.323189946238416,61.81114408450524,1.1769491292037226,1.1663334202065059,0.9742933635422131,0.8826226256767252,0.0,1.260318883336321,0.0,0.0,0.0,1.0,0.0,1.0,0.2644953315496526,2.1080500586699857,0.016350434623102345,0.15677959395471475,1.1860518981972037,0.1699,0.3289,0.015,0.1034,0.3827
santander,12,weighted,design_runs,66,66,7,0.0022851314301788827,61.782794268210765,0.08123368934451354,0.021056231627631768,0.3065521674826104,0.9420894667426748,1.2250630073093314,1.260318883336321,0.9720262256694432,0.06060606060606061,0.5714285714285714,0.42857142857142855,0.0,0.755,0.2361644383683258,1.7999999999999998,0.01335963469006716,0.00042391287671287924,3.157431065219786e-08,0.3571,0.5238,0.0,0.0,0.119
santander,12,weighted,single_objective_refs,7,7,4,1.961842231367969e-07,22.63466036373429,0.11864964353635403,0.027865693937492983,0.734138664826204,0.9563358886757578,1.1976135251145263,1.260318883336321,0.9502464344136455,0.42857142857142855,0.75,0.25,0.0,0.92,0.3110901002530243,1.3755310864816734,0.0,0.0,3.157431065219786e-08,0.2503,0.5496,0.0,0.0288,0.1713
santander,12,support,nbi_A,66,66,7,0.10554340084432198,0.15876362928207519,0.06832558923411125,0.06039775441244857,0.48541470123093794,1.6613817438778467,1.1829264981274612,1.328893544138281,0.8901589622022945,0.0,0.0,1.0,0.0,0.895,0.22585820548757496,2.009244806885707,0.015703276035127826,0.07552261581736874,9.994093658403289e-11,0.2839,0.3744,0.0113,0.0498,0.2806
santander,12,support,nbi_B,66,66,7,0.010498258965153152,0.1815116638018629,0.12206107950207563,0.00989149337699319,0.7088706172471141,2.3821791871090783,1.3225773037568596,1.328893544138281,0.9952469929519319,0.0,0.0,1.0,0.0,0.935,0.2465579440097313,1.9670708605764133,7.966730625397006e-08,7.727409208596834e-10,9.994093658403289e-11,0.1549,0.5489,0.0,0.0569,0.2393
santander,12,support,nbi_C,66,56,13,0.03815424692184038,0.11367049778421275,0.1153365388631371,0.0010547321182639321,0.3561418167903382,2.2377932367117066,1.3253981492665612,1.328893544138281,0.9973696953475785,0.16071428571428573,0.6923076923076923,0.3076923076923077,0.0,0.685,0.2561799014050276,2.118777232690712,7.966730625397006e-08,7.727409208596834e-10,9.994093658403289e-11,0.1239,0.4958,0.0,0.0435,0.3368
santander,12,support,ws_random_scalarization,66,66,17,0.0027928339358848386,0.02238602675209844,0.11569641775878022,0.008195130336129066,0.4297111978983244,3.9751233845569445,1.3117217514492967,1.328893544138281,0.9870781276914703,0.030303030303030304,0.11764705882352941,0.8823529411764706,0.0,0.84,0.2167368246564729,1.0,0.014616308573478667,2.658426427300746e-06,9.994093658403289e-11,0.0588,0.8259,0.0,0.0153,0.1
santander,12,support,random_dirichlet_budget,66,66,2,0.13668346546192933,0.8406792711853598,0.9153035644174938,0.9024373746716029,,,0.1020412564695199,1.328893544138281,0.07678662968875238,0.0,0.0,1.0,0.0,,,2.551923253470962,0.016414333307721757,0.1573380410890686,0.9999999504829001,0.0394,0.4814,0.024,0.1347,0.3205
santander,12,support,design_runs,66,66,4,0.0050123463945388365,0.9212298727780115,0.12762811397426987,0.006703004520696396,0.8465365916255839,1.659737833514024,1.3128452289631554,1.328893544138281,0.9879235509526596,0.015151515151515152,0.25,0.75,0.0,0.925,0.22975683439704894,1.4,0.013411845111586168,0.0004254228495686859,9.994093658403289e-11,0.25,0.5417,0.0,0.0,0.2083
santander,12,support,single_objective_refs,7,7,4,0.0013221136241349121,0.14862428183277038,0.1219463927159158,0.010067334144910007,0.8006896366892746,1.394414666348403,1.3262573863578033,1.328893544138281,0.9980162761779484,0.42857142857142855,0.75,0.25,0.0,0.87,0.27800516740027026,1.3755310864816734,0.0,0.0,9.994093658403289e-11,0.2503,0.5496,0.0,0.0288,0.1713
santander,13,weighted,nbi_A,66,66,13,0.29617764242798245,4.002941969795618,0.12703689941619764,0.09439711560705899,0.549260660733153,1.3455613984851953,1.1025034816031134,1.3129564604713027,0.8397106185892528,0.0,0.0,1.0,0.0,1.0,0.19709845478800475,2.011461414804746,0.01464625221434323,0.07386584468786217,0.0,0.3785,0.329,0.0058,0.0518,0.2349
santander,13,weighted,nbi_B,66,66,25,0.01089565689067931,0.026192483294632016,0.03006373365317915,0.006875352604094265,0.1496217847428264,1.2254401797513057,1.2926332382488057,1.3129564604713027,0.9845210234807013,0.06060606060606061,0.16,0.84,0.0,0.675,0.12995213287043433,1.8950961322968054,2.500103162338011e-07,1.348369558163342e-09,0.0,0.2352,0.5554,0.0015,0.0344,0.1735
santander,13,weighted,nbi_C,66,55,37,0.002917985602353111,0.015415080734965555,0.03736971273721967,0.005662540112592834,0.19534694125379962,2.663622234444711,1.3020144549992216,1.3129564604713027,0.991666132273607,0.4727272727272727,0.7027027027027027,0.2972972972972973,0.0,0.995,0.08908855447157038,2.1483247510109686,2.500103162338011e-07,1.348369558163342e-09,0.0,0.0671,0.5417,0.0036,0.0494,0.3382
santander,13,weighted,ws_random_scalarization,66,66,57,0.0012022989357471194,0.10705256651565646,0.1904324788201483,0.00546573257965219,0.011936716635330857,2.2264991893279955,1.2888710412419213,1.3129564604713027,0.9816555842067028,0.7575757575757576,0.8771929824561403,0.12280701754385964,0.0,0.0,0.05939152095985914,1.7044535744754818,0.014604754934831602,2.8169009857133543e-05,0.017072027690737145,0.0012,0.7319,0.0,0.0055,0.2614
santander,13,weighted,random_dirichlet_budget,66,66,9,2.9804733243386687,13.689602112574985,0.4026441716793768,0.29948410472431697,1.0923128345606448,0.8076836100600735,0.6791805597934083,1.3129564604713027,0.5172909995428239,0.0,0.0,1.0,0.0,1.0,0.25137763778586125,3.1546670729882758,0.03212073189200057,0.18913443314974585,0.185013917391008,0.1566,0.3222,0.0502,0.1329,0.338
santander,13,weighted,design_runs,66,66,7,0.001009069277422403,14.262338903193097,0.0975850607634216,0.006969110972995835,0.3089494482586027,1.0368215875331872,1.2903580079375465,1.3129564604713027,0.9827881173411919,0.045454545454545456,0.42857142857142855,0.5714285714285714,0.0,0.73,0.23784931105856086,1.7999999999999998,0.01543546827024781,4.702028681398028e-05,0.0,0.3571,0.5238,0.0,0.0,0.119
santander,13,weighted,single_objective_refs,7,7,4,1.2109461083186788e-07,4.9740999783231725,0.11715429876160409,0.009297522228367279,0.7447043597786619,0.877842942294995,1.2783570141273681,1.3129564604713027,0.9736476818648544,0.42857142857142855,0.75,0.25,0.0,0.9,0.32016413906369523,1.3919933168371426,1.7193453257712773e-07,0.0,0.0,0.2503,0.5436,0.0029,0.0315,0.1717
santander,13,support,nbi_A,66,66,9,0.07548083861150927,0.1259401194198858,0.0687820373034721,0.06522011801892304,0.4202002309344811,1.8390770572228674,1.1184871299015002,1.3279212227344381,0.8422842490598396,0.0,0.0,1.0,0.0,0.745,0.19283201715007445,2.011461414804746,0.01464625221434323,0.07386585589211209,0.0,0.1733,0.5569,0.0323,0.0571,0.1804
santander,13,support,nbi_B,66,66,17,0.034145462058181225,0.13527582275604036,0.01282019998921917,0.007146452316505731,0.32115121431450117,2.49458455691029,1.3106803027158977,1.3279212227344381,0.987016609326389,0.030303030303030304,0.11764705882352941,0.8823529411764706,0.0,0.68,0.16404111897428653,1.9302462764444905,2.500103162338011e-07,1.3483697626891221e-09,0.0,0.0935,0.5998,0.0021,0.0497,0.2548
santander,13,support,nbi_C,66,55,33,0.005967824915254539,0.08705844144385162,0.006977534336416127,0.0015562672919122084,0.060083283853217616,2.8252935231524625,1.317534157470087,1.3279212227344381,0.992177950704815,0.4727272727272727,0.7878787878787878,0.21212121212121213,0.0,0.48,0.17545802452696904,2.1688215279085257,2.500103162338011e-07,1.3483697626891221e-09,0.0,0.0585,0.5206,0.004,0.0554,0.3615
santander,13,support,ws_random_scalarization,66,66,9,0.009053168519125417,0.0163918196382001,0.5447564180529199,0.00885079341165159,0.0647389390506456,1.9764726369348105,1.3089537120392616,1.3279212227344381,0.985716388615193,0.0,0.0,1.0,0.0,0.71,0.14988409235851877,1.857226939252418,0.014604754934831602,2.81690141299152e-05,0.0030264690927939986,0.0079,0.6999,0.0,0.0347,0.2574
santander,13,support,random_dirichlet_budget,66,66,4,0.14560046905194504,0.7610033680179344,0.24902860570128388,0.21662162974482507,0.53117869126133,1.5466164332840997,0.8229435059347984,1.3279212227344381,0.6197231370699866,0.0,0.0,1.0,0.0,0.84,0.33499138334123946,3.062854454846234,0.03212073189200057,0.18913446183837,0.022224207706238546,0.1055,0.3375,0.0833,0.0652,0.4085
santander,13,support,design_runs,66,66,4,0.0002631970738429034,0.8757142345875097,0.5187211107325659,0.008496508634079981,0.8397129101918953,1.6574313326768975,1.3108347874036606,1.3279212227344381,0.9871329450585982,0.030303030303030304,0.5,0.5,0.0,0.885,0.3636224339702086,1.4,0.01543546827024781,4.7020293946194724e-05,0.0,0.25,0.5417,0.0,0.0,0.2083
santander,13,support,single_objective_refs,7,7,4,0.00026319707374842746,0.12215458512290962,0.049288707812183384,0.010859986433198158,0.7563299055703195,0.8980871918605302,1.305254279497218,1.3279212227344381,0.9829305060803647,0.42857142857142855,0.75,0.25,0.0,0.87,0.3125676144917143,1.3919933168371426,1.7193453257712773e-07,0.0,0.0,0.2503,0.5436,0.0029,0.0315,0.1717
santander,14,weighted,nbi_A,66,66,13,1.9510973968726413,20.685916928051952,0.24488551156959634,0.2280926640119677,2.6824688420746,1.9270427885285701,0.828555423837219,1.2487160337006231,0.6635258949801099,0.015151515151515152,0.07692307692307693,0.9230769230769231,0.0,1.0,0.1827810702993866,1.9806080832083381,0.016454194397056542,0.07330086640733223,0.0,0.3739,0.3322,0.0059,0.0513,0.2367
santander,14,weighted,nbi_B,66,66,20,0.015686604823725952,0.08147491812245569,0.03743759314860741,0.02186273313779365,0.09896846380713478,0.6315935597412233,1.207225310093318,1.2487160337006231,0.9667732915350292,0.030303030303030304,0.1,0.9,0.0,0.31,0.13112855216976538,1.8107128435158644,7.906368666504364e-08,1.8715894026427246e-07,0.0,0.2784,0.5556,0.0001,0.0283,0.1376
santander,14,weighted,nbi_C,66,56,25,0.008582576070732395,0.04458234615276337,0.052115799324339684,0.021418846408089963,0.2316059611623868,1.8755568441988737,1.2152903854757287,1.2487160337006231,0.9732319860378215,0.2857142857142857,0.64,0.36,0.0,0.985,0.10600009536722872,2.197909878827604,7.906368666504364e-08,1.8715894026427246e-07,0.0,0.1174,0.5386,0.0001,0.0432,0.3006
santander,14,weighted,ws_random_scalarization,66,66,61,0.0018462070306366984,1.5289331474720964,0.10267074241139112,0.009660758416470018,0.11010668633693249,5.091266661016866,1.2165595462749943,1.2487160337006231,0.9742483586677976,0.6666666666666666,0.7213114754098361,0.2786885245901639,0.0,1.0,0.04575963908162347,1.4896238643874053,0.015456278886593811,7.8481909615342e-05,0.026913355776586295,0.0141,0.819,0.0,0.0063,0.1606
santander,14,weighted,random_dirichlet_budget,66,66,7,13.873582680604938,65.40870626076638,1.5032700232024008,1.4856332882034775,5.973968343295453,0.9970668662682013,0.0,1.2487160337006231,0.0,0.0,0.0,1.0,0.0,1.0,0.26858474903514934,2.9965699894867552,0.004609452519561672,0.10085684014047354,1.5468098390800578,0.1213,0.3689,0.0417,0.1685,0.2996
santander,14,weighted,design_runs,66,66,7,0.0030807964464114796,67.06481962709906,0.09940901509801459,0.02291189164817463,0.3001461992387912,0.9038349484259889,1.2076833968832275,1.2487160337006231,0.967140137781531,0.07575757575757576,0.7142857142857143,0.2857142857142857,0.0,0.625,0.28143928811962354,1.7999999999999998,0.015097184794745238,0.00035315611053443597,0.0,0.3571,0.5238,0.0,0.0,0.119
santander,14,weighted,single_objective_refs,7,7,4,8.992806499463768e-15,24.353304212214095,0.139913239616644,0.031377021391206114,0.7147556000911509,0.8251511178864174,1.1709852858246426,1.2487160337006231,0.9377514616789038,0.42857142857142855,0.75,0.25,0.0,0.895,0.306280399189211,1.3777335375167703,0.0,1.88021297387753e-07,0.0,0.2503,0.5473,0.0002,0.0315,0.1708
santander,14,support,nbi_A,66,66,9,0.08523049561184785,0.17249842225591183,0.08188490138577569,0.07873251226709864,0.4222758869301904,1.8302071388957386,1.1267058308244915,1.3287631741876256,0.8479357741934208,0.015151515151515152,0.1111111111111111,0.8888888888888888,0.0,0.6,0.3426051828113281,1.9783111490250853,0.01645420439994267,0.07330086640733223,0.0,0.1722,0.5615,0.0328,0.0563,0.1773
santander,14,support,nbi_B,66,66,10,0.0491338346536276,0.1778054004296556,0.10126286184670565,0.0074845455882884835,0.2538628463603455,1.7671393493650867,1.3226246524346301,1.3287631741876256,0.9953802740230603,0.030303030303030304,0.2,0.8,0.0,0.335,0.3382131204560669,1.8446424490485467,7.906373472969121e-08,1.8715894026427246e-07,0.0,0.1835,0.5228,0.0002,0.0421,0.2515
santander,14,support,nbi_C,66,56,17,0.03275628696957355,0.1064760045452795,0.0956760441367996,0.0017464825086114131,0.2593219974741252,2.4887163490362862,1.3247339435211523,1.3287631741876256,0.9969676833729707,0.26785714285714285,0.8823529411764706,0.11764705882352941,0.0,0.63,0.22427631471257534,2.234679438723429,7.906373472969121e-08,1.8715894026427246e-07,0.0,0.1024,0.5014,0.0002,0.0609,0.3351
santander,14,support,ws_random_scalarization,66,66,17,0.00422078076676913,0.03448062686388574,0.209632445414909,0.009329401062775413,0.007374496766029985,1.7666594414341095,1.3103752154106285,1.3287631741876256,0.9861615981431462,0.0,0.0,1.0,0.0,0.06,0.24372191122333794,1.0,0.015456288282823971,7.8481909615342e-05,0.0002609245132712347,0.0,0.8673,0.0,0.0224,0.1103
santander,14,support,random_dirichlet_budget,66,66,4,0.25136220933554654,0.817367087149032,0.6679732695891314,0.5984223351167999,0.8055456639596991,1.69944967010002,0.42747588214705656,1.3287631741876256,0.321709609696555,0.0,0.0,1.0,0.0,0.755,0.32581049983481747,2.8437776089891074,0.004609455321754691,0.10085684014047354,0.02230678748624647,0.1188,0.4071,0.0593,0.133,0.2818
santander,14,support,design_runs,66,66,4,6.560377241449089e-14,0.9232832069713666,0.10990692922240304,0.007001030911229135,0.8436067794001487,1.661767177151011,1.310847345633546,1.3287631741876256,0.9865169136968047,0.045454545454545456,0.75,0.25,0.0,0.73,0.39369029909737924,1.4,0.015097193972673778,0.00035315611053443597,0.0,0.25,0.5417,0.0,0.0,0.2083
santander,14,support,single_objective_refs,7,7,4,8.992806499463768e-15,0.15362727027880893,0.10822334844846085,0.010778906754331515,0.7903039193317313,1.3555353439424813,1.3256544357254323,1.3287631741876256,0.9976604269876053,0.42857142857142855,0.75,0.25,0.0,0.72,0.37114477325746587,1.3777335375167703,0.0,1.88021297387753e-07,0.0,0.2503,0.5473,0.0002,0.0315,0.1708
santander,15,weighted,nbi_A,66,66,13,0.926109867445259,10.12160974589905,0.16660126981419282,0.15518585488653885,1.3049218851044406,1.6773286589848135,1.0095927057453296,1.294274885064915,0.7800450409687838,0.015151515151515152,0.07692307692307693,0.9230769230769231,0.0,1.0,0.19455165805173105,1.9329508629644911,0.017619367450293584,0.07880660528506725,1.2984037081422507e-08,0.367,0.3345,0.0065,0.0541,0.238
santander,15,weighted,nbi_B,66,59,10,0.011316222174404074,0.06376891193867494,0.054588960879878454,0.013496608769716532,0.08487596055821083,0.36702721268791305,1.2691431310359398,1.294274885064915,0.9805823675333739,0.03389830508474576,0.2,0.8,0.0,0.125,0.22474824855196604,1.5174492607844794,2.633718787954063e-08,8.523824555831993e-10,1.2984037081422507e-08,0.4812,0.3973,0.0,0.0137,0.1077
santander,15,weighted,nbi_C,66,54,21,0.006604270510304273,0.03341932598280589,0.044214245165566914,0.009529333902730622,0.21678137843975004,1.9415163946811305,1.2822612965669333,1.294274885064915,0.9907179003188499,0.18518518518518517,0.47619047619047616,0.5238095238095238,0.0,0.855,0.14340828277485085,2.1299602276046468,2.633718787954063e-08,8.523824555831993e-10,1.2984037081422507e-08,0.1876,0.5362,0.0,0.0284,0.2478
santander,15,weighted,ws_random_scalarization,66,66,64,0.00039937123785656326,0.0009055184913469021,0.1313094494448113,0.005607971172585417,0.03382006137666059,3.9465733353513888,1.270480400153802,1.294274885064915,0.9816155863134749,0.7272727272727273,0.75,0.25,0.0,0.08,0.053912214611242286,1.310761601222219,0.015852905976525902,1.61452150552314e-05,0.023605978987500234,0.0143,0.8556,0.0,0.0015,0.1286
santander,15,weighted,random_dirichlet_budget,66,66,6,2.19835584700184,31.68024828631811,0.5002599222789972,0.42400984875601466,0.5457580506350157,0.4319364340355709,0.5107552717461546,1.294274885064915,0.39462658021100167,0.0,0.0,1.0,0.0,0.86,0.2923417069543576,3.048915096618674,0.026092764802374595,0.12944596738683853,0.4382780076156049,0.1851,0.4232,0.015,0.1962,0.1805
santander,15,weighted,design_runs,66,66,7,0.0022309592484764267,32.808966577101195,0.07214557274733333,0.013576680736103002,0.31262899067320155,1.0027670709162386,1.2664215237805323,1.294274885064915,0.9784795628766406,0.06060606060606061,0.5714285714285714,0.42857142857142855,0.0,0.68,0.2536822120262817,1.7999999999999998,0.014773502701773586,0.0005572948245665102,1.2984037081422507e-08,0.3571,0.5238,0.0,0.0,0.119
santander,15,weighted,single_objective_refs,7,7,4,1.7486012637846216e-14,11.922884936091341,0.11961214658384099,0.017254377998811205,0.7648212287494557,1.1204198966509613,1.2605227666792662,1.294274885064915,0.9739219861444225,0.42857142857142855,0.75,0.25,0.0,0.93,0.2956383455961693,1.3716508029062595,0.0,0.0,1.2984037081422507e-08,0.25,0.5535,0.0,0.0304,0.1661
santander,15,support,nbi_A,66,66,7,0.08329380378835437,0.15302380668773194,0.07675063030740546,0.073635383289513,0.4736046929579896,1.6088435738922309,1.1507631677929897,1.3289503257824653,0.8659188725624024,0.0,0.0,1.0,0.0,0.875,0.24630672949403984,1.9329508629644911,0.017690149757273267,0.07909171130784423,7.692277232616263e-11,0.2176,0.5186,0.0116,0.0755,0.1767
santander,15,support,nbi_B,66,59,4,0.05588592390630104,0.16986821447134687,0.20638982411448845,0.009454394096077928,0.08976655406262975,0.37094444790887604,1.3226356031851303,1.3289503257824653,0.9952483381245895,0.01694915254237288,0.25,0.75,0.0,0.46,0.2978126084890274,1.452998944176108,2.6442992297476196e-08,8.554661992734284e-10,7.692277232616263e-11,0.4811,0.3035,0.0,0.0304,0.1851
santander,15,support,nbi_C,66,54,14,0.04315730585446891,0.10797714995978672,0.190468115955556,0.0018262913455427277,0.3388668421799317,2.2512574678811252,1.3251510433422358,1.3289503257824653,0.9971411403673102,0.1111111111111111,0.42857142857142855,0.5714285714285714,0.0,0.705,0.18358177242504098,2.1567062889707915,2.6442992297476196e-08,8.554661992734284e-10,7.692277232616263e-11,0.1223,0.4931,0.0,0.0426,0.3421
santander,15,support,ws_random_scalarization,66,66,17,0.0011772938067699625,0.02463532643244413,0.22805137036114811,0.008914186412218405,0.011315741991032078,3.3903349045514135,1.3103331857522567,1.3289503257824653,0.985991094122162,0.0,0.0,1.0,0.0,0.115,0.20400439344259244,1.0,0.015916591875609176,1.6203625108990542e-05,0.0002488059695353325,0.0,0.9456,0.0,0.0056,0.0488
santander,15,support,random_dirichlet_budget,66,66,2,0.3447214269213898,0.8418706295012311,0.6246290339953401,0.6048953127913389,,,0.4335126045758007,1.3289503257824653,0.3262067785118719,0.0,0.0,1.0,0.0,,,2.5504477404813803,0.026197587299175384,0.1299142761636559,0.022078587356554692,0.0414,0.4893,0.0187,0.2698,0.1808
santander,15,support,design_runs,66,66,4,0.0056186409884936145,0.909229553084047,0.20626127277121345,0.006922989587932746,0.8571974838586875,1.686959047467172,1.3111512060389003,1.3289503257824653,0.986606632770051,0.015151515151515152,0.25,0.75,0.0,0.955,0.25238941278602506,1.4,0.014832852312725974,0.0005593110021492345,7.692277232616263e-11,0.25,0.5417,0.0,0.0,0.2083
santander,15,support,single_objective_refs,7,7,4,0.0013514109039285092,0.14149361764622043,0.20087809971288104,0.009219302342843282,0.8099171451003003,1.4079194935179684,1.3266180639603733,1.3289503257824653,0.9982450346135257,0.42857142857142855,0.75,0.25,0.0,0.925,0.27278110211177997,1.3716508029062595,0.0,0.0,7.692277232616263e-11,0.25,0.5535,0.0,0.0304,0.1661
santander,16,weighted,nbi_A,66,53,11,0.03820957591749449,1.3283552004923738,0.10015512394019448,0.026604770506863315,0.4521276579726934,1.6325471315680278,1.2496945190168753,1.31499804140183,0.9503394527376336,0.018867924528301886,0.09090909090909091,0.9090909090909091,0.0,0.975,0.2122636759957765,1.6858356597233934,0.025872035983348876,0.007420099212840069,0.0,0.1573,0.6771,0.003,0.0,0.1627
santander,16,weighted,nbi_B,66,54,11,0.0093655859898935,0.04911259081712495,0.06301147659646286,0.009308116871080454,0.3358128593853171,1.1741963220590563,1.2874984216345555,1.31499804140183,0.9790877104744893,0.018518518518518517,0.09090909090909091,0.9090909090909091,0.0,0.87,0.2115180082066177,1.8292905399643158,4.5833512772033314e-07,1.254100603955587e-07,0.0,0.3522,0.4883,0.0012,0.0113,0.147
santander,16,weighted,nbi_C,66,55,35,0.0015610635733538816,0.014440902772041955,0.0503888162828514,0.007445550171924027,0.2008993664430445,2.4666646432936683,1.3034982165984843,1.31499804140183,0.9912548730558666,0.509090909090909,0.8,0.2,0.0,1.0,0.0831114051519269,2.15775918323146,4.5833512772033314e-07,1.254100603955587e-07,0.0,0.0701,0.5306,0.0037,0.0484,0.3472
santander,16,weighted,ws_random_scalarization,66,66,48,1.1464504601245811e-07,0.05421828684674015,0.24924590844330896,0.00988438403431887,0.00476114540779026,1.7745719887364475,1.271421403973713,1.31499804140183,0.966861823321301,0.6212121212121212,0.8541666666666666,0.14583333333333334,0.0,0.0,0.06370564348445731,1.4122398003606196,0.030267823051074054,0.0016868769467069979,0.01591646425258877,0.0,0.8452,0.0,0.0,0.1548
santander,16,weighted,random_dirichlet_budget,66,66,7,1.670185826264605,11.606898666139417,0.43753299031621073,0.34239841365703555,1.5681865637428192,1.4313421964340352,0.6619580352211624,1.31499804140183,0.5033908906172163,0.0,0.0,1.0,0.0,1.0,0.273345528791804,3.095839679386704,0.00781460866030555,0.04986087718381513,0.3339458459770326,0.1162,0.3044,0.0296,0.1563,0.3935
santander,16,weighted,design_runs,66,66,7,0.0012782577885298684,13.81117089897709,0.09569304093390316,0.008158997013329441,0.30724270492340694,1.0316355166304334,1.2944158115679794,1.31499804140183,0.9843480908823945,0.06060606060606061,0.5714285714285714,0.42857142857142855,0.0,0.675,0.26350332470691923,1.7999999999999998,0.013602624730159135,4.4329055624600556e-05,0.0,0.3571,0.5238,0.0,0.0,0.119
santander,16,weighted,single_objective_refs,7,7,4,3.3466583493827734e-07,2.8532557832636263,0.13864715652608098,0.011295298890982226,0.7437539411762671,0.877099748393743,1.2810955611902206,1.31499804140183,0.9742186078273787,0.14285714285714285,0.25,0.75,0.0,0.905,0.3143166515964705,1.3921405607563233,3.8146240961574836e-07,1.2590781780732165e-07,0.0,0.25,0.5401,0.003,0.0312,0.1757
santander,16,support,nbi_A,66,53,7,0.022952936623517068,0.12830086631681656,0.05954601851100516,0.040293560140817204,0.6487882951979036,2.1971799404432373,1.2095414916509282,1.3286174513709956,0.9103760381912842,0.018867924528301886,0.14285714285714285,0.8571428571428571,0.0,0.71,0.29865977932241167,1.6858356597233934,0.02587205208849807,0.007420099212840069,0.0,0.1571,0.6475,0.0077,0.0,0.1877
santander,16,support,nbi_B,66,54,4,0.0038456314131142346,0.09340740398268517,0.03848983217925727,0.012630395254637083,0.8575275845363138,1.0325837397660498,1.3010082506658418,1.3286174513709956,0.9792196010396642,0.018518518518518517,0.25,0.75,0.0,0.705,0.4812342939605361,1.8067858307384814,4.583354130305274e-07,1.254100603955587e-07,0.0,0.2508,0.4545,0.0033,0.0312,0.2603
santander,16,support,nbi_C,66,55,32,0.014483556466901675,0.08409928371924075,0.010563419895045239,0.0015572625987314034,0.2441566345969566,3.5874591936959632,1.3185145347029923,1.3286174513709956,0.992395917532486,0.509090909090909,0.875,0.125,0.0,0.81,0.07624570653019017,2.172645748855455,4.583354130305274e-07,1.254100603955587e-07,0.0,0.0496,0.5226,0.004,0.0529,0.3708
santander,16,support,ws_random_scalarization,66,66,24,0.0011549645971775714,0.02267131767681485,0.5601400807605763,0.021210968329678857,0.04338019127876535,4.898979485566357,1.2912086069587458,1.3286174513709956,0.9718437806355413,0.0,0.0,1.0,0.0,0.71,0.12197780791614363,1.0000000000007065,0.030267841892567867,0.0016868769467069979,0.00022051540558279273,0.0,0.9883,0.0,0.0,0.0117
santander,16,support,random_dirichlet_budget,66,66,4,0.24047493771547068,0.7032506686824291,0.5887933842317365,0.5592476802788416,0.2635569854402125,1.110553504918394,0.11202546444389794,1.3286174513709956,0.0843173212336623,0.0,0.0,1.0,0.0,0.39,0.4165274470400736,2.7048492227286403,0.007814613524841084,0.04986087718381513,0.9985627123792161,0.034,0.477,0.0997,0.1248,0.2644
santander,16,support,design_runs,66,66,4,0.0034242222551307167,0.8692893322989799,0.4567286195687374,0.00821228776840902,0.8386472115912921,1.6510853461517663,1.3130040945253871,1.3286174513709956,0.9882484180608218,0.015151515151515152,0.25,0.75,0.0,0.77,0.4492264948003117,1.4,0.013602633197691448,4.4329055624600556e-05,0.0,0.25,0.5417,0.0,0.0,0.2083
santander,16,support,single_objective_refs,7,7,5,0.00033856830377560724,0.09843350822353884,0.05142097062936606,0.013088054293208888,0.7938840385999796,1.2620408232688651,1.3050460424016246,1.3286174513709956,0.9822586938437037,0.14285714285714285,0.2,0.8,0.0,0.8,0.3289217571753151,1.0000000000000009,3.8146264707324966e-07,1.2590781780732165e-07,0.0,0.2,0.6321,0.0024,0.0249,0.1406
santander,17,weighted,nbi_A,66,66,13,1.5164541261655513,15.68118064756493,0.22268726854132748,0.2026044864842019,2.0135286893680693,1.817496852773159,0.9228683457187875,1.280044656995042,0.7209657418400224,0.015151515151515152,0.07692307692307693,0.9230769230769231,0.0,1.0,0.1901265475879974,1.9228222119560774,0.015901853659178972,0.0776289169630651,2.719090781556044e-08,0.3684,0.3738,0.0064,0.0581,0.1933
santander,17,weighted,nbi_B,66,59,17,0.01603009205482849,0.05789887407193113,0.051491513757892064,0.019187240856365955,0.156769669434553,0.9787082831251089,1.2390730789625541,1.280044656995042,0.9679920713636113,0.03389830508474576,0.11764705882352941,0.8823529411764706,0.0,0.58,0.1571442895113448,1.7557838474131642,7.402938132077917e-07,0.0,2.719090781556044e-08,0.2483,0.5582,0.0002,0.0313,0.1621
santander,17,weighted,nbi_C,66,54,31,0.008069055791126907,0.03271240977685242,0.04304481196805612,0.01603899042391976,0.19497790017098807,1.9319993175702825,1.257198477093794,1.280044656995042,0.9821520446365672,0.3888888888888889,0.6774193548387096,0.3225806451612903,0.0,0.99,0.09134410186147777,2.1535367800030745,7.402938132077917e-07,0.0,2.719090781556044e-08,0.1034,0.5566,0.0004,0.0492,0.2904
santander,17,weighted,ws_random_scalarization,66,66,61,0.0005480597769718126,0.02047753901783506,0.19315016197058912,0.011022510452412542,0.03681597193607478,3.778552332923447,1.2433735441430902,1.280044656995042,0.9713516925745084,0.7727272727272727,0.8360655737704918,0.16393442622950818,0.0,0.105,0.04993568273961552,1.4316440282374459,0.015308943540041059,0.00032102246881648007,0.04758678140835421,0.0026,0.8383,0.0,0.0026,0.1565
santander,17,weighted,random_dirichlet_budget,66,66,8,9.86777912085995,44.009371411087955,1.1852970156889675,1.138593229375696,8.21533538582025,1.673415624313445,0.0,1.280044656995042,0.0,0.0,0.0,1.0,0.0,1.0,0.2653337363036664,3.309495094621992,0.021200880019426046,0.18737424529087618,1.276225296815651,0.1522,0.3784,0.0412,0.1347,0.2935
santander,17,weighted,design_runs,66,66,6,3.5610403514851896e-14,50.15322873204791,0.10173720434723514,0.01996212404027172,0.2892286384779887,0.727282850247658,1.243448036390951,1.280044656995042,0.971409887612825,0.07575757575757576,0.8333333333333334,0.16666666666666666,0.0,0.585,0.29091235532175724,1.7999999999999998,0.01873039308373225,0.0007053066255269176,2.719090781556044e-08,0.4167,0.5278,0.0,0.0,0.0556
santander,17,weighted,single_objective_refs,7,7,4,1.7832961386569404e-07,18.333006968899507,0.1278852801130717,0.023166748198251933,0.7348245965435037,0.8734437918458908,1.2249572782855156,1.280044656995042,0.9569644868181033,0.14285714285714285,0.25,0.75,0.0,0.875,0.33804581731637595,1.3679850432246234,6.884059098799183e-07,6.896794298380041e-10,2.719090781556044e-08,0.25,0.5561,0.0004,0.0338,0.1597
santander,17,support,nbi_A,66,66,7,0.08641601838384771,0.13448084266720636,0.07190658947324766,0.06720866385634561,0.47224602626933576,1.6100636965292603,1.1502925695936268,1.3286228504275375,0.8657781019071547,0.0,0.0,1.0,0.0,0.85,0.24985514615615656,1.9228222119560774,0.015947542509362946,0.0778327844106008,1.0582262311467156e-10,0.2184,0.5209,0.0114,0.0754,0.1738
santander,17,support,nbi_B,66,59,10,0.006309605167246604,0.13952453919313676,0.02550312840715815,0.007754981234260612,0.663893505964248,2.1383016103388006,1.309394780301283,1.3286228504275375,0.9855278191850554,0.01694915254237288,0.1,0.9,0.0,1.0,0.22698880123217868,1.8084139713679435,7.424208088303588e-07,0.0,1.0582262311467156e-10,0.1,0.6066,0.0003,0.0486,0.2445
santander,17,support,nbi_C,66,54,24,0.0265251775736437,0.08983404468226368,0.01502615243706653,0.0012914216121791128,0.24792978485865316,3.0010381078098565,1.3247629973998762,1.3286228504275375,0.997094846723117,0.37037037037037035,0.8333333333333334,0.16666666666666666,0.0,0.465,0.20876975965463415,2.181008090280727,7.424208088303588e-07,0.0,1.0582262311467156e-10,0.0717,0.5352,0.0005,0.0636,0.329
santander,17,support,ws_random_scalarization,66,66,11,0.002376486568686,0.019910198716614296,0.19392051122666085,0.01054449067219274,0.025913785524807095,1.7308941272053195,1.310315148713608,1.3286228504275375,0.9862205427913284,0.0,0.0,1.0,0.0,0.145,0.21966423147141267,1.0,0.015352928854135065,0.00032186553134883983,0.00021083976602767,0.0,0.9177,0.0,0.0143,0.068
santander,17,support,random_dirichlet_budget,66,66,3,0.16012245895114377,0.6777651752963171,0.8700464911773744,0.8598620838587193,0.07183823878897025,0.5364918297916065,0.09808201897078482,1.3286228504275375,0.073822318304418,0.0,0.0,1.0,0.0,0.46,0.3199948075127564,3.145362912143501,0.021261793913600696,0.18786632363765454,1.000000023129931,0.0944,0.3672,0.0773,0.1004,0.3607
santander,17,support,design_runs,66,66,3,0.0012974535021364913,0.8900663094387922,0.19043573206049666,0.009454773234935982,0.9180926646512502,1.2573129568009143,1.3063141547132195,1.3286228504275375,0.9832091584853149,0.015151515151515152,0.3333333333333333,0.6666666666666666,0.0,0.94,0.28480838766345984,1.0,0.018784208830111962,0.0007071588871209394,1.0582262311467156e-10,0.3333,0.5556,0.0,0.0,0.1111
santander,17,support,single_objective_refs,7,7,4,0.0009730902994306486,0.12768366528461608,0.04134793415029916,0.011277665761194614,0.7810504702868833,0.9343133065443403,1.3052934050741969,1.3286228504275375,0.9824408820412555,0.2857142857142857,0.5,0.5,0.0,0.93,0.2752634660668549,1.3679850432246234,6.903838223394579e-07,6.91490651615655e-10,1.0582262311467156e-10,0.25,0.5561,0.0004,0.0338,0.1597
santander,18,weighted,nbi_A,66,66,13,0.3559545325676953,4.4002302222696885,0.1165094756901616,0.09246187671033075,0.5943724360008292,1.3377863348037364,1.1068276378766604,1.3140952813629165,0.8422735044971107,0.015151515151515152,0.07692307692307693,0.9230769230769231,0.0,1.0,0.1989654783377749,1.9215804010856015,0.01602330557581824,0.07678505679876291,0.0,0.3711,0.3395,0.0064,0.0528,0.2302
santander,18,weighted,nbi_B,66,66,23,0.01563445323859163,0.029252792516949833,0.03852405024588376,0.007463193102948642,0.1830635815271265,1.3420524547376707,1.2916503463283964,1.3140952813629165,0.9829198572182366,0.06060606060606061,0.17391304347826086,0.8260869565217391,0.0,0.83,0.13028361225007135,1.8195440625928063,3.175053543699393e-05,0.0,0.0,0.2605,0.5562,0.0014,0.0309,0.151
santander,18,weighted,nbi_C,66,54,36,0.001954106938230276,0.018831908473902596,0.03966025503057816,0.005768286668528072,0.19883071311579864,2.8025147002576305,1.3032015601997713,1.3140952813629165,0.9917100979528313,0.5555555555555556,0.8333333333333334,0.16666666666666666,0.0,0.99,0.08445626900739171,2.099217703977311,0.0,0.0,0.0,0.0702,0.5642,0.0036,0.0453,0.3168
santander,18,weighted,ws_random_scalarization,66,66,56,0.001251845802094212,0.20280143553145957,0.20834435737371657,0.0063011750466590525,0.010399220161915268,2.8443918546070392,1.2883129306339967,1.3140952813629165,0.9803801512001629,0.7424242424242424,0.875,0.125,0.0,0.0,0.05523520704053874,1.6400921892286622,0.014543242154583653,9.096542482555475e-06,0.018088976943755823,0.0,0.7474,0.0,0.005,0.2476
santander,18,weighted,random_dirichlet_budget,66,66,8,3.861237993540172,13.475153142077202,0.7172907529793109,0.6667324715813984,1.4687699605958535,1.2391394301994316,0.30564949404870034,1.3140952813629165,0.2325930991333409,0.0,0.0,1.0,0.0,1.0,0.2502460542175605,3.0532091200521645,0.020269775554440803,0.1685482042528541,0.6633550486476458,0.1039,0.3918,0.0572,0.1778,0.2693
santander,18,weighted,design_runs,66,66,7,0.0021223759921004505,15.19216458521802,0.09518118744474337,0.0078191524046844,0.3147269942846572,1.0579631847479598,1.2889958179264664,1.3140952813629165,0.980899814653913,0.07575757575757576,0.7142857142857143,0.2857142857142857,0.0,0.655,0.27745067927996986,1.7999999999999998,0.016798869523367694,0.0009932178773552473,0.0,0.3571,0.5238,0.0,0.0,0.119
santander,18,weighted,single_objective_refs,7,7,4,0.0275007158375847,5.396939287900756,0.13004782953023494,0.009705801840757304,0.7872348457905949,0.9078123507539487,1.2786380218431912,1.3140952813629165,0.9730177407813604,0.2857142857142857,0.5,0.5,0.0,0.94,0.30150865782166464,1.3618917362564766,3.1711142713595446e-05,5.7573204116083925e-11,0.0,0.2506,0.5551,0.0031,0.0303,0.1609
santander,18,support,nbi_A,66,66,9,0.12979140203075135,0.1381680906054723,0.06149767987528315,0.06005028761299729,0.3143192847524824,1.4302909508677342,1.1492332621999737,1.3287496961058858,0.8648982314486966,0.015151515151515152,0.1111111111111111,0.8888888888888888,0.0,0.605,0.25558461721769377,1.9125331786361435,0.01602330557581824,0.07678505679876291,0.0,0.2475,0.4839,0.0218,0.0583,0.1884
santander,18,support,nbi_B,66,66,15,0.019873005295209904,0.13922420868507485,0.015421359993962968,0.008526989897885352,0.08705614338777225,1.7023585351474488,1.309659851407515,1.3287496961058858,0.9856332274209985,0.030303030303030304,0.13333333333333333,0.8666666666666667,0.0,0.62,0.19615392620366,1.8259404461588358,3.175053543699393e-05,0.0,0.0,0.1288,0.5919,0.0021,0.0463,0.2309
santander,18,support,nbi_C,66,54,31,7.55974528708265e-05,0.10402718808671374,0.011800073535624747,0.00232915657043079,0.35522508314517925,5.10292844087867,1.3179391417640867,1.3287496961058858,0.9918641152856094,0.5555555555555556,0.967741935483871,0.03225806451612903,0.0,1.0,0.08966917136836265,2.121196392493641,0.0,0.0,0.0,0.0323,0.5598,0.0042,0.0526,0.3512
santander,18,support,ws_random_scalarization,66,66,8,0.007588980680402871,0.0103349724681205,0.46101146812523824,0.008772844913561168,0.04957514479264148,1.6652892313450234,1.3119524624866674,1.3287496961058858,0.9873586171508107,0.0,0.0,1.0,0.0,0.53,0.28369438208591846,1.7833185390671336,0.014543242154583653,9.096542482555475e-06,0.0002278911274235543,0.0,0.7354,0.0,0.0352,0.2294
santander,18,support,random_dirichlet_budget,66,66,2,0.17200604081422083,0.7616399857753955,0.7055895672821885,0.6686934864772318,,,0.10028686006624143,1.3287496961058858,0.07547460621074698,0.0,0.0,1.0,0.0,,,3.0651242441671123,0.020269775554440803,0.1685482042528541,0.9999999726566078,0.0453,0.4198,0.1156,0.0859,0.3334
santander,18,support,design_runs,66,66,4,0.004666787602663255,0.8932409236143867,0.3807533642568652,0.008459680761101132,0.8583433766171384,1.6986015892356168,1.308366537842897,1.3287496961058858,0.9846598961996191,0.030303030303030304,0.5,0.5,0.0,0.76,0.4202774832209647,1.4,0.016798869523367694,0.0009932178773552473,0.0,0.25,0.5417,0.0,0.0,0.2083
santander,18,support,single_objective_refs,7,7,4,0.0043873072670514105,0.13451077027422192,0.04823706249205113,0.012064110583823414,0.7830461906913458,0.9387377281006138,1.3063005874827962,1.3287496961058858,0.9831050884234402,0.14285714285714285,0.25,0.75,0.0,0.785,0.4180102442221089,1.3618917362564766,3.1711142713595446e-05,5.7573204116083925e-11,0.0,0.2506,0.5551,0.0031,0.0303,0.1609
santander,19,weighted,nbi_A,66,66,13,2.06779797683276,22.09521225237348,0.28059311430229544,0.26782631141546304,2.813487549523333,2.0607301241766858,0.7752330798928159,1.2440113611796537,0.6231720256619592,0.0,0.0,1.0,0.0,1.0,0.18403146123895134,1.985268431888038,0.015415522819118347,0.0774478897200108,3.5967493881706946e-09,0.3729,0.3682,0.0059,0.0588,0.1942
santander,19,weighted,nbi_B,66,66,20,0.012914530364447879,0.07256639692414979,0.036340826111834916,0.020617310654636664,0.1116024645705911,0.7312559724589517,1.2101066410987145,1.2440113611796537,0.9727456507722015,0.045454545454545456,0.15,0.85,0.0,0.405,0.1353439545816669,1.7925850762172195,1.2952142050064957e-07,1.8770514835445474e-08,3.5967493881706946e-09,0.2764,0.5726,0.0001,0.0202,0.1308
santander,19,weighted,nbi_C,66,55,28,0.010654853314319843,0.048085475983143486,0.0471869958862976,0.023816614666510583,0.19598404923567356,1.9074382235143714,1.2078332787597457,1.2440113611796537,0.9709182057745827,0.2545454545454545,0.5,0.5,0.0,0.985,0.09364202475952257,2.146693736279661,1.2952142050064957e-07,1.8770514835445474e-08,3.5967493881706946e-09,0.1392,0.5352,0.0002,0.0325,0.2929
santander,19,weighted,ws_random_scalarization,66,66,63,0.0009642682004558305,0.4140358165231068,0.0713180656816332,0.007791774949403977,0.13471469351030035,4.8346020654170845,1.2131929726447293,1.2440113611796537,0.9752266020258042,0.7121212121212122,0.746031746031746,0.25396825396825395,0.0,1.0,0.042121112441752595,1.3821614849269361,0.015880401099180857,0.00012003003379189742,0.017541709033248448,0.022,0.8355,0.0,0.0027,0.1398
santander,19,weighted,random_dirichlet_budget,66,66,9,20.766542728360875,65.14225419900633,2.3258443355416194,2.320938425161048,3.44755185700519,1.0845993321844494,0.0,1.2440113611796537,0.0,0.0,0.0,1.0,0.0,1.0,0.2378578806074517,3.0533250374809726,0.043507617848594936,0.11999683843968668,2.258245512461634,0.1686,0.3317,0.0586,0.2263,0.2148
santander,19,weighted,design_runs,66,66,7,0.0011098311517643397,70.44156061863126,0.09713264194495994,0.026015212094177818,0.2999039107798539,0.899400071580381,1.2032873864687263,1.2440113611796537,0.967263984894551,0.045454545454545456,0.42857142857142855,0.5714285714285714,0.0,0.63,0.277355821866937,1.7999999999999998,0.01160140195219181,8.172444461081148e-05,3.5967493881706946e-09,0.3571,0.5238,0.0,0.0,0.119
santander,19,weighted,single_objective_refs,7,7,4,1.9887157409853685e-07,25.77182366287886,0.13695921099579753,0.035879988146250825,0.7076677306837097,0.8186985134815219,1.1639999476356446,1.2440113611796537,0.9356827308489072,0.2857142857142857,0.5,0.5,0.0,0.86,0.33254938437677295,1.3894063907407035,0.0,2.0391719925666746e-08,3.5967493881706946e-09,0.2501,0.5478,0.0002,0.0265,0.1754
santander,19,support,nbi_A,66,66,8,0.05872216967081661,0.1798167729062563,0.09932522297478096,0.0974387475226659,0.5983676791270441,2.3462620792735853,1.1031690308575037,1.3290413918249284,0.8300486633773869,0.0,0.0,1.0,0.0,0.78,0.2600239940782892,1.8407606463419364,0.015450825129762943,0.07761244716170312,9.995005838538392e-12,0.1272,0.6286,0.0365,0.0659,0.1418
santander,19,support,nbi_B,66,66,10,0.04536808704371146,0.1720780882808852,0.11042532758783387,0.0073057958478672394,0.413330275797876,2.0004796675562093,1.3242323216097478,1.3290413918249284,0.9963815497058544,0.0,0.0,1.0,0.0,0.745,0.26218846559303743,1.8780491576694374,1.2981803096759867e-07,1.8810397496054243e-08,9.995005838538392e-12,0.1537,0.5662,0.0002,0.0354,0.2444
santander,19,support,nbi_C,66,55,19,0.030660783992793345,0.09998972718365091,0.10393739930349749,0.0008744103104312281,0.25360841762217334,2.713284769697525,1.325204248492171,1.3290413918249284,0.9971128488876569,0.2545454545454545,0.7368421052631579,0.2631578947368421,0.0,0.55,0.2410218632318499,2.1573254889627043,1.2981803096759867e-07,1.8810397496054243e-08,9.995005838538392e-12,0.0911,0.5069,0.0003,0.047,0.3548
santander,19,support,ws_random_scalarization,66,66,4,0.006936474175396181,0.035769073266858624,0.13923867805263082,0.010251024189482543,0.05284289419522787,0.7216432595367761,1.3100727425119938,1.3290413918249284,0.9857275706914678,0.015151515151515152,0.25,0.75,0.0,0.48,0.2529544425889618,1.7888594388076786,0.01591676800410793,0.00012028506766510486,0.0002681550675684132,0.0,0.7586,0.0,0.0342,0.2072
santander,19,support,random_dirichlet_budget,66,66,7,0.5594252415833619,0.8022076782810299,0.9074530794966298,0.8968286347693221,0.763621241753152,1.2481268537434438,0.1038192717926321,1.3290413918249284,0.07811590551749195,0.0,0.0,1.0,0.0,1.0,0.24013134043557713,2.5494777805513658,0.04360725244799967,0.12025180178105323,0.02251634093521356,0.1622,0.2912,0.0833,0.2336,0.2298
santander,19,support,design_runs,66,66,4,0.004330117167998589,0.918997780608834,0.11929498806252731,0.00673694843642816,0.8452663692328946,1.6610041444349675,1.3153514651751512,1.3290413918249284,0.9896993978261435,0.015151515151515152,0.25,0.75,0.0,0.91,0.22986983631856225,1.4,0.011627969737172878,8.189808866460687e-05,9.995005838538392e-12,0.25,0.5417,0.0,0.0,0.2083
santander,19,support,single_objective_refs,7,7,4,0.0009440203478552711,0.15467718783509135,0.11395312485186819,0.009356186939443302,0.8105645966648494,1.4589644325009683,1.3271096769312307,1.3290413918249284,0.9985465351902658,0.14285714285714285,0.25,0.75,0.0,0.92,0.23252845308861445,1.3894063907407035,0.0,2.0435047242586615e-08,9.995005838538392e-12,0.2501,0.5478,0.0002,0.0265,0.1754
santander,20,weighted,nbi_A,66,66,13,1.5186883694770403,16.47841813340886,0.22579172772281636,0.20810155631044414,2.1290980774011112,1.8988900953012382,0.8895540869431064,1.2651836520546857,0.7031027357162348,0.0,0.0,1.0,0.0,1.0,0.194722376936317,1.987233127749358,0.015024039414452649,0.07497722546270419,2.9682992078352403e-08,0.3774,0.333,0.006,0.0528,0.2309
santander,20,weighted,nbi_B,66,63,17,0.012527761690863023,0.061554552494926265,0.046363100949458814,0.020833325801178595,0.14748810272599966,0.9027180115976972,1.2283546987802518,1.2651836520546857,0.9708904290577712,0.015873015873015872,0.058823529411764705,0.9411764705882353,0.0,0.46,0.16405335093747248,1.83500081061356,0.0,2.2989316324919962e-09,2.9682992078352403e-08,0.1972,0.605,0.0002,0.033,0.1646
santander,20,weighted,nbi_C,66,55,33,0.009599291223587875,0.03428091507285646,0.04123062533637798,0.018762865457810918,0.1861634093256707,1.818544706052776,1.2374690995689215,1.2651836520546857,0.9780944430946802,0.36363636363636365,0.6060606060606061,0.3939393939393939,0.0,0.985,0.08822892675512194,2.1977775690379473,0.0,2.2989316324919962e-09,2.9682992078352403e-08,0.1198,0.5431,0.0003,0.0429,0.2939
santander,20,weighted,ws_random_scalarization,66,66,60,0.0012686462787760454,0.003984442391930316,0.1137729707166152,0.007825474840809211,0.06619396607476326,4.276799842446522,1.2388126069268446,1.2651836520546857,0.9791563500800742,0.7424242424242424,0.8166666666666667,0.18333333333333332,0.0,0.86,0.05096253570625119,1.548706223850582,0.014196887248114848,2.0747777200598217e-05,0.034436452454285865,0.0106,0.8003,0.0,0.0041,0.185
santander,20,weighted,random_dirichlet_budget,66,66,7,9.702681689542104,57.46154745264374,2.004041989944025,1.992731254645386,6.790042084043846,1.2872274048765995,0.0,1.2651836520546857,0.0,0.0,0.0,1.0,0.0,1.0,0.25162428052208896,2.7865101120108307,0.0251303699482596,0.15337463115263344,2.0598386734030294,0.1336,0.3996,0.037,0.2015,0.2283
santander,20,weighted,design_runs,66,66,7,0.0018508150596019634,53.30627036437187,0.09223094697360995,0.020993456315316534,0.30531672335709864,0.9415776055081191,1.227926124806755,1.2651836520546857,0.9705516845815833,0.06060606060606061,0.5714285714285714,0.42857142857142855,0.0,0.6,0.2777297676939369,1.7999999999999998,0.015768958558740345,0.0003264627799530279,2.9682992078352403e-08,0.3571,0.5238,0.0,0.0,0.119
santander,20,weighted,single_objective_refs,7,7,4,4.192263199379389e-09,19.367972128152758,0.13477411833473532,0.026820523364504426,0.721925402254691,0.8355119752455928,1.1979136259268284,1.2651836520546857,0.9468298329506476,0.42857142857142855,0.75,0.25,0.0,0.905,0.31442187432234386,1.3786134712605267,1.2997157266707467e-08,0.0,2.9682992078352403e-08,0.2501,0.5497,0.0004,0.0321,0.1678
santander,20,support,nbi_A,66,66,9,0.0778581503748078,0.13274868135519463,0.08398309332635366,0.08077346154468529,0.4231062751029567,1.8300404716478935,1.1261552565657944,1.3286373180408346,0.8476017053520567,0.0,0.0,1.0,0.0,0.82,0.25701084869181395,1.9830335446933616,0.015086136212045402,0.07525908969480251,1.0873730089249117e-10,0.1726,0.5608,0.0329,0.058,0.1756
santander,20,support,nbi_B,66,63,10,0.04731235375067936,0.15366212489717918,0.021113286382656034,0.007807536610962812,0.49011509578401236,1.5735009400197038,1.310705420242307,1.3286373180408346,0.9865035419711307,0.031746031746031744,0.2,0.8,0.0,0.805,0.22191852215566318,1.8826956617898694,0.0,2.3075740781845384e-09,1.0873730089249117e-10,0.1556,0.5671,0.0003,0.0422,0.2348
santander,20,support,nbi_C,66,55,24,0.025291268837226075,0.09355318736343964,0.009630079744494245,0.0013240725915389833,0.26235701786833676,3.0284273771619223,1.3248168391196113,1.3286373180408346,0.9971245133119874,0.38181818181818183,0.875,0.125,0.0,0.52,0.19955693664755408,2.1995972612498123,0.0,2.3075740781845384e-09,1.0873730089249117e-10,0.0712,0.5222,0.0005,0.0589,0.3472
santander,20,support,ws_random_scalarization,66,66,12,0.004470717895948413,0.026502827586710777,0.1564153635201896,0.008707817510928978,0.009270314149155249,1.4018524655358295,1.3120807293337418,1.3286373180408346,0.9875386695208089,0.0,0.0,1.0,0.0,0.06,0.22767079898904646,1.7650553054876859,0.014255565291321076,2.0825774969284693e-05,0.00026437102426561426,0.0,0.8139,0.0,0.0204,0.1657
santander,20,support,random_dirichlet_budget,66,66,6,0.42548447007099965,0.8457865616146895,0.8923653394605948,0.8857529163526471,0.10081083918934235,0.684221853081421,0.10164473389049548,1.3286373180408346,0.07650299484315065,0.0,0.0,1.0,0.0,0.44,0.29074527677221595,2.6765757840015425,0.02523423785309263,0.15395121720748425,0.9972090108599541,0.0532,0.3929,0.0653,0.2324,0.2562
santander,20,support,design_runs,66,66,4,0.005265099170408873,0.8850750134867656,0.1432620360502045,0.008923615141040854,0.847502958185869,1.666360907886907,1.3100373072364873,1.3286373180408346,0.9860006861528063,0.015151515151515152,0.25,0.75,0.0,0.9,0.26766513381026935,1.4,0.015834134228269587,0.0003276900617070842,1.0873730089249117e-10,0.25,0.5417,0.0,0.0,0.2083
santander,20,support,single_objective_refs,7,7,4,0.0015741900232837018,0.1283891490751193,0.04101950606232275,0.012175260629791369,0.7646449172810923,0.9104541258079618,1.3048815116472143,1.3286373180408346,0.982120172246366,0.14285714285714285,0.25,0.75,0.0,0.905,0.27269462382097176,1.3786134712605267,1.3050876630841691e-08,0.0,1.0873730089249117e-10,0.2501,0.5497,0.0004,0.0321,0.1678
santander,21,weighted,nbi_A,66,54,10,0.03331113697463742,1.4137326185981058,0.11151075403386213,0.02467181846799532,0.5201163738196398,1.8749864635763875,1.2543296937754163,1.3106584223717463,0.9570225715298128,0.0,0.0,1.0,0.0,0.99,0.19769896882335,1.6010275918470023,0.02204407657360795,0.005626717264256256,8.351569830572873e-09,0.1626,0.6399,0.0012,0.0,0.1963
santander,21,weighted,nbi_B,66,54,10,0.004102874470245805,0.04229509338602036,0.053293428375777566,0.008950380311912486,0.2821431581694707,0.9675267463803424,1.288912104754953,1.3106584223717463,0.9834080968423172,0.037037037037037035,0.2,0.8,0.0,0.79,0.196672834934737,1.781818282318143,3.4898368653014354e-07,2.6852759948155333e-07,8.351569830572873e-09,0.367,0.497,0.0008,0.0126,0.1226
santander,21,weighted,nbi_C,66,55,35,0.0032567768557610044,0.014376765410476316,0.04500780725844301,0.006629866468921368,0.19576725371241632,2.432902180440768,1.3007478949323685,1.3106584223717463,0.9924385123765169,0.4727272727272727,0.7428571428571429,0.2571428571428571,0.0,0.99,0.08815834296235962,2.106951537761107,3.4898368653014354e-07,2.6852759948155333e-07,8.351569830572873e-09,0.0761,0.547,0.0019,0.0449,0.3301
santander,21,weighted,ws_random_scalarization,66,66,39,1.093178560541978e-08,1.8087136190803906e-07,0.20357436982403262,0.011945169491980313,0.004220151652255849,1.4753431216327881,1.2619838898162032,1.3106584223717463,0.9628625340327326,0.5757575757575758,0.9743589743589743,0.02564102564102564,0.0,0.0,0.07724743353984936,1.3804680855796765,0.03175971501274822,0.0015849597030206445,0.02278156089792327,0.0,0.8424,0.0,0.0,0.1576
santander,21,weighted,random_dirichlet_budget,66,66,6,4.644467810045705,15.327725030350473,0.3491854994407705,0.24425937583488697,2.884043736505009,1.152398874983711,0.7582771027854991,1.3106584223717463,0.5785466982414328,0.0,0.0,1.0,0.0,1.0,0.2556170124034707,3.173583477924153,0.0395820361189156,0.17016989908610153,0.22453815141535205,0.1303,0.3753,0.0688,0.1485,0.277
santander,21,weighted,design_runs,66,66,7,0.0016972855002730775,14.934920789699639,0.08103322687549032,0.008450504416205023,0.31345862706828825,1.0498629552521326,1.285856992788243,1.3106584223717463,0.9810771218799914,0.06060606060606061,0.5714285714285714,0.42857142857142855,0.0,0.685,0.24061517890396672,1.7999999999999998,0.016575111782261384,0.0004082802996113509,8.351569830572873e-09,0.3571,0.5238,0.0,0.0,0.119
santander,21,weighted,single_objective_refs,7,7,4,1.9985387888095785e-07,3.0628814409550325,0.12636545744547717,0.011888290051746709,0.7355465145528369,0.9465964492809629,1.2780703533036732,1.3106584223717463,0.9751361083011222,0.2857142857142857,0.5,0.5,0.0,0.93,0.25595358048660066,1.375988767619273,2.568495336001969e-07,2.6717358345795027e-07,8.351569830572873e-09,0.2505,0.5485,0.0018,0.0315,0.1676
santander,21,support,nbi_A,66,54,5,0.012543827165609514,0.1294393898474261,0.04718116863991297,0.017277232739409072,0.7447173468045687,1.6582902480769393,1.2822387777175301,1.3285789334099216,0.9651205099470792,0.0,0.0,1.0,0.0,0.935,0.231352309429615,1.4860327329992862,0.022108412416557362,0.005641806576847441,1.0699713329206681e-10,0.2089,0.6164,0.0024,0.0,0.1723
santander,21,support,nbi_B,66,54,4,0.001732654469004505,0.09199321221415149,0.04827540039040645,0.011024559517513778,0.9648031377516648,1.221438077268603,1.3021279284707807,1.3285789334099216,0.9800907539070698,0.018518518518518517,0.25,0.75,0.0,0.995,0.2878405066707515,1.781818282318143,3.500021986721033e-07,2.6924771686041605e-07,1.0699713329206681e-10,0.251,0.4645,0.002,0.0315,0.2509
santander,21,support,nbi_C,66,55,29,0.018110548980322837,0.08098579600347237,0.011171717738388612,0.002105611345365881,0.2532374490366514,3.358619020904526,1.3201092145605982,1.3285789334099216,0.9936249788128244,0.45454545454545453,0.8620689655172413,0.13793103448275862,0.0,0.595,0.1490226731021969,2.1368469164335497,3.500021986721033e-07,2.6924771686041605e-07,1.0699713329206681e-10,0.0561,0.5365,0.0024,0.0537,0.3513
santander,21,support,ws_random_scalarization,66,66,29,0.0012856469885885805,0.021013143187191614,0.3868796175025609,0.022338226046140327,0.037731197928332884,5.385164807134505,1.2893962297045327,1.3285789334099216,0.97050780896787,0.0,0.0,1.0,0.0,0.575,0.15567702392834593,1.0000000000000249,0.03185240603704019,0.0015892101302733585,0.0002918686854623809,0.0,0.9907,0.0,0.0,0.0093
santander,21,support,random_dirichlet_budget,66,66,5,0.47221245363259634,0.7997342848508884,0.6937652680884535,0.6909006716577165,0.8825649657447411,1.4551142165429432,0.09870756237010496,1.3285789334099216,0.07429559500598343,0.0,0.0,1.0,0.0,1.0,0.19707747195525147,2.944545660355378,0.03969755666026653,0.17062624808682925,0.0221457816946254,0.0972,0.3714,0.1106,0.2645,0.1563
santander,21,support,design_runs,66,66,4,0.001253245501829324,0.8905311785113142,0.3599893475239815,0.009580122079308353,0.8465691086894797,1.6658819929177249,1.3089773401620317,1.3285789334099216,0.9852461959504502,0.030303030303030304,0.5,0.5,0.0,0.925,0.30769479541030587,1.4,0.016623486400491896,0.00040937519540517264,1.0699713329206681e-10,0.25,0.5417,0.0,0.0,0.2083
santander,21,support,single_objective_refs,7,7,5,0.0012124341241435822,0.10175815111021735,0.04817733063434499,0.013273263301020402,0.8005179988995493,1.2696746351354522,1.3028906270508789,1.3285789334099216,0.9806648248643298,0.2857142857142857,0.4,0.6,0.0,0.94,0.20002927090682124,1.0000000000000022,2.5759915135806276e-07,2.678900697371728e-07,1.0699713329206681e-10,0.2004,0.6388,0.0015,0.0252,0.1341
santander,22,weighted,nbi_A,66,66,13,0.9317749390461286,10.805234617969663,0.17639312547992486,0.15564706386099458,1.3987025217071802,1.7889070117422596,0.9647341835740366,1.2807106420392431,0.7532803678728826,0.0,0.0,1.0,0.0,1.0,0.19401488620907556,1.9909789188296994,0.016214007634436874,0.0766121889014267,0.0,0.3785,0.3318,0.0059,0.0534,0.2304
santander,22,weighted,nbi_B,66,66,20,0.010088627555314592,0.03985120233228872,0.04291817197769883,0.013559790072574688,0.16842116873416446,1.043836006768406,1.253541474256554,1.2807106420392431,0.978785865525855,0.07575757575757576,0.25,0.75,0.0,0.705,0.14238890739798005,1.8011516591198822,3.937203432717342e-08,1.3578942590191968e-07,0.0,0.2863,0.5484,0.0002,0.0252,0.1399
santander,22,weighted,nbi_C,66,55,37,0.006920430065090158,0.021858421029725614,0.04126081345824521,0.01257049423213367,0.1828279628222045,2.0071278266006485,1.2608682774997333,1.2807106420392431,0.9845067543844913,0.4909090909090909,0.7297297297297297,0.2702702702702703,0.0,1.0,0.08206621892294703,2.1836388242899814,3.937203432717342e-08,1.3578942590191968e-07,0.0,0.0929,0.5383,0.0008,0.0459,0.3221
santander,22,weighted,ws_random_scalarization,66,66,60,0.0006087892708076146,0.43640306739270146,0.10167046835099255,0.0064274936647610165,0.13969857330571805,5.293808093317617,1.2526069768974217,1.2807106420392431,0.9780561945693895,0.7878787878787878,0.8666666666666667,0.13333333333333333,0.0,1.0,0.05380792657764132,1.5580329905816157,0.01696917638587827,4.760278959755271e-05,0.009269276561219801,0.0184,0.7863,0.0,0.0017,0.1937
santander,22,weighted,random_dirichlet_budget,66,66,6,5.323855429619969,31.02270297499976,1.2647231808855928,1.2290048262661535,1.02032499303758,0.6386834130729065,0.0,1.2807106420392431,0.0,0.0,0.0,1.0,0.0,1.0,0.30166453486786826,2.4619977259987493,0.00784658405505115,0.12057744064266193,1.2906546258809197,0.1015,0.4358,0.0325,0.1676,0.2627
santander,22,weighted,design_runs,66,66,7,0.0022698233425475266,35.71893677484649,0.10325793290710487,0.015068293332076434,0.3073127539828069,0.9756525746964763,1.2496579422436664,1.2807106420392431,0.975753539655037,0.06060606060606061,0.5714285714285714,0.42857142857142855,0.0,0.63,0.258096944400049,1.7999999999999998,0.015719389885277758,0.00016117971962519622,0.0,0.3571,0.5238,0.0,0.0,0.119
santander,22,weighted,single_objective_refs,7,7,4,0.0,12.846597104665781,0.13191136452151925,0.02052179629752041,0.7340711067682546,0.8551467195055348,1.224305993435778,1.2807106420392431,0.9559583197390682,0.5714285714285714,1.0,0.0,0.0,0.875,0.3308033388430445,1.3850534084292825,0.0,1.3450599314624696e-07,0.0,0.2503,0.5449,0.0008,0.0328,0.1711
santander,22,support,nbi_A,66,66,8,0.08106377421092399,0.13081772384153906,0.07906932233771942,0.07518667184792213,0.4389110519617938,1.6876247458884694,1.1209980133822062,1.328457180060781,0.8438345098416473,0.0,0.0,1.0,0.0,0.805,0.2106417356804245,1.8363639809886214,0.016214021737685953,0.0766121889014267,0.0,0.1936,0.546,0.0224,0.0652,0.1728
santander,22,support,nbi_B,66,66,11,0.04536319120177043,0.15021399381791817,0.024003443118020953,0.00784229267047,0.4717872752550788,1.6718806515299982,1.309299553194971,1.328457180060781,0.9855790407448937,0.030303030303030304,0.18181818181818182,0.8181818181818182,0.0,0.68,0.22224719624784456,1.873719211471036,3.937206857371008e-08,1.3578942590191968e-07,0.0,0.1428,0.5736,0.0004,0.0424,0.2408
santander,22,support,nbi_C,66,55,29,0.019619282803571628,0.08425107643403887,0.007677570232806155,0.0013381093374746804,0.24900313362971455,3.319449829565542,1.3225124880390358,1.328457180060781,0.9955251158178292,0.4727272727272727,0.896551724137931,0.10344827586206896,0.0,0.49,0.1818470775705473,2.1836388242899814,3.937206857371008e-08,1.3578942590191968e-07,0.0,0.0586,0.5235,0.0011,0.0586,0.3582
santander,22,support,ws_random_scalarization,66,66,9,0.0031763434137356875,0.029430741501570417,0.3274264270605172,0.010060816702207986,0.012266484054158562,1.348289308159017,1.3088049264820623,1.328457180060781,0.9852067090504042,0.0,0.0,1.0,0.0,0.105,0.2084303282155063,1.0,0.016969191145987342,4.760278959755271e-05,0.00030474215032368003,0.0,0.858,0.0,0.0115,0.1305
santander,22,support,random_dirichlet_budget,66,66,2,0.1778717539922174,0.7949204202018638,0.7340979307506506,0.7191641304504753,,,0.11589404684596595,1.328457180060781,0.08723958030823654,0.0,0.0,1.0,0.0,,,2.3505396844225666,0.007846590880157676,0.12057744064266193,0.9853269379337165,0.2347,0.2731,0.0414,0.0265,0.4242
santander,22,support,design_runs,66,66,4,0.0039032040589612126,0.8818410707650098,0.29435006452358164,0.008710718807217561,0.8416085702590864,1.66077469867927,1.3102800253172464,1.328457180060781,0.9863170939821313,0.015151515151515152,0.25,0.75,0.0,0.925,0.3320500157321741,1.4,0.015719403558299004,0.00016117971962519622,0.0,0.25,0.5417,0.0,0.0,0.2083
santander,22,support,single_objective_refs,7,7,4,0.0,0.12534487760029864,0.03232362960396424,0.011303333054535951,0.7602074248202206,0.9031134174119148,1.3044925341964844,1.328457180060781,0.9819605432346715,0.5714285714285714,1.0,0.0,0.0,0.85,0.3771574473900931,1.3850534084292825,0.0,1.3450599314624696e-07,0.0,0.2503,0.5449,0.0008,0.0328,0.1711
santander,23,weighted,nbi_A,66,66,14,0.6050676915516406,7.3890387763865135,0.14399656285348095,0.13559075081259583,0.9345419549268976,1.6547394629409695,1.0275852285877909,1.3024763443133334,0.7889473256648931,0.0,0.0,1.0,0.0,1.0,0.18286827801151914,1.9869712748635462,0.01562927893804526,0.07635767337775458,1.0354410123852661e-08,0.3703,0.3517,0.0057,0.0588,0.2136
santander,23,weighted,nbi_B,66,66,21,0.009044789540225964,0.04503273312728428,0.03379968062941128,0.010456071964578992,0.09934248509845685,0.9289668836932153,1.2898065353897512,1.3024763443133334,0.9902725228147912,0.06060606060606061,0.19047619047619047,0.8095238095238095,0.0,0.335,0.13786671547058024,1.7818259216942511,9.029381294098766e-08,0.0,1.0354410123852661e-08,0.2608,0.5755,0.0,0.0263,0.1374
santander,23,weighted,nbi_C,66,56,21,0.0069491938379953955,0.03152426635638777,0.04293091012795337,0.009850826557226161,0.2143307520196909,2.097966435838451,1.290696907957261,1.3024763443133334,0.9909561226140483,0.19642857142857142,0.5238095238095238,0.47619047619047616,0.0,0.86,0.14264000717993613,2.088969296186089,9.029381294098766e-08,0.0,1.0354410123852661e-08,0.1826,0.5416,0.0,0.0226,0.2532
santander,23,weighted,ws_random_scalarization,66,66,66,0.00046985108159669796,0.00046985108159669796,0.05208786172197575,0.00398784461307771,0.04548894109794852,3.5140343411187076,1.281808895118079,1.3024763443133334,0.984132188438209,0.7272727272727273,0.7272727272727273,0.2727272727272727,0.0,0.33,0.0606166009760595,1.4454317299138975,0.014372156847395864,1.5496716350433618e-05,1.0354410123852661e-08,0.0435,0.8113,0.0,0.0022,0.143
santander,23,weighted,random_dirichlet_budget,66,66,7,3.6630720027677426,21.960708909908533,0.4010363215565656,0.3226150364254781,0.7233061330808995,0.7041528350998831,0.5963798518331932,1.3024763443133334,0.45788152271403065,0.0,0.0,1.0,0.0,0.995,0.22889173637038734,3.094485333510718,0.01721210371896826,0.22228171215067355,0.2027396213575719,0.2083,0.2958,0.0337,0.1481,0.3141
santander,23,weighted,design_runs,66,66,7,0.0023696236989840043,24.472496642532146,0.060431053261233686,0.011643384516565066,0.3085440692525037,0.9993238976310246,1.2790734108154633,1.3024763443133334,0.9820319704077174,0.06060606060606061,0.5714285714285714,0.42857142857142855,0.0,0.655,0.25697828852426147,1.7999999999999998,0.011560317150561139,0.0003585665285847955,1.0354410123852661e-08,0.3571,0.5238,0.0,0.0,0.119
santander,23,weighted,single_objective_refs,7,7,4,1.9048430739800567e-07,8.814759297601162,0.11230622011753155,0.014277470641191743,0.7717493226641728,1.1854874471639145,1.276456415346936,1.3024763443133334,0.9800227243435158,0.2857142857142857,0.5,0.5,0.0,0.925,0.2928640719076965,1.377343479249344,0.0,6.72882821377672e-10,1.0354410123852661e-08,0.25,0.5528,0.0,0.0251,0.1721
santander,23,support,nbi_A,66,66,8,0.08637184867119166,0.15385131858354478,0.09422599603965101,0.09313253556150268,0.44444395423845423,1.7470640663129169,1.1239506645963413,1.3291115793018264,0.8456405632902131,0.0,0.0,1.0,0.0,0.76,0.2834257780334896,1.787636312649554,0.01566129345350727,0.07649935780845418,8.185353145693361e-11,0.1932,0.5511,0.0368,0.0509,0.168
santander,23,support,nbi_B,66,66,12,0.05208136939535915,0.18964983150523018,0.1492141456405538,0.007560890854476817,0.3697136336668537,2.1494234679355664,1.3240832601139334,1.3291115793018264,0.9962167817463945,0.015151515151515152,0.08333333333333333,0.9166666666666666,0.0,0.7,0.23250343345741226,1.839377455329343,9.04787679016088e-08,0.0,8.185353145693361e-11,0.1363,0.5871,0.0,0.0427,0.234
santander,23,support,nbi_C,66,56,13,0.043998131988115044,0.11699902822137044,0.14454387972827445,0.0008812450693472242,0.2917876544185075,2.217677523221118,1.3251560351062295,1.3291115793018264,0.9970239186406947,0.14285714285714285,0.6153846153846154,0.38461538461538464,0.0,0.69,0.23150167454603476,2.088969296186089,9.04787679016088e-08,0.0,8.185353145693361e-11,0.1346,0.4903,0.0,0.0365,0.3385
santander,23,support,ws_random_scalarization,66,66,19,0.0023072820874930336,0.02558244162406846,0.15008625576500328,0.009112011057501786,0.018613760693960864,2.4107721882755375,1.3119719005129227,1.3291115793018264,0.9871044093996179,0.0,0.0,1.0,0.0,0.245,0.20661111431243417,1.0,0.014401596314145245,1.5525471069333475e-05,8.185353145693361e-11,0.1053,0.8448,0.0,0.0077,0.0422
santander,23,support,random_dirichlet_budget,66,66,2,0.2148387554056771,0.8026307959579939,0.9028444493027215,0.890018097575786,,,0.09487951838918306,1.3291115793018264,0.0713856683417224,0.0,0.0,1.0,0.0,,,2.9922936577625645,0.017247360442124136,0.22269416392464517,1.0000000106618772,0.0416,0.4989,0.0628,0.1747,0.2221
santander,23,support,design_runs,66,66,4,0.005069204202719326,0.9043211496039433,0.15826373302678962,0.005970234713604959,0.8511431069338822,1.6735079408569962,1.3151709640562892,1.3291115793018264,0.9895113281212551,0.015151515151515152,0.25,0.75,0.0,0.915,0.2479233852358734,1.4,0.011583996934742448,0.0003592318617755953,8.185353145693361e-11,0.25,0.5417,0.0,0.0,0.2083
santander,23,support,single_objective_refs,7,7,4,0.0009027715324505846,0.140161834691183,0.15429893480663442,0.008423936617243557,0.8187983168621386,1.4814182209085616,1.3273606098836206,1.3291115793018264,0.9986826016374595,0.14285714285714285,0.25,0.75,0.0,0.93,0.2401870411272165,1.377343479249344,0.0,6.741313798428152e-10,8.185353145693361e-11,0.25,0.5528,0.0,0.0251,0.1721
santander,24,weighted,nbi_A,66,66,12,0.911979807187384,10.237255216734402,0.1784835133953048,0.1608723183355937,1.3426702898500973,1.5984491018121476,0.9729893503337851,1.2926226469616924,0.7527249755532252,0.0,0.0,1.0,0.0,1.0,0.21016532501745153,1.9848466513064094,0.015558746581753203,0.07801066511025821,1.999984596082756e-08,0.4138,0.2707,0.0061,0.0393,0.2701
santander,24,weighted,nbi_B,66,66,25,0.01495414795657386,0.03542031795920773,0.031868978348555094,0.013063767120668784,0.1303864855132121,1.0284573184012984,1.2637844992438394,1.2926226469616924,0.9776902038768723,0.030303030303030304,0.08,0.92,0.0,0.765,0.11081623881242639,1.8457955416524068,2.9235372882518333e-07,3.1271654589958755e-07,1.999984596082756e-08,0.2325,0.565,0.0006,0.029,0.1729
santander,24,weighted,nbi_C,66,55,40,0.007443894343201291,0.024377239225825614,0.03886131170937054,0.011083081839651286,0.1803238760533319,2.275102711503384,1.275688089331043,1.2926226469616924,0.9868990709156659,0.4909090909090909,0.675,0.325,0.0,0.995,0.07452125792166094,2.1199733508586798,0.0,3.1271654589958755e-07,1.999984596082756e-08,0.0897,0.5512,0.0011,0.0318,0.3262
santander,24,weighted,ws_random_scalarization,66,66,57,0.0003203104762273021,0.004398449885533567,0.2012888053035565,0.01003011410931726,0.011335588309460107,3.409773878802867,1.256118105038595,1.2926226469616924,0.9717593204722962,0.803030303030303,0.9298245614035088,0.07017543859649122,0.0,0.0,0.05209907061140302,1.5612277258482867,0.013958442129893505,7.185175394531338e-05,0.04258165401180118,0.0,0.778,0.0,0.0011,0.2209
santander,24,weighted,random_dirichlet_budget,66,66,5,7.971501262724194,30.144796334457105,0.40721209108198353,0.2943193835145074,12.478764169919387,1.8641073557685346,0.7141791441593278,1.2926226469616924,0.5525039700008388,0.0,0.0,1.0,0.0,1.0,0.31426155815844925,3.158469960491862,0.0231471464428782,0.13074442484349597,0.3756490871929543,0.152,0.3927,0.0499,0.1124,0.293
santander,24,weighted,design_runs,66,66,7,0.002186912958117867,33.86525751710943,0.08952324731849193,0.013131213629554146,0.30812705879605695,0.9819583974277596,1.2658727936830627,1.2926226469616924,0.9793057522692294,0.045454545454545456,0.42857142857142855,0.5714285714285714,0.0,0.695,0.2554039790090007,1.7999999999999998,0.012551529670460769,0.00042393757690688727,1.999984596082756e-08,0.3571,0.5238,0.0,0.0,0.119
santander,24,weighted,single_objective_refs,7,7,4,0.025716388850451296,12.189797889361076,0.12800448206822693,0.016953926392683696,0.7489710219596776,0.8579925774193494,1.243876637656214,1.2926226469616924,0.9622890644690035,0.42857142857142855,0.75,0.25,0.0,0.88,0.3331098795383518,1.3754952717551183,2.524873115684707e-07,3.1208464392688786e-07,1.999984596082756e-08,0.2503,0.5513,0.0011,0.0262,0.171
santander,24,support,nbi_A,66,66,9,0.07816927887946074,0.1480615162818487,0.08558033983413507,0.08419722013426142,0.41882833665292607,1.8437894696213837,1.111967618973779,1.3287752954630656,0.8368364634490506,0.0,0.0,1.0,0.0,0.86,0.13765502068186375,1.9534239768773398,0.015565252353242355,0.07803894758662379,1.151431136094277e-10,0.1712,0.564,0.0321,0.058,0.1747
santander,24,support,nbi_B,66,66,17,0.04260321873932782,0.14465552667349732,0.016071300638506508,0.008392603305304945,0.3095989075262151,2.5608109004899746,1.3112607371239633,1.3287752954630656,0.986819021696969,0.0,0.0,1.0,0.0,0.72,0.14498614720112704,1.8741292340143347,2.92475974312231e-07,3.1282992011971535e-07,1.151431136094277e-10,0.0988,0.6059,0.0009,0.0413,0.2531
santander,24,support,nbi_C,66,55,30,0.011912097236277818,0.08860335913207619,0.007997079245356982,0.00066729805643789,0.127762468082692,3.339101909413077,1.3220899234175334,1.3287752954630656,0.9949687715685575,0.4909090909090909,0.9,0.1,0.0,0.455,0.1885981155382106,2.1082524451377154,0.0,3.1282992011971535e-07,1.151431136094277e-10,0.0616,0.533,0.0014,0.0424,0.3616
santander,24,support,ws_random_scalarization,66,66,5,0.003369753866838291,0.017290344518236647,0.3350913644908065,0.009057969430928101,0.013459047441122085,0.9536059747498845,1.3125593476443875,1.3287752954630656,0.9877963205110409,0.0,0.0,1.0,0.0,0.205,0.23672463890903475,1.7299841768759592,0.0139642787462536,7.187780353135283e-05,0.0002453374285860026,0.0,0.811,0.0,0.0128,0.1762
santander,24,support,random_dirichlet_budget,66,66,4,0.16935788224590648,0.7943056441295181,0.729883372213531,0.7216450642388178,0.08788668657393613,0.79586048714016,0.10036133422117892,1.3287752954630656,0.07552919937919522,0.0,0.0,1.0,0.0,0.43,0.3001627467610472,3.0185952813705956,0.023156825246025487,0.13079182574823559,1.0028124174004647,0.1424,0.3846,0.0611,0.0724,0.3396
santander,24,support,design_runs,66,66,4,0.004347796543450382,0.91381679228473,0.32108699540390157,0.007484236879585153,0.8474685433363548,1.6696132303025424,1.313946601191699,1.3287752954630656,0.9888403296464064,0.015151515151515152,0.25,0.75,0.0,0.915,0.32315116781730746,1.4,0.012556777997081828,0.00042409127389796407,1.151431136094277e-10,0.25,0.5417,0.0,0.0,0.2083
santander,24,support,single_objective_refs,7,7,4,0.0037156647833492765,0.1406890207044471,0.03634835322071166,0.011841142126249263,0.7637233128084202,0.9161241809920125,1.3083700692568614,1.3287752954630656,0.9846435840010909,0.2857142857142857,0.5,0.5,0.0,0.92,0.319700343356704,1.3754952717551183,2.525928872165053e-07,3.121977890533067e-07,1.151431136094277e-10,0.2503,0.5513,0.0011,0.0262,0.171
santander,25,weighted,nbi_A,66,66,14,0.6091626247415686,7.565448051418186,0.1320353172915044,0.12309362788132414,0.9658290001336384,1.7486123436561445,1.0263642356755571,1.301624298023744,0.7885257191601953,0.015151515151515152,0.07142857142857142,0.9285714285714286,0.0,1.0,0.1536418231479024,1.936960097843595,0.01582585141566676,0.0772247106939878,5.950398483619873e-10,0.3936,0.3448,0.0056,0.0546,0.2013
santander,25,weighted,nbi_B,66,60,18,0.009707086529873015,0.03974413478373015,0.03320158083707776,0.00970841111845719,0.10981727878601036,0.9542428980314629,1.2873197876012439,1.301624298023744,0.9890102616828691,0.03333333333333333,0.1111111111111111,0.8888888888888888,0.0,0.49,0.12315294908031776,1.7666698171305177,6.580461300809104e-08,0.0,5.950398483619873e-10,0.2749,0.5646,0.0,0.0193,0.1412
santander,25,weighted,nbi_C,66,50,21,0.007302093605208546,0.028880760327103655,0.05791350418989768,0.010956306902987201,0.26323858870971867,2.494280840401364,1.2856622522856356,1.301624298023744,0.9877368256244574,0.22,0.5238095238095238,0.47619047619047616,0.0,1.0,0.10495846591685545,2.1115124884925174,6.580461300809104e-08,0.0,5.950398483619873e-10,0.1639,0.549,0.0,0.0198,0.2673
santander,25,weighted,ws_random_scalarization,66,66,63,8.89710142819986e-05,0.37062925897804583,0.03442586425764673,0.0028830539368157786,0.025632581942910182,2.475898318180754,1.2805681348352786,1.301624298023744,0.9838231637036624,0.7121212121212122,0.746031746031746,0.25396825396825395,0.0,0.035,0.05909456970220472,1.1803896174288941,0.01677560939030997,0.00025005610745636625,5.950398483619873e-10,0.1313,0.7728,0.0,0.0001,0.0958
santander,25,weighted,random_dirichlet_budget,66,66,6,1.5201933166006298,25.24909791426076,1.0079917870373702,0.9792070305965176,0.2204145330831831,0.19795125865022586,0.035362719915278076,1.301624298023744,0.02716814672941285,0.0,0.0,1.0,0.0,0.455,0.2832528507735198,2.355205850660829,0.010913287022446861,0.10409077853153206,0.5457005433719275,0.3243,0.2813,0.015,0.1783,0.2012
santander,25,weighted,design_runs,66,66,7,0.0022269053188093573,25.009568083217705,0.060367572429358675,0.01119178975535707,0.3121213268972668,1.0100144086857707,1.2798395252926038,1.301624298023744,0.9832633942342532,0.06060606060606061,0.5714285714285714,0.42857142857142855,0.0,0.7,0.24299994617513035,1.7999999999999998,0.009868033393901302,0.00032737517006868773,5.950398483619873e-10,0.3571,0.5238,0.0,0.0,0.119
santander,25,weighted,single_objective_refs,7,7,4,4.690692279041286e-15,9.016159810602927,0.12451708514722118,0.015398632449564577,0.7852113012694953,1.22940951817702,1.2753043787653484,1.301624298023744,0.9797791733771741,0.42857142857142855,0.75,0.25,0.0,0.92,0.33395410922495655,1.378333548628258,0.0,1.477676538987882e-09,5.950398483619873e-10,0.25,0.555,0.0,0.0223,0.1728
santander,25,support,nbi_A,66,66,8,0.09797519691343705,0.18144475847748848,0.10050395325359489,0.09859091483296799,0.446406077721299,1.7679150878191778,1.1158289891671664,1.3292619008792947,0.8394350191102714,0.0,0.0,1.0,0.0,0.85,0.22117445047334008,1.7880891128422056,0.015894402810855492,0.0775239387011765,4.618118612537539e-12,0.1933,0.5531,0.0367,0.0509,0.166
santander,25,support,nbi_B,66,60,10,0.016554303887622773,0.16439971162680472,0.12050509054573985,0.005903500066767514,0.5117579082738538,2.479600050339925,1.3251878824577559,1.3292619008792947,0.996935127367418,0.016666666666666666,0.1,0.9,0.0,0.69,0.2929146861226165,1.8116596919397634,6.608965284026674e-08,0.0,4.618118612537539e-12,0.1233,0.6069,0.0,0.03,0.2398
santander,25,support,nbi_C,66,50,13,0.04775608867899232,0.09070665114376993,0.11701492934969487,0.0007807933734408684,0.32687837839845213,2.265180059976134,1.3253720121519608,1.3292619008792947,0.9970736476199605,0.2,0.7692307692307693,0.23076923076923078,0.0,0.71,0.2445592321741254,2.0648806166577796,6.608965284026674e-08,0.0,4.618118612537539e-12,0.1314,0.5001,0.0,0.032,0.3365
santander,25,support,ws_random_scalarization,66,66,20,0.0014908309495559316,0.05142667704238644,0.1291822980937681,0.009414212135938823,0.005731460827633355,3.0779350562554617,1.309058285458566,1.3292619008792947,0.9848008767817957,0.0,0.0,1.0,0.0,0.025,0.25186335477539024,1.0,0.016848274765375256,0.0002510250174082084,4.618118612537539e-12,0.15,0.82,0.0,0.0003,0.0297
santander,25,support,random_dirichlet_budget,66,66,3,0.5413645836885081,0.8847399495925541,0.879834774983332,0.864391334397658,0.11690533663851094,0.1049063296235046,0.16523691336914748,1.3292619008792947,0.12430726650620524,0.0,0.0,1.0,0.0,0.665,0.2330800735186492,2.428658989847663,0.010960559111122179,0.10449410637759074,0.02187340810588192,0.2404,0.3095,0.0385,0.2955,0.1162
santander,25,support,design_runs,66,66,4,0.005044483070024442,0.9218536433218377,0.1241339016729362,0.004988782847333306,0.8565217593133272,1.680267812033826,1.31724582684092,1.3292619008792947,0.9909603412010634,0.015151515151515152,0.25,0.75,0.0,0.89,0.31277867174655666,1.4,0.009910777852897755,0.00032864367361971946,4.618118612537539e-12,0.25,0.5417,0.0,0.0,0.2083
santander,25,support,single_objective_refs,7,7,4,0.0014528590894950222,0.15547198401880857,0.1210920326493622,0.006794762350952848,0.8309150939189955,1.5274342752826635,1.327927503896763,1.3292619008792947,0.9989961368924747,0.42857142857142855,0.75,0.25,0.0,0.89,0.2493189496338651,1.378333548628258,0.0,1.4834021959965949e-09,4.618118612537539e-12,0.25,0.555,0.0,0.0223,0.1728
santander,26,weighted,nbi_A,66,66,13,0.49734273471847146,6.0770204358614635,0.12993924496162862,0.11372361229761031,0.7984647420326872,1.5231244870351515,1.0570667925134725,1.3078493873449333,0.8082481077270106,0.0,0.0,1.0,0.0,1.0,0.19165995143801012,1.960230502457732,0.015940619517313404,0.07605362130932175,1.207736058273738e-08,0.3725,0.3717,0.0061,0.0576,0.1922
santander,26,weighted,nbi_B,66,64,24,0.008698552309784583,0.02601279921346534,0.03911766679501084,0.009350847431962737,0.19059922143122462,1.523509177789239,1.2854245216949451,1.3078493873449333,0.9828536329435358,0.0625,0.16666666666666666,0.8333333333333334,0.0,0.91,0.11687163222584025,1.851342734101752,2.6714272322702537e-08,3.48966762777725e-10,1.207736058273738e-08,0.1707,0.61,0.0011,0.0341,0.1841
santander,26,weighted,nbi_C,66,54,38,0.003767062999162419,0.021231470335415763,0.05463008999879958,0.00828707590914879,0.2258819032503685,2.97481123039684,1.2936309595216113,1.3078493873449333,0.9891283905005401,0.5185185185185185,0.7368421052631579,0.2631578947368421,0.0,1.0,0.07762348002022497,2.1021441655739634,2.6714272322702537e-08,3.48966762777725e-10,1.207736058273738e-08,0.0581,0.5601,0.0022,0.0396,0.34
santander,26,weighted,ws_random_scalarization,66,66,57,0.0009326441751835482,0.560613041584206,0.19915107993755168,0.006970171245991359,0.008274362467592476,2.0495403888250046,1.2813532424211922,1.3078493873449333,0.979740675661797,0.7575757575757576,0.8771929824561403,0.12280701754385964,0.0,0.0,0.053812505372947704,1.6288696264051454,0.01376169667681082,0.00010304873079572585,0.02345012678672538,0.0013,0.7654,0.0,0.0039,0.2294
santander,26,weighted,random_dirichlet_budget,66,66,5,2.6040500909010134,20.03133015938702,1.1903490664932075,1.1617264362428008,0.7303636735005617,0.5984429480307444,0.02607661262564026,1.3078493873449333,0.01993854405405077,0.0,0.0,1.0,0.0,0.93,0.2841384958450091,3.4500262689332666,0.016414544050831013,0.22295944775260781,0.9914133818128755,0.1975,0.2748,0.0301,0.2081,0.2895
santander,26,weighted,design_runs,66,66,7,0.0019312681296831775,20.50207388589305,0.08976927095813586,0.009603973586426482,0.31320211445887125,1.0283846675145636,1.2847839928914526,1.3078493873449333,0.982363875629207,0.045454545454545456,0.42857142857142855,0.5714285714285714,0.0,0.665,0.26199716062192074,1.7999999999999998,0.0130687685455483,0.0005291020844968445,1.207736058273738e-08,0.3571,0.5238,0.0,0.0,0.119
santander,26,weighted,single_objective_refs,7,7,4,0.0,7.3262619373540065,0.1332098615653462,0.01228554742256322,0.7539407927672069,0.8967684549301327,1.2718894698512178,1.3078493873449333,0.972504542310703,0.5714285714285714,1.0,0.0,0.0,0.925,0.3155238118344845,1.3725465537135868,0.0,0.0,1.207736058273738e-08,0.25,0.5539,0.0019,0.0275,0.1667
santander,26,support,nbi_A,66,66,9,0.07670412570611958,0.13874845748986767,0.06724450210414133,0.06547650607038767,0.42382330570680954,1.83741159620809,1.1288193500664727,1.3289584770491536,0.8494015197321485,0.0,0.0,1.0,0.0,0.905,0.09368543292117229,1.9505364211654708,0.015985620785136816,0.07624991622550248,1.1389372802522026e-10,0.1708,0.5649,0.0331,0.0585,0.1727
santander,26,support,nbi_B,66,64,16,0.03639107016550026,0.13709174026011053,0.01959132631973196,0.008865717727379038,0.3355621634157063,2.4973426085791766,1.3110723432954572,1.3289584770491536,0.9865412395777698,0.015625,0.0625,0.9375,0.0,0.715,0.14734797251570989,1.8523863481201115,2.678968821994516e-08,3.498674483765174e-10,1.1389372802522026e-10,0.0993,0.613,0.0016,0.0411,0.245
santander,26,support,nbi_C,66,54,32,0.01790798581646301,0.09652018666083538,0.013896299206034222,0.0014557595126338883,0.24108924418784275,3.6119330668234384,1.321517516242591,1.3289584770491536,0.994400907977889,0.5370370370370371,0.90625,0.09375,0.0,0.475,0.17554547909040852,2.114397608837566,2.678968821994516e-08,3.498674483765174e-10,1.1389372802522026e-10,0.0519,0.5449,0.0026,0.0468,0.3537
santander,26,support,ws_random_scalarization,66,66,8,0.006751856339485863,0.018651343254703218,0.4410252297985035,0.010022855589592847,0.008056241382990862,0.8359483198792369,1.3126952908324467,1.3289584770491536,0.9877624572192669,0.0,0.0,1.0,0.0,0.035,0.12502606611422704,1.7708737829056271,0.013800546722581318,0.00010331470027391555,0.00023879599100519181,0.0,0.7688,0.0,0.0278,0.2034
santander,26,support,random_dirichlet_budget,66,66,3,0.7171697981371733,0.8191834978599579,0.6666244153843544,0.6571913947123925,1.6441522319136652,1.5955428839714956,0.09213398808952909,1.3289584770491536,0.06932796598288403,0.0,0.0,1.0,0.0,0.99,0.431457474654096,2.6003358267044905,0.016460883234338173,0.22353490761046652,0.9985079834841676,0.0883,0.2601,0.2657,0.094,0.2918
santander,26,support,design_runs,66,66,4,0.0009562276340189993,0.9001860902011161,0.43121639558975394,0.008295198842752174,0.8546624495403585,1.681783283154385,1.313221164238574,1.3289584770491536,0.9881581606330372,0.030303030303030304,0.5,0.5,0.0,0.95,0.32534108968434977,1.4,0.013105662416128528,0.0005304677005916382,1.1389372802522026e-10,0.25,0.5417,0.0,0.0,0.2083
santander,26,support,single_objective_refs,7,7,4,0.0009562276339188539,0.13240425024208377,0.04754770450748972,0.011850997059519629,0.7721308197773398,0.9268048232134731,1.3090824660488332,1.3289584770491536,0.9850439187201292,0.42857142857142855,0.75,0.25,0.0,0.94,0.29215479248416515,1.3725465537135868,0.0,0.0,1.1389372802522026e-10,0.25,0.5539,0.0019,0.0275,0.1667
santander,27,weighted,nbi_A,66,66,13,0.11062806126900736,1.6092005239840153,0.10354074974851972,0.0793603408274343,0.24890036015872768,0.9307204892986325,1.1478240615728486,1.3223770350407262,0.868000601309216,0.0,0.0,1.0,0.0,0.73,0.18753930621798418,2.0059395950214456,0.016130156515964694,0.07698842502653329,0.0,0.3779,0.2929,0.006,0.0491,0.2742
santander,27,weighted,nbi_B,66,66,18,0.01505182417092521,0.03207448499584039,0.041670015011715404,0.004655527692319244,0.23787634161281823,1.3228892678535125,1.3031447853750948,1.3223770350407262,0.9854563039465979,0.030303030303030304,0.1111111111111111,0.8888888888888888,0.0,0.835,0.16799527133322606,1.8270869967760626,0.00013422100983050792,0.0,0.0,0.3341,0.5068,0.0022,0.0219,0.135
santander,27,weighted,nbi_C,66,55,35,0.0015234491483784901,0.01567772835864945,0.03784142839775105,0.003496715216323326,0.2057533168816816,2.9476955080121563,1.3149720414322568,1.3223770350407262,0.9944002403155455,0.45454545454545453,0.7142857142857143,0.2857142857142857,0.0,0.99,0.09145055592318461,2.137521317337971,0.0,0.0,0.0,0.0703,0.5379,0.0096,0.0412,0.3409
santander,27,weighted,ws_random_scalarization,66,66,53,0.0006890342411169334,0.07121619876653063,0.23904322012124596,0.00668188117173366,0.005924301736884304,3.9044934987053184,1.2937258215817884,1.3223770350407262,0.9783335518541764,0.7424242424242424,0.9245283018867925,0.07547169811320754,0.0,0.0,0.06230554772577129,1.7297178930096946,0.014240205018313596,7.258043029857241e-08,0.016467260392815104,0.0,0.7038,0.0,0.003,0.2932
santander,27,weighted,random_dirichlet_budget,66,66,7,1.1470280440109646,5.750685508370185,0.817455464834502,0.7628631343043842,0.43687397341951395,0.9157386406651693,0.25996623569789024,1.3223770350407262,0.1965901016194552,0.0,0.0,1.0,0.0,0.805,0.27233303047602603,3.29718629449067,0.010851336833026776,0.186243058678601,0.29109795291756363,0.1368,0.382,0.0523,0.1559,0.2729
santander,27,weighted,design_runs,66,66,7,0.0011548111824762745,6.561020272810394,0.08339086790588648,0.003945169625630049,0.3119010233322598,1.0695707360725872,1.3058427136103923,1.3223770350407262,0.9874965149936797,0.045454545454545456,0.42857142857142855,0.5714285714285714,0.0,0.615,0.2697378697649882,1.7999999999999998,0.012160791935573062,0.00012663233620568946,0.0,0.3571,0.5238,0.0,0.0,0.119
santander,27,weighted,single_objective_refs,7,7,4,0.028188225478145795,2.1635235943832454,0.11202144626951718,0.006005824485684766,0.7750217975583539,0.8876495275615641,1.2939182551837312,1.3223770350407262,0.9784790728340812,0.2857142857142857,0.5,0.5,0.0,0.915,0.30775605768995984,1.386724273271691,0.00013414261734054751,1.6776047531236984e-09,0.0,0.2507,0.5443,0.0076,0.0277,0.1698
santander,27,support,nbi_A,66,66,8,0.08340156943230649,0.12236957358308993,0.06776777883914505,0.062110574021162095,0.4421505774939453,1.7471029561869194,1.1163000126822553,1.3286913751399294,0.8401499652729315,0.0,0.0,1.0,0.0,0.75,0.21500125804477882,1.8359683296562677,0.016130156515964694,0.07698843000825942,0.0,0.1929,0.5472,0.0361,0.0502,0.1736
santander,27,support,nbi_B,66,66,9,0.006608479413498657,0.1307198440468312,0.021024950851419918,0.008346877490248683,0.638657149610965,2.574139172603848,1.3099125149442192,1.3286913751399294,0.9858666500384767,0.015151515151515152,0.1111111111111111,0.8888888888888888,0.0,0.865,0.19585915831544554,1.8757305756276574,0.00013422100983050792,0.0,0.0,0.1114,0.5764,0.0045,0.0416,0.2662
santander,27,support,nbi_C,66,55,31,0.00036561957897882427,0.09721928878891727,0.0183578785283244,0.0036100133393583166,0.3922451042818314,3.9037745465938976,1.304209278749597,1.3286913751399294,0.9815742791378064,0.4909090909090909,0.8709677419354839,0.12903225806451613,0.0,1.0,0.18042704776263016,2.175917040906873,0.0,0.0,0.0,0.0323,0.5329,0.0108,0.0466,0.3775
santander,27,support,ws_random_scalarization,66,66,5,0.006493247632700354,0.010361171672971079,0.5795252921753847,0.008909351386070616,0.01322091395607452,0.937929529207312,1.3082975092994995,1.3286913751399294,0.9846511641288541,0.015151515151515152,0.2,0.8,0.0,0.145,0.2409380144649425,1.8700625963364086,0.014240205018313596,7.258043499506836e-08,0.004380262458128915,0.0,0.6722,0.0,0.0318,0.2961
santander,27,support,random_dirichlet_budget,66,66,5,0.34530957473388746,0.7546395309591224,0.5588792756994183,0.547451191168654,0.27245838460245775,1.0999379500648487,0.1016060923445823,1.3286913751399294,0.0764707999507273,0.0,0.0,1.0,0.0,0.66,0.2367166956161644,3.29718629449067,0.010851336833026776,0.18624307072991794,0.9958680100435174,0.0932,0.4156,0.1418,0.1436,0.2057
santander,27,support,design_runs,66,66,4,1.5319343016351183e-13,0.8754895061995694,0.542042711499635,0.006863255511348312,0.8425316610609325,1.6588285454303495,1.3147083689843326,1.3286913751399294,0.9894761067790298,0.030303030303030304,0.5,0.5,0.0,0.88,0.34619883555636044,1.4,0.012160791935573062,0.0001266323443997474,0.0,0.25,0.5417,0.0,0.0,0.2083
santander,27,support,single_objective_refs,7,7,4,0.0014859963508038264,0.11964789119597671,0.05999242592836204,0.011319747308026887,0.7616009271270889,0.9032527957225271,1.307698097235765,1.3286913751399294,0.9842000344873515,0.2857142857142857,0.5,0.5,0.0,0.915,0.34042676313909387,1.386724273271691,0.00013414261734054751,1.677604861677256e-09,0.0,0.2507,0.5443,0.0076,0.0277,0.1698
santander,28,weighted,nbi_A,66,66,13,0.7432550569664585,8.923469996687162,0.1533081916956161,0.13684150624307406,1.1659796716192161,1.711979076554015,1.018152949441444,1.2961560993496506,0.785517230488137,0.0,0.0,1.0,0.0,1.0,0.1938907182503632,1.9831103624677326,0.01590634683254131,0.07583791022001014,0.0,0.3835,0.3012,0.006,0.0494,0.26
santander,28,weighted,nbi_B,66,66,25,0.010723214173926828,0.03159032304158751,0.029850024871236162,0.011681958322884737,0.12576298007902614,1.0191905559437862,1.2705925817738823,1.2961560993496506,0.9802774391228072,0.06060606060606061,0.16,0.84,0.0,0.57,0.13051034397539907,1.8526097387820772,1.4426193122284154e-07,1.4160179651645082e-09,0.0,0.2326,0.5643,0.0007,0.0318,0.1707
santander,28,weighted,nbi_C,66,55,40,0.00595574944234389,0.019177848750213614,0.035733542891629284,0.00989073392499927,0.18085405226514265,2.287599563698528,1.2807124993704158,1.2961560993496506,0.9880850771083948,0.5272727272727272,0.725,0.275,0.0,1.0,0.08060419615508975,2.136289349146481,1.4426193122284154e-07,1.4160179651645082e-09,0.0,0.0825,0.5466,0.0012,0.0395,0.3302
santander,28,weighted,ws_random_scalarization,66,66,58,0.0008699102870515828,0.5926579606858243,0.16746562073539178,0.007038261576216343,0.022748121820047363,3.5925841640999137,1.2691425342600526,1.2961560993496506,0.9791587100480011,0.7727272727272727,0.8793103448275862,0.1206896551724138,0.0,0.0,0.05678084067754618,1.6296140884682377,0.014060030170153334,6.300661095515253e-05,0.029893584369903824,0.0042,0.7739,0.0,0.0027,0.2192
santander,28,weighted,random_dirichlet_budget,66,66,12,7.737412638604052,32.076076769440405,1.7775385149436997,1.761384279732151,2.2909206048007476,1.4158980738522662,0.0,1.2961560993496506,0.0,0.0,0.0,1.0,0.0,1.0,0.21347526409485396,3.322333753828855,0.02096612425579072,0.28012834241785134,1.7204092311112413,0.143,0.2826,0.0552,0.2317,0.2876
santander,28,weighted,design_runs,66,66,7,0.0019395943182052618,29.58220392378658,0.0981802998989703,0.011720401041993903,0.30874285192935597,0.9961907645248118,1.2703639363034016,1.2961560993496506,0.9801010363958552,0.06060606060606061,0.5714285714285714,0.42857142857142855,0.0,0.595,0.2819030852936682,1.7999999999999998,0.013444464507051388,0.0002829969922342685,0.0,0.3571,0.5238,0.0,0.0,0.119
santander,28,weighted,single_objective_refs,7,7,4,0.0,10.650553146753643,0.1211886367597822,0.014974479262880282,0.7442439332413441,0.8779008098164843,1.2514837604951334,1.2961560993496506,0.9655347539722017,0.5714285714285714,1.0,0.0,0.0,0.95,0.261306727006527,1.3800457713064314,0.0,0.0,0.0,0.2501,0.5496,0.0012,0.0293,0.1698
santander,28,support,nbi_A,66,66,9,0.07640855610218521,0.13433640768302796,0.07117505211774847,0.06961717689683537,0.42189975410963304,1.846142814571711,1.121664359134104,1.3286348069023382,0.8442232231964644,0.0,0.0,1.0,0.0,0.745,0.1884156920208524,1.9739261643293011,0.01590634683254131,0.07583791022001014,0.0,0.1733,0.5633,0.0327,0.0577,0.1729
santander,28,support,nbi_B,66,66,16,0.00803047553964388,0.1436356623613433,0.015995907781314305,0.00850512776382203,0.48309152593963506,3.639880615351415,1.3098948612678833,1.3286348069023382,0.9858953374267333,0.015151515151515152,0.0625,0.9375,0.0,0.965,0.20706710199139436,1.8823664087357945,1.4426193122284154e-07,1.4160179651645082e-09,0.0,0.0625,0.6234,0.0011,0.0485,0.2646
santander,28,support,nbi_C,66,55,32,0.0080237263288445,0.07830843877115902,0.00808008683401955,0.001467466608524309,0.26438484883420826,3.931569117377374,1.3223447897036253,1.3286348069023382,0.9952658042932221,0.509090909090909,0.875,0.125,0.0,0.495,0.1735015368344181,2.136289349146481,1.4426193122284154e-07,1.4160179651645082e-09,0.0,0.0449,0.5424,0.0015,0.0494,0.3618
santander,28,support,ws_random_scalarization,66,66,8,0.005608319483074492,0.019866185977294674,0.4221609903144313,0.009956064472940255,0.01042133614481529,1.512731320371416,1.3123617938333976,1.3286348069023382,0.9877520798157617,0.0,0.0,1.0,0.0,0.11,0.18844345453133526,1.756057786832463,0.014060030170153334,6.300661095515253e-05,0.000255773822481512,0.0,0.7628,0.0,0.0198,0.2174
santander,28,support,random_dirichlet_budget,66,66,5,0.331661692780469,0.9460788840772474,0.7526509152008549,0.7421089850769993,0.1143074715557996,0.6422539945090022,0.09075867534773077,1.3286348069023382,0.06830972278931273,0.0,0.0,1.0,0.0,0.535,0.2937618441511071,2.759645335513897,0.02096612425579072,0.28012834241785134,0.9885660092794277,0.2003,0.2601,0.0969,0.0666,0.376
santander,28,support,design_runs,66,66,4,0.00017726224388869662,0.8894819341796649,0.3918278866340075,0.008387780166663968,0.8471705438756213,1.6707082638594604,1.3130281371761463,1.3286348069023382,0.9882536046435678,0.030303030303030304,0.5,0.5,0.0,0.895,0.34710717800843516,1.4,0.013444464507051388,0.0002829969922342685,0.0,0.25,0.5417,0.0,0.0,0.2083
santander,28,support,single_objective_refs,7,7,4,0.00017726224384116788,0.1288727856065103,0.0390749943128556,0.011648900111980312,0.7646570399112698,0.9153621656385035,1.3076645499876594,1.3286348069023382,0.9842166885846005,0.42857142857142855,0.75,0.25,0.0,0.91,0.3019381471817365,1.3800457713064314,0.0,0.0,0.0,0.2501,0.5496,0.0012,0.0293,0.1698
santander,29,weighted,nbi_A,66,66,15,1.8294289944363415,22.76657805636699,0.24832186347402876,0.2434219715971077,2.739743259197793,2.1965234092109256,0.8081800490662727,1.2398598623913981,0.6518317703320788,0.0,0.0,1.0,0.0,1.0,0.16991091912159892,2.0661313275828275,0.014774250456685012,0.07361337757534515,0.0,0.3497,0.3127,0.005,0.0577,0.275
santander,29,weighted,nbi_B,66,66,20,0.015233275602138139,0.07883363249692224,0.0373566021215247,0.02394644324896781,0.0990770398113661,0.6331155818196174,1.1965860374091428,1.2398598623913981,0.9650978096034255,0.030303030303030304,0.1,0.9,0.0,0.325,0.13372853332148604,1.8446600446448125,1.329331806746946e-05,2.998295104436738e-07,0.0,0.2743,0.5513,0.0001,0.0263,0.148
santander,29,weighted,nbi_C,66,56,28,0.011065968023883094,0.045456219408923575,0.048248566032413516,0.022836859390347807,0.21269668078276882,1.9917121637499124,1.2033962638057918,1.2398598623913981,0.9705905484227253,0.25,0.5,0.5,0.0,0.975,0.09994734019740356,2.173504730152648,1.329331806746946e-05,2.998295104436738e-07,0.0,0.1365,0.5239,0.0001,0.0348,0.3047
santander,29,weighted,ws_random_scalarization,66,66,53,0.0011107398137533775,0.4414150023226507,0.13292237103590593,0.0113493498938984,0.03911129458958663,2.580429616234549,1.2051164171220445,1.2398598623913981,0.9719779256323843,0.7575757575757576,0.9433962264150944,0.05660377358490566,0.0,0.175,0.05073746617930747,1.6137380754624433,0.015025431700971365,1.4556078108121527e-05,0.06499666787333157,0.0172,0.7823,0.0,0.0036,0.1969
santander,29,weighted,random_dirichlet_budget,66,66,3,15.946157622340252,80.21883240679455,1.1538617059258878,1.103494695653688,5.105436732978403,0.3944256368399793,0.0,1.2398598623913981,0.0,0.0,0.0,1.0,0.0,1.0,0.3341743915196712,2.812448314902611,0.00648378757535046,0.12592338304739442,1.2957665366899258,0.0862,0.5004,0.0446,0.0891,0.2796
santander,29,weighted,design_runs,66,66,8,0.018884451008895752,73.4626995095723,0.08914233625143399,0.022251690285980057,0.2829215936653479,0.9354875218052697,1.1987490127139364,1.2398598623913981,0.9668423416835443,0.06060606060606061,0.5,0.5,0.0,0.645,0.24830109226382674,1.7999999999999998,0.011336006778536644,1.2479385057001975e-05,0.0,0.3542,0.5,0.0,0.0,0.1458
santander,29,weighted,single_objective_refs,7,7,4,0.0049733451049115696,26.721328673222406,0.13586833305355564,0.033097255409254615,0.6943092558650591,0.7884099457580487,1.1552960451488663,1.2398598623913981,0.931795665133132,0.42857142857142855,0.75,0.25,0.0,0.87,0.3405128780834308,1.3959093770018378,1.3280543759389737e-05,2.9845975053375234e-07,0.0,0.2504,0.5403,0.0002,0.0288,0.1804
santander,29,support,nbi_A,66,66,11,0.11374621520406515,0.1923720576274603,0.10436586666569377,0.10239221651190522,0.37485808990559033,2.2321778140176,1.129277010855001,1.3288847194497135,0.8497930590417434,0.0,0.0,1.0,0.0,0.66,0.2902189618162348,2.018598637488465,0.01477430200845927,0.07361337757534515,0.0,0.1991,0.4694,0.0262,0.0577,0.2476
santander,29,support,nbi_B,66,66,11,0.05572073409153014,0.17148483158655894,0.07296909146570495,0.00728272787658191,0.37670517055066954,2.0011909825714738,1.3236058488765137,1.3288847194497135,0.9960275932923769,0.015151515151515152,0.09090909090909091,0.9090909090909091,0.0,0.64,0.2779519212430213,1.9132279312837723,1.3293364451828122e-05,2.998295104436738e-07,0.0,0.1497,0.5508,0.0002,0.0433,0.2561
santander,29,support,nbi_C,66,56,18,0.029638449053982645,0.10189519079912598,0.06754105005722226,0.0009399374642282936,0.23459832509435355,2.558676279558938,1.3250461181708888,1.3288847194497135,0.9971114113792998,0.25,0.7777777777777778,0.2222222222222222,0.0,0.46,0.2992937912983006,2.2081984283981493,1.3293364451828122e-05,2.998295104436738e-07,0.0,0.0979,0.4866,0.0002,0.051,0.3643
santander,29,support,ws_random_scalarization,66,66,16,0.0022754965579018195,0.02403963468930037,0.12019407462508647,0.00807559565285659,0.013221157555254848,2.442006225961066,1.311113946451902,1.3288847194497135,0.9866273027767447,0.015151515151515152,0.0625,0.9375,0.0,0.135,0.28223966146184515,1.0,0.015025484129192034,1.4556078108121527e-05,0.00026161135667135697,0.0,0.8941,0.0,0.0118,0.0941
santander,29,support,random_dirichlet_budget,66,66,3,0.17834113463530318,0.85598304719777,0.28191743049840096,0.23066760850986665,0.4858429291610553,0.9780515122929917,0.9872927724986913,1.3288847194497135,0.7429483972902674,0.0,0.0,1.0,0.0,0.715,0.2366244979022852,2.812448314902611,0.0064838101992226085,0.12592338304739442,0.022220022405676696,0.0862,0.5004,0.0446,0.0891,0.2796
santander,29,support,design_runs,66,66,4,0.0026540188080806,0.9166298442507972,0.08102102602390872,0.006446328290608294,0.8328599604639942,1.6345852746529403,1.315631823234814,1.3288847194497135,0.9900270534976221,0.015151515151515152,0.25,0.75,0.0,0.87,0.27711157780297685,1.4,0.01133604633325139,1.2479385057001975e-05,0.0,0.25,0.5417,0.0,0.0,0.2083
santander,29,support,single_objective_refs,7,7,4,0.0019435120024656046,0.16272674583299324,0.07877877648936363,0.010159926071785964,0.7890002610164261,1.3868943233619093,1.326170552183158,1.3288847194497135,0.9979575600299779,0.42857142857142855,0.75,0.25,0.0,0.845,0.2615512711292169,1.3959093770018378,1.3280590099175021e-05,2.9845975053375234e-07,0.0,0.2504,0.5403,0.0002,0.0288,0.1804
bnp,0,weighted,nbi_A,66,66,8,0.0006032366123310191,0.026781921240771143,0.18601603300131828,0.027011855615310422,0.1988507940285884,0.8006009853191772,1.1412568052482317,1.246013153076999,0.9159267720649064,0.07575757575757576,0.625,0.375,0.0,0.51,0.231968806892071,1.724137931030997,0.08680567178930516,0.037485323263960355,0.0,0.65,0.0,0.0,0.0,0.35
bnp,0,weighted,nbi_B,66,66,43,5.312326731751321e-05,0.009647873054118758,0.06324463509206503,0.014399835081375743,0.13254323938422644,2.957300461081324,1.2055621280720785,1.246013153076999,0.9675356356351235,0.5909090909090909,0.9069767441860465,0.09302325581395349,0.0,0.98,0.06175395126478571,1.9192472165616294,9.02215856656929e-07,9.215402593480668e-09,0.0,0.5525,0.0009,0.0,0.0118,0.4347
bnp,0,weighted,nbi_C,66,57,36,0.011875389468039779,0.037842995384422116,0.030382613675578818,0.020057445477235005,0.04875504052398172,0.7133547318119863,1.2162698101155835,1.246013153076999,0.9761291902192486,0.2982456140350877,0.4722222222222222,0.5277777777777778,0.0,0.175,0.0737988856107623,2.1721409944766057,9.02215856656929e-07,9.215402593480668e-09,0.0,0.4347,0.007,0.0,0.1108,0.4474
bnp,0,weighted,ws_random_scalarization,66,66,2,0.04040100720498287,0.07957774147050112,0.3647917488196416,0.2706140564007599,,,0.6521052475424265,1.246013153076999,0.5233534220181132,0.0,0.0,1.0,0.0,,,1.0000000000826577,0.2742547043712397,0.29629340056357345,4.385732919410456e-11,0.5,0.0,0.0,0.0,0.5
bnp,0,weighted,random_dirichlet_budget,66,66,4,5.724689237352306,33.03060138279056,2.1180713400200655,2.115211775475813,3.080171291091703,0.8558998428514308,0.0,1.246013153076999,0.0,0.0,0.0,1.0,0.0,1.0,0.2655995825271427,2.255838670297677,0.1319742996658308,0.1436556364948622,1.2543257400542849,0.3429,0.0725,0.0456,0.0465,0.4925
bnp,0,weighted,design_runs,66,66,7,0.08660299175250495,33.076263946471485,0.16990912095338515,0.028963255169306243,0.4875222716625833,1.164826334897335,1.1396425424145167,1.246013153076999,0.9146312296946444,0.030303030303030304,0.2857142857142857,0.7142857142857143,0.0,0.87,0.2531397539055415,1.7999999999999998,0.03852380810752402,0.0374585297743402,0.0,0.4048,0.0,0.0,0.1667,0.4286
bnp,0,weighted,single_objective_refs,7,7,4,0.020200503592668017,3.869776351465169,0.2065570767482802,0.16798951191467626,0.4649047472648384,0.5145755863639203,0.9501829230035171,1.246013153076999,0.7625785656090899,0.42857142857142855,0.75,0.25,0.0,0.835,0.2770371742563178,1.551055986021496,0.0,0.0,0.0,0.3403,0.0007,0.0,0.1269,0.532
bnp,0,support,nbi_A,66,66,20,0.005837814123164213,0.10247961177850526,0.3077885888686842,0.040780948449498984,0.32172993101959196,4.472135954999579,1.070716693196937,1.1386787107548828,0.9403150187001471,0.0,0.0,1.0,0.0,0.565,0.2359417373450303,1.0000000000007456,0.08680567178930516,0.037485323263960355,0.0,0.17,0.0,0.0,0.0,0.83
bnp,0,support,nbi_B,66,66,9,6.174990489204174e-08,0.11223062005495162,0.041465525274348464,0.02415947565115528,0.6911210899501954,2.0288977806880446,0.9483169132541988,1.1386787107548828,0.8328222037500952,0.10606060606060606,0.7777777777777778,0.2222222222222222,0.0,0.79,0.27683531821111507,1.8003824201586993,9.02215856656929e-07,9.215402593480668e-09,0.0,0.3689,0.0013,0.0,0.0564,0.5733
bnp,0,support,nbi_C,66,57,13,0.009747369240532463,0.3647724206863623,0.10455408978999756,0.10393593240121654,0.6188246666182823,2.643995522798123,0.6301015308144098,1.1386787107548828,0.5533620018211163,0.17543859649122806,0.7692307692307693,0.23076923076923078,0.0,0.94,0.24553866177670947,2.410972273512342,9.02215856656929e-07,9.215402593480668e-09,0.0,0.2745,0.002,0.0,0.2146,0.5089
bnp,0,support,ws_random_scalarization,66,66,66,0.008638294208623649,0.008638294208623649,0.6316451652069676,0.3238108942871448,0.17710649810458717,8.124038404635963,0.7238991160921388,1.1386787107548828,0.6357360590435844,0.0,0.0,1.0,0.0,,,1.0000000000087628,0.2742547043712397,0.29629340056357345,0.0,0.0152,0.0,0.0,0.0,0.9848
bnp,0,support,random_dirichlet_budget,66,66,2,13.519329452605461,12.591314699649155,11.314543868706872,11.311345024711908,,,0.0,1.1386787107548828,0.0,0.0,0.0,1.0,0.0,,,2.3190782677298234,0.1319742996658308,0.1436556364948622,11.605755626346424,0.1072,0.2358,0.0954,0.2203,0.3413
bnp,0,support,design_runs,66,66,5,0.0017544797783330464,13.038588819234707,0.13237872098844808,0.025741257335892238,0.5759126403760075,1.1272304061550187,1.1025728480249213,1.1386787107548828,0.9682914395527557,0.030303030303030304,0.4,0.6,0.0,0.79,0.3030897315570136,1.7999999999999998,0.03852380810752402,0.0374585297743402,0.0,0.2667,0.0,0.0,0.1667,0.5667
bnp,0,support,single_objective_refs,7,7,6,0.004385595521178653,1.6334945258712765,0.16032649680910632,0.14758886332519658,0.5572540752370494,1.5456251380169748,0.9146820285806022,1.1386787107548828,0.8032836830454283,0.42857142857142855,0.5,0.5,0.0,0.75,0.3125316776286199,1.0000000000000027,0.0,0.0,0.0,0.2269,0.0005,0.0,0.0846,0.688
bnp,1,weighted,nbi_A,66,66,8,0.0023378980920673318,0.04768305055498781,0.17639397581885194,0.025772921984626614,0.21265051723236827,0.8276173810186802,1.1336208711746445,1.2340606300958208,0.9186103531125716,0.06060606060606061,0.5,0.5,0.0,0.45,0.2628866699259869,1.7241379310311853,0.08161593274075885,0.03628905013944858,0.0,0.65,0.0,0.0,0.0,0.35
bnp,1,weighted,nbi_B,66,66,46,0.0001413637620987312,0.008401246026233404,0.060831787244837086,0.013513320896579542,0.12847648427122732,3.454889215688274,1.193561443810474,1.2340606300958208,0.967182174604985,0.6363636363636364,0.9130434782608695,0.08695652173913043,0.0,0.99,0.05197514845295778,1.9116875720915119,7.385567073952556e-07,3.8072778883847306e-07,0.0,0.5777,0.0026,0.0,0.01,0.4096
bnp,1,weighted,nbi_C,66,51,35,0.00984412944400288,0.026796779991811712,0.02966620164387184,0.015017922879770673,0.04780883850343096,0.6488241777285321,1.2104565506610565,1.2340606300958208,0.9808728365048551,0.3333333333333333,0.4857142857142857,0.5142857142857142,0.0,0.165,0.07007837528655748,2.2428612586522028,7.385567073952556e-07,3.8072778883847306e-07,0.0,0.4636,0.0058,0.0,0.1079,0.4226
bnp,1,weighted,ws_random_scalarization,66,66,1,0.12456042087212944,0.12456042087218726,0.49645189935196704,0.3698196021706635,,,0.5019737428713839,1.2340606300958208,0.4067658675995581,0.0,0.0,1.0,0.0,,,1.0000000000004596,0.3728920787411557,0.35858912268882437,0.16884244458394432,0.0,0.0,0.0,0.0,1.0
bnp,1,weighted,random_dirichlet_budget,66,66,3,3.7776146227758076,32.94156346294523,1.7890023725114554,1.7613440622719814,3.2824529062382877,0.6628770884389151,0.0,1.2340606300958208,0.0,0.0,0.0,1.0,0.0,1.0,0.3685282893891156,2.7990392082561257,0.12830843763613667,0.2818608526820055,0.9508495001903822,0.2902,0.1363,0.0144,0.1595,0.3996
bnp,1,weighted,design_runs,66,66,6,0.09797486340871679,35.094367810243526,0.1641249291296095,0.03257019549183497,0.5405786892854048,1.0180964602450935,1.121206540047317,1.2340606300958208,0.9085506114559857,0.030303030303030304,0.3333333333333333,0.6666666666666666,0.0,0.815,0.28075156458206685,1.9,0.03367604072845615,0.031652661185603274,0.0,0.4722,0.0,0.0,0.1389,0.3889
bnp,1,weighted,single_objective_refs,7,7,5,0.049824283489401724,4.086932590931903,0.2249360175083024,0.18947703388398418,0.5923808905767662,1.1003375957679078,0.892394716244697,1.2340606300958208,0.7231368495852635,0.2857142857142857,0.4,0.6,0.0,0.83,0.31402320025795294,1.0,0.0,3.1779448556610474e-07,0.0,0.2925,0.001,0.0,0.0922,0.6143
bnp,1,support,nbi_A,66,66,27,0.0041160733910756125,0.10819516983042211,0.3255960336876972,0.033873209528270554,0.24665443257286732,5.196152422706632,1.0431447974839967,1.0963285141916457,0.9514892516073407,0.0,0.0,1.0,0.0,0.775,0.1741000809652938,1.7241379310192193,0.08161594545595684,0.03628905013944858,0.0,0.2296,0.0,0.0,0.0,0.7704
bnp,1,support,nbi_B,66,66,10,0.03825972130428859,0.11296290294689759,0.09853381393862307,0.09132848995436454,0.45538475386193683,1.5507940551706358,0.7328329372634618,1.0963285141916457,0.6684428323966384,0.10606060606060606,0.7,0.3,0.0,0.85,0.2650141563118741,1.9153344608546847,7.38556822457284e-07,3.8072778883847306e-07,0.0,0.4548,0.0031,0.0,0.0461,0.496
bnp,1,support,nbi_C,66,51,13,0.0059212584995148995,0.1335197482492672,0.12089960107704467,0.11354690330045397,0.6277093445424516,2.934772498235336,0.6328825099768574,1.0963285141916457,0.577274513783398,0.19607843137254902,0.7692307692307693,0.23076923076923078,0.0,0.995,0.24009649445317777,2.506817160841815,7.38556822457284e-07,3.8072778883847306e-07,0.0,0.3175,0.0031,0.0,0.1938,0.4856
bnp,1,support,ws_random_scalarization,66,66,66,1.4799272918253337e-13,1.4799272918253337e-13,0.720295746134481,0.4106636270808746,0.0,,0.5859132015433941,1.0963285141916457,0.5344321468965939,0.0,0.0,1.0,0.0,,,1.0,0.37289213683516326,0.35858912268882437,0.013135286908544692,0.0,0.0,0.0,0.0,1.0
bnp,1,support,random_dirichlet_budget,66,66,3,11.178399417385032,12.580569153330451,11.441388234672978,11.440190651546436,0.18306788304168936,0.7104786726658078,0.0,1.0963285141916457,0.0,0.0,0.0,1.0,0.0,0.54,0.28957716644776554,3.0613526756608382,0.1283084576257041,0.2818608526820055,11.986572604239006,0.267,0.0263,0.113,0.2096,0.384
bnp,1,support,design_runs,66,66,5,0.017832408912223825,14.012801127383035,0.10242952362675246,0.03636861038304766,0.4415839495503978,0.7185615953612621,1.0632811332707972,1.0963285141916457,0.9698563154263891,0.015151515151515152,0.2,0.8,0.0,0.845,0.2843427342825896,1.7999999999999998,0.03367604597495044,0.031652661185603274,0.0,0.3333,0.0,0.0,0.1667,0.5
bnp,1,support,single_objective_refs,7,7,6,0.0,1.6972770822001948,0.1581340938195909,0.14616186802885783,0.4974847351095907,1.455576708092569,0.8191013171282575,1.0963285141916457,0.7471312718088011,0.8571428571428571,1.0,0.0,0.0,0.82,0.28387486437595333,1.0000000000000013,0.0,3.1779448556610474e-07,0.0,0.2437,0.0008,0.0,0.0769,0.6786
bnp,2,weighted,nbi_A,66,66,7,0.0,0.043105725388253864,0.19687378695765637,0.0316841155926532,0.19832483509836019,0.6853305192829432,1.1089517372899453,1.2299248840673263,0.9016418414291073,0.10606060606060606,1.0,0.0,0.0,0.465,0.2651620893589245,1.7241379310310878,0.09833173393330956,0.04797429958577771,0.0,0.7,0.0,0.0,0.0,0.3
bnp,2,weighted,nbi_B,66,66,43,0.00016668992957880345,0.011514899876671316,0.06200278681395854,0.015540476457260002,0.1351925899375241,3.2000726843885277,1.1816484207933644,1.2299248840673263,0.9607484457796212,0.6060606060606061,0.9302325581395349,0.06976744186046512,0.0,0.995,0.053541239442848186,1.9236430206658162,8.29975746545282e-07,0.0,0.0,0.5789,0.0028,0.0,0.012,0.4062
bnp,2,weighted,nbi_C,66,56,34,0.0076927657307057015,0.04610029719119376,0.027495446563646418,0.016298007781823574,0.059448277330813495,0.7438897443294562,1.2027990794589867,1.2299248840673263,0.9779451534319434,0.3392857142857143,0.5588235294117647,0.4411764705882353,0.0,0.38,0.07124821196166614,2.3267306764263314,8.29975746545282e-07,0.0,0.0,0.4451,0.0053,0.0,0.1281,0.4215
bnp,2,weighted,ws_random_scalarization,66,66,1,0.11363156146098567,0.11363156146133252,0.5135743354363841,0.37505693921216443,,,0.48738861059420663,1.2299248840673263,0.39627510338877486,0.0,0.0,1.0,0.0,,,1.000000000004448,0.3789166899632109,0.38751981848849476,0.15132568099751978,0.0,0.0,0.0,0.0,1.0
bnp,2,weighted,random_dirichlet_budget,66,66,4,9.137413711647312,30.595160201532543,1.677446601536588,1.6487640356744815,0.4828986547179196,0.11865294234959899,0.0,1.2299248840673263,0.0,0.0,0.0,1.0,0.0,0.785,0.2999181921972489,2.5739116624153278,0.09840419470226006,0.2524980420829928,0.929809259483168,0.2067,0.285,0.0137,0.2458,0.2489
bnp,2,weighted,design_runs,66,66,6,0.07891385174248249,33.35685021392139,0.1698257050312416,0.03747045408716839,0.5342959713652807,1.0505855775664248,1.1059962898370002,1.2299248840673263,0.8992388918740324,0.015151515151515152,0.16666666666666666,0.8333333333333334,0.0,0.86,0.29180270445875167,1.9,0.032257111257536636,0.043648432224424674,0.0,0.4722,0.0,0.0,0.1389,0.3889
bnp,2,weighted,single_objective_refs,7,7,5,0.045452624584596646,3.949871235465903,0.2240948924209237,0.18893595530836094,0.570321206673102,1.104535442901797,0.8712006338971925,1.2299248840673263,0.7083364563014264,0.2857142857142857,0.4,0.6,0.0,0.845,0.31944286011340733,1.0000000000000018,3.064152778628185e-07,2.445069192103667e-08,0.0,0.2868,0.001,0.0,0.1036,0.6086
bnp,2,support,nbi_A,66,66,19,7.764549237483726e-14,0.10756667783758647,0.30066703560239466,0.04134532416091181,0.28579393115952073,4.358898943540674,1.0110688908827459,1.0841189537808456,0.9326180373073094,0.12121212121212122,0.42105263157894735,0.5789473684210527,0.0,0.74,0.1838941942545408,1.0000000000006604,0.09833173393330956,0.04797429958577771,0.0,0.2,0.0,0.0,0.0,0.8
bnp,2,support,nbi_B,66,66,9,0.03952785394390504,0.12136352652556251,0.09134201586973316,0.08736965518540288,0.4819662803513852,1.4575254148727237,0.7204188524645267,1.0841189537808456,0.6645201155759511,0.12121212121212122,0.8888888888888888,0.1111111111111111,0.0,0.78,0.3199730443284841,1.8914799951830377,8.29975746545282e-07,0.0,0.0,0.4569,0.0034,0.0,0.0575,0.4821
bnp,2,support,nbi_C,66,56,14,0.02774599200449083,0.34844289992830196,0.10354822512707641,0.10226721229498188,0.44838324780058936,2.258655893146501,0.7849161391016705,1.0841189537808456,0.7240129289911309,0.21428571428571427,0.8571428571428571,0.14285714285714285,0.0,0.85,0.27323376690285817,2.5284187551795467,8.29975746545282e-07,0.0,0.0,0.2854,0.0031,0.0001,0.2031,0.5084
bnp,2,support,ws_random_scalarization,66,66,66,1.341149413747189e-13,1.341149413747189e-13,0.735980589864113,0.411206112626689,0.0,,0.5588740242766641,1.0841189537808456,0.5155098730887426,0.0,0.0,1.0,0.0,0.0,0.0040126320684432774,1.0,0.3789166899632109,0.38751981848849476,0.012183373053276544,0.0,0.0,0.0,0.0,1.0
bnp,2,support,random_dirichlet_budget,66,66,2,11.225169237871416,12.94698696119759,11.592597232903799,11.59186567743688,,,0.0,1.0841189537808456,0.0,0.0,0.0,1.0,0.0,,,3.175999997351523,0.09840419470226006,0.2524980420829928,12.068386893299067,0.0758,0.0572,0.1345,0.3806,0.352
bnp,2,support,design_runs,66,66,5,0.014727285258417443,13.056647995104912,0.08888747311145642,0.040528253466317665,0.4318800432891229,0.711706381828712,1.0451241777090527,1.0841189537808456,0.9640309064463828,0.045454545454545456,0.6,0.4,0.0,0.66,0.40039256524860106,1.7999999999999998,0.032257111257536636,0.043648432224424674,0.0,0.3333,0.0,0.0,0.1667,0.5
bnp,2,support,single_objective_refs,7,7,6,5.5548158665411997e-14,1.6850842940345871,0.1566768989553715,0.14623304317007263,0.4842335257701051,1.43244894018106,0.8029428980446484,1.0841189537808456,0.7406409557220629,0.7142857142857143,0.8333333333333334,0.16666666666666666,0.0,0.69,0.3676716615791554,1.000000000000004,3.064152778628185e-07,2.445069192103667e-08,0.0,0.239,0.0008,0.0,0.0863,0.6738
bnp,3,weighted,nbi_A,66,66,8,0.0008567316183782253,0.026898955330513508,0.193351010411871,0.02794867041466716,0.2040501635377909,0.8214989826668031,1.1572915772163463,1.2587290840604604,0.9194127567809169,0.09090909090909091,0.75,0.25,0.0,0.425,0.27032219947706176,1.7241379310346705,0.08008913609744729,0.03632939808146816,7.674264999418475e-09,0.65,0.0,0.0,0.0,0.35
bnp,3,weighted,nbi_B,66,66,43,0.0014088434440677937,0.011039000075283655,0.05981704641282157,0.012895557466257871,0.12961435303790883,3.0879687350797065,1.2197010700301882,1.2587290840604604,0.96899411118366,0.48484848484848486,0.7441860465116279,0.2558139534883721,0.0,1.0,0.05708803753685622,1.943493109120719,4.4705998394687243e-07,0.0,7.674264999418475e-09,0.5602,0.0021,0.0,0.0115,0.4262
bnp,3,weighted,nbi_C,66,55,32,0.009150033259083428,0.03806542238559663,0.0266198948025714,0.012052753225886902,0.09607333115273807,0.9498942031096991,1.2378441814105123,1.2587290840604604,0.9834079446368422,0.34545454545454546,0.59375,0.40625,0.0,0.835,0.07675355277983437,2.268151718316906,4.4705998394687243e-07,0.0,7.674264999418475e-09,0.3978,0.0037,0.0,0.1305,0.468
bnp,3,weighted,ws_random_scalarization,66,66,3,0.023384597822153033,0.06802792093739514,0.38328164743845333,0.2917247400711318,0.8600281518644547,1.7320508075688772,0.6314998745621643,1.2587290840604604,0.5016964194749881,0.030303030303030304,0.6666666666666666,0.3333333333333333,0.0,0.88,0.37285415058991817,1.0,0.30304794641717564,0.30819455801247403,7.674264999418475e-09,0.6667,0.0,0.0,0.0,0.3333
bnp,3,weighted,random_dirichlet_budget,66,66,5,11.018607792689345,34.188786137836765,1.5664454987810004,1.52952458743727,10.00852174752848,1.324897984309602,0.0,1.2587290840604604,0.0,0.0,0.0,1.0,0.0,1.0,0.30709478680169133,2.1980940298318377,0.07287662153447129,0.061208466986916364,0.5509030751549541,0.0776,0.1498,0.0431,0.2303,0.4993
bnp,3,weighted,design_runs,66,66,6,0.08194413998101138,37.560512848812635,0.1622715240884931,0.027563016647475676,0.5112371691353572,0.9992396921122517,1.1560328962270785,1.2587290840604604,0.9184127949899272,0.06060606060606061,0.6666666666666666,0.3333333333333333,0.0,0.775,0.30424275342145,1.9,0.04598819863820339,0.03536979309053913,7.674264999418475e-09,0.4722,0.0,0.0,0.1389,0.3889
bnp,3,weighted,single_objective_refs,7,7,4,0.01753844836669668,4.600765791168853,0.19603558331444385,0.16138645617580835,0.4370883297727548,0.49010623559913896,0.9732859567402288,1.2587290840604604,0.7732290999430653,0.2857142857142857,0.5,0.5,0.0,0.665,0.35259479301246166,1.5558214352449944,0.0,2.1736667369357502e-08,7.674264999418475e-09,0.3484,0.0011,0.0,0.1233,0.5272
bnp,3,support,nbi_A,66,66,27,0.004376543273994723,0.10330356607656703,0.3185013557245512,0.0393127757663899,0.26959564334112324,5.196152422706632,1.0669802026312563,1.1269123284996587,0.9468174015380642,0.0,0.0,1.0,0.0,0.775,0.1593689155552331,1.7241379310173877,0.08034681689618306,0.03647696667593956,5.364714817963318e-10,0.2296,0.0,0.0,0.0,0.7704
bnp,3,support,nbi_B,66,66,9,0.03244852325458318,0.12502633008514938,0.08339752761696927,0.08029578789602632,0.5353458711778063,1.5556298029646496,0.7768487815621263,1.1269123284996587,0.68936044261438,0.10606060606060606,0.7777777777777778,0.2222222222222222,0.0,0.875,0.2545131078667896,1.830454018902075,4.484983659716961e-07,0.0,5.364714817963318e-10,0.4264,0.0027,0.0,0.0548,0.5161
bnp,3,support,nbi_C,66,55,14,0.017766390726902396,0.36045014615965704,0.11985596888523212,0.11622051605495107,0.6055877600335996,3.4684782062025628,0.6194366105489619,1.1269123284996587,0.5496759551594075,0.2,0.7857142857142857,0.21428571428571427,0.0,0.975,0.205121797843496,2.4021757472679206,4.484983659716961e-07,0.0,5.364714817963318e-10,0.287,0.0051,0.0,0.1915,0.5164
bnp,3,support,ws_random_scalarization,66,66,66,0.00015701975607515227,0.00015701975607515227,0.6577561753081581,0.3463247650533965,0.0,,0.6878176886195034,1.1269123284996587,0.6103559888596176,0.0,0.0,1.0,0.0,,,1.0,0.3040229804941196,0.3094464322562379,5.364714817963318e-10,0.0303,0.0,0.0,0.0,0.9697
bnp,3,support,random_dirichlet_budget,66,66,3,14.780669791526492,12.469573802329116,11.846604124823159,11.84658199832518,15.719145651337252,1.2135736306368754,0.0,1.1269123284996587,0.0,0.0,0.0,1.0,0.0,1.0,0.24221588526580515,2.1980940298318377,0.07311109660763623,0.061457093386471706,0.9999999627509968,0.1417,0.2858,0.0415,0.0813,0.4497
bnp,3,support,design_runs,66,66,5,0.021888875914934804,12.66308107683315,0.10714564613265747,0.03566222525319855,0.486275049385174,0.7992288559694524,1.0883407925044826,1.1269123284996587,0.9657723719763283,0.030303030303030304,0.4,0.6,0.0,0.88,0.25661597444550094,1.7999999999999998,0.046136162223964786,0.035513463807059414,5.364714817963318e-10,0.3333,0.0,0.0,0.1667,0.5
bnp,3,support,single_objective_refs,7,7,6,0.0008636086581674838,1.706848537339954,0.14214299409957507,0.1300550411108655,0.5428242203930823,1.5022717677611106,0.8951019582760632,1.1269123284996587,0.794296003015406,0.7142857142857143,0.8333333333333334,0.16666666666666666,0.0,0.91,0.262128181762849,1.0000000000000013,0.0,2.1824960862274596e-08,5.364714817963318e-10,0.2323,0.0007,0.0,0.0822,0.6848
bnp,4,weighted,nbi_A,66,66,8,0.0009142744588979668,0.030978477319560965,0.1695810790684145,0.026583431400621957,0.20326335619837485,0.8124138474131078,1.1498201619160482,1.2529957003733638,0.9176569094159128,0.09090909090909091,0.75,0.25,0.0,0.44,0.25493038734092993,1.724137931028775,0.08508697955301156,0.03280465058135114,5.005718956460784e-08,0.65,0.0,0.0,0.0,0.35
bnp,4,weighted,nbi_B,66,66,44,0.0002131130835728425,0.01052273285351569,0.05505976369024515,0.013621407408331659,0.12515683680600512,3.13454886758315,1.2153299162843503,1.2529957003733638,0.969939414733993,0.5757575757575758,0.8636363636363636,0.13636363636363635,0.0,1.0,0.054135152220879126,1.9403043275136935,6.614691349442905e-07,0.0,5.005718956460784e-08,0.5566,0.0018,0.0,0.0113,0.4303
bnp,4,weighted,nbi_C,66,54,32,0.005327949629401299,0.029577904369724486,0.029725104241003737,0.011984604126924935,0.09682971133298969,0.9925285375078517,1.2356352337036913,1.2529957003733638,0.9861448314112335,0.4074074074074074,0.6875,0.3125,0.0,0.77,0.0788554978771493,2.234819499364257,6.614691349442905e-07,0.0,5.005718956460784e-08,0.3996,0.005,0.0,0.1278,0.4676
bnp,4,weighted,ws_random_scalarization,66,66,1,0.08205403363612808,0.08205403363623559,0.4378341111695925,0.28537544636597306,,,0.6314874803963342,1.2529957003733638,0.5039821606795343,0.0,0.0,1.0,0.0,,,1.000000000001304,0.30685883842607753,0.29047173122046654,0.11648217153155206,0.0,0.0,0.0,0.0,1.0
bnp,4,weighted,random_dirichlet_budget,66,66,6,2.369847240981104,22.06791701498602,1.502600049947768,1.4907614425797706,2.001131912126751,1.2667760174738867,0.0,1.2529957003733638,0.0,0.0,0.0,1.0,0.0,1.0,0.272881516720256,2.4973092544113262,0.03487148727815703,0.21294716303741415,0.8377677789025515,0.2714,0.0537,0.0197,0.2636,0.3917
bnp,4,weighted,design_runs,66,66,7,0.06736487507660356,29.986843089707612,0.15179498470160746,0.027458819751983568,0.4930156773119162,1.1827234129016357,1.150056586420507,1.2529957003733638,0.9178455968187414,0.045454545454545456,0.42857142857142855,0.5714285714285714,0.0,0.85,0.26280460589801286,1.7999999999999998,0.04489976882453709,0.03249321794273538,5.005718956460784e-08,0.4048,0.0,0.0,0.1667,0.4286
bnp,4,weighted,single_objective_refs,7,7,4,0.020513555657944462,3.415068165529609,0.1937730723935226,0.15423333329198588,0.44412633433881754,0.5018008870962324,0.9888064579772599,1.2529957003733638,0.7891539114480747,0.14285714285714285,0.25,0.75,0.0,0.72,0.31205097869721493,1.5383854011109621,0.0,1.269083362373921e-09,5.005718956460784e-08,0.3476,0.0009,0.0,0.1246,0.5269
bnp,4,support,nbi_A,66,66,27,0.004226309186049231,0.07688293113072057,0.06835180383060158,0.04027273384113199,0.27099925374712436,5.196152422706631,1.180658191631598,1.3132879383316147,0.8990093925110528,0.10606060606060606,0.25925925925925924,0.7407407407407407,0.0,0.515,0.21812442435648713,1.7241379310176999,0.08531834479708705,0.03292960962958892,3.8543197062946213e-10,0.2296,0.0,0.0,0.0,0.7704
bnp,4,support,nbi_B,66,66,10,0.005696338969262893,0.07489602336098877,0.037863779984520105,0.0170799782990363,0.4700828052748238,2.152412272164283,1.2868408833989011,1.3132879383316147,0.9798619524623735,0.10606060606060606,0.7,0.3,0.0,0.84,0.18065012575101602,1.8294532979777638,6.632677763893009e-07,0.0,3.8543197062946213e-10,0.4097,0.0023,0.0,0.0498,0.5381
bnp,4,support,nbi_C,66,54,13,0.003368683890136233,0.08240390051371672,0.046741722469837634,0.01427051372278712,0.5137655922707615,3.1434214800736537,1.272714482537868,1.3132879383316147,0.9691054378788473,0.18518518518518517,0.7692307692307693,0.23076923076923078,0.0,0.825,0.18586460559143134,2.4504667246691776,6.632677763893009e-07,0.0,3.8543197062946213e-10,0.2898,0.0011,0.0,0.2079,0.5012
bnp,4,support,ws_random_scalarization,66,66,66,0.005472648836073367,0.005472648836073367,0.3840336899868701,0.3529608349736028,0.0,,0.7039953956438889,1.3132879383316147,0.5360556318961067,0.0,0.0,1.0,0.0,,,1.0,0.30769323718393843,0.29157819236027593,0.0008968931997008763,0.0,0.0,0.0,0.0,1.0
bnp,4,support,random_dirichlet_budget,66,66,2,0.4398578291905906,4.53593008965401,0.981443383958866,0.9756565757246825,,,0.08746141819289997,1.3132879383316147,0.06659729038858753,0.0,0.0,1.0,0.0,,,3.105391425387819,0.03496630848591138,0.21375831860062014,0.9837782523756238,0.2397,0.0399,0.1225,0.1804,0.4176
bnp,4,support,design_runs,66,66,6,0.00960894374790614,8.355260697172858,0.05775850059100937,0.03481170286483054,0.5460232301898722,1.5832813967764097,1.223075608593234,1.3132879383316147,0.931308034509945,0.045454545454545456,0.5,0.5,0.0,0.89,0.16147611711897025,1.7999999999999998,0.04502185854998739,0.03261699068581759,3.8543197062946213e-10,0.2778,0.0,0.0,0.1944,0.5278
bnp,4,support,single_objective_refs,7,7,6,0.0035163428772681236,0.38406594674646827,0.06070519082977482,0.028195212994982673,0.5566526615847762,1.987488901441932,1.2906148480768462,1.3132879383316147,0.982735628956151,0.14285714285714285,0.16666666666666666,0.8333333333333334,0.0,0.86,0.17234324002477017,1.000000000000004,0.0,1.2739175382083318e-09,3.8543197062946213e-10,0.2318,0.0006,0.0,0.0831,0.6846
bnp,5,weighted,nbi_A,66,66,32,0.002853824090731511,0.0302329530423727,0.18421484577756603,0.025916784723390634,0.1050997698409865,5.65685424949238,1.155041056381006,1.2527891904905606,0.9219755926603431,0.25757575757575757,0.53125,0.46875,0.0,0.845,0.0800123887261055,1.8236074270464693,0.08078013022049552,0.033692194777974416,3.1240703763528075e-08,0.5312,0.0,0.0,0.0,0.4688
bnp,5,weighted,nbi_B,66,66,44,0.0006085766021124927,0.011274269251399993,0.05630955944185147,0.01133969262767992,0.13288189079515075,2.8345622626617075,1.21662853015904,1.2527891904905606,0.971135877762993,0.5606060606060606,0.8409090909090909,0.1590909090909091,0.0,0.995,0.059009610564597414,1.9333302618828876,1.631936326788494e-07,0.0,3.1240703763528075e-08,0.557,0.0028,0.0,0.011,0.4292
bnp,5,weighted,nbi_C,66,60,34,0.009534263359576403,0.03656196252797882,0.026595127828880863,0.014684896238440425,0.07905104215782788,1.018065296038315,1.2313317034202922,1.2527891904905606,0.9828722284378378,0.3,0.5294117647058824,0.47058823529411764,0.0,0.59,0.07313369391815323,2.1470349939597995,1.631936326788494e-07,0.0,3.1240703763528075e-08,0.4508,0.0078,0.0,0.1067,0.4348
bnp,5,weighted,ws_random_scalarization,66,66,1,0.08058867912229671,0.08058867912251229,0.45161082961225696,0.2972649458670144,,,0.6070977666200496,1.2527891904905606,0.4845969068286145,0.0,0.0,1.0,0.0,,,1.0000000000028044,0.31368815737296246,0.31647294700518563,0.11460620648924039,0.0,0.0,0.0,0.0,1.0
bnp,5,weighted,random_dirichlet_budget,66,66,7,7.775634182010116,36.67357354356831,1.5356383570768497,1.5212493987328513,5.516699568097077,1.6609349826977045,0.0,1.2527891904905606,0.0,0.0,0.0,1.0,0.0,1.0,0.25710253774807185,2.961549961346674,0.10522196700325549,0.22872307946100748,1.323778127955132,0.2035,0.1032,0.0536,0.1837,0.456
bnp,5,weighted,design_runs,66,66,6,0.08626903956805966,32.930839508148026,0.17107733046636445,0.02783789696823358,0.5209691352751088,1.012869162938434,1.152495141632394,1.2527891904905606,0.9199433954096508,0.030303030303030304,0.3333333333333333,0.6666666666666666,0.0,0.875,0.2773302976286779,1.9,0.04307336009940909,0.03146627863124103,3.1240703763528075e-08,0.4722,0.0,0.0,0.1389,0.3889
bnp,5,weighted,single_objective_refs,7,7,4,0.02014732941166437,3.9214875346708102,0.2078635413954024,0.15985346905310852,0.39784261927447134,0.43021114544114913,0.9652985181145844,1.2527891904905606,0.7705195139308297,0.2857142857142857,0.5,0.5,0.0,0.66,0.33717238974576225,1.5634285391744733,0.0,2.7184795975141865e-08,3.1240703763528075e-08,0.3537,0.0013,0.0001,0.1206,0.5243
bnp,5,support,nbi_A,66,66,27,0.007950315265012177,0.07688239206126389,0.08114724731372092,0.04604827757753477,0.2646056143825269,5.196152422706631,1.184506246609848,1.3134706901506696,0.9018139921142603,0.0,0.0,1.0,0.0,0.47,0.238934129686515,1.7241379310319203,0.08099406414625554,0.03381657385958433,2.0456069115188595e-10,0.2296,0.0,0.0,0.0,0.7704
bnp,5,support,nbi_B,66,66,10,0.033402673592727986,0.07309751102338134,0.04268555348926805,0.012754592902876623,0.3871531975972984,1.833622329589053,1.2800853585343073,1.3134706901506696,0.9745823550790215,0.12121212121212122,0.8,0.2,0.0,0.845,0.17597481808410106,1.8422850942736728,1.6362582626906435e-07,0.0,2.0456069115188595e-10,0.4304,0.0034,0.0,0.0483,0.5179
bnp,5,support,nbi_C,66,60,13,0.003470874027343915,0.10016201589415756,0.048173252982856504,0.008473317578762291,0.5116818529492356,3.1437669743327312,1.2743350302129184,1.3134706901506696,0.9702043903748915,0.18333333333333332,0.8461538461538461,0.15384615384615385,0.0,0.815,0.2052160966114689,2.4582529123957397,1.6362582626906435e-07,0.0,2.0456069115188595e-10,0.2921,0.0025,0.0,0.2052,0.5001
bnp,5,support,ws_random_scalarization,66,66,66,0.00805739456197325,0.00805739456197325,0.41985014431193485,0.38255363439615714,0.0,,0.6755196440624631,1.3134706901506696,0.5143012700077636,0.0,0.0,1.0,0.0,,,1.0,0.31451891289152933,0.3176412476980398,0.0007504288311563949,0.0,0.0,0.0,0.0,1.0
bnp,5,support,random_dirichlet_budget,66,66,4,0.3099601782225415,2.982021683140652,0.6421980697309279,0.6272777668037317,0.6139033301906847,1.4533581885371032,0.4429869090421152,1.3134706901506696,0.3372644036627111,0.0,0.0,1.0,0.0,0.945,0.13747508004693432,2.664221873539847,0.10550063142748647,0.22956744020253292,0.08222823998496588,0.1407,0.0396,0.0869,0.279,0.4539
bnp,5,support,design_runs,66,66,5,0.009917455830489409,7.568670162170301,0.07459646725619706,0.04184932573488097,0.5614013413664816,1.3211301645091869,1.225777442809286,1.3134706901506696,0.9332354745340193,0.015151515151515152,0.2,0.8,0.0,0.875,0.17657792379696488,1.7999999999999998,0.043187433362185335,0.03158244045636481,2.0456069115188595e-10,0.3333,0.0,0.0,0.1667,0.5
bnp,5,support,single_objective_refs,7,7,6,0.004786024761234255,0.3285716560733542,0.05271377798874424,0.02068664943904179,0.5447131592201834,2.01955378540995,1.2912384397597512,1.3134706901506696,0.9830736608303241,0.2857142857142857,0.3333333333333333,0.6666666666666666,0.0,0.875,0.18620162538024046,1.0000000000000018,0.0,2.7285152154946193e-08,2.0456069115188595e-10,0.2358,0.0009,0.0,0.0804,0.6829
bnp,6,weighted,nbi_A,66,66,8,0.001248576139727068,0.03121371091474251,0.17433279732179094,0.023953615644489903,0.20918010064095882,0.8299058609950859,1.164994459911913,1.2557594364893552,0.9277210475668908,0.09090909090909091,0.75,0.25,0.0,0.525,0.24077232049369093,1.7241379310359495,0.07159198424408848,0.031804732658601745,0.0,0.65,0.0,0.0,0.0,0.35
bnp,6,weighted,nbi_B,66,66,47,0.00023941131917834242,0.008608871316198497,0.05508055058391988,0.011053231632055752,0.1262982736371637,3.030500252585548,1.2223400525290549,1.2557594364893552,0.9733871130176583,0.6515151515151515,0.9148936170212766,0.0851063829787234,0.0,0.99,0.05393530203308027,1.8975743757953492,6.770772138029997e-07,1.2005444668275133e-07,0.0,0.5565,0.0013,0.0,0.0097,0.4325
bnp,6,weighted,nbi_C,66,54,36,0.008453292590304928,0.03271526322743661,0.029032219881443742,0.015042636325050004,0.07994895587392298,1.0031115536458306,1.2351730798914717,1.2557594364893552,0.9836064488152003,0.4074074074074074,0.6111111111111112,0.3888888888888889,0.0,0.75,0.06695404301879858,2.2400943625325045,6.770772138029997e-07,1.2005444668275133e-07,0.0,0.4085,0.0058,0.0001,0.1228,0.4629
bnp,6,weighted,ws_random_scalarization,66,66,1,0.08611776188392542,0.0861177618840214,0.45572426915145664,0.30606830301104965,,,0.601738423189707,1.2557594364893552,0.47918287986108865,0.0,0.0,1.0,0.0,,,1.000000000001572,0.306759826042743,0.3248145706285419,0.12141750772220704,0.0,0.0,0.0,0.0,1.0
bnp,6,weighted,random_dirichlet_budget,66,66,2,1.717611280505413,27.135871020880934,0.9861843179595768,0.9140990656030838,,,0.0,1.2557594364893552,0.0,0.0,0.0,1.0,0.0,,,2.235642379124563,0.042783735251200904,0.08652161167455566,0.2218997535687577,0.4606,0.126,0.0024,0.0953,0.3157
bnp,6,weighted,design_runs,66,66,6,0.08642103891090809,34.02272282280423,0.15919580350313933,0.025156223635357824,0.5237252824146561,1.0089462877037871,1.1608718457374707,1.2557594364893552,0.9244380826496869,0.045454545454545456,0.5,0.5,0.0,0.84,0.301682016894786,1.9,0.042377069780704046,0.029245426193843297,0.0,0.4722,0.0,0.0,0.1389,0.3889
bnp,6,weighted,single_objective_refs,7,7,4,0.02152944047103098,3.970061761734307,0.20546624684868076,0.1658894227017952,0.4080494272690507,0.4442519431997621,0.9649459126026175,1.2557594364893552,0.7684162145739107,0.2857142857142857,0.5,0.5,0.0,0.71,0.3178725142725729,1.5700394169562382,0.0,6.936317745154751e-08,0.0,0.3599,0.0007,0.0002,0.1139,0.5254
bnp,6,support,nbi_A,66,66,27,0.008059257734926238,0.10518115538968272,0.3492266192523802,0.037116884847216224,0.2651990542701685,5.196152422706633,1.076842333493914,1.1262503938183197,0.9561304834203893,0.015151515151515152,0.037037037037037035,0.9629629629629629,0.0,0.89,0.11405951428285054,1.7241379310119627,0.07159198424408848,0.031804732658601745,0.0,0.2296,0.0,0.0,0.0,0.7704
bnp,6,support,nbi_B,66,66,11,4.608297202836711e-09,0.10830405235235198,0.03081227644067692,0.016555613388370624,0.6391494241751053,2.278020907945981,0.9614674720776656,1.1262503938183197,0.853688910880651,0.15151515151515152,0.9090909090909091,0.09090909090909091,0.0,0.715,0.31881647729864104,1.8502508214618651,6.770772138029997e-07,1.2005444668275133e-07,0.0,0.3834,0.0016,0.0001,0.0414,0.5736
bnp,6,support,nbi_C,66,54,14,0.012247865059757997,0.354185148930268,0.061917397336030765,0.06001005052839306,0.6129065711786849,3.5048894290708335,0.6428106147296071,1.1262503938183197,0.5707528434687514,0.2037037037037037,0.7857142857142857,0.21428571428571427,0.0,0.98,0.26607769809217535,2.409593552845339,6.770772138029997e-07,1.2005444668275133e-07,0.0,0.2938,0.0047,0.0002,0.1833,0.5181
bnp,6,support,ws_random_scalarization,66,66,66,0.009925514346408178,0.009925514346408178,0.7678303125279501,0.35309404027878544,0.0,,0.6705026277844447,1.1262503938183197,0.5953406378054562,0.0,0.0,1.0,0.0,,,1.0,0.306759826042743,0.3248145706285419,0.009589105016727991,0.0,0.0,0.0,0.0,1.0
bnp,6,support,random_dirichlet_budget,66,66,2,7.306363778788705,13.837806112408185,4.324215165594708,4.324215165594708,,,0.0,1.1262503938183197,0.0,0.0,0.0,1.0,0.0,,,2.235642379124563,0.042783735251200904,0.08652161167455566,1.0,0.4606,0.126,0.0024,0.0953,0.3157
bnp,6,support,design_runs,66,66,5,0.0230164462827403,13.517064404570194,0.1101972604891345,0.03400714573919152,0.47579649429495824,0.7772805116444843,1.091306286757886,1.1262503938183197,0.968973056744546,0.030303030303030304,0.4,0.6,0.0,0.59,0.4710853802091648,1.7999999999999998,0.042377069780704046,0.029245426193843297,0.0,0.3333,0.0,0.0,0.1667,0.5
bnp,6,support,single_objective_refs,7,7,6,0.00496275717320207,1.6823767127262,0.11017106803325617,0.0995616650915364,0.5337675071099981,1.5256238953972088,0.8801902808892708,1.1262503938183197,0.7815227286226886,0.2857142857142857,0.3333333333333333,0.6666666666666666,0.0,0.595,0.4285600701923852,1.000000000000002,0.0,6.936317745154751e-08,0.0,0.2399,0.0005,0.0001,0.0759,0.6836
bnp,7,weighted,nbi_A,66,63,24,4.644382116330425,3.879210707419281,0.869396408707144,0.8152406981088312,0.474778933481335,0.7462410365125898,0.14903717925326299,1.2469202612471082,0.11952422611547217,0.0,0.0,1.0,0.0,1.0,0.10177145024188672,1.6363682769938381,0.31407987385741776,0.752233019209045,4.2208794110611177e-16,0.31,0.1119,0.0348,0.0,0.5433
bnp,7,weighted,nbi_B,66,61,6,0.0001418218772201481,3.104230326300777,0.14257365973598762,0.02763734865912519,0.756591280371335,1.4741468926820518,1.1658669563982107,1.2469202612471082,0.9349972028140501,0.04918032786885246,0.5,0.5,0.0,0.965,0.31570986048824734,1.8815421478475116,6.604783902651328e-07,0.0,4.2208794110611177e-16,0.4132,0.0031,0.0,0.0816,0.5021
bnp,7,weighted,nbi_C,66,55,37,0.009493892962063962,0.030700388162576992,0.022547609730082536,0.012232904965605624,0.04776887818257452,0.6573794406112738,1.2273839075880566,1.2469202612471082,0.984332315171852,0.32727272727272727,0.4864864864864865,0.5135135135135135,0.0,0.135,0.06498787469849564,2.283494694555411,6.604783902651328e-07,0.0,4.2208794110611177e-16,0.4506,0.0065,0.0,0.1127,0.4301
bnp,7,weighted,ws_random_scalarization,66,66,2,1.436451094848094,2.299357423430912,0.7536632684178849,0.6279325517703882,,,0.29155766035013053,1.2469202612471082,0.23382221735536554,0.0,0.0,1.0,0.0,,,1.8847968896668927,0.2788666355055557,0.7479373210295841,0.06183108625956199,0.6167,0.1353,0.0,0.0,0.248
bnp,7,weighted,random_dirichlet_budget,66,66,6,5.413472416529351,30.092963139657094,0.9779930501811077,0.9657432005587266,5.211209277912999,1.2826838908328242,0.05386555338017573,1.2469202612471082,0.043198875705413635,0.0,0.0,1.0,0.0,1.0,0.2940139118159238,2.6080815854913446,0.12288285654337282,0.2991755472955556,0.7976428052643653,0.2673,0.0787,0.0354,0.2413,0.3773
bnp,7,weighted,design_runs,66,66,6,0.09309441909470133,34.43366802989254,0.2063436862708274,0.035815927370550095,0.5290017132000956,1.0186853670940639,1.1395798807043371,1.2469202612471082,0.9139156015995646,0.030303030303030304,0.3333333333333333,0.6666666666666666,0.0,0.79,0.3050309682279409,1.9,0.037495649515446795,0.03490765627306277,4.2208794110611177e-16,0.4722,0.0,0.0,0.1389,0.3889
bnp,7,weighted,single_objective_refs,7,7,4,0.023182483211823077,6.317789014536113,0.2063386729385904,0.1648844937438014,0.3983296327657632,0.4359036032806871,0.9180206918559949,1.2469202612471082,0.736230471496097,0.14285714285714285,0.25,0.75,0.0,0.67,0.3414509236437338,1.5945897429495446,4.609141812959123e-07,4.782942985934484e-08,0.0,0.3589,0.0007,0.0,0.1224,0.5179
bnp,7,support,nbi_A,66,63,7,2.346866930729791,6.895554926897371,0.9670096982310266,0.9483163143862111,4.180853097897175,1.933902339650314,0.08321212380912243,1.1066769294517216,0.0751909808496216,0.0,0.0,1.0,0.0,1.0,0.29408539247920684,1.4907873251499668,0.31407987385741776,0.7522332781797473,3.314140810021045e-17,0.5383,0.0831,0.0149,0.0,0.3637
bnp,7,support,nbi_B,66,61,6,0.000274177634209262,3.1837499699402367,0.07962825282010648,0.07045957357958273,0.9444721746190965,1.8254342973701168,0.6582827877623295,1.1066769294517216,0.5948283281629997,0.03278688524590164,0.3333333333333333,0.6666666666666666,0.0,0.98,0.3029260213024306,1.8815421478475116,6.604783902651328e-07,0.0,3.314140810021045e-17,0.4132,0.0031,0.0,0.0816,0.5021
bnp,7,support,nbi_C,66,55,14,0.025471340344995604,0.35226213131342426,0.06303188745182417,0.05877665792604372,0.1921365817514985,1.8595292468154137,0.6660172607696325,1.1066769294517216,0.6018172449836792,0.18181818181818182,0.7142857142857143,0.2857142857142857,0.0,0.41,0.2813517667125665,2.4916324841281496,6.604783902651328e-07,0.0,3.314140810021045e-17,0.3512,0.0016,0.0,0.1911,0.4561
bnp,7,support,ws_random_scalarization,66,66,3,1.629067785396585,2.335833708998633,0.7869323032635434,0.745697357493843,0.5301329280808363,0.27755888454030764,0.16370533812840615,1.1066769294517216,0.14792513855828757,0.0,0.0,1.0,0.0,0.88,0.24787186699992372,1.4445951491489517,0.2788666355055557,0.7479375785214096,0.2753682473373002,0.4111,0.1535,0.0,0.0,0.4353
bnp,7,support,random_dirichlet_budget,66,66,2,11.172162703846459,12.292262147322537,11.580301715591833,11.578233754273054,,,0.0,1.1066769294517216,0.0,0.0,0.0,1.0,0.0,,,2.8122373127692937,0.12288285654337282,0.2991756502924989,12.166397569594979,0.2714,0.0301,0.0903,0.2273,0.3809
bnp,7,support,design_runs,66,66,5,0.01905367309853953,13.794226709999963,0.10223613161514548,0.043172762419092826,0.4516993869868138,0.7400099980528025,1.071705736470474,1.1066769294517216,0.9683998174620183,0.030303030303030304,0.4,0.6,0.0,0.77,0.33366444602280965,1.7999999999999998,0.037495649515446795,0.034907668290695644,3.314140810021045e-17,0.3333,0.0,0.0,0.1667,0.5
bnp,7,support,single_objective_refs,7,7,4,0.0015108647029326685,3.6540197576432227,0.13987117106919117,0.12781917656709849,0.5417923045933205,0.6439996188365026,0.8390422440784869,1.1066769294517216,0.7581636715732131,0.14285714285714285,0.25,0.75,0.0,0.8,0.3160608500977814,1.5945897429495446,4.609141812959123e-07,4.782944632554711e-08,0.0,0.3589,0.0007,0.0,0.1224,0.5179
bnp,8,weighted,nbi_A,66,46,16,0.22274116817909348,0.8194108501159413,0.3203522933941903,0.31506953625990797,0.12653116519883803,0.6174259903258354,0.6834897140779956,1.2478936691844889,0.5477147059530024,0.021739130434782608,0.0625,0.9375,0.0,0.43,0.16660168357448515,1.729970330638468,0.0017946241380871419,0.04097897981990564,0.0,0.5281,0.051,0.0012,0.0372,0.3824
bnp,8,weighted,nbi_B,66,63,41,0.003946342146569012,1.1343210955754583,0.06631239207049454,0.015048773294429866,0.29250976655377686,4.256606488325587,1.1935274628473067,1.2478936691844889,0.9564336227679471,0.42857142857142855,0.6585365853658537,0.34146341463414637,0.0,1.0,0.06640245890562096,2.263621863192691,4.5316150628091453e-07,8.64230808162707e-09,0.0,0.2779,0.0001,0.0,0.1501,0.5718
bnp,8,weighted,nbi_C,66,55,34,0.010237170768839033,0.03205452469106514,0.02389847183184945,0.013247650309911835,0.07431457589964834,0.8881172807139404,1.2264367802075098,1.2478936691844889,0.9828055149995261,0.34545454545454546,0.5588235294117647,0.4411764705882353,0.0,0.49,0.0823995563475442,2.371827056210691,4.5316150628091453e-07,8.64230808162707e-09,0.0,0.4306,0.0062,0.0,0.1302,0.4331
bnp,8,weighted,ws_random_scalarization,66,66,13,0.0,2.551492713310849,0.38013146237443507,0.05595926650998658,0.015735656344063213,1.41871569962314,1.0877883977074585,1.2478936691844889,0.8716995883297807,0.19696969696969696,1.0,0.0,0.0,0.005,0.20039871937710665,1.984765136896779,0.10781102635364231,0.060301128539859104,0.044529849753452366,0.4761,0.0011,0.0,0.0,0.5228
bnp,8,weighted,random_dirichlet_budget,66,66,3,5.041828893509333,29.611602833550194,0.6457049129716893,0.5992743519908184,0.2077276714117714,0.024785064076063013,0.2618738017092877,1.2478936691844889,0.20985265666138436,0.0,0.0,1.0,0.0,0.52,0.31551788900776684,3.1318033524694133,0.033564905834436956,0.13389587043387477,0.4653279475485451,0.2573,0.1396,0.0215,0.1767,0.4049
bnp,8,weighted,design_runs,66,66,6,0.059854132852174384,31.776033051958613,0.17992745877150473,0.04814870053186952,0.5293637918762559,1.082966051400728,1.1253399686666983,1.2478936691844889,0.9017915520014773,0.015151515151515152,0.16666666666666666,0.8333333333333334,0.0,0.815,0.29026627888610607,1.9,0.031050452073921538,0.045315459302987394,0.0,0.4722,0.0,0.0,0.1389,0.3889
bnp,8,weighted,single_objective_refs,7,7,5,0.015151329076045324,3.9998496404682506,0.1818096443783396,0.157879628071736,0.5646550731155524,0.907629633439208,0.9257153376689841,1.2478936691844889,0.741822288652164,0.5714285714285714,0.8,0.2,0.0,0.81,0.3078647048349524,2.263621863192691,0.0,0.0,0.0,0.3281,0.0008,0.0,0.1729,0.4983
bnp,8,support,nbi_A,66,46,4,0.9223515257331145,0.9165056034986374,0.07716589475220331,0.023354015049929656,1.2658728729982411,0.8121525095269606,1.2126373337705592,1.3099184143970488,0.9257350079537069,0.021739130434782608,0.25,0.75,0.0,1.0,0.2149950862364141,1.3959191490146852,0.0017946241380871419,0.040978983776600836,0.0,0.3045,0.0834,0.0,0.0812,0.5308
bnp,8,support,nbi_B,66,63,20,0.001130302725521809,1.1487290395421088,0.042290194293478564,0.006050161939675415,0.40968729667878356,3.796957299946381,1.296867478796319,1.3099184143970488,0.9900368332429794,0.25396825396825395,0.8,0.2,0.0,0.855,0.22948729803863305,2.5521666096249422,4.5316150628091453e-07,8.642308916078758e-09,0.0,0.28,0.0002,0.0,0.2177,0.5021
bnp,8,support,nbi_C,66,55,13,0.0025876143808622404,0.07934886924232046,0.043473845059065326,0.008570733367734215,0.5042693992263634,3.047992217523271,1.2731997822343768,1.3099184143970488,0.9719687640397258,0.2,0.8461538461538461,0.15384615384615385,0.0,0.755,0.2602217973259631,2.6093406176590013,4.5316150628091453e-07,8.642308916078758e-09,0.0,0.3082,0.0007,0.0,0.2252,0.4659
bnp,8,support,ws_random_scalarization,66,66,2,0.0077821521637598985,2.5543442869369826,0.16159335039074568,0.07605838917198336,,,1.1122764872951003,1.3099184143970488,0.8491189031853389,0.015151515151515152,0.5,0.5,0.0,,,1.9928605751212927,0.10781102635364231,0.06030113436219013,0.021655983093162336,0.4392,0.0051,0.0,0.0,0.5557
bnp,8,support,random_dirichlet_budget,66,66,1,0.11232130025794794,4.187475124497078,0.9942197543784962,0.963659375545087,,,0.07929188220856698,1.3099184143970488,0.06053192423061307,0.0,0.0,1.0,0.0,,,3.1318033524694133,0.033564905834436956,0.13389588336209185,1.0230390595461276,0.205,0.0144,0.0621,0.2723,0.4462
bnp,8,support,design_runs,66,66,5,0.008124724338490907,9.338336432802548,0.08052926093408452,0.06235320253893699,0.5084524128583311,1.1896575385381838,1.2184016057446634,1.3099184143970488,0.9301354896255044,0.030303030303030304,0.4,0.6,0.0,0.85,0.2162489781606542,1.7999999999999998,0.031050452073921538,0.04531546367838817,0.0,0.3333,0.0,0.0,0.1667,0.5
bnp,8,support,single_objective_refs,7,7,5,0.0,0.8897001787378187,0.04562236698589413,0.01572579967321191,0.5392426405255447,1.2119215724753023,1.2855583399484956,1.3099184143970488,0.9814033651402893,0.7142857142857143,1.0,0.0,0.0,0.795,0.24853360306695108,2.263621863192691,0.0,0.0,0.0,0.3281,0.0008,0.0,0.1729,0.4983
bnp,9,weighted,nbi_A,66,62,25,7.2080280122064435,5.47667735137265,0.893665541711668,0.8929939102423601,0.8398805355116026,0.7998641989588613,0.09893379275073774,1.239923495718635,0.07979023955296347,0.0,0.0,1.0,0.0,1.0,0.10906611129657119,1.6810232511293532,0.14893264207032086,0.10734555750779826,2.7166794555861303e-08,0.2856,0.0656,0.0577,0.0,0.5912
bnp,9,weighted,nbi_B,66,66,63,0.00624268480376498,0.006443834960004278,0.009454294761370254,0.0030725367104310693,0.037151609717033414,0.8726723827231154,1.2320095552893533,1.239923495718635,0.9936173961888715,0.5909090909090909,0.6190476190476191,0.38095238095238093,0.0,0.405,0.03967559514890692,1.993636271815784,6.307925370778352e-07,4.166327420624012e-08,2.7166794555861303e-08,0.4673,0.0051,0.0,0.0731,0.4545
bnp,9,weighted,nbi_C,66,51,31,0.009273367708072177,0.03371458369501611,0.025078571293136953,0.012500455776192758,0.09648246840566031,0.9509210843408923,1.2147487688282887,1.239923495718635,0.9796965482327961,0.3333333333333333,0.5483870967741935,0.45161290322580644,0.0,0.71,0.08666144106521259,2.1772101425600074,6.307925370778352e-07,4.166327420624012e-08,2.7166794555861303e-08,0.3951,0.006,0.0,0.1242,0.4748
bnp,9,weighted,ws_random_scalarization,66,66,2,0.5866975928813487,0.6610734656617757,0.4197834925847588,0.17736139801641884,,,0.8344733223248656,1.239923495718635,0.673003879034667,0.0,0.0,1.0,0.0,,,1.5457639740349474,0.15808336923432606,0.19276375808177035,0.04661806663323584,0.5545,0.0934,0.0,0.0,0.3521
bnp,9,weighted,random_dirichlet_budget,66,66,7,11.045966753719686,33.1805463056011,3.184099395055433,3.180445369382193,9.612139021587607,1.360823890681451,0.0,1.239923495718635,0.0,0.0,0.0,1.0,0.0,1.0,0.27108146683878714,2.477998398073156,0.09464149954922649,0.3306535512134198,1.9954923918437122,0.2147,0.1355,0.0579,0.2996,0.2923
bnp,9,weighted,design_runs,66,66,7,0.0810817359915436,31.871512141785747,0.19144790116593854,0.03399890476196772,0.4892406586056984,1.1444753350288162,1.1392106500985926,1.239923495718635,0.9187749518677593,0.045454545454545456,0.42857142857142855,0.5714285714285714,0.0,0.845,0.27193053518069077,1.7999999999999998,0.04286109156724856,0.03268577912487536,2.7166794555861303e-08,0.4048,0.0,0.0,0.1667,0.4286
bnp,9,weighted,single_objective_refs,7,7,4,0.024235378286360958,7.279918417002587,0.16974817093606318,0.12614822808085244,0.4770157393051814,0.5253326162602721,0.9580483009936867,1.239923495718635,0.7726672688288893,0.2857142857142857,0.5,0.5,0.0,0.745,0.3312697695412315,1.52344934319449,0.0,0.0,2.7166794555861303e-08,0.3428,0.0012,0.0,0.1235,0.5325
bnp,9,support,nbi_A,66,62,8,0.30721816245823513,0.6916911074671824,0.8752120980910336,0.8751871943666197,0.15413259657219577,0.750722246752811,0.1865552237575262,1.3148748753071504,0.14188059051166182,0.0,0.0,1.0,0.0,0.62,0.1971190590789818,1.5396772555133973,0.1493791213400137,0.10772161203209843,1.8752098025640778e-10,0.4624,0.068,0.0421,0.0,0.4275
bnp,9,support,nbi_B,66,66,18,0.0012486074715119806,0.09511898154301641,0.04911289186722996,0.009159733422196004,0.44787889031134925,3.77922907517681,1.2745928377024953,1.3148748753071504,0.9693643567451653,0.22727272727272727,0.8333333333333334,0.16666666666666666,0.0,0.87,0.2270559960976822,2.2343652758686816,6.326835650443518e-07,4.180922959672078e-08,1.8752098025640778e-10,0.2517,0.001,0.0002,0.191,0.5561
bnp,9,support,nbi_C,66,51,13,0.007693999024678554,0.0780064454649615,0.06050306645217869,0.010191066326785677,0.4914812080738406,3.0185049473019254,1.272630322289415,1.3148748753071504,0.9678718075681025,0.21568627450980393,0.8461538461538461,0.15384615384615385,0.0,0.825,0.20582874694770223,2.4030455470161574,6.326835650443518e-07,4.180922959672078e-08,1.8752098025640778e-10,0.2768,0.0033,0.0,0.2077,0.5122
bnp,9,support,ws_random_scalarization,66,66,3,0.5924883856444615,0.6661981568983378,0.23964004644526882,0.20233285849008062,0.21843328460981454,0.14992614817844108,0.9008508580072684,1.3148748753071504,0.6851228774120676,0.0,0.0,1.0,0.0,0.825,0.13534042854133285,1.3147472451518445,0.15855728110660047,0.193439050893422,0.022963053932143318,0.3697,0.1086,0.0,0.0,0.5217
bnp,9,support,random_dirichlet_budget,66,66,2,0.35402354870202557,3.4877471592610285,1.0019024838472792,0.9946966788697211,,,0.059420923989893536,1.3148748753071504,0.04519131447850732,0.0,0.0,1.0,0.0,,,2.8957344975304076,0.094925221552771,0.33181190156155316,1.0229630740068325,0.327,0.0067,0.1304,0.2125,0.3234
bnp,9,support,design_runs,66,66,5,0.00604472642010688,7.199613562716433,0.07783102355846343,0.040349958624294774,0.6093316422278059,1.479928556216661,1.2275871000127907,1.3148748753071504,0.9336151470123957,0.015151515151515152,0.2,0.8,0.0,0.92,0.1557443877673844,1.7999999999999998,0.042989583136290525,0.03280028442351609,1.8752098025640778e-10,0.2667,0.0,0.0,0.1667,0.5667
bnp,9,support,single_objective_refs,7,7,4,0.0025478393169302777,0.4459968310044094,0.06816249936879584,0.024526350490400427,0.6305343067607292,1.1188953279867402,1.2947748394615448,1.3148748753071504,0.9847133470849001,0.2857142857142857,0.5,0.5,0.0,0.955,0.15328123731323096,1.52344934319449,0.0,0.0,1.8752098025640778e-10,0.3428,0.0012,0.0,0.1235,0.5325
bnp,10,weighted,nbi_A,66,12,4,0.07823344734914112,0.22965668335459813,0.3912424310815098,0.2896760814101164,0.6592575014060298,1.6106413907910015,0.655731455805162,1.246348974234848,0.5261218722530945,0.0,0.0,1.0,0.0,0.855,0.30121547014013345,1.0218976303363618,0.3122881091454149,0.24221161859144535,0.0,0.2563,0.0095,0.0,0.0,0.7341
bnp,10,weighted,nbi_B,66,65,44,0.0037354895512450746,0.012209833690152718,0.025643189468264143,0.007094890116188189,0.15747290684226262,2.188083707264255,1.2242106126016437,1.246348974234848,0.9822374294111363,0.49230769230769234,0.7272727272727273,0.2727272727272727,0.0,0.975,0.06829004565050432,2.14596353734104,1.1757185779506104e-06,0.0,0.0,0.4026,0.0041,0.0,0.0891,0.5043
bnp,10,weighted,nbi_C,66,55,35,0.009288851840680176,0.03808172649328522,0.02255898290873169,0.011870910831855905,0.0656594869488573,0.7925114203732703,1.225411642920961,1.246348974234848,0.9832010682828694,0.2727272727272727,0.42857142857142855,0.5714285714285714,0.0,0.3,0.08661869790723281,2.2607189429250547,1.1757185779506104e-06,0.0,0.0,0.4491,0.0051,0.0,0.1129,0.4329
bnp,10,weighted,ws_random_scalarization,66,66,14,0.10122860154831433,0.3865780550598779,0.46354140948160166,0.32586285727147196,0.036191100637579396,3.741657386773941,0.6126784785910627,1.246348974234848,0.49157859576784674,0.0,0.0,1.0,0.0,0.045,0.17267980800604782,1.0,0.33526075103865205,0.2721524568021179,0.130897316641807,0.0,0.0024,0.0,0.0,0.9976
bnp,10,weighted,random_dirichlet_budget,66,66,3,4.120627991826955,30.10516369077195,0.7257020609276117,0.7070776775011287,5.9449987299143645,1.2928891615279268,0.14943060061372238,1.246348974234848,0.1198946713182478,0.0,0.0,1.0,0.0,1.0,0.34803162211274524,2.545703582049656,0.11380928150281677,0.13606705675489572,0.643373835763426,0.4189,0.0467,0.0312,0.0599,0.4433
bnp,10,weighted,design_runs,66,66,6,0.10329812552470781,34.72930939445567,0.1968843152421949,0.036587618729350214,0.5368571148292449,1.0188825813545093,1.1342547838561912,1.246348974234848,0.910061954800843,0.030303030303030304,0.3333333333333333,0.6666666666666666,0.0,0.9,0.26961594178724757,1.9,0.03514489088899459,0.036417385980003,0.0,0.4722,0.0,0.0,0.1389,0.3889
bnp,10,weighted,single_objective_refs,7,7,4,0.025095362891617352,4.257606545316098,0.21761304346471771,0.18187659191399988,0.3895021258487789,0.4264188128302957,0.902940845984906,1.246348974234848,0.7244687199580155,0.2857142857142857,0.5,0.5,0.0,0.715,0.29359974829486774,1.596830930900732,0.0,4.306463326325796e-10,0.0,0.3638,0.0013,0.0,0.1172,0.5177
bnp,10,support,nbi_A,66,12,3,0.047015560605328514,0.23773168414262894,0.2600115940670133,0.2401906477659465,0.6025972379617707,1.0553033461755752,0.7366778953974553,1.3112404391979475,0.5618175533451839,0.08333333333333333,0.3333333333333333,0.6666666666666666,0.0,0.955,0.2908273935533422,1.0000000000000004,0.3122881091454149,0.24221182915663753,0.0,0.3388,0.0085,0.0,0.0,0.6526
bnp,10,support,nbi_B,66,65,13,0.0026117664537648744,0.04570803412317769,0.1476618133151518,0.008573649600733885,0.5102279889676817,3.1390423025548544,1.2986918065199884,1.3112404391979475,0.9904299529645114,0.13846153846153847,0.6923076923076923,0.3076923076923077,0.0,0.995,0.1862621631744599,2.361622186645515,1.1757185779506104e-06,0.0,0.0,0.3271,0.0005,0.0,0.1669,0.5054
bnp,10,support,nbi_C,66,55,13,0.002742977963274757,0.07968658124200731,0.14914362959403688,0.011151890831375593,0.509214922260053,3.13671177928714,1.2976996481139016,1.3112404391979475,0.9896732966134506,0.18181818181818182,0.7692307692307693,0.23076923076923078,0.0,1.0,0.20179356270053295,2.506598696658487,1.1757185779506104e-06,0.0,0.0,0.3158,0.0009,0.0,0.1959,0.4874
bnp,10,support,ws_random_scalarization,66,66,15,0.0067607401437538685,0.37997955863924204,0.3128324705020107,0.2654420319882983,0.03862307448912788,3.872983346207418,0.6936751852664288,1.3112404391979475,0.5290221110712023,0.21212121212121213,0.9333333333333333,0.06666666666666667,0.0,0.355,0.19902570041903922,1.0,0.33526075103865205,0.272152693396195,0.0008127534471626425,0.0,0.0023,0.0,0.0,0.9977
bnp,10,support,random_dirichlet_budget,66,66,3,2.2153242687302934,5.1973816564961615,0.9723936198461623,0.9437274504253979,1.475618198916111,0.42401360575220537,0.09506220190395302,1.3112404391979475,0.07249791804933972,0.0,0.0,1.0,0.0,1.0,0.2841242739469492,2.545703582049656,0.11380928150281677,0.13606717504396096,0.08303116086947296,0.0966,0.1702,0.0349,0.2822,0.4162
bnp,10,support,design_runs,66,66,5,0.009622878783557564,7.92223382421125,0.06950328662626495,0.03628577770792815,0.5182992666742449,1.2334258722495108,1.2255238383061902,1.3112404391979475,0.9346293796855533,0.030303030303030304,0.4,0.6,0.0,0.9,0.2198635163992175,1.7999999999999998,0.03514489088899459,0.036417417639235214,0.0,0.3333,0.0,0.0,0.1667,0.5
bnp,10,support,single_objective_refs,7,7,5,5.532821887961982e-08,0.4600504517115879,0.05684222296998394,0.016168073647111314,0.5429880644336919,1.801018723925483,1.2864328864565062,1.3112404391979475,0.9810808513832784,0.2857142857142857,0.4,0.6,0.0,0.925,0.22994160040961883,1.0,0.0,4.3064670701234024e-10,0.0,0.291,0.0011,0.0,0.0938,0.6141
bnp,11,weighted,nbi_A,66,66,8,0.0011472996358431779,0.030009791152682954,0.15073733579785673,0.023335211719721718,0.20835971655532384,0.830533169749607,1.1654906485098104,1.262195177682015,0.9233838546667563,0.07575757575757576,0.625,0.375,0.0,0.53,0.25088450685830216,1.7241379310430422,0.07668556593523827,0.03003219561575597,1.3558334073147334e-08,0.65,0.0,0.0,0.0,0.35
bnp,11,weighted,nbi_B,66,66,47,0.00032971983738259433,0.008457031284732705,0.046511577086057174,0.010365698608685423,0.11472760382152437,3.0171881165928656,1.2323820740323175,1.262195177682015,0.9763799575716582,0.6212121212121212,0.8723404255319149,0.1276595744680851,0.0,0.995,0.05208581685527081,1.8938727316605493,5.872276234310557e-07,0.0,1.3558334073147334e-08,0.5524,0.0026,0.0,0.0098,0.4352
bnp,11,weighted,nbi_C,66,50,30,0.008463514297940972,0.02824472565293172,0.030892354638711598,0.014467968039487985,0.08931580569788816,0.9506479304677234,1.2436233543625768,1.262195177682015,0.9852860923192996,0.34,0.5666666666666667,0.43333333333333335,0.0,0.685,0.08027245127590088,2.203588193543082,5.872276234310557e-07,0.0,1.3558334073147334e-08,0.419,0.0057,0.0,0.1126,0.4627
bnp,11,weighted,ws_random_scalarization,66,66,1,0.07919084836838679,0.07919084836842895,0.444206288946492,0.3073754823971068,,,0.6010577432120691,1.262195177682015,0.476200316591206,0.0,0.0,1.0,0.0,,,1.000000000000824,0.32135242175444884,0.32090184721725856,0.10920664654769346,0.0,0.0,0.0,0.0,1.0
bnp,11,weighted,random_dirichlet_budget,66,66,2,1.191394794578444,25.751435643535245,1.1504226225645393,1.124920712949543,,,0.011737674589121873,1.262195177682015,0.009299413273530146,0.0,0.0,1.0,0.0,,,2.60914585491788,0.07072197580955103,0.07113169936352182,1.0552537575772367,0.122,0.0582,0.0091,0.27,0.5407
bnp,11,weighted,design_runs,66,66,6,0.06203704717439585,30.490282653773875,0.14462890028047182,0.024527719481197044,0.5235244912295277,1.0500728692068744,1.1656665903822954,1.262195177682015,0.9235232482214109,0.0,0.0,1.0,0.0,0.84,0.2899198748342718,1.9,0.0429965455682643,0.027707754448687134,1.3558334073147334e-08,0.4722,0.0,0.0,0.1389,0.3889
bnp,11,weighted,single_objective_refs,7,7,4,0.01979781812864598,3.4536103577298802,0.18770396785917845,0.15067857377315194,0.43011086230640705,0.49847642263710207,1.0133725437209775,1.262195177682015,0.8028651682713658,0.2857142857142857,0.5,0.5,0.0,0.705,0.32847955841274284,1.5511685760612743,0.0,5.623977413034726e-09,1.3558334073147334e-08,0.3579,0.0012,0.0,0.1148,0.526
bnp,11,support,nbi_A,66,66,27,0.0015944818969852738,0.07217364706048744,0.02855961156061359,0.016162953810378505,0.2619076449560425,5.196152422706631,1.1935517341360282,1.3137993442482334,0.9084733824547524,0.2727272727272727,0.6666666666666666,0.3333333333333333,0.0,0.975,0.088577870687069,1.7241379310344869,0.07680025818262053,0.030091319865534455,1.0121199916335075e-10,0.2296,0.0,0.0,0.0,0.7704
bnp,11,support,nbi_B,66,66,13,0.02577020878174696,0.068920975030863,0.20037011553120776,0.030122545487677566,0.33664450329030077,2.1279301500237735,1.2813544678201412,1.3137993442482334,0.9753045420747584,0.15151515151515152,0.7692307692307693,0.23076923076923078,0.0,0.89,0.08527620823772754,1.8568288236429804,5.881058911341736e-07,0.0,1.0121199916335075e-10,0.4149,0.0033,0.0,0.0353,0.5465
bnp,11,support,nbi_C,66,50,13,0.00441077854229607,0.06752772102347336,0.18320998644875633,0.029084562484309944,0.497310561899111,3.059854265303395,1.2750590414750664,1.3137993442482334,0.9705127705058078,0.2,0.7692307692307693,0.23076923076923078,0.0,1.0,0.0702369613876006,2.4515390842167055,5.881058911341736e-07,0.0,1.0121199916335075e-10,0.3029,0.0031,0.0,0.1934,0.5007
bnp,11,support,ws_random_scalarization,66,66,66,0.0,0.0,0.18830559867021543,0.17574716191806106,0.0,,0.6658606676886677,1.3137993442482334,0.5068206728856898,1.0,1.0,0.0,0.0,0.0,0.11232737689475895,1.0,0.3218330419468312,0.3215336052549325,0.0008152198462872287,0.0,0.0,0.0,0.0,1.0
bnp,11,support,random_dirichlet_budget,66,66,2,0.5496388841034177,4.176655931802556,1.0072215904532564,0.9731837740898881,,,0.1058738347222863,1.3137993442482334,0.08058600058357325,0.0,0.0,1.0,0.0,,,2.2399447003920394,0.07082774880928035,0.0712717360233167,0.9624883579663461,0.3301,0.0411,0.1585,0.1168,0.3535
bnp,11,support,design_runs,66,66,5,0.00995802421990297,8.607649228049269,0.02720635733594381,0.015246129240943464,0.5536634816338741,1.3038712124962581,1.2301879943949499,1.3137993442482334,0.9363591173801913,0.030303030303030304,0.4,0.6,0.0,0.965,0.13905465658778368,1.7999999999999998,0.04306085193910157,0.027762302581490504,1.0121199916335075e-10,0.3333,0.0,0.0,0.1667,0.5
bnp,11,support,single_objective_refs,7,7,6,0.0004120214646800699,0.38807873463493536,0.025942363628705407,0.012579508721366107,0.5389483358964674,2.01386653041705,1.2914644466799756,1.3137993442482334,0.982999765020405,0.14285714285714285,0.16666666666666666,0.8333333333333334,0.0,0.965,0.12879727399393023,1.0000000000000042,0.0,5.635049312324779e-09,1.0121199916335075e-10,0.2386,0.0008,0.0,0.0766,0.684
bnp,12,weighted,nbi_A,66,66,8,0.0007210301792523228,0.034754761993997026,0.19237496492770764,0.02555013213228695,0.20866797090183342,0.8239143439444856,1.1551633954602372,1.2466224465102052,0.9266345225003781,0.09090909090909091,0.75,0.25,0.0,0.46,0.25435829859078796,1.7241379310345146,0.07818075225761778,0.02993290058885488,0.0,0.65,0.0,0.0,0.0,0.35
bnp,12,weighted,nbi_B,66,66,48,0.00015331353378764066,0.007769773501537456,0.0584151295480628,0.01183985068142182,0.12616774926048607,3.2866547122861407,1.2104088499364782,1.2466224465102052,0.9709506301004741,0.6212121212121212,0.8541666666666666,0.14583333333333334,0.0,1.0,0.050326993490679275,1.8930108575717264,1.4733793215284416e-06,4.2386182187951224e-07,0.0,0.5549,0.0015,0.0,0.0096,0.434
bnp,12,weighted,nbi_C,66,54,31,0.0055380159084192524,0.030509323885664172,0.03263069202328844,0.013360857792652602,0.12955118426572557,1.2677002952449477,1.2263781951986477,1.2466224465102052,0.9837607197205303,0.4074074074074074,0.7096774193548387,0.2903225806451613,0.0,0.95,0.07848809584158455,2.242352399328962,1.4733793215284416e-06,4.2386182187951224e-07,0.0,0.3969,0.0056,0.0,0.1232,0.4743
bnp,12,weighted,ws_random_scalarization,66,66,1,0.09630673199628424,0.09630673199638268,0.46996616976931876,0.31642914547422674,,,0.5844593382183759,1.2466224465102052,0.4688342808638745,0.0,0.0,1.0,0.0,,,1.0000000000012448,0.32196734399182037,0.32234167867687147,0.13402107225854262,0.0,0.0,0.0,0.0,1.0
bnp,12,weighted,random_dirichlet_budget,66,66,3,1.601829083553535,29.27874732639095,0.8378513787981547,0.8074894999444169,0.7917041103613963,0.28040800439288105,0.12563543864559393,1.2466224465102052,0.10078066458477286,0.0,0.0,1.0,0.0,0.9,0.3228214823405546,1.9681410730520537,0.0778643233300772,0.10332719342198436,0.57493493465391,0.2504,0.0876,0.0083,0.1503,0.5033
bnp,12,weighted,design_runs,66,66,6,0.09979167128563422,34.193613400312536,0.17010297368162972,0.027686605123345854,0.52487513250798,0.9911282101603804,1.1478102548441682,1.2466224465102052,0.9207360721422498,0.045454545454545456,0.5,0.5,0.0,0.82,0.30986703667782495,1.9,0.04023422556999349,0.027490476458847588,0.0,0.4722,0.0,0.0,0.1389,0.3889
bnp,12,weighted,single_objective_refs,7,7,4,0.024076759311918158,3.9999280983497205,0.20483731539962527,0.16594237868355757,0.4093855589164682,0.4450169072281825,0.9404159679163541,1.2466224465102052,0.7543711173731505,0.14285714285714285,0.25,0.75,0.0,0.65,0.3239614431050051,1.5626925660393638,1.075855539213958e-06,4.893527241946435e-07,0.0,0.3598,0.0009,0.0,0.1155,0.5238
bnp,12,support,nbi_A,66,66,27,0.0022602557416511984,0.07079447842841503,0.025749074844208766,0.012922518502222348,0.26106897296611487,5.196152422706632,1.1916363192657111,1.3131012667819812,0.9074976541497486,0.2878787878787879,0.7037037037037037,0.2962962962962963,0.0,0.89,0.13989793918055268,1.7241379310029854,0.07818075225761778,0.02993290058885488,0.0,0.2296,0.0,0.0,0.0,0.7704
bnp,12,support,nbi_B,66,66,13,0.009621109183867816,0.06748780229532536,0.1370515544313352,0.01775056151376944,0.45873095788941054,2.7470783599760114,1.2922703288766255,1.3131012667819812,0.984136076605572,0.16666666666666666,0.8461538461538461,0.15384615384615385,0.0,1.0,0.1570104026386379,1.8704763891638498,1.4733793215284416e-06,4.2386182187951224e-07,0.0,0.402,0.0019,0.0,0.0355,0.5606
bnp,12,support,nbi_C,66,54,14,0.008587030566548087,0.06540979290698298,0.07655985791191387,0.017920041060386527,0.4026484333668007,2.6720321056962755,1.2900488854226209,1.3131012667819812,0.9824443232654441,0.2037037037037037,0.7857142857142857,0.21428571428571427,0.0,0.985,0.14397455897829756,2.4343052378727554,1.4733793215284416e-06,4.2386182187951224e-07,0.0,0.2897,0.001,0.0001,0.1808,0.5284
bnp,12,support,ws_random_scalarization,66,66,66,0.0,0.0,0.19267002324162288,0.15154755765799974,0.0,,0.6650256530983276,1.3131012667819812,0.5064542011509187,1.0,1.0,0.0,0.0,0.0,0.07030599382858234,1.0,0.32196734399182037,0.32234167867687147,0.0008631990401018836,0.0,0.0,0.0,0.0,1.0
bnp,12,support,random_dirichlet_budget,66,66,1,0.11118250386670785,3.8730413196126983,1.030171361453937,0.9766209146037294,,,0.10187345725333183,1.3131012667819812,0.07758233110458665,0.0,0.0,1.0,0.0,,,2.1295023081351467,0.0778643233300772,0.10332719342198436,1.000000025623627,0.0344,0.0218,0.0196,0.3197,0.6044
bnp,12,support,design_runs,66,66,5,0.007804694050400925,8.574507552443578,0.023938819290501078,0.012166536337793857,0.5511774568491135,1.300548446122319,1.2323863560057113,1.3131012667819812,0.9385310845262697,0.06060606060606061,0.8,0.2,0.0,0.81,0.20568997996755456,1.7999999999999998,0.04023422556999349,0.027490476458847588,0.0,0.3333,0.0,0.0,0.1667,0.5
bnp,12,support,single_objective_refs,7,7,6,1.7996841325057615e-07,0.3866929408189961,0.026251830632369178,0.01114455710597869,0.5374030911287315,2.0187538105843896,1.2900594224539852,1.3131012667819812,0.9824523478037115,0.14285714285714285,0.16666666666666666,0.8333333333333334,0.0,0.845,0.18669652272135537,1.0000000000000036,1.075855539213958e-06,4.893527241946435e-07,0.0,0.2399,0.0006,0.0,0.077,0.6825
bnp,13,weighted,nbi_A,66,66,7,5.4055966052552714e-14,0.028155640010357034,0.17007519879257005,0.033317867338982156,0.19634654144022978,0.6961746920339303,1.1215512385008817,1.2590477892103291,0.8907932233488255,0.07575757575757576,0.7142857142857143,0.2857142857142857,0.0,0.425,0.2803226388298435,1.7241379310333869,0.10672889696744065,0.04694487722637487,0.0,0.7,0.0,0.0,0.0,0.3
bnp,13,weighted,nbi_B,66,66,43,0.00013516303350226248,0.009499443967264404,0.051951831467719825,0.01570894584322348,0.12090136421165315,3.0479030760808783,1.2189490423853242,1.2590477892103291,0.9681515291408004,0.6060606060606061,0.9302325581395349,0.06976744186046512,0.0,0.975,0.061123827929140756,1.9155563618083797,5.328342209614126e-07,1.0048696616515194e-06,0.0,0.5807,0.0017,0.0,0.0124,0.4052
bnp,13,weighted,nbi_C,66,58,34,0.010747520023619988,0.03946580018855779,0.030113033359074448,0.017233822589316085,0.06697671386440948,0.8906006302425296,1.2366235273177681,1.2590477892103291,0.982189506955391,0.29310344827586204,0.5,0.5,0.0,0.425,0.07359527574431937,2.3182836208068913,5.328342209614126e-07,1.0048696616515194e-06,0.0,0.4531,0.0057,0.0,0.1279,0.4133
bnp,13,weighted,ws_random_scalarization,66,66,2,0.03299748548608174,0.06499504716877956,0.4355401241992598,0.37312271255724677,,,0.5122340183415837,1.2590477892103291,0.4068423952857701,0.0,0.0,1.0,0.0,,,1.0000000000111862,0.38980599328380344,0.38856518475053686,9.008949889758854e-13,0.5,0.0,0.0,0.0,0.5
bnp,13,weighted,random_dirichlet_budget,66,66,3,7.100515618247308,22.413202303873337,0.64789637660466,0.5999049041920331,1.8783412424020431,0.23929037171506645,0.270144306506452,1.2590477892103291,0.2145623929619746,0.0,0.0,1.0,0.0,1.0,0.3389192954175918,2.9790298431749167,0.09083473631543626,0.19418438862944834,0.3002629016254977,0.1438,0.0514,0.0657,0.2796,0.4595
bnp,13,weighted,design_runs,66,66,6,0.03627071706825183,27.82977724894724,0.1433828575822404,0.036233546203884075,0.5293506066763602,1.1432881837351139,1.1415920865821434,1.2590477892103291,0.9067106875253294,0.030303030303030304,0.3333333333333333,0.6666666666666666,0.0,0.86,0.2718396197787332,1.9,0.03264920379470077,0.042966395914171444,0.0,0.4722,0.0,0.0,0.1389,0.3889
bnp,13,weighted,single_objective_refs,7,7,5,0.026397988388540055,3.0870191390905144,0.1976956904654085,0.163759658436497,0.5366731185819016,1.140095894202901,0.9874228957548141,1.2590477892103291,0.7842616493327252,0.42857142857142855,0.6,0.4,0.0,0.8,0.3216766972340196,1.0000000000000007,0.0,1.008116564743961e-06,0.0,0.2864,0.0007,0.0,0.1067,0.6062
bnp,13,support,nbi_A,66,66,19,0.0032606722433704445,0.08625667166417753,0.07598013904757576,0.05038924780491318,0.28043264126241124,4.358898943540672,1.1389476363852509,1.3103728857621573,0.8691782688427656,0.10606060606060606,0.3684210526315789,0.631578947368421,0.0,0.615,0.2220318385820368,1.000000000000616,0.10672889696744065,0.04694491653584296,0.0,0.2,0.0,0.0,0.0,0.8
bnp,13,support,nbi_B,66,66,9,0.017086966700248448,0.07128217933458585,0.04357201723474464,0.01855471793022582,0.48030324792776913,1.9908508740267998,1.2872950737197546,1.3103728857621573,0.9823883626613811,0.09090909090909091,0.6666666666666666,0.3333333333333333,0.0,0.775,0.22783699172521168,1.8904872015101832,5.328342209614126e-07,1.0048705030828796e-06,0.0,0.441,0.0021,0.0,0.0593,0.4976
bnp,13,support,nbi_C,66,58,13,0.003934755951397742,0.07751581559701665,0.05191138383131193,0.013087117474282609,0.49282976466950684,3.0246123142942443,1.2963742089481247,1.3103728857621573,0.9893170280260413,0.1896551724137931,0.8461538461538461,0.15384615384615385,0.0,0.74,0.23262015269178032,2.5944179591029353,5.328342209614126e-07,1.0048705030828796e-06,0.0,0.3058,0.0004,0.0,0.2257,0.468
bnp,13,support,ws_random_scalarization,66,66,66,0.005546735840994023,0.005546735840994023,0.4686305922245686,0.45674945333235695,0.1504642743977551,8.124038404635963,0.555411191504664,1.3103728857621573,0.4238573596412734,0.0,0.0,1.0,0.0,,,1.0,0.38980599328380344,0.388565510117044,0.0,0.0152,0.0,0.0,0.0,0.9848
bnp,13,support,random_dirichlet_budget,66,66,2,0.2239719775249712,3.9710282948978817,0.657161633230516,0.6369676892740547,,,0.38876529210366556,1.3103728857621573,0.29668294905045023,0.0,0.0,1.0,0.0,,,2.3248708077208704,0.09083473631543626,0.19418455123047065,0.08088398858954947,0.0838,0.0487,0.0715,0.1748,0.6211
bnp,13,support,design_runs,66,66,5,0.009275432708067107,8.36055795973035,0.0651357311274974,0.04552970024171967,0.5056901701068909,1.1873314257427912,1.2192121782009668,1.3103728857621573,0.9304314759930581,0.030303030303030304,0.4,0.6,0.0,0.875,0.1781787313029094,1.7999999999999998,0.03264920379470077,0.04296643189224337,0.0,0.3333,0.0,0.0,0.1667,0.5
bnp,13,support,single_objective_refs,7,7,6,0.002816035119200507,0.3650915039878739,0.06779123550924455,0.025631984287402924,0.48131774015674395,1.9286680638199796,1.2847335173550098,1.3103728857621573,0.9804335325572349,0.42857142857142855,0.5,0.5,0.0,0.83,0.19855558928741474,1.0000000000000007,0.0,1.0081174088941277e-06,0.0,0.2387,0.0006,0.0,0.0889,0.6718
bnp,14,weighted,nbi_A,66,66,8,0.0009256246986925111,0.028980120368290205,0.19463079036691996,0.03273189857492437,0.20373305507620693,0.8276883384398691,1.1225926082529631,1.2406772765758245,0.9048224138925426,0.09090909090909091,0.75,0.25,0.0,0.5,0.2414965208984264,1.7241379310352096,0.09827787207660041,0.04500216407874203,1.0094489245985237e-07,0.65,0.0,0.0,0.0,0.35
bnp,14,weighted,nbi_B,66,66,40,0.00042013184285391635,0.012889593547511347,0.06337064310215283,0.016728812567074546,0.1400194103812597,2.852578041352126,1.1948092866302185,1.2406772765758245,0.9630298782676199,0.5303030303030303,0.875,0.125,0.0,0.99,0.05859534766757186,1.9325839214253246,1.2785269117058171e-06,0.0,1.0094489245985237e-07,0.5682,0.002,0.0,0.0135,0.4163
bnp,14,weighted,nbi_C,66,58,34,0.010423778374626026,0.03896682059571406,0.02632020586495362,0.015823463701315377,0.040466603864747215,0.5743577027379727,1.2130658153909744,1.2406772765758245,0.9777448481517645,0.29310344827586204,0.5,0.5,0.0,0.065,0.0733324679952496,2.2462864081571765,1.2785269117058171e-06,0.0,1.0094489245985237e-07,0.4593,0.0063,0.0,0.1209,0.4135
bnp,14,weighted,ws_random_scalarization,66,66,1,0.0803138867830257,0.08031388678315328,0.46390413756815024,0.3082119669950386,,,0.5925354263973031,1.2406772765758245,0.4775902949013913,0.0,0.0,1.0,0.0,,,1.0000000000015,0.32024535482929234,0.3280056167831536,0.11566662690048728,0.0,0.0,0.0,0.0,1.0
bnp,14,weighted,random_dirichlet_budget,66,66,5,8.340686914003994,26.36298886658312,0.7914173007039678,0.7516012210974434,1.1320920196571262,0.702195195247266,0.14190871720429732,1.2406772765758245,0.11438004055007331,0.0,0.0,1.0,0.0,0.995,0.33926638831525635,3.040007387960366,0.10228015304574703,0.12370023369046275,0.8575032682532753,0.2877,0.0295,0.0657,0.2722,0.3449
bnp,14,weighted,design_runs,66,66,7,0.07702153904988382,31.25035627144171,0.16044546618356206,0.03289794344312233,0.49335960544797375,1.20213369302392,1.1256395061433424,1.2406772765758245,0.9072782482564865,0.06060606060606061,0.5714285714285714,0.42857142857142855,0.0,0.87,0.2835825057018204,1.7999999999999998,0.044611606684821246,0.04285897332173163,1.0094489245985237e-07,0.4048,0.0,0.0,0.1667,0.4286
bnp,14,weighted,single_objective_refs,7,7,4,0.020078545534908666,3.674993656484052,0.20834775387205215,0.176671103843245,0.4289222013707847,0.47288919565887094,0.9201347285731386,1.2406772765758245,0.741639059524521,0.14285714285714285,0.25,0.75,0.0,0.735,0.3221051427836371,1.5897640352515103,0.0,1.3567080856198139e-08,1.0094489245985237e-07,0.3446,0.001,0.0,0.1349,0.5196
bnp,14,support,nbi_A,66,66,27,0.006957250643325674,0.08197286057531417,0.0878516147181712,0.061861831063825826,0.26061950909808895,5.196152422706631,1.1520956677548635,1.3125883414317734,0.8777280975223014,0.0,0.0,1.0,0.0,0.515,0.23190538909156125,1.7241379310108254,0.0983763656162354,0.04506788582011687,7.050987208931808e-10,0.2296,0.0,0.0,0.0,0.7704
bnp,14,support,nbi_B,66,66,7,0.014167933110462624,0.07986300961484628,0.041525172442878414,0.01755979114714374,0.47611285814281334,1.5457799122829052,1.2839099863027978,1.3125883414317734,0.9781512952509596,0.06060606060606061,0.5714285714285714,0.42857142857142855,0.0,0.9,0.14012601219723395,1.824804543530102,1.2798082443027862e-06,0.0,7.050987208931808e-10,0.4531,0.0021,0.0,0.0771,0.4678
bnp,14,support,nbi_C,66,58,13,0.0038611583509442476,0.089954189652079,0.04783678679014441,0.009899516493019275,0.4997840151114782,3.07414855684671,1.296495967051682,1.3125883414317734,0.9877399685246802,0.1896551724137931,0.8461538461538461,0.15384615384615385,0.0,0.855,0.16773496392383339,2.5040896872773586,1.2798082443027862e-06,0.0,7.050987208931808e-10,0.2844,0.0006,0.0,0.2255,0.4896
bnp,14,support,ws_random_scalarization,66,66,66,0.006166620161582383,0.006166620161582383,0.422485179640463,0.3902816401442301,0.0,,0.6609937313265634,1.3125883414317734,0.5035803766210131,0.0,0.0,1.0,0.0,,,1.0,0.3205663029520215,0.3284846404202835,0.0008079298386499321,0.0,0.0,0.0,0.0,1.0
bnp,14,support,random_dirichlet_budget,66,66,3,0.20052713408035353,4.152433666813642,0.4309959824467464,0.4150245040957244,0.5633440228185117,1.0873573395427343,0.633420584357738,1.3125883414317734,0.4825736785585051,0.0,0.0,1.0,0.0,0.945,0.11470099867593504,3.040007387960366,0.10238265764922515,0.1238808871086492,0.08265253022892671,0.3173,0.0201,0.0971,0.1907,0.3749
bnp,14,support,design_runs,66,66,6,0.008444420527884673,7.597704323566588,0.0616262633099209,0.041848760230212646,0.5311293444107498,1.5424639260783553,1.2123134849848378,1.3125883414317734,0.9236052513329841,0.030303030303030304,0.3333333333333333,0.6666666666666666,0.0,0.885,0.16194438312933307,1.7999999999999998,0.04465631619020988,0.042921565119657466,7.050987208931808e-10,0.2778,0.0,0.0,0.1944,0.5278
bnp,14,support,single_objective_refs,7,7,6,0.0033784769134415048,0.3281731379685953,0.05636914466570058,0.020564026701003785,0.5363486360395197,2.015250435036719,1.2902442064129216,1.3125883414317734,0.9829770429055626,0.14285714285714285,0.16666666666666666,0.8333333333333334,0.0,0.89,0.17487428645577224,1.0000000000000022,0.0,1.3586894396224403e-08,7.050987208931808e-10,0.2297,0.0006,0.0,0.0899,0.6797
bnp,15,weighted,nbi_A,66,66,8,0.0016975244477225124,0.037517613613568535,0.1939544787377328,0.030896998143666563,0.20771549474575876,0.8276011471862487,1.1268435336057012,1.2374802991996914,0.9105951297442539,0.07575757575757576,0.625,0.375,0.0,0.505,0.23160766646436767,1.7241379310452403,0.08747691140877434,0.0435821490940966,0.0,0.65,0.0,0.0,0.0,0.35
bnp,15,weighted,nbi_B,66,66,43,0.000665668267694582,0.010238813495218314,0.06231321522589995,0.01413388567334484,0.13226348798970064,3.047778750177035,1.1962965424607883,1.2374802991996914,0.9667196667570889,0.5606060606060606,0.8604651162790697,0.13953488372093023,0.0,0.99,0.05932742815206212,1.9410400353373753,7.96530263491059e-07,6.075058251540832e-08,0.0,0.5678,0.0036,0.0,0.0114,0.4171
bnp,15,weighted,nbi_C,66,55,35,0.009130772331004861,0.03734149174524091,0.025959739559235688,0.016361057476428607,0.06526141184777261,0.8343505382811675,1.2109506852390957,1.2374802991996914,0.9785615868165715,0.36363636363636365,0.5714285714285714,0.42857142857142855,0.0,0.465,0.072119709718732,2.2670070987004043,7.96530263491059e-07,6.075058251540832e-08,0.0,0.4427,0.0058,0.0,0.1141,0.4374
bnp,15,weighted,ws_random_scalarization,66,66,1,0.10604989512852656,0.10604989512868933,0.47051411343142774,0.3416796895828934,,,0.5493145901001142,1.2374802991996914,0.44389764463755044,0.0,0.0,1.0,0.0,,,1.0000000000021576,0.3314753379959997,0.35223835872601705,0.14412711390805422,0.0,0.0,0.0,0.0,1.0
bnp,15,weighted,random_dirichlet_budget,66,66,6,4.2436679166325675,28.210709156719695,1.9919822199533057,1.987629543345157,0.5513961600186977,0.5384690299747757,0.0,1.2374802991996914,0.0,0.0,0.0,1.0,0.0,0.905,0.26522583422824786,2.839115652347103,0.08961523008340576,0.04825680615034026,0.5358521613381892,0.3281,0.1959,0.0114,0.1712,0.2934
bnp,15,weighted,design_runs,66,66,6,0.09373944815155921,32.9537786961712,0.17629976979311607,0.033646895854510264,0.5218749788510941,1.0031636765018752,1.1222081013207745,1.2374802991996914,0.9068492662441041,0.045454545454545456,0.5,0.5,0.0,0.875,0.24910198358369634,1.9,0.04074185907906204,0.03997944372127238,0.0,0.4722,0.0,0.0,0.1389,0.3889
bnp,15,weighted,single_objective_refs,7,7,4,0.02651247378218756,3.9105187243675177,0.22608068462456885,0.18863944466956126,0.42145013639192985,0.4638467285346112,0.9006613282110171,1.2374802991996914,0.7278187206644798,0.2857142857142857,0.5,0.5,0.0,0.705,0.30160304216403155,1.5881690861356959,0.0,0.0,0.0,0.3548,0.0017,0.0,0.1228,0.5206
bnp,15,support,nbi_A,66,66,27,0.0034487973676712333,0.10329505162262777,0.32907443885195603,0.04248078023994873,0.2555041782088558,5.196152422706632,1.0419326858481144,1.10602983940563,0.9420475368079031,0.015151515151515152,0.037037037037037035,0.9629629629629629,0.0,0.905,0.09354260182986675,1.724137931029748,0.08747691140877434,0.0435821490940966,0.0,0.2296,0.0,0.0,0.0,0.7704
bnp,15,support,nbi_B,66,66,9,0.047347441692649865,0.12443024607905724,0.0972473415859736,0.0821980803706702,0.32002367980493185,1.3323761620092842,0.6843767962106545,1.10602983940563,0.6187688359099173,0.12121212121212122,0.8888888888888888,0.1111111111111111,0.0,0.525,0.33574026008496527,1.8657366576696353,7.96530263491059e-07,6.075058251540832e-08,0.0,0.4549,0.0043,0.0,0.0546,0.4862
bnp,15,support,nbi_C,66,55,13,0.00909837003373951,0.3451931890346103,0.11140947753512587,0.10501385660131238,0.6171270697017894,2.894436374957573,0.6240457564883961,1.10602983940563,0.5642214470667015,0.21818181818181817,0.9230769230769231,0.07692307692307693,0.0,0.97,0.267104919743491,2.497353344779117,7.96530263491059e-07,6.075058251540832e-08,0.0,0.3023,0.0035,0.0,0.2061,0.488
bnp,15,support,ws_random_scalarization,66,66,66,1.5132339825640884e-13,1.5132339825640884e-13,0.720871044767185,0.3533640416304067,0.0,,0.6256166961023073,1.10602983940563,0.5656417881442581,0.0,0.0,1.0,0.0,,,1.0,0.3314753379959997,0.35223835872601705,0.011352351333629813,0.0,0.0,0.0,0.0,1.0
bnp,15,support,random_dirichlet_budget,66,66,2,8.557524791313497,12.513436965696831,7.004656674821568,7.004656674821568,,,0.0,1.10602983940563,0.0,0.0,0.0,1.0,0.0,,,2.472142893744413,0.08961523008340576,0.04825680615034026,0.9999999881201015,0.1038,0.1849,0.0141,0.2796,0.4176
bnp,15,support,design_runs,66,66,5,0.018676601640482928,12.690252303676418,0.09770018932590001,0.03937625862176532,0.4582400642562591,0.7560763607213468,1.0685180731592134,1.10602983940563,0.9660843090213777,0.030303030303030304,0.4,0.6,0.0,0.66,0.41238564982835596,1.7999999999999998,0.04074185907906204,0.03997944372127238,0.0,0.3333,0.0,0.0,0.1667,0.5
bnp,15,support,single_objective_refs,7,7,6,1.1065222812097394e-14,1.6327938455413986,0.11355527838882501,0.10433176573589859,0.5145968656347681,1.491240969556397,0.8479798713988271,1.10602983940563,0.7666880595685587,0.7142857142857143,0.8333333333333334,0.16666666666666666,0.0,0.66,0.40226941894254464,1.0000000000000016,0.0,0.0,0.0,0.2365,0.0012,0.0,0.0819,0.6804
bnp,16,weighted,nbi_A,66,66,32,0.002082074176490597,0.030228329004752634,0.18368440412356038,0.02584031457635588,0.10236782054232653,5.656854249492381,1.1477009330700185,1.2458325339574798,0.921232109282185,0.10606060606060606,0.21875,0.78125,0.0,0.87,0.07140847703743215,1.8236074270574312,0.08235678851487327,0.0344793044975608,0.0,0.5313,0.0,0.0,0.0,0.4687
bnp,16,weighted,nbi_B,66,66,42,0.000401198774747841,0.011222046548737786,0.061702070404809926,0.012447680372656058,0.13378328869402473,2.8852039826965408,1.2082014064705606,1.2458325339574798,0.96979439333842,0.5151515151515151,0.8095238095238095,0.19047619047619047,0.0,1.0,0.05272237612044618,1.934557802486268,9.793170621986546e-07,5.714487776203725e-09,0.0,0.5611,0.0023,0.0,0.0118,0.4248
bnp,16,weighted,nbi_C,66,55,31,0.004381392150513753,0.04045866306690945,0.03407901071318978,0.016143944084210132,0.05645300935779632,0.7152329074791043,1.2206771407756036,1.2458325339574798,0.9798083670989325,0.32727272727272727,0.5806451612903226,0.41935483870967744,0.0,0.285,0.07415694934776985,2.2369831624203247,9.793170621986546e-07,5.714487776203725e-09,0.0,0.4163,0.0035,0.0,0.1258,0.4544
bnp,16,weighted,ws_random_scalarization,66,66,1,0.08585220315156551,0.08585220315163627,0.4504066337355324,0.2870140766999455,,,0.618506031131853,1.2458325339574798,0.4964600090889604,0.0,0.0,1.0,0.0,,,1.0000000000009737,0.29501921555950106,0.311113494173122,0.12603377232758892,0.0,0.0,0.0,0.0,1.0
bnp,16,weighted,random_dirichlet_budget,66,66,1,0.07447275204949826,25.178361861673036,0.6372560196550057,0.5293963911257349,,,0.3919438499179993,1.2458325339574798,0.3146039609938267,0.0,0.0,1.0,0.0,,,1.8662346624794386,0.08287229939335218,0.02486649151792524,0.741585167147373,0.1421,0.0204,0.0021,0.1295,0.706
bnp,16,weighted,design_runs,66,66,7,0.09031360101979546,33.54957551797405,0.17123086434653426,0.027745799245846654,0.49687777081746165,1.1785649244287175,1.1449995396656076,1.2458325339574798,0.9190637653589213,0.030303030303030304,0.2857142857142857,0.7142857142857143,0.0,0.895,0.24484556309994987,1.7999999999999998,0.04565746127815101,0.03325622753204826,0.0,0.4048,0.0,0.0,0.1667,0.4286
bnp,16,weighted,single_objective_refs,7,7,5,0.03434106511172051,4.033999316237547,0.21511923161679944,0.16746518013511297,0.6220670539018214,1.1543488741163996,0.9412851349254597,1.2458325339574798,0.755547081384524,0.2857142857142857,0.4,0.6,0.0,0.96,0.2637826109536984,1.0,6.02182969836913e-07,0.0,0.0,0.2798,0.0009,0.0,0.0993,0.62
bnp,16,support,nbi_A,66,66,27,0.004436792260616032,0.10225791925868292,0.14800130187973198,0.017592965745597242,0.27013482034287534,5.196152422706632,1.0699606140470872,1.130066161948953,0.9468123638015976,0.16666666666666666,0.4074074074074074,0.5925925925925926,0.0,0.8,0.12342722658182712,1.7241379310387968,0.08235678851487327,0.0344793044975608,0.0,0.2296,0.0,0.0,0.0,0.7704
bnp,16,support,nbi_B,66,66,8,0.03436627664168397,0.1212374729186588,0.19104271827251393,0.18962973597836005,0.5514710705946982,1.427211361970031,0.7952221344923799,1.130066161948953,0.7036952005720719,0.06060606060606061,0.5,0.5,0.0,0.985,0.1783245299702255,1.8250705972077155,9.793170621986546e-07,5.714487776203725e-09,0.0,0.4355,0.0028,0.0,0.0621,0.4996
bnp,16,support,nbi_C,66,55,14,0.031503808808373994,0.34722109579950383,0.3812398059724505,0.35394410977307617,0.20537592807550262,1.8323362834104926,0.6394329291308655,1.130066161948953,0.5658367188236805,0.16363636363636364,0.6428571428571429,0.35714285714285715,0.0,0.83,0.1317227688616234,2.4180055498945245,9.793170621986546e-07,5.714487776203725e-09,0.0,0.3402,0.0027,0.0,0.1929,0.4643
bnp,16,support,ws_random_scalarization,66,66,66,0.0,0.0,0.29186039925892326,0.13818251472788054,0.0,,0.6923224983217211,1.130066161948953,0.6126389070244496,1.0,1.0,0.0,0.0,0.0,0.09426959771435411,1.0,0.29501921555950106,0.311113494173122,0.00979441091432309,0.0,0.0,0.0,0.0,1.0
bnp,16,support,random_dirichlet_budget,66,66,2,11.160739013193602,12.307807727818087,11.826456310399026,11.826456310399026,,,0.0,1.130066161948953,0.0,0.0,0.0,1.0,0.0,,,2.124988182675187,0.08287229939335218,0.02486649151792524,11.933831766172068,0.2641,0.0334,0.2587,0.0906,0.3532
bnp,16,support,design_runs,66,66,6,0.01726611676528915,12.44508580018485,0.04393590766143403,0.015669847007667905,0.5156740415464797,1.0896691423041096,1.0931228075311834,1.130066161948953,0.9673086800917429,0.045454545454545456,0.5,0.5,0.0,0.815,0.24179172726311826,1.7999999999999998,0.04565746127815101,0.03325622753204826,0.0,0.2778,0.0,0.0,0.1944,0.5278
bnp,16,support,single_objective_refs,7,7,6,1.524427160453434e-07,1.6599199761582715,0.04721636147833954,0.0428602727911481,0.5437178947820528,1.5229652542578553,0.8923890251186752,1.130066161948953,0.7896785649962555,0.2857142857142857,0.3333333333333333,0.6666666666666666,0.0,0.9,0.24923513340383663,1.0000000000000004,6.02182969836913e-07,0.0,0.0,0.2332,0.0007,0.0,0.0827,0.6833
bnp,17,weighted,nbi_A,66,66,8,0.0004857078988576474,0.017111664236471574,0.12392484229331145,0.020532944657738222,0.19795809849974932,0.8056144916239703,1.17731451354922,1.281055571460066,0.9190190806534579,0.07575757575757576,0.625,0.375,0.0,0.495,0.23777971143242835,1.7241379310255258,0.07629685022745203,0.031955168951636165,0.0,0.65,0.0,0.0,0.0,0.35
bnp,17,weighted,nbi_B,66,66,43,0.001067733098208571,0.009372813151172978,0.04263367584865085,0.009451910303965241,0.10623332323356531,2.630185194216396,1.2577317146304894,1.281055571460066,0.9817932513239893,0.48484848484848486,0.7441860465116279,0.2558139534883721,0.0,0.975,0.05692672387654621,1.9043161279550038,2.721167475715517e-07,0.0,0.0,0.5441,0.0035,0.0,0.0108,0.4416
bnp,17,weighted,nbi_C,66,56,32,0.005946703430008669,0.03480213703446598,0.026476583045069158,0.011333077248142382,0.07867522028522231,0.9740246353461869,1.2672415659092513,1.281055571460066,0.9892167007750723,0.3392857142857143,0.59375,0.40625,0.0,0.605,0.076350522878709,2.1349149026709515,2.721167475715517e-07,0.0,0.0,0.413,0.0049,0.0,0.1132,0.4689
bnp,17,weighted,ws_random_scalarization,66,66,1,0.04566346679880153,0.04566346679893345,0.4004659022813437,0.23627323524209226,,,0.7113557035181501,1.281055571460066,0.5552887160916774,0.0,0.0,1.0,0.0,,,1.0000000000024492,0.2627393648535019,0.27602196688976216,0.0688769117532896,0.0,0.0,0.0,0.0,1.0
bnp,17,weighted,random_dirichlet_budget,66,66,5,4.362835646197949,18.577499343654313,1.6635191925048085,1.6619461479267068,5.243847539116081,1.192352677081225,0.0,1.281055571460066,0.0,0.0,0.0,1.0,0.0,1.0,0.30832812745531224,2.1459340223059455,0.06415633119378088,0.18024856954171417,0.5754147338920842,0.3051,0.0945,0.043,0.092,0.4654
bnp,17,weighted,design_runs,66,66,7,0.04256810591901622,25.024245819243916,0.13206809293622312,0.021922803791282513,0.4839496446437488,1.2311513267562935,1.1823805500935982,1.281055571460066,0.9229736604993612,0.045454545454545456,0.42857142857142855,0.5714285714285714,0.0,0.88,0.25465663252636966,1.7999999999999998,0.04571455575776384,0.032805224456082714,0.0,0.4048,0.0,0.0,0.1667,0.4286
bnp,17,weighted,single_objective_refs,7,7,4,0.011415945440036525,2.8103294072139926,0.16835368418525581,0.11754663537949434,0.5100956627418403,0.6421970999906287,1.104878644068265,1.281055571460066,0.8624751874026778,0.2857142857142857,0.5,0.5,0.0,0.76,0.31373440673326786,1.5155517536444911,0.0,2.2353443140404483e-08,0.0,0.3452,0.0016,0.0,0.1162,0.5371
bnp,17,support,nbi_A,66,66,20,1.482064471147737e-13,0.07384545809841118,0.05325597672147655,0.025180776520054304,0.3268853838849145,4.472135954999579,1.1935146404535997,1.3152384135990178,0.9074511724362329,0.12121212121212122,0.4,0.6,0.0,0.67,0.2324089687900125,1.000000000000546,0.07629685022745203,0.03195517220570478,0.0,0.17,0.0,0.0,0.0,0.83
bnp,17,support,nbi_B,66,66,9,0.03906246152380223,0.07831709537929973,0.05987906620777383,0.017761517045214798,0.2218018182472721,1.5769909438087888,1.2752333217213967,1.3152384135990178,0.9695833915250762,0.09090909090909091,0.6666666666666666,0.3333333333333333,0.0,0.63,0.2222522560683126,1.7923305608667406,2.721167475715517e-07,0.0,0.0,0.4313,0.0041,0.0,0.0516,0.5129
bnp,17,support,nbi_C,66,56,15,0.0433647184898392,0.08320499437632421,0.07071314373577971,0.019797158368603004,0.20889360128625617,2.280277802789244,1.275057800107212,1.3152384135990178,0.9694499392077094,0.17857142857142858,0.6666666666666666,0.3333333333333333,0.0,0.4,0.24331222489269982,2.295874862593546,2.721167475715517e-07,0.0,0.0,0.3172,0.006,0.0,0.1686,0.5082
bnp,17,support,ws_random_scalarization,66,66,66,2.1488366641619905e-13,2.1488366641619905e-13,0.3422837562279682,0.28717099202342494,0.0,,0.7584331618769854,1.3152384135990178,0.5766507076094358,0.0,0.0,1.0,0.0,,,1.0,0.2627393648535019,0.2760219949977162,0.0006372382861842689,0.0,0.0,0.0,0.0,1.0
bnp,17,support,random_dirichlet_budget,66,66,1,0.169504737914091,3.5782564667532677,1.0022527439399627,0.9783613001336814,,,0.0730902746499021,1.3152384135990178,0.055571882553139475,0.0,0.0,1.0,0.0,,,2.9241884839555103,0.06415633119378088,0.18024858789684206,1.0232824165133607,0.1131,0.0024,0.1543,0.2258,0.5044
bnp,17,support,design_runs,66,66,5,0.006411085764442824,7.126453476703316,0.04449598065902267,0.021353931993996843,0.6079878817931825,1.4840736220551143,1.225268009957048,1.3152384135990178,0.9315938443466119,0.030303030303030304,0.4,0.6,0.0,0.895,0.19715198133677042,1.7999999999999998,0.04571455575776384,0.032805227796714444,0.0,0.2667,0.0,0.0,0.1667,0.5667
bnp,17,support,single_objective_refs,7,7,6,5.555624840379219e-08,0.30656163714677814,0.06264888461499812,0.025898153646147334,0.5805818362535609,2.055008353856162,1.2954120287500799,1.3152384135990178,0.9849256342850533,0.7142857142857143,0.8333333333333334,0.16666666666666666,0.0,0.885,0.20450712605724217,1.000000000000001,0.0,2.2353445416707197e-08,0.0,0.2301,0.001,0.0,0.0775,0.6914
bnp,18,weighted,nbi_A,66,62,29,7.186351163187708,5.938881741890119,0.8014826310278466,0.8004492900194872,1.0639102944825969,1.2683662079066096,0.11580790537743688,1.2429621247434002,0.09317090446448198,0.016129032258064516,0.034482758620689655,0.9655172413793104,0.0,1.0,0.0834884111380851,1.6271391385049163,0.15369865283576592,0.10950078454181254,6.429697661277506e-08,0.2604,0.0686,0.0516,0.0,0.6195
bnp,18,weighted,nbi_B,66,66,60,0.008481606159305405,0.00873881070389064,0.010895533803797467,0.00406258303290122,0.03872880948893015,0.852398011475623,1.2332151454315365,1.2429621247434002,0.9921582652296217,0.42424242424242425,0.4666666666666667,0.5333333333333333,0.0,0.505,0.039410626393543646,1.9589941528826889,4.830537589580267e-05,4.401581807353068e-07,6.429697661277506e-08,0.4765,0.005,0.0001,0.0677,0.4508
bnp,18,weighted,nbi_C,66,56,32,0.008151275967097653,0.042543977756523396,0.022457025967146143,0.011278797322724169,0.08071340191584678,0.8847865959153842,1.2198273194492815,1.2429621247434002,0.9813873610196331,0.35714285714285715,0.625,0.375,0.0,0.675,0.07270528017545669,2.186826537386051,0.0,4.401581807353068e-07,6.429697661277506e-08,0.4218,0.0056,0.0,0.1122,0.4604
bnp,18,weighted,ws_random_scalarization,66,66,1,0.3123814818592671,0.6052709012555236,0.8621809591282112,0.7822334755813299,,,0.14265013821351175,1.2429621247434002,0.11476627917601331,0.0,0.0,1.0,0.0,,,1.2658594887551102,0.46986216860008345,0.85586830795858,0.17271660771745193,0.0,0.1192,0.0,0.0,0.8808
bnp,18,weighted,random_dirichlet_budget,66,66,6,6.845220133340416,28.28592285549796,2.176509263738273,2.1764820482352967,7.99170122082782,1.4178166385550568,0.0,1.2429621247434002,0.0,0.0,0.0,1.0,0.0,1.0,0.31800344273897324,2.757349304046536,0.26124203084977543,0.35209609458491636,1.625097354822391,0.2417,0.1348,0.0363,0.2976,0.2896
bnp,18,weighted,design_runs,66,66,6,0.11047572171248472,35.056094241079634,0.19587573338258996,0.03188935825148835,0.5132888267738632,0.9608379009624212,1.1422920794764386,1.2429621247434002,0.9190079542546447,0.045454545454545456,0.5,0.5,0.0,0.81,0.30066787048098176,1.9,0.04899771029480681,0.032938839158764936,6.429697661277506e-08,0.4722,0.0,0.0,0.1389,0.3889
bnp,18,weighted,single_objective_refs,7,7,4,0.0368370881736987,7.958311793751277,0.19043114176802542,0.14719717584247505,0.43486212058902923,0.4662217032285585,0.9338494806588713,1.2429621247434002,0.7513096835928587,0.14285714285714285,0.25,0.75,0.0,0.665,0.3729610299692095,1.5421991801199197,4.7665569593333754e-05,4.5739600451557124e-07,6.429697661277506e-08,0.3487,0.0016,0.0,0.1181,0.5315
bnp,18,support,nbi_A,66,62,8,3.076055907911329,7.732296256309274,1.1355834407827452,1.1148227471507604,0.2286350509519539,0.6611170164579888,0.042943827864599944,1.1335394120370457,0.037884724085091165,0.0,0.0,1.0,0.0,0.65,0.23569289401477175,1.5918418855038743,0.15417153199962697,0.10996936832552982,4.737398571442812e-09,0.4611,0.0705,0.0403,0.0,0.4281
bnp,18,support,nbi_B,66,66,15,0.0024227874633046946,0.178388405927181,0.059682642661199915,0.05366594472257793,0.6212620559012876,3.3527334861663025,0.6604819997758218,1.1335394120370457,0.5826722853763785,0.15151515151515152,0.6666666666666666,0.3333333333333333,0.0,1.0,0.23149682705391336,2.29970598395942,4.845399532311808e-05,4.4204173788629976e-07,4.737398571442812e-09,0.2692,0.0008,0.0002,0.1858,0.5441
bnp,18,support,nbi_C,66,56,12,0.005105621930285172,0.3614459566307541,0.062423287646849075,0.05961721792761681,0.6777532426115849,2.931519741391281,0.6480258986118528,1.1335394120370457,0.5716836059959373,0.17857142857142858,0.8333333333333334,0.16666666666666666,0.0,1.0,0.21768539773998344,2.3752138655772734,0.0,4.4204173788629976e-07,4.737398571442812e-09,0.297,0.0019,0.0,0.1883,0.5128
bnp,18,support,ws_random_scalarization,66,66,1,0.6185169347198345,0.6664975825043997,1.0011713622625933,0.9129236696536264,,,0.12266150073094371,1.1335394120370457,0.10821105947301192,0.0,0.0,1.0,0.0,,,1.2658594887551102,0.4713077767776318,0.8595308023579129,0.288645346668187,0.0,0.1192,0.0,0.0,0.8808
bnp,18,support,random_dirichlet_budget,66,66,1,11.222377566195961,12.801523854292729,11.599130980630889,11.598359219226793,,,0.0,1.1335394120370457,0.0,0.0,0.0,1.0,0.0,,,2.1224780292207672,0.2620457848894781,0.3536028100018244,12.214533529263448,0.1005,0.0597,0.1702,0.0151,0.6544
bnp,18,support,design_runs,66,66,5,0.026284650890006228,12.361136774165063,0.125177095147675,0.03937180663101858,0.4931027143608809,0.80738529921646,1.095885152960609,1.1335394120370457,0.9667816939785363,0.030303030303030304,0.4,0.6,0.0,0.895,0.2344018333430953,1.7999999999999998,0.049148459802677076,0.03307979345373965,4.737398571442812e-09,0.3333,0.0,0.0,0.1667,0.5
bnp,18,support,single_objective_refs,7,7,4,0.00532019311929063,3.270470014042168,0.13561901685678523,0.1252710689110479,0.5632294885008066,0.6600608499767122,0.900914437981896,1.1335394120370457,0.7947799859582234,0.14285714285714285,0.25,0.75,0.0,0.92,0.23208967268480213,1.5421991801199197,4.7812220551415614e-05,4.5935332702563264e-07,4.737398571442812e-09,0.3487,0.0016,0.0,0.1181,0.5315
bnp,19,weighted,nbi_A,66,66,8,0.001220282037958241,0.03189499571817843,0.15551986164651194,0.02645265343932078,0.20608951780019097,0.8268892751042076,1.1396871938122908,1.248807699786449,0.91262024890396,0.09090909090909091,0.75,0.25,0.0,0.53,0.24002889167946798,1.7241379310357048,0.08531051290439565,0.03867547447546646,6.223673859574002e-09,0.65,0.0,0.0,0.0,0.35
bnp,19,weighted,nbi_B,66,66,43,0.00018086364289675723,0.009949975969768031,0.04968992620682375,0.011848104236661258,0.12152080291353586,2.938119659756404,1.2150880332201697,1.248807699786449,0.9729985116427089,0.5909090909090909,0.9069767441860465,0.09302325581395349,0.0,1.0,0.05445962306326035,1.9365640926846004,8.025630752262347e-07,6.961231897187204e-08,6.223673859574002e-09,0.5658,0.0017,0.0,0.0115,0.4211
bnp,19,weighted,nbi_C,66,57,37,0.01425467985304232,0.03275143721141957,0.02699098411764457,0.015558201601976141,0.04836423608987061,0.7462907331929822,1.2260412682213213,1.248807699786449,0.9817694657319771,0.2631578947368421,0.40540540540540543,0.5945945945945946,0.0,0.23,0.06240634546592111,2.1878841272828544,8.025630752262347e-07,6.961231897187204e-08,6.223673859574002e-09,0.4463,0.009,0.0,0.1029,0.4418
bnp,19,weighted,ws_random_scalarization,66,66,1,0.09214144375137419,0.09214144375143588,0.45396135752788513,0.2992762474504808,,,0.5883599195210069,1.248807699786449,0.4711373253236817,0.0,0.0,1.0,0.0,,,1.0000000000010223,0.3062703546419835,0.33767087490004555,0.1276380270828739,0.0,0.0,0.0,0.0,1.0
bnp,19,weighted,random_dirichlet_budget,66,66,3,1.6787927305119277,23.845016175884737,1.4134847767939445,1.408512175943837,0.8213405415059994,0.49377879773080396,0.0,1.248807699786449,0.0,0.0,0.0,1.0,0.0,0.885,0.37788780959807505,2.2312665385542028,0.09246553833252734,0.031207961345946007,1.1954942635928627,0.2678,0.0592,0.0125,0.2526,0.4078
bnp,19,weighted,design_runs,66,66,7,0.0696353424976741,30.4843541785153,0.1517096178527421,0.028352520411610863,0.49774911616017603,1.2099881304055422,1.1421000339690717,1.248807699786449,0.9145523639583382,0.045454545454545456,0.42857142857142855,0.5714285714285714,0.0,0.84,0.2794834985409052,1.7999999999999998,0.046214288007398054,0.036022072204322325,6.223673859574002e-09,0.4048,0.0,0.0,0.1667,0.4286
bnp,19,weighted,single_objective_refs,7,7,4,0.023035583252381038,3.440475573910757,0.19909753503042704,0.1630674997050892,0.46130619378740256,0.5361752377535749,0.962836507276907,1.248807699786449,0.7710046210009401,0.0,0.0,1.0,0.0,0.67,0.3443435759321963,1.5770877415357056,8.355743312871784e-07,7.790437796865359e-08,6.223673859574002e-09,0.3519,0.0008,0.0,0.1232,0.5241
bnp,19,support,nbi_A,66,66,27,0.004415416595412732,0.07674356552843073,0.029272453703451738,0.016443913876898746,0.26202470471959977,5.196152422706632,1.1732667860268284,1.3126045078338457,0.8938463787260928,0.16666666666666666,0.4074074074074074,0.5925925925925926,0.0,0.975,0.09821355988402956,1.7241379310012814,0.08555237498061774,0.03882241951011407,4.772739582577204e-11,0.2296,0.0,0.0,0.0,0.7704
bnp,19,support,nbi_B,66,66,9,0.009345019949645875,0.07252859631605246,0.06984276728082435,0.018639993555692916,0.49173601386073945,2.044944514752157,1.2881199236205554,1.3126045078338457,0.9813465639747828,0.09090909090909091,0.6666666666666666,0.3333333333333333,0.0,0.995,0.06845953103485253,1.847108807279677,8.048384052537418e-07,6.987680660290839e-08,4.772739582577204e-11,0.4243,0.0021,0.0,0.0548,0.5188
bnp,19,support,nbi_C,66,57,14,0.01517879302175938,0.08617804031563141,0.13331692522870509,0.017415921205513385,0.43324015770929253,2.871615668926448,1.2921297130313432,1.3126045078338457,0.9844013983798581,0.17543859649122806,0.7142857142857143,0.2857142857142857,0.0,1.0,0.09351512267309112,2.451397864735526,8.048384052537418e-07,6.987680660290839e-08,4.772739582577204e-11,0.2784,0.002,0.0,0.1917,0.528
bnp,19,support,ws_random_scalarization,66,66,66,0.0,0.0,0.162591835397974,0.1487947373015039,0.0,,0.6631538734848508,1.3126045078338457,0.5052198659436534,1.0,1.0,0.0,0.0,0.0,0.12216626500558442,1.0,0.30713865540981505,0.3389538341677632,0.0009788158535391223,0.0,0.0,0.0,0.0,1.0
bnp,19,support,random_dirichlet_budget,66,66,3,0.4955982962519147,4.973090930561756,0.824756394180985,0.8222318153154793,0.08971359745185284,0.07473445265745217,0.12243593246046391,1.3126045078338457,0.09327709277984766,0.0,0.0,1.0,0.0,0.29,0.24782991332681456,2.2312665385542028,0.09272768547382002,0.031326534033765785,0.08428855382083063,0.2601,0.0222,0.0848,0.3733,0.2596
bnp,19,support,design_runs,66,66,6,0.006880273958601254,8.808915697075605,0.023696551966610434,0.01401820606736485,0.5325429295221873,1.5478758409250897,1.2170915922901244,1.3126045078338457,0.9272340488138779,0.06060606060606061,0.6666666666666666,0.3333333333333333,0.0,0.915,0.14801077529313822,1.7999999999999998,0.046345309182491926,0.03615893580379803,4.772739582577204e-11,0.2778,0.0,0.0,0.1944,0.5278
bnp,19,support,single_objective_refs,7,7,6,0.0007901964899390933,0.4004628589509905,0.025713596477630978,0.008327410505485952,0.5402368588061206,2.0419860623095936,1.29007563486676,1.3126045078338457,0.9828365110491167,0.0,0.0,1.0,0.0,0.955,0.126571262362884,1.000000000000003,8.379432508461252e-07,7.820037075672051e-08,4.772739582577204e-11,0.2346,0.0005,0.0,0.0821,0.6827
bnp,20,weighted,nbi_A,66,62,25,5.923466288897472,4.560524882211156,0.8935181038467145,0.8917622592818845,0.7066348417503943,0.7786365035091084,0.09755945417607437,1.2666877802911929,0.07701933790949407,0.0,0.0,1.0,0.0,1.0,0.09285670478967152,1.719671362251183,0.15747706834192282,0.11521261747122728,2.346405250841984e-08,0.2888,0.0683,0.0559,0.0,0.5871
bnp,20,weighted,nbi_B,66,66,59,0.004495590299514881,0.005236749157852839,0.011132692465633504,0.003154848824848757,0.03647592197447307,0.8313144940440377,1.2610141094313472,1.2666877802911929,0.9955208608244871,0.5,0.559322033898305,0.4406779661016949,0.0,0.28,0.04306788571987777,1.9982990258523101,4.1987838701323865e-07,7.669147987324515e-08,2.346405250841984e-08,0.4796,0.0044,0.0,0.0751,0.441
bnp,20,weighted,nbi_C,66,54,33,0.010120809630595338,0.03604506371910226,0.027442075285527393,0.012541190531668385,0.09445796968177775,1.3334418784455424,1.246466073365835,1.2666877802911929,0.9840357606349458,0.3148148148148148,0.5151515151515151,0.48484848484848486,0.0,0.85,0.07241494259819062,2.1720064916092734,4.1987838701323865e-07,7.669147987324515e-08,2.346405250841984e-08,0.4355,0.0061,0.0,0.1075,0.4509
bnp,20,weighted,ws_random_scalarization,66,66,2,0.699919486967086,0.7067263150662214,0.8356340986963785,0.7496392450253098,,,0.1800156499130804,1.2666877802911929,0.14211524948294477,0.0,0.0,1.0,0.0,,,1.4655226545365192,0.39303010276103517,0.844142319625793,0.03456676150703013,0.4975,0.122,0.0,0.0,0.3805
bnp,20,weighted,random_dirichlet_budget,66,66,4,4.780972719641667,25.735621472479778,1.5199570741627768,1.4679747292923115,2.859449824138149,1.0445394126939782,0.0,1.2666877802911929,0.0,0.0,0.0,1.0,0.0,1.0,0.3592993495228912,2.7094073699263985,0.049918275516833574,0.07519269062562688,1.242282649485253,0.1854,0.2642,0.0056,0.3125,0.2323
bnp,20,weighted,design_runs,66,66,7,0.05623360055133451,28.304204302563978,0.1698725022473997,0.032276974875531744,0.49417981390999277,1.2234567739726931,1.1694208150961982,1.2666877802911929,0.9232115705950567,0.030303030303030304,0.2857142857142857,0.7142857142857143,0.0,0.805,0.28861151853884626,1.7999999999999998,0.04731105682550018,0.030197576293116795,2.346405250841984e-08,0.4048,0.0,0.0,0.1667,0.4286
bnp,20,weighted,single_objective_refs,7,7,4,0.0166784465645465,6.185799149417968,0.15738015461419108,0.11670377061645787,0.4928365785204489,0.5953038600943479,1.0352675662391901,1.2666877802911929,0.8173028763261594,0.42857142857142855,0.75,0.25,0.0,0.74,0.3460260648026772,1.5491633430236116,0.0,0.0,2.346405250841984e-08,0.3497,0.001,0.0,0.1184,0.5309
bnp,20,support,nbi_A,66,62,8,0.3402692271134257,0.7434771334398314,0.8562294176703567,0.8561445412928672,0.09554356656157834,0.7019810890352626,0.20341414630652355,1.3149834861739684,0.15468950632860834,0.0,0.0,1.0,0.0,0.535,0.20000976025392614,1.5737448130794338,0.1581469450805797,0.11588502712977267,1.8427047202193413e-10,0.4669,0.0699,0.0413,0.0,0.422
bnp,20,support,nbi_B,66,66,17,0.0014457309667455162,0.08919424084738446,0.050108945974462436,0.005769091037615512,0.45996037989729777,3.685042107228619,1.3002624149470448,1.3149834861739684,0.9888051284432814,0.15151515151515152,0.5882352941176471,0.4117647058823529,0.0,0.9,0.20789201594722898,2.2780351625801574,4.2166446778986477e-07,7.713907053585454e-08,1.8427047202193413e-10,0.2648,0.0006,0.0001,0.184,0.5505
bnp,20,support,nbi_C,66,54,13,0.003907451588533715,0.0908641522707771,0.055803875080489736,0.008229539984961589,0.514988335842267,3.1688029583714163,1.275487534370381,1.3149834861739684,0.9699646784778237,0.16666666666666666,0.6923076923076923,0.3076923076923077,0.0,0.82,0.199108808089562,2.422188176002439,4.2166446778986477e-07,7.713907053585454e-08,1.8427047202193413e-10,0.2872,0.0025,0.0,0.1984,0.5118
bnp,20,support,ws_random_scalarization,66,66,3,0.7239503007550824,0.7120167142286274,0.89881383554141,0.8758229507572286,0.6419801373134976,0.7388739576161202,0.18702875697830176,1.3149834861739684,0.14222897773604315,0.0,0.0,1.0,0.0,0.95,0.12381207078919029,1.3106158992768198,0.39470197617221586,0.849068945383992,0.022302590051141578,0.3317,0.1271,0.0,0.0,0.5412
bnp,20,support,random_dirichlet_budget,66,66,3,1.299898248940965,3.454591034633761,0.9201336152777868,0.9172573003496856,0.20465047228300015,0.08926561236145816,0.10754534294945158,1.3149834861739684,0.08178455781400105,0.0,0.0,1.0,0.0,0.815,0.14028285641459434,2.3825635059880765,0.05013061812617138,0.0756315339792319,0.9798293861069165,0.0422,0.0852,0.2375,0.3519,0.2832
bnp,20,support,design_runs,66,66,5,0.00565179673248002,7.4572792136103265,0.0849446023805532,0.04634518642985643,0.5967371695435497,1.4498669077131667,1.2252014523996164,1.3149834861739684,0.9317238317299491,0.030303030303030304,0.4,0.6,0.0,0.935,0.1524990569036668,1.7999999999999998,0.047512308834966495,0.03037381690295472,1.8427047202193413e-10,0.2667,0.0,0.0,0.1667,0.5667
bnp,20,support,single_objective_refs,7,7,4,0.003898798774906434,0.46287630627657245,0.06534235890107257,0.01970390038694467,0.624686694733842,1.1182241847040597,1.2949250747657945,1.3149834861739684,0.9847462636458385,0.2857142857142857,0.5,0.5,0.0,0.915,0.1673832035419194,1.5491633430236116,0.0,0.0,1.8427047202193413e-10,0.3497,0.001,0.0,0.1184,0.5309
bnp,21,weighted,nbi_A,66,66,8,0.001551694086409576,0.028838843572561064,0.19363641572352108,0.0260429365653812,0.2107376104120069,0.8441175601485091,1.1692768322382092,1.2644016371242055,0.9247669394810726,0.06060606060606061,0.5,0.5,0.0,0.525,0.24117883798029227,1.7241379310307012,0.07246970409671608,0.03464977229877308,8.390684802392306e-08,0.65,0.0,0.0,0.0,0.35
bnp,21,weighted,nbi_B,66,66,48,0.0003956168986836937,0.007537301866030571,0.06359743985574985,0.01251517012345718,0.12707904306600076,3.17672534766116,1.2294109898048617,1.2644016371242055,0.9723263191916395,0.5757575757575758,0.7916666666666666,0.20833333333333334,0.0,1.0,0.051682670896230326,1.9020505119224533,6.759347679729274e-07,7.454686779835693e-07,8.390684802392306e-08,0.5591,0.001,0.0,0.0095,0.4304
bnp,21,weighted,nbi_C,66,57,34,0.0066138465918612645,0.031162183459434115,0.03138467191026994,0.012282237691081806,0.10952775657555266,1.3284728672789743,1.2478799002961085,1.2644016371242055,0.9869331576747444,0.38596491228070173,0.6470588235294118,0.35294117647058826,0.0,0.935,0.07290715783696276,2.288853084212119,6.759347679729274e-07,7.454686779835693e-07,8.390684802392306e-08,0.3993,0.0039,0.0001,0.1317,0.4651
bnp,21,weighted,ws_random_scalarization,66,66,1,0.07847707363487481,0.07847707363498446,0.47374555702180504,0.32710469157934635,,,0.593413597449413,1.2644016371242055,0.4693236547835318,0.0,0.0,1.0,0.0,,,1.0000000000020792,0.32052411035662726,0.33971593628582164,0.09866609906330072,0.0,0.0,0.0,0.0,1.0
bnp,21,weighted,random_dirichlet_budget,66,66,5,3.1207393400159162,30.15442273708834,2.074464637340838,2.0683314936234525,2.5863735760523348,0.9346217070539378,0.0,1.2644016371242055,0.0,0.0,0.0,1.0,0.0,1.0,0.3096501599658318,2.184988336311873,0.06939078742818477,0.05635000532379526,0.5310323738149212,0.2266,0.1016,0.0131,0.3429,0.3158
bnp,21,weighted,design_runs,66,66,6,0.0818876634330938,33.77485104883939,0.16650945269109263,0.027595694179750302,0.526490944624963,1.0281228008115675,1.167277889419323,1.2644016371242055,0.9231859997225377,0.030303030303030304,0.3333333333333333,0.6666666666666666,0.0,0.88,0.27380491677846486,1.9,0.04021092003712142,0.031235970763950155,8.390684802392306e-08,0.4722,0.0,0.0,0.1389,0.3889
bnp,21,weighted,single_objective_refs,7,7,6,0.03923857063328717,3.879294231196991,0.21423664541834425,0.16892945356662153,0.575416283400831,1.2714258193150594,0.9775943715862679,1.2644016371242055,0.7731675939693807,0.2857142857142857,0.3333333333333333,0.6666666666666666,0.0,0.88,0.29194730275517394,1.0000000000000009,0.0,7.522872735071708e-07,8.390684802392306e-08,0.2412,0.0004,0.0001,0.0764,0.6819
bnp,21,support,nbi_A,66,66,27,0.007388167727939855,0.10582791805462875,0.3834185440122027,0.04069345688024451,0.26041557664437737,5.196152422706632,1.0701648945888185,1.119851008741723,0.9556314958284206,0.0,0.0,1.0,0.0,0.32,0.26688262584826894,1.724137931029935,0.07272365499172442,0.03479862939738785,6.958375212148456e-09,0.2296,0.0,0.0,0.0,0.7704
bnp,21,support,nbi_B,66,66,11,0.0011115720989166747,0.10551895338405418,0.035958274265847356,0.020259039812416724,0.6444552181336928,2.5157854900471444,0.9632973232619494,1.119851008741723,0.8602013265535394,0.09090909090909091,0.5454545454545454,0.45454545454545453,0.0,0.935,0.24699764416362552,1.8702952094119296,6.783034024448565e-07,7.486712474999281e-07,6.958375212148456e-09,0.3925,0.0012,0.0001,0.0417,0.5645
bnp,21,support,nbi_C,66,57,13,0.004173691929934399,0.33771191109843185,0.06278597472987646,0.058161378440227805,0.6531595734197408,3.0620136384204892,0.6566059943826602,1.119851008741723,0.5863333508271158,0.17543859649122806,0.7692307692307693,0.23076923076923078,0.0,1.0,0.259035966682045,2.463852995987826,6.783034024448565e-07,7.486712474999281e-07,6.958375212148456e-09,0.3039,0.0005,0.0002,0.1985,0.4969
bnp,21,support,ws_random_scalarization,66,66,66,0.007275255864643261,0.007275255864643261,0.7637895589320729,0.4004728432616335,0.0,,0.6448637442836451,1.119851008741723,0.5758478040826351,0.0,0.0,1.0,0.0,,,1.0,0.321647302257455,0.3411753723881044,0.00818235643658575,0.0,0.0,0.0,0.0,1.0
bnp,21,support,random_dirichlet_budget,66,66,2,6.190071830566849,13.397173605094322,0.9925587291418402,0.9880787591465654,,,0.017333313240042194,1.119851008741723,0.015478231572535793,0.0,0.0,1.0,0.0,,,1.942770829039629,0.06963394907472886,0.056592087673632926,1.0,0.2132,0.031,0.0195,0.3898,0.3464
bnp,21,support,design_runs,66,66,5,0.023342475121044943,14.120606409355874,0.12235897157820513,0.0392903433128747,0.46677299274766976,0.7608387933840762,1.0850697336267963,1.119851008741723,0.9689411583831965,0.015151515151515152,0.2,0.8,0.0,0.855,0.26208712489039654,1.7999999999999998,0.04035182856241232,0.031370162005965964,6.958375212148456e-09,0.3333,0.0,0.0,0.1667,0.5
bnp,21,support,single_objective_refs,7,7,6,0.004561538291520686,1.7278577109645017,0.1260198697789865,0.11399514735810826,0.5242151783389163,1.5147227293229708,0.8620998390614005,1.119851008741723,0.7698344086237556,0.14285714285714285,0.16666666666666666,0.8333333333333334,0.0,0.845,0.2543965664052383,1.0000000000000009,0.0,7.555191360398737e-07,6.958375212148456e-09,0.2412,0.0004,0.0001,0.0764,0.6819
bnp,22,weighted,nbi_A,66,66,8,0.0014737418627201624,0.034434859813058445,0.16327856407801403,0.02687823934563071,0.2075415372263515,0.8315093820930161,1.1315538638735156,1.2429866469181052,0.9103507802590808,0.07575757575757576,0.625,0.375,0.0,0.53,0.24053856947186567,1.7241379310256053,0.08942166297236619,0.04103562300235522,7.509023135234347e-08,0.65,0.0,0.0,0.0,0.35
bnp,22,weighted,nbi_B,66,66,43,0.00010406882648770573,0.0105674813301779,0.05025426249809895,0.012555613277263285,0.12575859068893389,2.9800218045429894,1.2046254080935803,1.2429866469181052,0.969137851223391,0.6363636363636364,0.9767441860465116,0.023255813953488372,0.0,1.0,0.05381500133178257,1.9316785318718015,5.69209007181236e-07,0.0,7.509023135234347e-08,0.5692,0.0015,0.0,0.0118,0.4176
bnp,22,weighted,nbi_C,66,57,33,0.008257780203376336,0.04442188337205864,0.02905596775749975,0.020724148305800154,0.042884207619183684,0.6328592467952182,1.211949605024357,1.2429866469181052,0.9750302692545392,0.3157894736842105,0.5454545454545454,0.45454545454545453,0.0,0.08,0.06955793472278392,2.226129408472522,5.69209007181236e-07,0.0,7.509023135234347e-08,0.475,0.0048,0.0,0.1151,0.4051
bnp,22,weighted,ws_random_scalarization,66,66,2,0.048475952344288205,0.09548293643588952,0.37918074653038925,0.3071599983535407,,,0.5639046303325028,1.2429866469181052,0.45366909751658496,0.015151515151515152,0.5,0.5,0.0,,,1.0000000000012428,0.32623299943699485,0.3490356132228113,7.509023135234347e-08,0.5,0.0,0.0,0.0,0.5
bnp,22,weighted,random_dirichlet_budget,66,66,3,4.040559527530014,24.0760483268779,1.7484152617032667,1.7005210613253066,6.281639593434453,1.3945148625098827,0.0,1.2429866469181052,0.0,0.0,0.0,1.0,0.0,1.0,0.4092917897811703,3.0196527974214034,0.10117840707328069,0.16010281343076407,1.3789145933581473,0.2756,0.1619,0.0107,0.1972,0.3546
bnp,22,weighted,design_runs,66,66,6,0.06960099886147908,31.945277625452896,0.1492781419200022,0.028925556108073663,0.5201855991265021,1.0348039935533815,1.133798979212917,1.2429866469181052,0.9121570066935868,0.045454545454545456,0.5,0.5,0.0,0.855,0.297337666704825,1.9,0.03933830208384129,0.037634376613199,7.509023135234347e-08,0.4722,0.0,0.0,0.1389,0.3889
bnp,22,weighted,single_objective_refs,7,7,4,0.024237976172191696,3.7460821694737585,0.2089314765972242,0.1765008395926255,0.44113644035771093,0.5036397265867583,0.935695069865273,1.2429866469181052,0.7527796635509003,0.2857142857142857,0.5,0.5,0.0,0.7,0.3430887208314888,1.59660845836463,0.0,3.314214454510777e-08,7.509023135234347e-08,0.3544,0.0008,0.0,0.1263,0.5185
bnp,22,support,nbi_A,66,66,27,0.004024621828194288,0.07744982266223628,0.03857905491713919,0.019482471822713014,0.2557628646321667,5.196152422706631,1.165608572651409,1.312015509350537,0.8884106661425053,0.16666666666666666,0.4074074074074074,0.5925925925925926,0.0,0.895,0.13802312206187856,1.7241379310318612,0.08962753720147357,0.041147451477238944,5.284494921530745e-10,0.2296,0.0,0.0,0.0,0.7704
bnp,22,support,nbi_B,66,66,9,0.015081223567149594,0.07141485044510006,0.16509106635493204,0.018284230548173137,0.5475556385342392,2.2752543559728236,1.2916568000202138,1.312015509350537,0.9844828744894936,0.10606060606060606,0.7777777777777778,0.2222222222222222,0.0,0.995,0.1488826214003173,1.864113854387373,5.705194890226509e-07,0.0,5.284494921530745e-10,0.4192,0.0019,0.0,0.0561,0.5228
bnp,22,support,nbi_C,66,57,14,0.024826169490486938,0.09708609077779559,0.13035729701967738,0.030495801947258424,0.13592930335039163,1.7752459003998067,1.2708636588563875,1.312015509350537,0.9686346310688658,0.19298245614035087,0.7857142857142857,0.21428571428571427,0.0,0.645,0.12958054613294628,2.4798118274699146,5.705194890226509e-07,0.0,5.284494921530745e-10,0.3514,0.0028,0.0,0.1961,0.4497
bnp,22,support,ws_random_scalarization,66,66,66,5.469899377321796e-05,5.469899377321796e-05,0.1732304252204592,0.16204955711843383,0.1635864778702229,8.12403840463596,0.6372203681882337,1.312015509350537,0.4856805149381696,0.9848484848484849,0.9848484848484849,0.015151515151515152,0.0,0.725,0.12666926253736271,1.0,0.3269840810545357,0.3499867897238863,5.284494921530745e-10,0.0152,0.0,0.0,0.0,0.9848
bnp,22,support,random_dirichlet_budget,66,66,2,0.19141174517447973,3.5981621717475893,0.9867694121238519,0.9588176628081033,,,0.10566882337970697,1.312015509350537,0.08053930965497068,0.0,0.0,1.0,0.0,,,2.643891299373026,0.10141134868794245,0.16053911857591877,0.9850652964650164,0.3764,0.0327,0.0148,0.1169,0.4592
bnp,22,support,design_runs,66,66,5,0.007830802065569218,7.945484228242971,0.03477841567303312,0.017443236759944147,0.5442334944895997,1.2821951270848173,1.2209474941498697,1.312015509350537,0.9305892235635637,0.045454545454545456,0.6,0.4,0.0,0.91,0.20145249594040973,1.7999999999999998,0.03942887009998751,0.03773693616102437,5.284494921530745e-10,0.3333,0.0,0.0,0.1667,0.5
bnp,22,support,single_objective_refs,7,7,6,0.0006016889315778358,0.3475380220290661,0.03136675235462344,0.008413380371752899,0.5263419415884516,2.0149231914731005,1.289019115182899,1.312015509350537,0.98247246773857,0.2857142857142857,0.3333333333333333,0.6666666666666666,0.0,0.94,0.13700010529367185,1.000000000000003,0.0,3.323246205968877e-08,5.284494921530745e-10,0.2362,0.0005,0.0,0.0842,0.679
bnp,23,weighted,nbi_A,66,60,35,3.6619274365624928,3.2075586301005243,1.0545954565117024,1.0021444367551948,0.2841284836769893,1.0961915944674439,0.04439500937396737,1.2469669676402073,0.03560239406981377,0.016666666666666666,0.02857142857142857,0.9714285714285714,0.0,1.0,0.06500270685924764,1.6590225645913512,0.3215329504238859,0.8548861897465776,4.3942532239879606e-08,0.2682,0.1231,0.0266,0.0,0.5821
bnp,23,weighted,nbi_B,66,66,57,0.0035816164842962096,0.005395101353131567,0.010767977269360199,0.0038694721412167936,0.038375992441817275,0.8511419267767074,1.2394024491513482,1.2469669676402073,0.9939336656983189,0.6363636363636364,0.7368421052631579,0.2631578947368421,0.0,0.5,0.03852220138345247,1.9934609767957967,1.1228496875017611e-06,7.979104961129086e-07,4.3942532239879606e-08,0.5167,0.0035,0.0,0.0718,0.408
bnp,23,weighted,nbi_C,66,54,35,0.008123417326974164,0.03167206811019246,0.02750209070821679,0.011995943293752661,0.0908127578444126,1.1894050437342067,1.225768675687308,1.2469669676402073,0.9830001174826504,0.35185185185185186,0.5428571428571428,0.45714285714285713,0.0,0.885,0.06636319377266756,2.251647937319674,1.1228496875017611e-06,7.979104961129086e-07,4.3942532239879606e-08,0.4323,0.0069,0.0,0.1094,0.4514
bnp,23,weighted,ws_random_scalarization,66,66,4,0.9110745384014689,1.1054635140244768,1.585547325100945,1.5583152393161765,0.35586470211225374,1.2966977513835747,0.0,1.2469669676402073,0.0,0.0,0.0,1.0,0.0,0.575,0.3717424658692645,1.4040570027424675,0.5063608282578085,1.6939001346528475,0.03473834621567673,0.2534,0.1432,0.0,0.0,0.6033
bnp,23,weighted,random_dirichlet_budget,66,66,8,6.6488012433568136,27.21834997274931,2.0191106496226165,2.0132250520449824,4.670649195300212,1.2700190041570567,0.0,1.2469669676402073,0.0,0.0,0.0,1.0,0.0,1.0,0.2607445036071202,2.7657577335312786,0.2080089354970374,0.6359598468484833,0.29778297427598305,0.3066,0.1042,0.0409,0.3042,0.244
bnp,23,weighted,design_runs,66,66,6,0.09805856140728315,34.900109020267436,0.1865091894405053,0.03155273555548371,0.5271789052987551,1.0006631235446466,1.1466426842672595,1.2469669676402073,0.9195453560708154,0.045454545454545456,0.5,0.5,0.0,0.82,0.3018390433135575,1.9,0.042110549961205605,0.030556753711377577,4.3942532239879606e-08,0.4722,0.0,0.0,0.1389,0.3889
bnp,23,weighted,single_objective_refs,7,7,4,0.02458009780353711,5.8413347370783955,0.1974207387654417,0.15503408931931978,0.42084975980568956,0.46207580074450155,0.925457678303574,1.2469669676402073,0.742166955757404,0.14285714285714285,0.25,0.75,0.0,0.675,0.3345321380675779,1.5791220126821806,5.525926488912395e-07,8.027346484400522e-07,4.3942532239879606e-08,0.357,0.0009,0.0,0.1193,0.5228
bnp,23,support,nbi_A,66,60,7,2.0375011607527966,7.597464442220489,1.191793843012868,1.1696563193705674,4.3592631120742835,2.160070179213144,0.027656019114480214,1.1189677154615691,0.024715654198362847,0.0,0.0,1.0,0.0,1.0,0.28432077179943394,1.38656022737423,0.322105639757268,0.8570446653009955,3.3796738085841972e-09,0.6529,0.0734,0.0122,0.0,0.2616
bnp,23,support,nbi_B,66,66,16,0.010311257687031214,0.18278025184645977,0.0456709136312314,0.03572164572964359,0.5047280835556709,2.9156984848340874,0.9135534156663848,1.1189677154615691,0.8164251774588046,0.15151515151515152,0.625,0.375,0.0,0.87,0.26448124090920094,2.454253588734673,1.124849619509277e-06,7.999251155103558e-07,3.3796738085841972e-09,0.3194,0.001,0.0002,0.1743,0.5052
bnp,23,support,nbi_C,66,54,14,0.022748993063929242,0.35479463349807644,0.053342395462067614,0.05073549395808075,0.47132530958935237,2.379611864715397,0.8350109649256199,1.1189677154615691,0.7462332946587128,0.18518518518518517,0.7142857142857143,0.2857142857142857,0.0,0.835,0.275646027690851,2.4505620044929124,1.124849619509277e-06,7.999251155103558e-07,3.3796738085841972e-09,0.2849,0.0014,0.0,0.1856,0.5281
bnp,23,support,ws_random_scalarization,66,66,3,0.9502909685326815,1.1376822326130696,1.7376671486743043,1.6827272928520844,0.11521824719161869,0.21184620048169225,0.0,1.1189677154615691,0.0,0.0,0.0,1.0,0.0,0.275,0.34034032449578333,1.3479704935178587,0.5072627185455799,1.6981770104242964,0.27601219244750086,0.3288,0.1371,0.0,0.0,0.5341
bnp,23,support,random_dirichlet_budget,66,66,1,11.240142972629792,12.993153179309983,11.61619652654619,11.61487458701285,,,0.0,1.1189677154615691,0.0,0.0,0.0,1.0,0.0,,,4.03357683010445,0.20837942473756557,0.6375655620880998,12.221023872712781,0.1762,0.0536,0.1651,0.2598,0.3453
bnp,23,support,design_runs,66,66,5,0.020579282883783172,13.561409927310054,0.12154189724521697,0.04443785383672372,0.46867111578974996,0.7666686108303788,1.0848656919154476,1.1189677154615691,0.9695236751919561,0.030303030303030304,0.4,0.6,0.0,0.75,0.3503970623241537,1.7999999999999998,0.04218555397791321,0.03063390550854011,3.3796738085841972e-09,0.3333,0.0,0.0,0.1667,0.5
bnp,23,support,single_objective_refs,7,7,4,0.0007890376610633899,3.3880953321339455,0.09818145136709232,0.08915898686113484,0.562388780355008,0.6607780319565956,0.8621927429470027,1.1189677154615691,0.7705251286819763,0.14285714285714285,0.25,0.75,0.0,0.815,0.3009201780684124,1.5791220126821806,5.535768836805767e-07,8.047614481896841e-07,3.3796738085841972e-09,0.357,0.0009,0.0,0.1193,0.5228
bnp,24,weighted,nbi_A,66,66,8,0.0006644473815079273,0.02818213484447739,0.18491863267538958,0.024369297515467812,0.20188675638505724,0.8039473209613127,1.1601468685156657,1.252177870810667,0.926503251302932,0.07575757575757576,0.625,0.375,0.0,0.435,0.24440677378010137,1.7241379310343086,0.07502074865886736,0.030742438594563076,0.0,0.65,0.0,0.0,0.0,0.35
bnp,24,weighted,nbi_B,66,66,43,0.0013110643827882996,0.012184957298414506,0.05664939066757517,0.010961840817400146,0.13055666463509782,2.5709979390488495,1.2200420437653898,1.252177870810667,0.9743360525733679,0.5454545454545454,0.8372093023255814,0.16279069767441862,0.0,1.0,0.051387101698330426,1.9030116565132495,9.694398059167453e-06,2.0161944541409677e-08,0.0,0.5462,0.0039,0.0,0.0105,0.4394
bnp,24,weighted,nbi_C,66,56,33,0.008251248576452378,0.037107926235672384,0.028110354786207426,0.012634925105225226,0.09407089125488796,1.2397878374548226,1.2318987427793444,1.252177870810667,0.9838049142186215,0.32142857142857145,0.5454545454545454,0.45454545454545453,0.0,0.875,0.06965327641854445,2.1230393324539243,9.694398059167453e-06,2.0161944541409677e-08,0.0,0.4193,0.006,0.0,0.1094,0.4653
bnp,24,weighted,ws_random_scalarization,66,66,61,0.082467719230637,0.08246771923065606,0.46294273158746074,0.2707977198007429,0.0,,0.6595146325213753,1.252177870810667,0.5266940487411759,0.0,0.0,1.0,0.0,0.0,0.035250127071182386,1.0,0.26880716276008754,0.2869200645740791,0.12413576961551707,0.0,0.0,0.0,0.0,1.0
bnp,24,weighted,random_dirichlet_budget,66,66,6,8.172963941423896,25.27502772266886,1.4068599464960265,1.4006862089194125,4.6236195773836055,0.8912637618743969,0.0,1.252177870810667,0.0,0.0,0.0,1.0,0.0,1.0,0.3089375507018887,2.8350422575909597,0.10870725266069065,0.11772715812139159,0.5046535338970295,0.1852,0.1485,0.0426,0.2864,0.3372
bnp,24,weighted,design_runs,66,66,7,0.09023639846380847,32.0311775836557,0.17461342708486635,0.026938974274047088,0.4942812636286212,1.1694664920120381,1.1555502779780138,1.252177870810667,0.9228323746289367,0.045454545454545456,0.42857142857142855,0.5714285714285714,0.0,0.835,0.28625559532359524,1.7999999999999998,0.0448569974807196,0.030791438738752244,0.0,0.4048,0.0,0.0,0.1667,0.4286
bnp,24,weighted,single_objective_refs,7,7,4,0.020616929807737074,3.8514351544292276,0.18795377410097874,0.13977265088545168,0.4430092868969812,0.4810452538337469,0.9854851078919984,1.252177870810667,0.7870168694595998,0.2857142857142857,0.5,0.5,0.0,0.645,0.3670615800728862,1.5198777995098045,8.996649030423982e-06,0.0,0.0,0.3463,0.0018,0.0001,0.1127,0.5391
bnp,24,support,nbi_A,66,66,20,0.004116619094116916,0.10213232102304474,0.4020341303427734,0.03956541845774935,0.3251694487478002,4.472135954999579,1.090843493862345,1.145468783248948,0.9523118480525792,0.015151515151515152,0.05,0.95,0.0,0.64,0.20476082654925803,1.0000000000010631,0.07502074865886736,0.030742438594563076,0.0,0.17,0.0,0.0,0.0,0.83
bnp,24,support,nbi_B,66,66,8,0.05548719323968652,0.12722749612994153,0.05065902197728673,0.04525789029767472,0.3373881307081831,1.2318422549037424,0.6966782496074383,1.145468783248948,0.6082036104304968,0.10606060606060606,0.875,0.125,0.0,0.515,0.40743687912097587,1.7996308907401883,9.694398059167453e-06,2.0161944541409677e-08,0.0,0.4471,0.0043,0.0001,0.0564,0.4922
bnp,24,support,nbi_C,66,56,13,0.004946680024445033,0.34802598646286237,0.05188920835304625,0.04979990703942806,0.6469490754208426,3.0378261860865177,0.6485615570426048,1.145468783248948,0.5661974961928326,0.21428571428571427,0.9230769230769231,0.07692307692307693,0.0,0.95,0.2677596250259975,2.3286489885038626,9.694398059167453e-06,2.0161944541409677e-08,0.0,0.2786,0.0017,0.0001,0.1938,0.5258
bnp,24,support,ws_random_scalarization,66,66,66,0.005922100753336393,0.005922100753336393,0.7842627197886883,0.3162886277036181,0.0,,0.7366984194567708,1.145468783248948,0.6431414196790572,0.0,0.0,1.0,0.0,,,1.0,0.26880716276008754,0.2869200645740791,0.009929210546596946,0.0,0.0,0.0,0.0,1.0
bnp,24,support,random_dirichlet_budget,66,66,1,11.007528389150186,12.348239843320673,11.380806965454958,11.375589230983405,,,0.0,1.145468783248948,0.0,0.0,0.0,1.0,0.0,,,2.0342686634591365,0.10870725266069065,0.11772715812139159,12.006667908815174,0.0019,0.0079,0.1172,0.2167,0.6564
bnp,24,support,design_runs,66,66,5,0.0011844201506672788,12.046331666383406,0.22133576442622946,0.03434742137139905,0.5811641599730993,1.1263846552803516,1.1105162450500177,1.145468783248948,0.9694862586304684,0.06060606060606061,0.8,0.2,0.0,0.77,0.3399041274577648,1.7999999999999998,0.0448569974807196,0.030791438738752244,0.0,0.2667,0.0,0.0,0.1667,0.5667
bnp,24,support,single_objective_refs,7,7,6,0.0029610503766841797,1.6321638051031528,0.10577650063849511,0.09693143204779987,0.5632109222806099,1.5519949251212706,0.9226640714998448,1.145468783248948,0.8054903677801226,0.2857142857142857,0.3333333333333333,0.6666666666666666,0.0,0.7,0.37406270496554683,1.0000000000000027,8.996649030423982e-06,0.0,0.0,0.2309,0.0012,0.0001,0.0751,0.6927
bnp,25,weighted,nbi_A,66,66,8,0.0015903004738113684,0.02979394823520007,0.14540928769314276,0.025914695378167523,0.20747871337603271,0.8328777855050719,1.1499831467616402,1.2591066541087759,0.9133325941920497,0.07575757575757576,0.625,0.375,0.0,0.605,0.20945021201834485,1.7241379310426725,0.0866727252524832,0.03425162690735514,7.029154448441877e-08,0.65,0.0,0.0,0.0,0.35
bnp,25,weighted,nbi_B,66,66,45,0.001544707945376595,0.01169108951396581,0.04631414045727731,0.011647861581575564,0.11707269448429294,2.8294193310761386,1.2268399369228562,1.2591066541087759,0.9743733248643985,0.4696969696969697,0.6888888888888889,0.3111111111111111,0.0,0.985,0.06101371171462421,1.9326118329088657,1.3450108573533274e-06,9.565823523528204e-08,7.029154448441877e-08,0.5558,0.0037,0.0,0.0109,0.4296
bnp,25,weighted,nbi_C,66,52,29,0.006905496190115093,0.03468667292051102,0.028802435586507226,0.01241874918498981,0.07788947205213825,0.8775908450092741,1.2426080325082172,1.2591066541087759,0.9868965654762291,0.3269230769230769,0.5862068965517241,0.41379310344827586,0.0,0.37,0.09344736534012839,2.2207033076855085,1.3450108573533274e-06,9.565823523528204e-08,7.029154448441877e-08,0.4275,0.0044,0.0,0.1231,0.445
bnp,25,weighted,ws_random_scalarization,66,66,1,0.07613409354133222,0.07613409354148026,0.43430061771222045,0.31892064080123944,,,0.587643003894045,1.2591066541087759,0.4667142390014546,0.0,0.0,1.0,0.0,,,1.000000000001898,0.32835197427032436,0.3320297059976811,0.10836944681451958,0.0,0.0,0.0,0.0,1.0
bnp,25,weighted,random_dirichlet_budget,66,66,5,5.103082232219646,23.786268732459156,0.9435959173062852,0.9326898713482217,4.027630508109322,1.078451204725305,0.07849126143390614,1.2591066541087759,0.06233885046812339,0.0,0.0,1.0,0.0,1.0,0.30838046130717245,2.6795088815186197,0.085284650474245,0.23128233222005873,0.7859484079447746,0.2305,0.046,0.0476,0.2956,0.3803
bnp,25,weighted,design_runs,66,66,6,0.045197088682937314,27.08853936400637,0.13889285828184886,0.02723132384816945,0.5229234814141849,1.0844667374207937,1.156719403675318,1.2591066541087759,0.9186826230332886,0.030303030303030304,0.3333333333333333,0.6666666666666666,0.0,0.9,0.25386551729815837,1.9,0.04056125159509022,0.03167410669624363,7.029154448441877e-08,0.4722,0.0,0.0,0.1389,0.3889
bnp,25,weighted,single_objective_refs,7,7,5,0.030453787530199276,3.0942389034336957,0.18899198895648614,0.14927045523052346,0.5929741597505088,1.147597808059427,1.0190857584175796,1.2591066541087759,0.8093720695479221,0.14285714285714285,0.2,0.8,0.0,0.885,0.2752800619607958,1.0,1.1222161305914915e-06,1.1396188674424547e-07,7.029154448441877e-08,0.2824,0.0013,0.0,0.0982,0.6181
bnp,25,support,nbi_A,66,66,27,0.004009174158166181,0.07654535145551561,0.08302769959052833,0.03693255212355882,0.25921117715595615,5.196152422706632,1.1764961569278567,1.3127355279914799,0.8962171982409336,0.10606060606060606,0.25925925925925924,0.7407407407407407,0.0,0.49,0.23227560352944684,1.724137931019801,0.08704279105619951,0.03443192505403094,5.825590471397898e-10,0.2296,0.0,0.0,0.0,0.7704
bnp,25,support,nbi_B,66,66,11,0.03207008472996431,0.07225229287518048,0.061635019759324484,0.01686968733657393,0.20450701051920303,1.7479745671668172,1.2755022753745986,1.3127355279914799,0.9716368972858919,0.10606060606060606,0.6363636363636364,0.36363636363636365,0.0,0.515,0.21688430207462553,1.854523429048079,1.350753638862547e-06,9.616177343432434e-08,5.825590471397898e-10,0.4323,0.0044,0.0,0.0446,0.5187
bnp,25,support,nbi_C,66,52,13,0.003925558866955842,0.061973982882404605,0.07300731791419539,0.015388560601394896,0.5094553067504801,3.111561388682195,1.2747743642334608,1.3127355279914799,0.9710823978260872,0.17307692307692307,0.6923076923076923,0.3076923076923077,0.0,0.855,0.19465813315474204,2.4774855655527,1.350753638862547e-06,9.616177343432434e-08,5.825590471397898e-10,0.3014,0.0013,0.0,0.2047,0.4926
bnp,25,support,ws_random_scalarization,66,66,66,0.0035756884502966438,0.0035756884502966438,0.435072347754748,0.39180621928323417,0.0,,0.6486677986166975,1.3127355279914799,0.4941344122903236,0.0,0.0,1.0,0.0,,,1.0,0.3297539359244227,0.33377748693651405,0.0008981393443330392,0.0,0.0,0.0,0.0,1.0
bnp,25,support,random_dirichlet_budget,66,66,3,0.2849151864834704,4.660258625513775,0.759257090340987,0.7499836137627661,0.9937563267061645,1.6257380848933871,0.314893522115242,1.3127355279914799,0.23987582829957946,0.0,0.0,1.0,0.0,0.955,0.15260461193131686,2.6910605728880244,0.08564878962679243,0.23249978609373673,0.08096813368651408,0.2813,0.0284,0.0688,0.2957,0.3257
bnp,25,support,design_runs,66,66,5,0.009653891355676679,7.429211977139359,0.07566086918771867,0.032873677673916184,0.5475890516908173,1.2798168944477022,1.2263138928980537,1.3127355279914799,0.9341667584592203,0.030303030303030304,0.4,0.6,0.0,0.905,0.17451834775742014,1.7999999999999998,0.04073443562879345,0.03184083695844084,5.825590471397898e-10,0.3333,0.0,0.0,0.1667,0.5
bnp,25,support,single_objective_refs,7,7,6,0.002917745490775784,0.32118243891683945,0.08047785836908775,0.030625225326599247,0.5312033656288784,1.952983914980943,1.2888150854414804,1.3127355279914799,0.9817781708196788,0.14285714285714285,0.16666666666666666,0.8333333333333334,0.0,0.89,0.18068557196367677,1.0000000000000004,1.1270076473356689e-06,1.1456177407302086e-07,5.825590471397898e-10,0.2353,0.0011,0.0,0.0818,0.6818
bnp,26,weighted,nbi_A,66,58,13,0.6683570149564046,1.0969133247434146,1.0861476598061461,1.0347397508273295,0.10263095688113777,0.5279004717487581,0.04737126265959595,1.2511065676189925,0.037863491316930106,0.0,0.0,1.0,0.0,0.22,0.18459325898084353,1.5616482614378036,0.42529687269919353,0.9266600716189318,1.1796836686918786e-08,0.4773,0.0985,0.0005,0.0905,0.3332
bnp,26,weighted,nbi_B,66,66,60,0.004347652981004676,0.005182781910151134,0.012969486929765125,0.005102199556009,0.03692128649634571,0.8137586328519977,1.2425513820632124,1.2511065676189925,0.9931619050069718,0.5757575757575758,0.6333333333333333,0.36666666666666664,0.0,0.38,0.04107779322544332,2.0659417804909266,6.243628830020423e-07,4.0167011799672016e-07,1.1796836686918786e-08,0.4828,0.0031,0.0001,0.0898,0.4242
bnp,26,weighted,nbi_C,66,60,38,0.006751146946142457,0.031511158729473146,0.02455413209635903,0.013823754234535234,0.04780016281800264,0.7053731233884334,1.2310075444099469,1.2511065676189925,0.9839350030371141,0.35,0.5526315789473685,0.4473684210526316,0.0,0.215,0.06554391831184951,2.307604906813591,6.243628830020423e-07,4.0167011799672016e-07,1.1796836686918786e-08,0.437,0.0059,0.0001,0.1319,0.4251
bnp,26,weighted,ws_random_scalarization,66,66,2,1.0281494958327766,1.1419835823204192,1.5264561675898343,1.4862081794147153,,,0.0,1.2511065676189925,0.0,0.0,0.0,1.0,0.0,,,1.6616044375655186,0.44653217739740664,1.6101820998730894,0.03828424896214396,0.5392,0.1345,0.0,0.0,0.3263
bnp,26,weighted,random_dirichlet_budget,66,66,6,11.683338849299604,25.273583058214232,2.0562542641364985,2.0361637704901083,1.350820812730415,0.27616460747440486,0.0,1.2511065676189925,0.0,0.0,0.0,1.0,0.0,1.0,0.2961555157276703,2.715975928375448,0.12477484797099785,0.23825537606795522,1.6331748985718326,0.1831,0.0964,0.0887,0.2955,0.3363
bnp,26,weighted,design_runs,66,66,6,0.06001727317693418,30.5019962583741,0.17542106990054168,0.040557787357376925,0.5230323405047981,1.0541362422243952,1.138232757639092,1.2511065676189925,0.9097808189155996,0.015151515151515152,0.16666666666666666,0.8333333333333334,0.0,0.86,0.28347483612098723,1.9,0.03540794787519144,0.039839949779883976,1.1796836686918786e-08,0.4722,0.0,0.0,0.1389,0.3889
bnp,26,weighted,single_objective_refs,7,7,4,0.020655646486101166,3.731632600626253,0.20449140027534304,0.1585170549306535,0.370350190747556,0.4003951222447549,0.9440172120213124,1.2511065676189925,0.754545804853292,0.2857142857142857,0.5,0.5,0.0,0.595,0.3609615336938709,1.6010965272538498,0.0,4.0796418964368263e-07,1.1796836686918786e-08,0.355,0.0011,0.0002,0.1282,0.5155
bnp,26,support,nbi_A,66,58,9,0.5618352088998336,1.1605528095559108,1.2046358058610585,1.1880631176675496,0.3430730767378984,1.0031998247615832,0.044576476647555166,1.3119507346743988,0.033977248893128746,0.0,0.0,1.0,0.0,0.865,0.2192143954544462,1.3872441393443502,0.4266270832436283,0.9304636089367904,8.849278099359798e-11,0.499,0.0933,0.0004,0.0569,0.3504
bnp,26,support,nbi_B,66,66,16,0.006074629600737334,0.08331033123351522,0.030573076142430766,0.011101442601711111,0.4653014096952406,3.40705138741826,1.2748355014577453,1.3119507346743988,0.9717098880043961,0.07575757575757576,0.3125,0.6875,0.0,0.905,0.22762309992403298,2.5158461066675764,6.263157167608516e-07,4.033187994604635e-07,8.849278099359798e-11,0.2955,0.0012,0.0004,0.2018,0.5011
bnp,26,support,nbi_C,66,60,13,0.0029388435958374324,0.09299567289526163,0.07731217909223519,0.009718653742370586,0.5117017827732538,3.1418160679184606,1.274953471546545,1.3119507346743988,0.9717998076070776,0.16666666666666666,0.7692307692307693,0.23076923076923078,0.0,0.885,0.2159996021209479,2.5221187379044054,6.263157167608516e-07,4.033187994604635e-07,8.849278099359798e-11,0.2898,0.0021,0.0002,0.2215,0.4864
bnp,26,support,ws_random_scalarization,66,66,3,1.0349761525079935,1.1369852482695164,1.6196851852882967,1.6029163895180838,0.19145806853872302,0.2981105947264866,0.0,1.3119507346743988,0.0,0.0,0.0,1.0,0.0,0.715,0.16464872329023503,1.376918113768814,0.4479288060794698,1.6167911983904297,0.022529782270221375,0.3594,0.1442,0.0,0.0,0.4963
bnp,26,support,random_dirichlet_budget,66,66,5,0.9432397097951754,4.76059643164396,0.9626918112482665,0.9545513703777071,2.595899648974017,2.096947727746028,0.08281052110150987,1.3119507346743988,0.06312014537806701,0.0,0.0,1.0,0.0,1.0,0.1997218432988525,2.6336548736654084,0.12516510905473888,0.23923331095671296,0.9789547037420884,0.1875,0.0468,0.2473,0.1493,0.369
bnp,26,support,design_runs,66,66,5,0.009522259511156893,8.841677222338154,0.10490090680758438,0.05120684933216662,0.5345808271576724,1.2521740786225652,1.222097443064742,1.3119507346743988,0.9315116877220571,0.015151515151515152,0.2,0.8,0.0,0.93,0.18447006036407118,1.7999999999999998,0.03551869410598653,0.04000347547864929,8.849278099359798e-11,0.3333,0.0,0.0,0.1667,0.5
bnp,26,support,single_objective_refs,7,7,4,0.0012904095021816762,0.6858153179179487,0.0871046824763004,0.02160583689109319,0.5647974894143608,1.0023888374884722,1.2880988555417898,1.3119507346743988,0.9818195314029619,0.42857142857142855,0.75,0.25,0.0,0.935,0.19709650148175117,1.6010965272538498,0.0,4.0963870553919197e-07,8.849278099359798e-11,0.355,0.0011,0.0002,0.1282,0.5155
bnp,27,weighted,nbi_A,66,62,29,5.7794662484495865,4.4099821792388205,0.9036946831446883,0.9017959689229303,0.6683689780643408,0.9392201524215512,0.08598313890580392,1.2612834492990772,0.06817114658373312,0.0,0.0,1.0,0.0,1.0,0.08118583656686028,1.8108997795586046,0.1522333608508606,0.10747587512256258,3.359509275852968e-08,0.2855,0.0745,0.0537,0.0,0.5863
bnp,27,weighted,nbi_B,66,66,62,0.005472588389861021,0.005670213980713253,0.011793883719893644,0.0036231741485664632,0.037372997911879,0.8789601504472471,1.2538715569295817,1.2612834492990772,0.9941235315712622,0.5757575757575758,0.6129032258064516,0.3870967741935484,0.0,0.47,0.03852265069902582,2.007463335717417,3.3834417635272067e-07,7.155678448292082e-07,3.359509275852968e-08,0.4722,0.0041,0.0001,0.0759,0.4477
bnp,27,weighted,nbi_C,66,52,32,0.004696166659414422,0.03432877783114771,0.02545522837724829,0.010277575734542273,0.0772132498803353,0.9126219384174231,1.2436540194580108,1.2612834492990772,0.986022626515187,0.38461538461538464,0.625,0.375,0.0,0.67,0.0717642372681887,2.255144432099288,3.3834417635272067e-07,7.155678448292082e-07,3.359509275852968e-08,0.4258,0.0043,0.0,0.1247,0.4451
bnp,27,weighted,ws_random_scalarization,66,66,1,0.02646379073589804,0.6835366023166822,0.39088735911081485,0.07249831287659855,,,1.0436249118684886,1.2612834492990772,0.8274309097201377,0.0,0.0,1.0,0.0,,,1.897337664807038,0.1112367044695206,0.06807153933323991,0.0771722303615964,0.3139,0.0323,0.0,0.0,0.6538
bnp,27,weighted,random_dirichlet_budget,66,66,2,2.039374993598246,23.301927031231102,2.4751555885081395,2.47444747495801,,,0.0,1.2612834492990772,0.0,0.0,0.0,1.0,0.0,,,2.3697685335478558,0.15536226629425737,0.07386025945740633,1.4425663383578298,0.1068,0.0982,0.0133,0.2962,0.4854
bnp,27,weighted,design_runs,66,66,6,0.05738732311868855,28.728864453818797,0.1714199394524165,0.03433936672763392,0.5242845326272447,1.0709117541739124,1.1531724843277784,1.2612834492990772,0.9142849570955851,0.015151515151515152,0.16666666666666666,0.8333333333333334,0.0,0.82,0.2954788818090601,1.9,0.04045286962045595,0.03734234616272523,3.359509275852968e-08,0.4722,0.0,0.0,0.1389,0.3889
bnp,27,weighted,single_objective_refs,7,7,4,0.0181449865335435,6.058963070703746,0.1814352254281662,0.13737342747941939,0.41122649727685723,0.47626426386229753,0.9964781158979312,1.2612834492990772,0.7900508933592175,0.42857142857142855,0.75,0.25,0.0,0.65,0.347242628485569,1.5749637075225065,0.0,6.847779029001282e-07,3.359509275852968e-08,0.3574,0.0017,0.0,0.1197,0.5212
bnp,27,support,nbi_A,66,62,7,0.2764323096965515,0.7474875128753973,0.8784274888646024,0.8784066111599698,0.1963853549707152,0.9431825228494108,0.1861023216271121,1.3117067740397326,0.14187799080579797,0.0,0.0,1.0,0.0,0.68,0.15020091133400443,1.4121857262271487,0.15276176680795991,0.10804116979640764,2.6764106220832836e-10,0.534,0.0558,0.0445,0.0,0.3656
bnp,27,support,nbi_B,66,66,20,0.0031276410148641624,0.08269725951436423,0.04318777819262057,0.007156251077142676,0.40942242044073807,3.9186594567096695,1.2969143591519663,1.3117067740397326,0.988722773122373,0.19696969696969696,0.65,0.35,0.0,0.775,0.20269409249530798,2.281818630146074,3.3951857779360977e-07,7.193315424124607e-07,2.6764106220832836e-10,0.2816,0.0014,0.0002,0.1759,0.5409
bnp,27,support,nbi_C,66,52,13,0.007703951429439688,0.07240891532302524,0.056870104086160236,0.009305243150463736,0.48338831881662575,2.9600360496242843,1.2705867189948565,1.3117067740397326,0.9686514883823948,0.19230769230769232,0.7692307692307693,0.23076923076923078,0.0,0.835,0.1874294896073635,2.484296541389564,3.3951857779360977e-07,7.193315424124607e-07,2.6764106220832836e-10,0.3044,0.0035,0.0,0.2025,0.4897
bnp,27,support,ws_random_scalarization,66,66,2,0.2560871412262455,0.6799097878800762,0.12360362288525728,0.08607024093617664,,,1.0751622164436634,1.3117067740397326,0.8196665883888283,0.0,0.0,1.0,0.0,,,1.607942816783163,0.11162280996545966,0.06842957762398778,0.02444160730776482,0.1569,0.0864,0.0,0.0,0.7566
bnp,27,support,random_dirichlet_budget,66,66,3,7.040877461239646,4.601783339053742,0.9616943710853297,0.9525797120593334,3.9582758852169553,0.4687521288760549,0.07395856444442293,1.3117067740397326,0.05638345848946776,0.0,0.0,1.0,0.0,1.0,0.10799833336316254,2.6705790467508534,0.15590153276357457,0.07424874488478686,1.0017719191466794,0.0709,0.2784,0.1748,0.1597,0.3162
bnp,27,support,design_runs,66,66,5,0.012122657105756104,7.792998533487647,0.08920053807423246,0.05208054873531553,0.5384903895774481,1.266031516291653,1.2195806449221909,1.3117067740397326,0.9297662168551467,0.0,0.0,1.0,0.0,0.94,0.14098048492147905,1.7999999999999998,0.04059328258361816,0.0375387570258198,2.6764106220832836e-10,0.3333,0.0,0.0,0.1667,0.5
bnp,27,support,single_objective_refs,7,7,4,0.0043922511204541066,0.47948663334138,0.06407198034548367,0.0230908468338388,0.5669281143892172,1.001149166755435,1.2868612247467575,1.3117067740397326,0.9810586102132743,0.2857142857142857,0.5,0.5,0.0,0.93,0.1537495881421512,1.5749637075225065,0.0,6.883796535333265e-07,2.6764106220832836e-10,0.3574,0.0017,0.0,0.1197,0.5212
bnp,28,weighted,nbi_A,66,66,8,0.0016241326763380207,0.03375240679711646,0.18408181849302951,0.027164488376459652,0.20894707143662022,0.8356273245914273,1.14662455942489,1.2487135136659253,0.9182446949410146,0.07575757575757576,0.625,0.375,0.0,0.525,0.23517579372530936,1.7241379310420126,0.08332494060799439,0.038072093187062124,9.12737071412882e-08,0.65,0.0,0.0,0.0,0.35
bnp,28,weighted,nbi_B,66,66,43,0.00016948785475730577,0.011026950437002385,0.06117718572559996,0.0135050672388083,0.13403158157840947,3.037838912893615,1.2078604243399793,1.2487135136659253,0.9672838574430006,0.5757575757575758,0.8837209302325582,0.11627906976744186,0.0,1.0,0.057048221829975675,1.93344499806965,3.5938552887906474e-07,2.6337740062903506e-08,9.12737071412882e-08,0.5689,0.0017,0.0,0.0116,0.4178
bnp,28,weighted,nbi_C,66,56,35,0.008119433258649554,0.03928180070518509,0.02607592282579141,0.015766135347184886,0.04990070243526022,0.6628476047548562,1.2239461462181764,1.2487135136659253,0.9801656927896634,0.35714285714285715,0.5714285714285714,0.42857142857142855,0.0,0.165,0.07392371291730485,2.27172082793301,3.5938552887906474e-07,2.6337740062903506e-08,9.12737071412882e-08,0.4576,0.0051,0.0,0.115,0.4223
bnp,28,weighted,ws_random_scalarization,66,66,1,0.09136398756396769,0.09136398756412661,0.47794190272983034,0.32767355547083554,,,0.5720244319261913,1.2487135136659253,0.4580910077979888,0.0,0.0,1.0,0.0,,,1.0000000000006104,0.33445998961691176,0.3393524964881616,0.1176568060168028,0.0,0.0,0.0,0.0,1.0
bnp,28,weighted,random_dirichlet_budget,66,66,6,8.556944122818882,31.116944595017415,2.4869829598585067,2.4816438063778508,3.982296284722757,1.1291507811036798,0.0,1.2487135136659253,0.0,0.0,0.0,1.0,0.0,1.0,0.28463456703310075,2.850549329814073,0.12704833992019657,0.15122917312205264,2.3281183092919835,0.1278,0.1445,0.0483,0.305,0.3744
bnp,28,weighted,design_runs,66,66,6,0.09059886025280978,33.25011550905069,0.16881501167667498,0.028660338186213764,0.5243010311357295,1.011679891728061,1.1429701725268078,1.2487135136659253,0.9153181734786546,0.045454545454545456,0.5,0.5,0.0,0.83,0.3075166912366182,1.9,0.038669817966773636,0.034879395210356504,9.12737071412882e-08,0.4722,0.0,0.0,0.1389,0.3889
bnp,28,weighted,single_objective_refs,7,7,4,0.022840996891102267,4.001909133589483,0.21488625576651915,0.18343342958999811,0.4091073726094838,0.4488054177278055,0.9253156042692463,1.2487135136659253,0.741015128083895,0.2857142857142857,0.5,0.5,0.0,0.655,0.3592106477687067,1.5917875214846273,0.0,0.0,9.12737071412882e-08,0.3559,0.0009,0.0,0.1246,0.5186
bnp,28,support,nbi_A,66,66,27,0.0036057197614704126,0.10329550032002215,0.12496935236725461,0.01512446611020818,0.25792048304848464,5.196152422706631,1.053000905342757,1.1110832632825949,0.9477245676725983,0.16666666666666666,0.4074074074074074,0.5925925925925926,0.0,0.88,0.08876856545112284,1.724137931015216,0.08357436753715289,0.03823368867524361,7.145323213126692e-09,0.2296,0.0,0.0,0.0,0.7704
bnp,28,support,nbi_B,66,66,9,0.01716705495000831,0.1127774268572663,0.24387756854913398,0.17719335837588435,0.6264435908793615,1.8215261418473734,0.8932822635497824,1.1110832632825949,0.803974187236572,0.07575757575757576,0.5555555555555556,0.4444444444444444,0.0,1.0,0.1535958599551404,1.8642249070264059,3.6046132237136404e-07,2.644952955506908e-08,7.145323213126692e-09,0.4193,0.0022,0.0,0.0554,0.523
bnp,28,support,nbi_C,66,56,13,0.009073948983318977,0.36183276481422216,0.4139082364948149,0.3711331341248338,0.6216294775305787,2.908448444155211,0.6300325968081188,1.1110832632825949,0.5670435489656686,0.16071428571428573,0.6923076923076923,0.3076923076923077,0.0,1.0,0.1277664457227169,2.507351008389047,3.6046132237136404e-07,2.644952955506908e-08,7.145323213126692e-09,0.302,0.0027,0.0,0.2089,0.4864
bnp,28,support,ws_random_scalarization,66,66,66,0.0,0.0,0.25935598307475655,0.1408470744838281,0.0,,0.6331413712511418,1.1110832632825949,0.5698415160899669,1.0,1.0,0.0,0.0,0.0,0.11016376941712369,1.0,0.33546117038617257,0.34079286468820186,0.009210712849792505,0.0,0.0,0.0,0.0,1.0
bnp,28,support,random_dirichlet_budget,66,66,3,11.033099057573958,12.044016576074837,11.507278043332612,11.507076763660194,0.5142637862891906,1.192714950987968,0.0,1.1110832632825949,0.0,0.0,0.0,1.0,0.0,0.5,0.43447017459450277,2.670804478623765,0.12742864954957947,0.15187105934401235,11.71466970752167,0.1827,0.0372,0.1168,0.1877,0.4756
bnp,28,support,design_runs,66,66,5,0.019035043753788953,12.399100434608432,0.03599441756225138,0.01421557550780351,0.4617860793284606,0.7561379469552416,1.0769124191235115,1.1110832632825949,0.9692454694546215,0.030303030303030304,0.4,0.6,0.0,0.76,0.26813181703594635,1.7999999999999998,0.03878557315215021,0.03502743941871665,7.145323213126692e-09,0.3333,0.0,0.0,0.1667,0.5
bnp,28,support,single_objective_refs,7,7,6,0.0008656013268765831,1.6585018871421113,0.04829279076053141,0.04420931608003051,0.5194171734488949,1.4944346580871606,0.8533411729640312,1.1110832632825949,0.7680263047459756,0.2857142857142857,0.3333333333333333,0.6666666666666666,0.0,0.83,0.2442331085332945,1.000000000000003,0.0,0.0,7.145323213126692e-09,0.2373,0.0006,0.0,0.0831,0.679
bnp,29,weighted,nbi_A,66,66,8,0.0012862250104498931,0.033007163390958875,0.17285765839998882,0.023852033058865175,0.20774871279464938,0.8231925743430246,1.156434632779702,1.2487327153145442,0.9260865985147244,0.06060606060606061,0.5,0.5,0.0,0.465,0.2627852792422616,1.7241379310301066,0.07540434787628594,0.03365337032014569,0.0,0.65,0.0,0.0,0.0,0.35
bnp,29,weighted,nbi_B,66,66,45,0.00045349827189591376,0.009245622624582865,0.05785386530623731,0.012157667446543495,0.129910436132762,3.282118709858479,1.2116136643682578,1.2487327153145442,0.970274622830766,0.5757575757575758,0.8444444444444444,0.15555555555555556,0.0,0.995,0.053049134709483525,1.9313673513952334,3.1868137666753143e-07,3.06286506826805e-07,0.0,0.5609,0.0026,0.0,0.0103,0.4262
bnp,29,weighted,nbi_C,66,51,34,0.008449674544233393,0.03394904308083944,0.0322456137368751,0.01757213482972874,0.0787468356621385,0.894524756995962,1.2254406397487687,1.2487327153145442,0.9813474290533756,0.4117647058823529,0.6176470588235294,0.38235294117647056,0.0,0.775,0.07126853043459777,2.2208011302746073,3.1868137666753143e-07,3.06286506826805e-07,0.0,0.4252,0.0049,0.0,0.1157,0.4542
bnp,29,weighted,ws_random_scalarization,66,66,1,0.0895667159676875,0.08956671596790465,0.4597970372743014,0.29764247459057286,,,0.6027410577289096,1.2487327153145442,0.48268220279396196,0.0,0.0,1.0,0.0,,,1.0000000000033904,0.3091204895826457,0.3163713343087875,0.1274540330547324,0.0,0.0,0.0,0.0,1.0
bnp,29,weighted,random_dirichlet_budget,66,66,5,9.434506894597117,33.302567557252374,1.775413851258013,1.7745184260478448,7.148943677317897,0.84907938360576,0.0,1.2487327153145442,0.0,0.0,0.0,1.0,0.0,1.0,0.3336567586661925,2.6459852231153915,0.23692112031532986,0.4557237144650035,0.8640238853583642,0.3,0.1998,0.0458,0.1474,0.307
bnp,29,weighted,design_runs,66,66,6,0.10665428571229131,34.872346673114286,0.160950525762607,0.02504440807996148,0.5220693962088631,0.9793541888520753,1.1486770549120515,1.2487327153145442,0.9198742379570879,0.030303030303030304,0.3333333333333333,0.6666666666666666,0.0,0.795,0.3082392872429326,1.9,0.04218567036369378,0.03184836381657954,0.0,0.4722,0.0,0.0,0.1389,0.3889
bnp,29,weighted,single_objective_refs,7,7,5,0.03582703330958734,4.246882594070114,0.2125741293082553,0.17715836310677077,0.6150421921861378,1.1482284518206958,0.9358255783781412,1.2487327153145442,0.7494202457428333,0.14285714285714285,0.2,0.8,0.0,0.84,0.32531553663506796,1.0000000000000009,0.0,3.0311989519610885e-07,0.0,0.2846,0.0011,0.0,0.0931,0.6212
bnp,29,support,nbi_A,66,66,27,0.0040094514756374025,0.07192032907425384,0.02582288661774475,0.01278009624681683,0.2646763581438689,5.196152422706632,1.1911199047915724,1.3134627299558932,0.9068547417645957,0.18181818181818182,0.4444444444444444,0.5555555555555556,0.0,0.94,0.12962475439226412,1.72413793102311,0.07540442380548162,0.03365337032014569,0.0,0.2296,0.0,0.0,0.0,0.7704
bnp,29,support,nbi_B,66,66,11,0.01118593540484463,0.06724810922324917,0.08989677554871679,0.03125353957144585,0.39969966073288776,2.032698071964193,1.2843591038890565,1.3134627299558932,0.97784206174787,0.12121212121212122,0.7272727272727273,0.2727272727272727,0.0,0.725,0.15596749563292103,1.862390493912954,3.1868169756707226e-07,3.06286506826805e-07,0.0,0.4175,0.0035,0.0,0.0423,0.5367
bnp,29,support,nbi_C,66,51,13,0.004653190341632799,0.08161029807091535,0.18535503845603915,0.03132177564929469,0.4946107141730596,3.052321213125065,1.273021487812168,1.3134627299558932,0.9692102096074829,0.19607843137254902,0.7692307692307693,0.23076923076923078,0.0,1.0,0.18164342082178087,2.446257457364082,3.1868169756707226e-07,3.06286506826805e-07,0.0,0.2978,0.0037,0.0,0.1949,0.5036
bnp,29,support,ws_random_scalarization,66,66,66,0.0,0.0,0.1808499349244563,0.13760591977728528,0.0,,0.6812410484200194,1.3134627299558932,0.5186603569961181,1.0,1.0,0.0,0.0,0.0,0.07887775665244583,1.0,0.30912080085475147,0.3163713343087875,0.0007908347659717728,0.0,0.0,0.0,0.0,1.0
bnp,29,support,random_dirichlet_budget,66,66,4,2.814338343011691,3.468497852895564,1.0461567488098968,1.0439046764059816,4.884497351572098,1.6851918855103378,0.04287995730329118,1.3134627299558932,0.03264649717524236,0.0,0.0,1.0,0.0,1.0,0.2281034252294285,2.889833519204509,0.2369213588855266,0.4557237144650035,0.0830901200151483,0.1005,0.1629,0.1588,0.1618,0.416
bnp,29,support,design_runs,66,66,5,0.00808785683082711,7.18640627431827,0.023423791149424267,0.011575452244908338,0.5599371716399522,1.3203360589396684,1.2267730423536989,1.3134627299558932,0.9339991264121325,0.06060606060606061,0.8,0.2,0.0,0.79,0.2199814038969115,1.7999999999999998,0.04218571284299518,0.03184836381657954,0.0,0.3333,0.0,0.0,0.1667,0.5
bnp,29,support,single_objective_refs,7,7,6,4.362251300923011e-14,0.30793346831730756,0.024521047580703396,0.008999439170386741,0.5457269364510056,2.042592683227466,1.2915727786346642,1.3134627299558932,0.9833341663817412,0.2857142857142857,0.3333333333333333,0.6666666666666666,0.0,0.855,0.17916794341319392,1.0000000000000013,0.0,3.0311989519610885e-07,0.0,0.2371,0.0009,0.0,0.0776,0.6844
porto,0,weighted,nbi_A,66,5,4,0.020205551318171096,0.03428640497470195,0.3399655315056789,0.11230911562513717,0.6612177842786895,1.769813088919632,0.8631074986832504,1.2278847771156731,0.7029222242747466,0.0,0.0,1.0,0.0,0.89,0.3363779044335432,1.8234520436703434,0.26444430510913003,0.1245591523072434,0.0,0.7299,0.0,0.0,0.267,0.0031
porto,0,weighted,nbi_B,66,66,64,0.020141471628167335,0.019789108638754875,0.07581704919551503,0.04791371844637778,0.0527615499875025,2.5809415544774548,1.0526004821240003,1.2278847771156731,0.8572469516208033,0.5454545454545454,0.5625,0.4375,0.0,0.955,0.035670083658578954,1.6189841583431521,2.887541009961441e-06,0.0,0.0,0.7465,0.0014,0.0065,0.1953,0.0502
porto,0,weighted,nbi_C,66,61,59,0.00015833498147923327,0.0006322667137662061,0.03771752874871231,0.006800090553868159,0.04687057139236467,2.052206290310317,1.2043418527167609,1.2278847771156731,0.9808264384104386,0.9344262295081968,0.9661016949152542,0.03389830508474576,0.0,0.8,0.03796914450547648,2.3514555983696983,2.887541009961441e-06,0.0,0.0,0.6309,0.0015,0.0286,0.2538,0.0852
porto,0,weighted,ws_random_scalarization,66,66,9,0.0351274743547581,0.08031291001487702,0.30229283286893005,0.1059889177364278,0.34552741481621513,2.1963972265007907,0.8746228874699344,1.2278847771156731,0.7123004566637285,0.0,0.0,1.0,0.0,0.955,0.1684172215596314,1.7352315411239534,0.26249026486177096,0.12311009935582759,9.649681985888456e-15,0.7232,0.0,0.0,0.2746,0.0022
porto,0,weighted,random_dirichlet_budget,66,66,5,35.54588447353807,126.6340616356085,1.8584497317077118,1.8535690814726775,6.169019882370369,0.630045957515528,0.0,1.2278847771156731,0.0,0.0,0.0,1.0,0.0,1.0,0.27902313911006527,2.439305177206188,0.6531533185271168,2.0214233750577315,0.08351645640215621,0.3607,0.0911,0.0323,0.1848,0.3312
porto,0,weighted,design_runs,66,66,2,0.016121795668627283,195.10714357848528,0.3599664309816581,0.13775300125848125,,,0.7951669427890352,1.2278847771156731,0.6475908469660312,0.0,0.0,1.0,0.0,,,1.4,0.30501590622586894,0.1534521230849283,0.0,0.8333,0.0,0.0,0.1667,0.0
porto,0,weighted,single_objective_refs,7,7,5,0.0041643772964332516,14.101706121393205,0.23526173454901894,0.08868135107816988,0.5031580603036547,1.6694302644391183,0.945065131798445,1.2278847771156731,0.7696692307061764,0.42857142857142855,0.6,0.4,0.0,0.925,0.2637234713921247,1.9333494570111625,0.0,9.104949467231367e-09,0.0,0.738,0.0006,0.0345,0.2002,0.0266
porto,0,support,nbi_A,66,5,3,0.04641308941166653,0.038630053071771406,0.47108115437941867,0.1322208089080937,0.0029611748971490196,0.0039988929735016755,0.871601882500525,1.0819982008498772,0.805548365806808,0.0,0.0,1.0,0.0,0.01,0.6258864327508163,1.7786465557463418,0.26444430510913003,0.13217672503141595,0.0,0.6439,0.0,0.0,0.3534,0.0026
porto,0,support,nbi_B,66,66,9,0.042295345115912514,0.11011780101013259,0.06305143339272455,0.017467225888332542,0.15173091044709053,1.089400801983589,0.9424449752423177,1.0819982008498772,0.8710226823871384,0.045454545454545456,0.3333333333333333,0.6666666666666666,0.0,0.41,0.20118507402616964,1.8912807691590834,2.887541009961441e-06,0.0,0.0,0.7092,0.0013,0.023,0.233,0.0335
porto,0,support,nbi_C,66,61,10,0.022868423876721392,0.05703723671271434,0.09638387703256387,0.00844219674315283,0.3828207409335571,1.7673407770705603,1.0460794516055338,1.0819982008498772,0.9668033188815561,0.13114754098360656,0.8,0.2,0.0,0.945,0.17928231399585878,2.4876189520036527,2.887541009961441e-06,0.0,0.0,0.611,0.0013,0.0607,0.2609,0.0661
porto,0,support,ws_random_scalarization,66,66,7,0.0018810784147554535,0.07198693716825443,0.5030919368026442,0.1304567615216373,0.016956284135723636,2.5808158035681523,0.878372077421476,1.0819982008498772,0.8118054879680401,0.015151515151515152,0.14285714285714285,0.8571428571428571,0.0,0.025,0.286279671923883,1.909494062644462,0.26249026486177096,0.13063905341140677,0.0,0.7198,0.0,0.0,0.2787,0.0014
porto,0,support,random_dirichlet_budget,66,66,2,173.7749150902823,134.20685646720096,2.0725002519740294,2.067711288859866,,,0.0,1.0819982008498772,0.0,0.0,0.0,1.0,0.0,,,2.501957359411119,0.6531533185271168,2.1450460818650345,0.9942730264290736,0.2925,0.2294,0.0772,0.3288,0.0722
porto,0,support,design_runs,66,66,2,0.014506491884686293,206.5816499529626,0.5231499708687789,0.16375861055284488,,,0.8063295729745105,1.0819982008498772,0.745222655953737,0.0,0.0,1.0,0.0,,,1.4,0.30501590622586894,0.1628366820324296,0.0,0.8333,0.0,0.0,0.1667,0.0
porto,0,support,single_objective_refs,7,7,5,0.0006009046767960991,14.96010026602784,0.0997020442593644,0.024832581781839943,0.6016631642801972,2.1338279364170556,0.9093213915575908,1.0819982008498772,0.8404093378744494,0.42857142857142855,0.6,0.4,0.0,0.775,0.44735063092276,1.9333494570111625,0.0,9.661774184097377e-09,0.0,0.738,0.0006,0.0345,0.2002,0.0266
porto,1,weighted,nbi_A,66,66,66,0.028932063319596264,0.028932063319596264,0.24920698357608073,0.12276270201507561,0.021125444564761838,6.334097211497161,0.8593139078688612,1.262436471473776,0.6806789310084593,0.015151515151515152,0.015151515151515152,0.9848484848484849,0.0,0.125,0.027136015789207303,1.366492242856471,0.2022257668206085,0.19662906758394882,0.0,0.8336,0.0,0.0,0.1663,0.0001
porto,1,weighted,nbi_B,66,66,63,0.014650486116322543,0.015607830664382885,0.19806557955170262,0.18982503261309505,0.05317640219433849,2.6952755107152395,0.5903840109459411,1.262436471473776,0.4676544319546814,0.030303030303030304,0.031746031746031744,0.9682539682539683,0.0,1.0,0.027908593644607183,1.1944534600783807,0.00023444428825829532,2.583807175416459e-05,0.0,0.9058,0.0004,0.0014,0.064,0.0284
porto,1,weighted,nbi_C,66,59,38,0.01755708577665576,0.05532966736748424,0.042364931798473275,0.029764072219797568,0.05440757342254482,1.3251012546492087,1.1571481741871343,1.262436471473776,0.9165991321814971,0.3050847457627119,0.47368421052631576,0.5263157894736842,0.0,0.77,0.04744008652713198,1.7371195869486526,0.0,2.583807175416459e-05,0.0,0.735,0.001,0.0132,0.174,0.0768
porto,1,weighted,ws_random_scalarization,66,66,47,0.0356794543057793,0.041762238581957385,0.26921870029017503,0.11715473900116986,0.060919145281098055,4.5083235579788985,0.8789247821700591,1.262436471473776,0.6962130784640569,0.21212121212121213,0.2978723404255319,0.7021276595744681,0.0,0.99,0.03879710431742612,1.6781435928193171,0.18789770717120632,0.18522380544447958,0.0,0.8039,0.0,0.0,0.1961,0.0
porto,1,weighted,random_dirichlet_budget,66,66,4,112.20765571874173,167.36140203817914,1.3487224422000974,1.335172063796854,175.94699345034428,1.7467807102070287,0.0,1.262436471473776,0.0,0.0,0.0,1.0,0.0,1.0,0.4342719789279678,2.723078156349886,0.883808017388866,1.5653014207071505,0.11036257689416044,0.3063,0.1143,0.0071,0.3067,0.2656
porto,1,weighted,design_runs,66,66,2,0.023191521367995682,360.5851842689144,0.3536934605496278,0.13302726125784933,,,0.8475312747411615,1.262436471473776,0.6713456826478947,0.015151515151515152,0.5,0.5,0.0,,,1.4,0.18906053872510276,0.18566404918710772,0.0,0.8333,0.0,0.0,0.1667,0.0
porto,1,weighted,single_objective_refs,7,7,6,0.016324342433671982,26.32358388361541,0.21437666571073136,0.09847537951342242,0.45150503138521414,1.7023661125013594,0.9341251187812454,1.262436471473776,0.7399383176016312,0.0,0.0,1.0,0.0,0.85,0.2970639821503202,1.3589387870596799,0.0002317181918807378,2.5847594825642794e-05,0.0,0.8187,0.0,0.015,0.143,0.0233
porto,1,support,nbi_A,66,66,2,0.009154301249182609,0.14220214043805168,0.3529183743782095,0.09853779937685607,,,0.8775240505986591,1.2217802320063345,0.7182339569839344,0.015151515151515152,0.5,0.5,0.0,,,1.3639509885268837,0.2022257668206085,0.196501770474726,0.0,0.8492,0.0,0.0,0.1508,0.0
porto,1,support,nbi_B,66,66,4,0.038701085107990134,0.08636206407650666,0.03968575677970121,0.03570661479418487,0.5560052508403892,1.139608932998557,0.4403794027685251,1.2217802320063345,0.36044076604952136,0.030303030303030304,0.5,0.5,0.0,0.39,0.7837453340277465,1.7322353019801386,0.00023444428825829532,2.5821344258669588e-05,0.0,0.7732,0.0001,0.0224,0.1644,0.0398
porto,1,support,nbi_C,66,59,13,0.023087964200545184,0.11590178715543936,0.008722218161018203,0.005515275602587139,0.24370449676629646,1.6690491156895686,1.0159489794217436,1.2217802320063345,0.8315316886027964,0.1694915254237288,0.7692307692307693,0.23076923076923078,0.0,0.545,0.20412287455837885,2.1985820479094307,0.0,2.5821344258669588e-05,0.0,0.6553,0.0002,0.0303,0.2537,0.0605
porto,1,support,ws_random_scalarization,66,66,15,0.0,0.03874334491706049,0.3502789840559115,0.09157666702946905,0.42466881704015413,3.8729833462074184,0.902770484575745,1.2217802320063345,0.7388976027982294,0.22727272727272727,1.0,0.0,0.0,0.995,0.21686559387542326,1.0,0.18789770717120632,0.1851038920701141,0.0,0.9766,0.0,0.0,0.0234,0.0
porto,1,support,random_dirichlet_budget,66,66,3,113.13817411716884,166.8185789905535,1.4169615999476612,1.4135589627788645,183.25165032915731,1.586478762959121,0.0,1.2217802320063345,0.0,0.0,0.0,1.0,0.0,1.0,1.1056080078177615,2.262818703890871,0.883808017388866,1.564288048938842,0.9995932686545068,0.4113,0.1012,0.1124,0.2224,0.1527
porto,1,support,design_runs,66,66,2,0.0006216391451018837,359.4874404441067,0.35044312390622495,0.09201346041787793,,,0.9011863005800117,1.2217802320063345,0.7376009833619074,0.015151515151515152,0.5,0.5,0.0,,,1.4,0.18906053872510276,0.18554385080017274,0.0,0.8333,0.0,0.0,0.1667,0.0
porto,1,support,single_objective_refs,7,7,6,0.0039306384968122755,26.290293328536286,0.02325462821258065,0.008410244546968345,0.5629855143338105,2.42262785615613,0.9127090689770004,1.2217802320063345,0.7470321135235624,0.0,0.0,1.0,0.0,0.785,0.3846934375798743,1.3589387870596799,0.0002317181918807378,2.583086116493791e-05,0.0,0.8187,0.0,0.015,0.143,0.0233
porto,2,weighted,nbi_A,66,32,18,0.03265958574412081,0.047243834609495675,0.20395750149334418,0.06179829041068398,0.04593998574021112,0.4170487328534576,1.0737631585770646,1.2748121647401922,0.8422912710406231,0.03125,0.05555555555555555,0.9444444444444444,0.0,0.035,0.10194375444743489,1.362769500869866,0.09604777940146031,0.08033499865734797,2.941520472884829e-09,0.8351,0.0,0.0,0.1492,0.0157
porto,2,weighted,nbi_B,66,66,49,0.006114505062580449,0.02295480153589504,0.0747882686502395,0.04943876840665399,0.07098777495821293,2.8999461633528405,1.116265639278758,1.2748121647401922,0.875631461758332,0.5757575757575758,0.7755102040816326,0.22448979591836735,0.0,0.995,0.0372210677861364,1.460091478450418,0.0006567989708117755,1.5286570644125776e-05,2.941520472884829e-09,0.8163,0.0007,0.0016,0.098,0.0833
porto,2,weighted,nbi_C,66,65,41,0.007173925634432115,0.016135812366428526,0.02673401892636603,0.009285642095579139,0.09672116357749784,1.5375770636851167,1.253459078772352,1.2748121647401922,0.9832500139562192,0.38461538461538464,0.6097560975609756,0.3902439024390244,0.0,1.0,0.04420002347455549,2.2429268222410332,0.0,1.5286570644125776e-05,2.941520472884829e-09,0.6514,0.0004,0.0127,0.2561,0.0795
porto,2,weighted,ws_random_scalarization,66,66,12,0.05195112070047613,0.08925771372054807,0.32222146316599676,0.10309927907444039,0.11583784859319969,2.035575830554041,0.96410830376068,1.2748121647401922,0.7562747912412383,0.0,0.0,1.0,0.0,0.33,0.14282401126224303,1.7268891168796454,0.14521312316121912,0.1248421134689496,0.043385199806500005,0.7095,0.0,0.0,0.2849,0.0056
porto,2,weighted,random_dirichlet_budget,66,66,8,158.7289006334966,175.92474941370097,4.036231485869064,4.036231485869064,36.45199418546548,1.158394842641016,0.0,1.2748121647401922,0.0,0.0,0.0,1.0,0.0,1.0,0.23071822884158372,2.7862953641456443,1.3047012555437305,2.1646256478774952,0.13112302419168403,0.3122,0.1677,0.07,0.2484,0.2017
porto,2,weighted,design_runs,66,66,2,0.028829154360660258,258.58702742656084,0.35475229545491316,0.16169303395020931,,,0.8069648791235825,1.2748121647401922,0.6330068863816047,0.015151515151515152,0.5,0.5,0.0,,,1.4,0.2149641730258216,0.1889097460121152,2.941520472884829e-09,0.8333,0.0,0.0,0.1667,0.0
porto,2,weighted,single_objective_refs,7,7,5,0.01279323508139126,18.863490744703192,0.24777530487809962,0.07249342975321257,0.37721866699473006,1.4097066600593267,1.0771678038777126,1.2748121647401922,0.844961974533119,0.14285714285714285,0.2,0.8,0.0,0.725,0.29570958819301185,1.9317662345312745,0.0006542968795062431,1.5240309157401863e-05,2.941520495148738e-09,0.7574,0.0004,0.0147,0.1814,0.0462
porto,2,support,nbi_A,66,32,3,0.06017750187055548,0.18733242477747353,0.4738656653620922,0.0612570493707068,0.6841158885185553,0.952961605334482,1.1069977270989326,1.269896283944462,0.8717229439088163,0.0,0.0,1.0,0.0,0.525,0.6441060163559663,1.6574885499563257,0.09678230580144576,0.0781507222917037,1.234349109052367e-10,0.7911,0.0,0.0,0.1956,0.0133
porto,2,support,nbi_B,66,66,6,0.034041423110733854,0.10795561646990649,0.054282650068211195,0.019039481086754323,0.2714277250444651,0.9255999643433448,1.0349096043939001,1.269896283944462,0.8149560066270428,0.015151515151515152,0.16666666666666666,0.8333333333333334,0.0,0.21,0.3985888239116307,1.6496443407332944,0.0006618218478272662,1.487093492460415e-05,1.234349109052367e-10,0.764,0.0007,0.0122,0.1552,0.0678
porto,2,support,nbi_C,66,65,9,0.0011471813645565522,0.05236880925746745,0.12919388099814744,0.006946196189330739,0.6978014518583723,2.105986924222727,1.2558825984394162,1.269896283944462,0.9889647007537359,0.1076923076923077,0.7777777777777778,0.2222222222222222,0.0,1.0,0.24772061842107582,2.3347170150124534,0.0,1.487093492460415e-05,1.234349109052367e-10,0.6213,0.0006,0.0272,0.2669,0.0839
porto,2,support,ws_random_scalarization,66,66,6,0.013933896529704877,0.052713196419413307,0.6738521579913607,0.09157391535866877,0.05036880783552532,2.399890489627504,1.008639407480272,1.269896283944462,0.794269122787971,0.07575757575757576,0.8333333333333334,0.16666666666666666,0.0,0.09,0.4002807670987822,1.867992333549073,0.1463236420430813,0.1214477065174986,0.01839169677395214,0.6343,0.0,0.0,0.3623,0.0034
porto,2,support,random_dirichlet_budget,66,66,3,10.782263604067078,170.2723266227747,2.812230663013511,2.812230663013511,13.916031275852069,1.3132606590896818,0.0,1.269896283944462,0.0,0.0,0.0,1.0,0.0,1.0,0.6437411440711542,3.287765793430031,1.3146789720746395,2.1057703454296397,1.0009248056424145,0.1845,0.036,0.2206,0.3753,0.1836
porto,2,support,design_runs,66,66,2,0.010975013778653411,250.26963052019886,0.494725858949763,0.138761164802481,,,0.8756559293421202,1.269896283944462,0.689549170600153,0.0,0.0,1.0,0.0,,,1.4,0.21660811379282807,0.18377336584966422,1.234349109052367e-10,0.8333,0.0,0.0,0.1667,0.0
porto,2,support,single_objective_refs,7,7,5,0.023311898790195247,18.348771221205254,0.11710651612700543,0.015378975144523856,0.5108032668705741,2.208173139386641,1.120501603935853,1.269896283944462,0.8823567862214937,0.14285714285714285,0.2,0.8,0.0,0.545,0.5147624104202697,1.9317662345312745,0.0006593006217522416,1.4825931269134105e-05,1.2343491183949625e-10,0.7574,0.0004,0.0147,0.1814,0.0462
porto,3,weighted,nbi_A,66,20,18,0.04715693983202935,0.051734025026388755,0.2867707423372688,0.15232556209518197,0.050586366397475796,0.6211667837056261,0.7621505832597165,1.2369969921402495,0.6161296980528993,0.0,0.0,1.0,0.0,0.065,0.09056716937201599,1.381338956130532,0.3016939752499729,0.21269840651775024,0.0,0.8405,0.0,0.0,0.1541,0.0054
porto,3,weighted,nbi_B,66,66,63,0.01619285020260788,0.016138082696868006,0.20761223259646772,0.19946881713512876,0.0456483110652655,2.2400927655685248,0.6132318885795465,1.2369969921402495,0.49574242498240356,0.25757575757575757,0.2698412698412698,0.7301587301587301,0.0,1.0,0.02275597381685003,1.1911430485408492,0.0013673389538127686,1.4562415051045916e-07,0.0,0.9105,0.0003,0.0024,0.0281,0.0587
porto,3,weighted,nbi_C,66,65,59,0.03545977354533397,0.03811690340411348,0.03826900467943891,0.025035225878311085,0.04997073324653735,1.4529098345411284,1.153208841242568,1.2369969921402495,0.9322648709495152,0.36923076923076925,0.4067796610169492,0.5932203389830508,0.0,1.0,0.02446954942971524,2.4574932498716198,0.0,1.4562415051045916e-07,0.0,0.6358,0.0,0.0309,0.2091,0.1243
porto,3,weighted,ws_random_scalarization,66,66,6,0.04479993248681075,0.10190063188193998,0.32701471718182545,0.1561015981084329,0.39291847780773287,1.7634374814781106,0.7559369643114741,1.2369969921402495,0.6111065500681239,0.0,0.0,1.0,0.0,0.78,0.2854021817001897,1.6004308870414525,0.3023027463033056,0.21324887058513678,0.0009195237203997963,0.7845,0.0,0.0,0.2086,0.0069
porto,3,weighted,random_dirichlet_budget,66,66,5,170.69020803877135,128.27788318503764,2.6743782204747624,2.6743782204747624,365.1470048701421,2.1954285717408215,0.0,1.2369969921402495,0.0,0.0,0.0,1.0,0.0,1.0,0.31101008113410916,2.477308546086458,1.4264780823670218,1.839956503558511,0.025540834356678147,0.1959,0.1501,0.0467,0.3881,0.2191
porto,3,weighted,design_runs,66,66,3,0.12488711613587278,257.1519250773045,0.38679937252769603,0.19011156966688028,0.641646202269816,0.8932602400565676,0.6846041829900874,1.2369969921402495,0.5534404589016718,0.0,0.0,1.0,0.0,0.745,0.45783535135932396,1.7999999999999998,0.3439662705001973,0.23927610028581298,0.0,0.7778,0.0,0.0,0.1111,0.1111
porto,3,weighted,single_objective_refs,7,7,5,0.012700044440512096,19.092416184520705,0.20921209089551784,0.09509139133961751,0.5172393731184236,1.4641780260889399,0.9043386194119827,1.2369969921402495,0.7310758434806685,0.42857142857142855,0.6,0.4,0.0,0.83,0.3304809961671056,1.7682678658206612,0.0013662972511150977,0.0,0.0,0.7568,0.0,0.0305,0.1723,0.0404
porto,3,support,nbi_A,66,20,3,0.05947603432646603,0.12444261331724286,0.7494739879236536,0.2656533957592762,0.06358027647262103,0.0869801625384653,0.7641857052857841,1.1114376262567047,0.687565084384936,0.0,0.0,1.0,0.0,0.375,0.722698512442659,1.7682679399865735,0.30263020678224817,0.21050005168164942,0.0,0.6867,0.0,0.0,0.3078,0.0055
porto,3,support,nbi_B,66,66,5,0.04553355716807604,0.09207833158216744,0.056598184879320695,0.04832373698836114,0.24227859361908696,0.9523717804394137,0.41963343799178354,1.1114376262567047,0.37755914329182727,0.015151515151515152,0.2,0.8,0.0,0.195,0.6255138400033347,1.2787224225504614,0.0013715821470777555,1.44119044944466e-07,0.0,0.7798,0.0001,0.0305,0.1261,0.0635
porto,3,support,nbi_C,66,65,12,0.008999367585242968,0.10259629897314454,0.06130188855122098,0.011759414369675415,0.5793796811531196,2.321824160788313,0.8540904018496531,1.1114376262567047,0.7684555405292595,0.15384615384615385,0.8333333333333334,0.16666666666666666,0.0,0.975,0.2718239263248739,2.519157336039213,0.0,1.44119044944466e-07,0.0,0.5905,0.0,0.0624,0.2568,0.0903
porto,3,support,ws_random_scalarization,66,66,3,0.5902482906428138,0.08866563945398365,0.9061296627426284,0.26632906058679706,2.2042572881253215,1.6578628929629602,0.7658550334851625,1.1114376262567047,0.6890670383947175,0.0,0.0,1.0,0.0,1.0,0.7383359946959683,1.7675535935211704,0.303240867003754,0.21104482640060854,0.012513222488350823,0.4441,0.0,0.0,0.5505,0.0054
porto,3,support,random_dirichlet_budget,66,66,4,241.8191720293584,126.64957689839213,2.151745255556594,2.151745255556594,321.3526797150681,1.5579503863709074,0.0,1.1114376262567047,0.0,0.0,0.0,1.0,0.0,1.0,0.6845274604908872,2.3494351134538007,1.4309047990745896,1.8209395426699233,0.031865426167336085,0.2053,0.2206,0.0628,0.2718,0.2394
porto,3,support,design_runs,66,66,3,0.10960650375045415,254.01743183526494,0.7955416841067108,0.3022741488931863,0.6212468461319473,0.8803748055580357,0.7051341380759415,1.1114376262567047,0.634434287105086,0.0,0.0,1.0,0.0,0.44,0.7391054214856729,1.7999999999999998,0.3450336834911746,0.23680305038930252,0.0,0.7778,0.0,0.0,0.1111,0.1111
porto,3,support,single_objective_refs,7,7,5,0.00915452682488056,18.889746261716425,0.0590195752925898,0.014597640905038968,0.6569634248011283,2.174156014978201,0.8124919415171171,1.1114376262567047,0.731027924845023,0.2857142857142857,0.4,0.6,0.0,0.57,0.6342845617931421,1.7682678658206612,0.0013705372117172117,0.0,0.0,0.7568,0.0,0.0305,0.1723,0.0404
porto,4,weighted,nbi_A,66,23,11,0.03362923039798463,0.04099410694693537,0.21623590189146455,0.06744472616079897,0.006433662205605454,0.03685549332917941,1.0060459074584651,1.2524342229394259,0.8032724505861116,0.043478260869565216,0.09090909090909091,0.9090909090909091,0.0,0.0,0.15595516658560674,1.3344792936500907,0.15548175480782897,0.10009153069517647,0.0,0.8313,0.0,0.0,0.1579,0.0108
porto,4,weighted,nbi_B,66,66,38,0.005045977772679061,0.023441526190619448,0.06675626562234085,0.04238459922036206,0.1024524179451717,2.760036788466239,1.0882454084478204,1.2524342229394259,0.8689042414488968,0.48484848484848486,0.8421052631578947,0.15789473684210525,0.0,0.985,0.043836880789912394,1.5003852586797968,0.0006237629111610946,1.2293067107595384e-05,0.0,0.7909,0.0008,0.0047,0.1098,0.0937
porto,4,weighted,nbi_C,66,66,53,0.0016453476884863538,0.007399248914859672,0.029698293156242096,0.007062355649788721,0.0493221427715773,1.8809285841503884,1.2272744195260101,1.2524342229394259,0.9799112776123552,0.7424242424242424,0.9245283018867925,0.07547169811320754,0.0,0.99,0.033040687534225205,2.5145816873252373,0.0,1.2293067107595384e-05,0.0,0.622,0.0006,0.0209,0.2407,0.1157
porto,4,weighted,ws_random_scalarization,66,66,15,0.017139731423564508,0.02366378288267387,0.2873981227299814,0.06274966043285783,0.023496333295649464,1.5932637527666174,1.0221326867978247,1.2524342229394259,0.8161168611305667,0.045454545454545456,0.2,0.8,0.0,0.0,0.12012104130378974,2.0006467346463346,0.1507755034433947,0.09561220382200933,0.0017149517206749543,0.671,0.0,0.0,0.2614,0.0676
porto,4,weighted,random_dirichlet_budget,66,66,3,64.89960379913794,121.39900425426512,1.0961945358416607,1.0520388944319419,11.194258623026025,0.1698565805720382,0.0,1.2524342229394259,0.0,0.0,0.0,1.0,0.0,1.0,0.3852565255209314,2.9071207773006904,0.5845222455397041,1.3040552405164818,0.06992499584262975,0.3681,0.1386,0.0036,0.3161,0.1737
porto,4,weighted,design_runs,66,66,4,0.06518335753390735,185.09158265882851,0.35219031343749113,0.15213195182443703,0.15321335411585588,0.7861948655388743,0.7675701846894204,1.2524342229394259,0.6128626722511271,0.015151515151515152,0.25,0.75,0.0,0.2,0.3452314991312768,1.7999999999999998,0.27174723223203573,0.21401439573271028,0.0,0.7083,0.0,0.0,0.2083,0.0833
porto,4,weighted,single_objective_refs,7,7,5,0.015481456097212628,13.343331506516279,0.2656372852233206,0.07011840711363783,0.45541542419701875,1.6009132477996746,1.0323569444193965,1.2524342229394259,0.8242803697877925,0.14285714285714285,0.2,0.8,0.0,0.845,0.29131962612598095,2.0847692541037888,0.0006213918330245261,1.2224180895209561e-05,1.222333621808226e-17,0.716,0.0003,0.0288,0.2078,0.0471
porto,4,support,nbi_A,66,23,3,0.028131420414716755,0.10943554849745328,0.3835497257398586,0.05865396613265437,0.7617369790918379,1.1945207709675876,1.021485217356956,1.1757390686172604,0.8688026490080692,0.08695652173913043,0.6666666666666666,0.3333333333333333,0.0,0.515,0.6812960172479192,1.9307123322370043,0.15548175480782897,0.09958603438493073,0.0,0.7235,0.0,0.0,0.2627,0.0138
porto,4,support,nbi_B,66,66,6,0.057665329753011384,0.11279224785726026,0.06341379010000753,0.014229141205921192,0.24874235164818564,0.7659150338634817,1.0292167307754994,1.1757390686172604,0.8753785242383073,0.030303030303030304,0.3333333333333333,0.6666666666666666,0.0,0.135,0.4205867249143047,1.8476866190060552,0.0006237629111610946,1.2230982933027033e-05,0.0,0.7137,0.0007,0.024,0.1916,0.0699
porto,4,support,nbi_C,66,66,10,0.030771618740214345,0.06520291906573529,0.10248747608689837,0.008544506961065124,0.12387405401204973,1.7132517001433765,1.0952358670571378,1.1757390686172604,0.9315297044140932,0.10606060606060606,0.7,0.3,0.0,0.35,0.19868044919453282,2.6087793829360137,0.0,1.2230982933027033e-05,0.0,0.61,0.0007,0.042,0.2544,0.093
porto,4,support,ws_random_scalarization,66,66,2,0.039112472883806246,0.07896837927280903,0.442554909015064,0.05699326820553231,,,1.029783823540157,1.1757390686172604,0.8758608529962728,0.015151515151515152,0.5,0.5,0.0,,,1.669503846566555,0.1507755034433947,0.0951293296376422,0.006864289493726888,0.7375,0.0,0.0,0.1747,0.0878
porto,4,support,random_dirichlet_budget,66,66,2,8.659181653954864,120.54889132253024,1.3240693966940256,1.3027805027464483,,,0.0,1.1757390686172604,0.0,0.0,0.0,1.0,0.0,,,2.702717247799177,0.5845222455397041,1.297469317533195,0.9820338612920056,0.3811,0.0409,0.0934,0.2215,0.2632
porto,4,support,design_runs,66,66,3,0.06485036800202239,183.49687246702376,0.4083892501024706,0.11777035400152312,0.6639625943412611,0.9325070156498113,0.7952645064200273,1.1757390686172604,0.6763954074906314,0.015151515151515152,0.3333333333333333,0.6666666666666666,0.0,0.49,0.6920815350590724,1.7999999999999998,0.27174723223203573,0.21293355016434917,0.0,0.7222,0.0,0.0,0.1667,0.1111
porto,4,support,single_objective_refs,7,7,5,0.018064475221477354,13.269338330988402,0.1479684120192235,0.01528107282145278,0.5363519596543606,2.1277577137477524,1.044403404281635,1.1757390686172604,0.8882952282175296,0.14285714285714285,0.2,0.8,0.0,0.595,0.4985006670943254,2.0847692541037888,0.0006213918330245261,1.2162444619468873e-05,9.20353597517575e-19,0.716,0.0003,0.0288,0.2078,0.0471
porto,5,weighted,nbi_A,66,22,12,0.032391325710592465,0.04704431276256009,0.14182781166141106,0.03132911960215627,0.06302070132356578,0.3675037899060375,1.1698149544112526,1.274794503289511,0.9176498262211152,0.0,0.0,1.0,0.0,0.075,0.15192839030199035,1.4958934073434489,0.06193140121867859,0.018671007000793025,1.721691582084263e-17,0.7644,0.0,0.0,0.2133,0.0224
porto,5,weighted,nbi_B,66,66,56,0.010100667139891786,0.014628680035290163,0.03286530498641845,0.012329837743633446,0.0812807520306281,1.9116713667019776,1.2359856732337862,1.274794503289511,0.9695567952673302,0.48484848484848486,0.5714285714285714,0.42857142857142855,0.0,1.0,0.03349639772705332,1.9764171651111728,0.000721835304710997,8.259762260397377e-06,1.721691582084263e-17,0.6709,0.0004,0.0034,0.2182,0.1071
porto,5,weighted,nbi_C,66,66,62,6.964500660820879e-14,0.002593929515241393,0.015437486641720349,0.0029514013242972316,0.0314548135275004,0.6562933974839543,1.269617624544971,1.274794503289511,0.9959390484260943,0.9242424242424242,0.9838709677419355,0.016129032258064516,0.0,0.565,0.0315609970281476,2.5383900742458296,0.0,8.259762260397377e-06,1.721691582084263e-17,0.5763,0.0002,0.0121,0.2784,0.1331
porto,5,weighted,ws_random_scalarization,66,66,25,0.004493343779366059,0.010457660901680389,0.18983300659899258,0.02293737021718627,0.03941976453523696,2.1941970420623993,1.1888236808499402,1.274794503289511,0.9325610345685288,0.15151515151515152,0.4,0.6,0.0,0.045,0.0817400243626842,2.2909724709345047,0.0580827330532867,0.012221353688480091,0.0013291439073226643,0.6044,0.0,0.0,0.2945,0.1011
porto,5,weighted,random_dirichlet_budget,66,66,4,7.968203515223653,82.64568924537134,3.462137456590058,3.462129066075198,1.1099059424680977,0.24822330871208428,0.0,1.274794503289511,0.0,0.0,0.0,1.0,0.0,1.0,0.2966097917475883,2.664221873539847,0.9671923592214382,2.1147448837236564,0.14608411629080628,0.1407,0.0396,0.0869,0.279,0.4539
porto,5,weighted,design_runs,66,66,4,0.0811999362550097,165.1107597202164,0.2528489942376619,0.12933551358781953,0.06470848078411966,0.25252463672852815,0.881417469172885,1.274794503289511,0.6914192576909092,0.0,0.0,1.0,0.0,0.13,0.3008710593430612,1.7999999999999998,0.20158785672687266,0.13884227104741406,1.721691582084263e-17,0.7083,0.0,0.0,0.2083,0.0833
porto,5,weighted,single_objective_refs,7,7,5,0.01504445497761891,11.925736470120755,0.2184415586505334,0.04999594295594909,0.28213500381493367,0.9267007835683126,1.1535395335812126,1.274794503289511,0.9048827325538281,0.42857142857142855,0.6,0.4,0.0,0.585,0.26569372104324773,2.307993133140777,0.0007204136058121304,8.28751964770726e-06,0.0,0.6705,0.0002,0.0154,0.2526,0.0613
porto,5,support,nbi_A,66,22,3,0.09035374508995027,0.16081998021261013,0.5450849493852151,0.03136514068137519,0.1482077516986725,0.15957890700451186,1.2090027277637716,1.2687183939989473,0.9529322925263546,0.0,0.0,1.0,0.0,0.13,0.6995290426112826,1.4717289875414676,0.06193140121867859,0.01917386303331116,9.293829661868952e-19,0.7557,0.0,0.0003,0.219,0.025
porto,5,support,nbi_B,66,66,5,0.012214068229306924,0.09152702067964388,0.09039011008143354,0.010380578463154249,0.8567706935740139,2.1040467157143876,1.2128328553450736,1.2687183939989473,0.9559511874989651,0.015151515151515152,0.2,0.8,0.0,0.9,0.491586726388672,2.336312546047505,0.000721835304710997,8.482217925463006e-06,9.293829661868952e-19,0.5751,0.0005,0.0154,0.3286,0.0803
porto,5,support,nbi_C,66,66,15,0.033384393372028046,0.06497729878643864,0.03703121188012717,0.004367729278257916,0.24931475324678262,1.7361833749212983,1.2381527008077717,1.2687183939989473,0.9759082130946066,0.16666666666666666,0.7333333333333333,0.26666666666666666,0.0,0.895,0.13032099363380836,2.580115629135553,0.0,8.482217925463006e-06,9.293829661868952e-19,0.5629,0.0005,0.0245,0.3162,0.0958
porto,5,support,ws_random_scalarization,66,66,4,0.013131755640530344,0.028431374036859372,0.5934034187182389,0.028324254282708267,0.6050036164559492,1.9988884531159266,1.2218866218801725,1.2687183939989473,0.9630873388923109,0.015151515151515152,0.25,0.75,0.0,0.485,0.6318511808844904,2.3250723378294555,0.0580827330532867,0.012550504731459664,0.006879505489395184,0.5819,0.0,0.0,0.3152,0.1029
porto,5,support,random_dirichlet_budget,66,66,4,6.593947209134977,83.85355771581969,2.283579683873515,2.283579683873515,3.7148537714101675,0.8364328316045729,0.0,1.2687183939989473,0.0,0.0,0.0,1.0,0.0,1.0,0.6002507282618401,3.081131444205928,0.9671923592214382,2.171700152497972,0.0317163219842687,0.1408,0.0378,0.1464,0.3091,0.3659
porto,5,support,design_runs,66,66,3,0.09551438695976915,168.36111743291391,0.5680007226804953,0.14063194546914604,0.6188009488293579,0.9234344648208769,0.9309723307864154,1.2687183939989473,0.7337895747314181,0.015151515151515152,0.3333333333333333,0.6666666666666666,0.0,0.565,0.7122372119257566,1.7999999999999998,0.20158785672687266,0.14258163409096838,9.293829661868952e-19,0.7222,0.0,0.0,0.1667,0.1111
porto,5,support,single_objective_refs,7,7,5,0.0058259238886970415,12.21816952351467,0.09024860497353072,0.009796854054380308,0.4519384075152363,2.0087371643118814,1.2154275592720787,1.2687183939989473,0.957996325284685,0.42857142857142855,0.6,0.4,0.0,0.475,0.5322239203937396,2.307993133140777,0.0007204136058121304,8.510722887322838e-06,0.0,0.6705,0.0002,0.0154,0.2526,0.0613
porto,6,weighted,nbi_A,66,33,12,0.03553309816584487,0.0516638804073698,0.2218272842849726,0.04850343251003075,0.06365355339134118,0.4004585146563438,1.0953788794638173,1.2610256249524923,0.8686412534282041,0.0,0.0,1.0,0.0,0.06,0.16653936743719697,1.368080127079116,0.10711686367037265,0.06307654292649023,3.552260527718036e-09,0.8206,0.0,0.0,0.1598,0.0196
porto,6,weighted,nbi_B,66,66,55,0.007524300326862349,0.011932112378539167,0.05341338819793499,0.028967843919401166,0.04400347590523358,3.2561967119888098,1.1558645263261342,1.2610256249524923,0.9166066917709782,0.6818181818181818,0.8181818181818182,0.18181818181818182,0.0,0.73,0.03882219309441459,1.5884438027820185,7.778734078657898e-07,0.0,3.552260527718036e-09,0.76,0.0006,0.0064,0.1389,0.0941
porto,6,weighted,nbi_C,66,66,51,0.0029574191406982497,0.008245262145719533,0.03189364658225017,0.010760797875898455,0.08426245239957013,2.0781661479044122,1.2378470553497851,1.2610256249524923,0.9816192715325825,0.6818181818181818,0.8823529411764706,0.11764705882352941,0.0,0.98,0.04324743485831542,2.360138686736072,7.778734078657898e-07,0.0,3.552260527718036e-09,0.6223,0.0001,0.0229,0.2663,0.0884
porto,6,weighted,ws_random_scalarization,66,66,25,0.0012890520487530254,0.0017782974944938951,0.3006209931726549,0.04630728029210685,0.3468547930120236,4.762948984608353,1.0948071949031342,1.2610256249524923,0.868187904543478,0.3181818181818182,0.84,0.16,0.0,1.0,0.08712769642169366,2.0177115200929574,0.10108445536372129,0.06266387814043564,3.552298247902997e-09,0.6472,0.0,0.0,0.2945,0.0583
porto,6,weighted,random_dirichlet_budget,66,66,6,27.323451917686757,174.026818599232,1.661272337162914,1.661224885736899,50.001868174093005,2.0486006445399165,0.0,1.2610256249524923,0.0,0.0,0.0,1.0,0.0,1.0,0.2685356808116881,2.280132593021632,0.5274691539857317,0.6547712890805882,0.01773931092592103,0.443,0.056,0.0499,0.2326,0.2186
porto,6,weighted,design_runs,66,66,3,0.14276556552510566,227.85298619619667,0.3503431841397578,0.16348401454868178,0.6341755516389432,0.7176525321927676,0.8161953177631044,1.2610256249524923,0.6472472102173606,0.0,0.0,1.0,0.0,0.88,0.3490095437296686,1.7999999999999998,0.24619946284698363,0.178749703494601,3.552260527718036e-09,0.7778,0.0,0.0,0.1111,0.1111
porto,6,weighted,single_objective_refs,7,7,5,0.0006986637316085208,16.518935747368946,0.2073679584842144,0.04920146799620524,0.4120257038472121,1.6410212907571602,1.1013985360736247,1.2610256249524923,0.8734148730047565,0.5714285714285714,0.8,0.2,0.0,0.78,0.2840116522154514,2.060489394121615,0.0,2.1596815272689703e-08,3.552260527718036e-09,0.736,0.0002,0.0239,0.1952,0.0447
porto,6,support,nbi_A,66,33,3,0.04328479508803943,0.1642998840824507,0.6578956965793777,0.07048347581823088,0.6945724092277662,0.9600017704670253,1.1101445611101854,1.1942087660412193,0.929606776200693,0.0,0.0,1.0,0.0,0.465,0.7933279063568455,1.720946116695404,0.10808219358746668,0.06358490216572416,2.3341640344222123e-10,0.7669,0.0,0.0,0.2168,0.0163
porto,6,support,nbi_B,66,66,9,0.022288169661108675,0.11213830084578826,0.017817511384079603,0.006702408189248084,0.2595520896141124,2.0763584467765206,1.1127936323948961,1.1942087660412193,0.9318250410133793,0.045454545454545456,0.3333333333333333,0.6666666666666666,0.0,0.5,0.25737144644034954,1.706440452011888,7.848835503083045e-07,0.0,2.3341640344222123e-10,0.7399,0.0005,0.0133,0.158,0.0884
porto,6,support,nbi_C,66,66,11,0.007261933980014096,0.07118767325638382,0.14190734439204916,0.01093444074694297,0.6181001706937939,2.2637277644959406,1.0823366454276977,1.1942087660412193,0.9063211359732556,0.13636363636363635,0.8181818181818182,0.18181818181818182,0.0,0.99,0.21311362163762204,2.4845903816281254,7.848835503083045e-07,0.0,2.3341640344222123e-10,0.5899,0.0003,0.0486,0.2814,0.0798
porto,6,support,ws_random_scalarization,66,66,11,0.03612871049143679,0.04291114619154592,0.6646995696060135,0.06992879745437948,0.5576875882281883,3.3032403512223683,1.112409173258808,1.1942087660412193,0.9315031047263407,0.0,0.0,1.0,0.0,1.0,0.226266086647662,2.0400434393395157,0.10199542162591542,0.06316891154811692,2.3341640344222123e-10,0.6492,0.0,0.0,0.3016,0.0493
porto,6,support,random_dirichlet_budget,66,66,2,70.8807387677086,175.20454323307823,0.9567008683940098,0.9415595186442751,,,0.02329650659111374,1.1942087660412193,0.0195079011757226,0.0,0.0,1.0,0.0,,,1.94895033330096,0.5322226702598227,0.6600483543562985,0.031949277535720265,0.6785,0.1165,0.0671,0.0905,0.0474
porto,6,support,design_runs,66,66,3,0.14399407052211724,228.93868804012655,0.6930281233893996,0.18082625672066518,0.612379089296864,0.6981784590260822,0.8474458850705544,1.1942087660412193,0.7096295967411312,0.0,0.0,1.0,0.0,0.435,0.7370564480226747,1.7999999999999998,0.24841819572353638,0.18019031927767754,2.3341640344222123e-10,0.7778,0.0,0.0,0.1111,0.1111
porto,6,support,single_objective_refs,7,7,5,0.013617000101512618,16.656570443950077,0.14246818859823765,0.010149525676923267,0.5013096899353585,2.1249612826903324,1.1233695232311327,1.1942087660412193,0.9406810225946362,0.2857142857142857,0.4,0.6,0.0,0.685,0.4746311610297918,2.060489394121615,0.0,2.1770872696773566e-08,2.3341640344222123e-10,0.736,0.0002,0.0239,0.1952,0.0447
porto,7,weighted,nbi_A,66,45,13,0.09498602958317466,19.073941716156074,0.18848112927313818,0.02381961225218943,0.34064600473649104,1.3319027664120773,1.1826004223169977,1.2739645528843297,0.9282836164000966,0.13333333333333333,0.46153846153846156,0.5384615384615384,0.0,0.99,0.1425886649883575,1.661272242512595,0.06638175936492448,0.036107027243840246,3.3589519484478573e-09,0.743,0.0017,0.0,0.1244,0.1308
porto,7,weighted,nbi_B,66,66,57,0.036819208231941236,0.03522305593388834,0.06009278210549333,0.047632879311359025,0.05524922012862431,1.937453822958487,1.166763862482761,1.2739645528843297,0.915852689810827,0.2878787878787879,0.3333333333333333,0.6666666666666666,0.0,0.995,0.02918549016305847,2.4511853849584635,0.005059094114350323,1.5688906526044118e-05,3.3589519484478573e-09,0.6182,0.0004,0.0098,0.1971,0.1747
porto,7,weighted,nbi_C,66,63,56,0.0002636512993244592,0.004945833950082812,0.01865246837861579,0.004449984974529196,0.03554004569909207,1.2522664512611075,1.2624023002933176,1.2739645528843297,0.9909241959952225,0.8571428571428571,0.9642857142857143,0.03571428571428571,0.0,0.825,0.029394173266356783,2.5876177841205474,0.0,1.5688906526044118e-05,3.3589519484478573e-09,0.6196,0.001,0.0149,0.2201,0.1444
porto,7,weighted,ws_random_scalarization,66,66,18,4.471072108776426,15.317999435304243,0.4328034420417322,0.03127707551656018,19.681401422814186,4.23500594322475,1.179027549182712,1.2739645528843297,0.9254790853586351,0.16666666666666666,0.6111111111111112,0.3888888888888889,0.0,1.0,0.10080972405454876,2.383956042382094,0.051720487812338574,0.030700759832726337,0.0026768645200137965,0.5653,0.0098,0.0,0.294,0.1309
porto,7,weighted,random_dirichlet_budget,66,66,3,2.092916851827981,88.8620484002611,1.3823033090948247,1.3782061483437031,1.3249000698979043,0.581063763796148,0.0,1.2739645528843297,0.0,0.0,0.0,1.0,0.0,0.99,0.38985756877116656,2.095517269444879,0.6442193325639224,1.0245959948206964,0.07416112800620027,0.3289,0.0199,0.0328,0.4475,0.1709
porto,7,weighted,design_runs,66,66,4,0.08179062419739795,186.57361538563129,0.35493468170350057,0.2405683742296123,0.24067963346878718,0.9434024641890744,0.6582483217963633,1.2739645528843297,0.51669280774418,0.015151515151515152,0.25,0.75,0.0,0.385,0.336197176343135,1.7999999999999998,0.32829909995206064,0.28018281404456824,3.3589519484478573e-09,0.7083,0.0,0.0,0.2083,0.0833
porto,7,weighted,single_objective_refs,7,7,5,0.01283223693620086,28.0338584597039,0.24355691390790113,0.04589283482310222,0.3490953122739691,1.2866890290182411,1.152971011730775,1.2739645528843297,0.9050259751108315,0.0,0.0,1.0,0.0,0.67,0.29857567223731346,2.3247758961806615,0.0050579840726964085,1.566948016373525e-05,3.3589519484478573e-09,0.7078,0.0002,0.0213,0.1965,0.0742
porto,7,support,nbi_A,66,45,4,0.260155978921905,17.61465507914278,0.58431904224278,0.04213365519729325,0.6598474006186335,1.1349072698074574,1.1833177696801953,1.2380847528682533,0.9557647543423986,0.0,0.0,1.0,0.0,0.58,0.59947501622521,1.7878213472926028,0.0685253923995063,0.03338698405443229,1.9758059823220376e-10,0.7496,0.0042,0.0,0.1607,0.0855
porto,7,support,nbi_B,66,66,8,0.037014138095808134,0.08414257715040407,0.07011855497223428,0.02135099485805205,0.42406839334748064,1.3446785529795253,1.0180559009610954,1.2380847528682533,0.8222828837868974,0.0,0.0,1.0,0.0,0.755,0.2936206688631982,2.6645274600867177,0.005222464916394929,1.4507017386923573e-05,1.9758059823220376e-10,0.5894,0.0005,0.031,0.2605,0.1187
porto,7,support,nbi_C,66,63,12,0.037719075752334574,0.05586925561448543,0.061528339311386,0.0032067462267036835,0.18496922013344053,1.5021381238793556,1.225408879309261,1.2380847528682533,0.9897617077266914,0.1111111111111111,0.5833333333333334,0.4166666666666667,0.0,0.735,0.16239808315179236,2.65559709826624,0.0,1.4507017386923573e-05,1.9758059823220376e-10,0.6096,0.0009,0.0295,0.2384,0.1216
porto,7,support,ws_random_scalarization,66,66,7,10.623477692575419,14.166347319638039,0.8198200325846007,0.033222870562041804,29.324124638427868,2.6452362735151684,1.205986003100419,1.2380847528682533,0.9740738671617823,0.0,0.0,1.0,0.0,1.0,0.3396373081195817,2.444021580562807,0.05339067171978406,0.02838798586413819,0.0065722475118652245,0.5592,0.0252,0.0,0.3008,0.1148
porto,7,support,random_dirichlet_budget,66,66,1,1.0411273954103673,81.73027508001182,1.1715448674267754,1.1619295619848664,,,0.006637303501767465,1.2380847528682533,0.005360944383161911,0.0,0.0,1.0,0.0,,,2.095517269444879,0.6650227860428908,0.9474103173960298,1.0,0.0611,0.0096,0.0632,0.6502,0.2159
porto,7,support,design_runs,66,66,4,0.09268849063699255,171.61040734238318,0.5811861520420217,0.23857179074276322,0.2632979546309364,1.0956995843541608,0.6940436956774213,1.2380847528682533,0.5605785016490512,0.030303030303030304,0.5,0.5,0.0,0.27,0.5751467657132159,1.7999999999999998,0.3389006989848903,0.2590758602656165,1.9758059823220376e-10,0.7083,0.0,0.0,0.2083,0.0833
porto,7,support,single_objective_refs,7,7,5,0.01828060721283089,25.898721959908773,0.12440460154230285,0.01115360947211823,0.4654722399841219,2.104278940381449,1.187973881418346,1.2380847528682533,0.9595254918261322,0.0,0.0,1.0,0.0,0.39,0.5213154699106567,2.3247758961806615,0.005221319028719731,1.4489054466734613e-05,1.9758059823220376e-10,0.7078,0.0002,0.0213,0.1965,0.0742
porto,8,weighted,nbi_A,66,59,12,0.022972856911102322,26.48381483530476,0.20075577229483207,0.02980345144656322,0.11565619483440412,0.6305946820061276,1.152973818088412,1.2668405033470547,0.910117583896472,0.06779661016949153,0.3333333333333333,0.6666666666666666,0.0,0.42,0.13780576762660102,1.611333778979358,0.08378349673661238,0.04515836836201899,0.0,0.7725,0.0006,0.0,0.1296,0.0973
porto,8,weighted,nbi_B,66,66,42,0.017987946308052057,0.031302549664051146,0.0785614512845767,0.05483984395541536,0.07370120760333956,2.589053984257561,1.1274609333341552,1.2668405033470547,0.8899785966389203,0.3181818181818182,0.5,0.5,0.0,0.995,0.039923442939097234,1.9917802661117123,2.078878879934689e-06,0.0,0.0,0.6847,0.0006,0.0067,0.1457,0.1623
porto,8,weighted,nbi_C,66,66,55,0.00221329884730934,0.0059581796117203194,0.038923566071636446,0.00967963780396758,0.06935185134683343,2.037937455475708,1.2454219224744119,1.2668405033470547,0.9830929143676305,0.7121212121212122,0.8545454545454545,0.14545454545454545,0.0,1.0,0.030493670274734694,2.5338466882130395,2.078878879934689e-06,0.0,0.0,0.6055,0.0004,0.023,0.2545,0.1166
porto,8,weighted,ws_random_scalarization,66,66,13,0.00254366705078329,20.93020718211825,0.46535995986299283,0.03562637916050711,0.010957014118314807,1.1665613327619406,1.155509619273009,1.2668405033470547,0.912119257491449,0.10606060606060606,0.5384615384615384,0.46153846153846156,0.0,0.0,0.12925082100260485,2.250279157563045,0.06268841968214478,0.03889447405772561,0.04906300197321062,0.5667,0.0,0.0,0.332,0.1013
porto,8,weighted,random_dirichlet_budget,66,66,5,47.38840831661312,94.91206079810594,2.0517774902422157,2.051740401129928,81.12083216906714,2.030679791886573,0.0,1.2668405033470547,0.0,0.0,0.0,1.0,0.0,1.0,0.2886992592515667,3.1318033524694133,0.6683205840929809,1.0773223379879393,0.043122318207099435,0.3229,0.1009,0.0576,0.1955,0.3231
porto,8,weighted,design_runs,66,66,4,0.09636940632081874,177.25086599492207,0.35489512465221623,0.19407853094676014,0.20891343787361072,0.8790103278484844,0.7249724807469203,1.2668405033470547,0.5722681575395699,0.0,0.0,1.0,0.0,0.355,0.3261068550094846,1.7999999999999998,0.3142336315480375,0.21282207968918285,0.0,0.7083,0.0,0.0,0.2083,0.0833
porto,8,weighted,single_objective_refs,7,7,5,0.0012561753871678041,26.583758203891986,0.25353210899374595,0.048829715393990225,0.38936340777165074,1.5772674488972291,1.1282453548102476,1.2668405033470547,0.8905977917736038,0.5714285714285714,0.8,0.2,0.0,0.79,0.2797916929984076,2.2373232992510257,0.0,1.069182846068716e-08,0.0,0.7126,0.0003,0.0238,0.2009,0.0624
porto,8,support,nbi_A,66,59,4,0.2251764037696499,27.51918125023361,0.5413956120292707,0.04842233218347507,0.6112211607510124,1.1153632725738327,1.1510034297854335,1.2076846107478598,0.9530662389352411,0.0,0.0,1.0,0.0,0.61,0.6318583189697065,1.7812778314971522,0.0837837149558441,0.04683811968749634,0.0,0.7508,0.0039,0.0,0.1641,0.0812
porto,8,support,nbi_B,66,66,8,0.04804566873083909,0.10219005652965356,0.05934463396989796,0.0410380087832317,0.35501357188914595,1.7283629337198747,0.9271562415451711,1.2076846107478598,0.7677138826593383,0.015151515151515152,0.125,0.875,0.0,0.625,0.30525092906693324,1.2709739290064395,2.0788842945016346e-06,0.0,0.0,0.7456,0.0013,0.0149,0.1228,0.1154
porto,8,support,nbi_C,66,66,13,0.005304990999648451,0.06030228144602618,0.13553754874088703,0.017194547132142808,0.5583941104850103,2.466297637601648,1.094177603272139,1.2076846107478598,0.9060127069057944,0.15151515151515152,0.7692307692307693,0.23076923076923078,0.0,1.0,0.14673475204922157,2.646649909503975,2.0788842945016346e-06,0.0,0.0,0.5489,0.0006,0.0501,0.2933,0.1071
porto,8,support,ws_random_scalarization,66,66,4,21.69212124978029,21.724232458218363,0.8052822639179772,0.03576876806587761,45.079555096789484,1.99972868652215,1.1817960038549353,1.2076846107478598,0.9785634372893988,0.045454545454545456,0.75,0.25,0.0,1.0,0.5863526713861745,2.395556372162333,0.06268858295796058,0.04034122793130352,0.01893033357721939,0.3849,0.0474,0.0,0.4839,0.0837
porto,8,support,random_dirichlet_budget,66,66,1,1.0382805587969555,97.84615800663833,1.2654107425799646,1.255912487195078,,,0.0,1.2076846107478598,0.0,0.0,0.0,1.0,0.0,,,2.429669698330131,0.6683223247747391,1.1173953895803794,1.0,0.5776,0.0128,0.1881,0.0162,0.2054
porto,8,support,design_runs,66,66,3,0.09322173683419539,183.00060409121306,0.5666391172519258,0.21140884825271775,0.4685661012771158,0.6745609293104216,0.7479782890804063,1.2076846107478598,0.6193490274064353,0.0,0.0,1.0,0.0,0.375,0.7045313656359469,1.7999999999999998,0.31423444998871297,0.22073840136809944,0.0,0.7222,0.0,0.0,0.1667,0.1111
porto,8,support,single_objective_refs,7,7,5,0.004912573637355632,27.578888046935457,0.13617971023998973,0.011350551430459361,0.48390031142948736,2.1110866437186893,1.1566749731428023,1.2076846107478598,0.9577624512632733,0.5714285714285714,0.8,0.2,0.0,0.515,0.5082438876030156,2.2373232992510257,0.0,1.1089531337917794e-08,0.0,0.7126,0.0003,0.0238,0.2009,0.0624
porto,9,weighted,nbi_A,66,64,11,0.1047771427168882,16.15360994741712,0.3041926778064635,0.1008633374816337,0.0864069400655751,0.5564843559144318,0.9533739321548645,1.2546449645254427,0.7598754700422115,0.015625,0.09090909090909091,0.9090909090909091,0.0,0.185,0.1534324479911643,1.3989696618812162,0.18517680729140648,0.11590725073262635,2.8941264978921237e-09,0.8266,0.0045,0.0,0.1672,0.0017
porto,9,weighted,nbi_B,66,66,65,0.02560638592290758,0.035149626311819546,0.04090745573623831,0.02246884094666902,0.07555317290008288,2.6223334162455307,1.1859375893197899,1.2546449645254427,0.9452375953769194,0.3787878787878788,0.38461538461538464,0.6153846153846154,0.0,1.0,0.025225912677124686,2.4667679882603784,3.918509496200574e-06,9.320390390708473e-09,2.8941264978921237e-09,0.6172,0.0002,0.02,0.2383,0.1243
porto,9,weighted,nbi_C,66,65,62,0.00451074476861948,0.00548647035352114,0.02406791090147339,0.007160480129680044,0.05341810481686768,1.5790129684724081,1.232621031986981,1.2546449645254427,0.9824460838235684,0.7846153846153846,0.8225806451612904,0.1774193548387097,0.0,0.995,0.026800980712096845,2.414793453809202,3.918509496200574e-06,9.320390390708473e-09,2.8941264978921237e-09,0.6245,0.0,0.0255,0.2475,0.1024
porto,9,weighted,ws_random_scalarization,66,66,9,1.8508587605047535,48.11361439417896,0.4344132734236404,0.10640172224803778,4.888804035708519,2.7080856747078275,0.9450113263913015,1.2546449645254427,0.753210153558256,0.0,0.0,1.0,0.0,1.0,0.18088405026964186,1.6583525905032614,0.18952909578778623,0.11935756378203036,0.0005742912621541519,0.7338,0.0083,0.0,0.2559,0.002
porto,9,weighted,random_dirichlet_budget,66,66,7,342.08858283003894,133.27902540996345,1.1315915158845795,1.1315914012323747,223.91256164031606,1.5795241770048083,0.0,1.2546449645254427,0.0,0.0,0.0,1.0,0.0,1.0,0.23306886840627317,2.3120472517490005,0.6288337830763431,0.8736142715046326,0.1740064761048762,0.2625,0.2503,0.0349,0.2571,0.1951
porto,9,weighted,design_runs,66,66,3,0.14586565700677326,247.74609364826438,0.4051177313524028,0.15719288416748065,0.6249996857357819,0.7462621524819143,0.811852765682767,1.2546449645254427,0.6470776902132169,0.015151515151515152,0.3333333333333333,0.6666666666666666,0.0,0.745,0.4271266887934358,1.7999999999999998,0.2626051834391694,0.17934355929606768,2.8941264978921237e-09,0.7778,0.0,0.0,0.1111,0.1111
porto,9,weighted,single_objective_refs,7,7,5,0.003222047814201449,27.369127958300428,0.233603272934538,0.07640457638871466,0.42964879275581935,1.4473930999237097,1.0307136878865302,1.2546449645254427,0.8215182119480212,0.2857142857142857,0.4,0.6,0.0,0.72,0.333160253402878,1.957102807727219,0.0,0.0,2.8941264978921237e-09,0.7382,0.0001,0.0271,0.1982,0.0364
porto,9,support,nbi_A,66,64,3,0.046918636762069386,16.83307087282116,0.6545661327967114,0.12951928474609073,0.7644491120783459,1.2034650529866553,0.9687608529740415,1.1596564527540727,0.8353860754823789,0.0,0.0,1.0,0.0,0.41,0.8220525245239563,1.737065751672858,0.18622879794483782,0.12021467162045872,2.218022888721637e-10,0.7689,0.0,0.0,0.2246,0.0064
porto,9,support,nbi_B,66,66,12,0.020994899840137235,0.11399058194464941,0.02224657408867211,0.009996374619974364,0.33859259104622264,2.2730698847899156,1.0053507737225302,1.1596564527540727,0.8669384552079357,0.015151515151515152,0.08333333333333333,0.9166666666666666,0.0,0.905,0.21895447796259532,2.5113372585667264,3.940770574278769e-06,9.666760820495477e-09,2.218022888721637e-10,0.6205,0.0002,0.0437,0.2558,0.0798
porto,9,support,nbi_C,66,65,13,0.005201726890506065,0.07344549306490575,0.08782797132334237,0.006778335369878277,0.5725907551943313,2.4718284241643764,1.0813264340418554,1.1596564527540727,0.9324541173153557,0.15384615384615385,0.7692307692307693,0.23076923076923078,0.0,1.0,0.18964352676156643,2.4511273122653727,3.940770574278769e-06,9.666760820495477e-09,2.218022888721637e-10,0.5776,0.0,0.0571,0.2882,0.077
porto,9,support,ws_random_scalarization,66,66,3,5.145298701046149,49.93657403243493,0.8580815812572001,0.13392124983318274,10.364853627565434,1.6929640893553357,0.9607562346009383,1.1596564527540727,0.8284834981250132,0.0,0.0,1.0,0.0,1.0,0.8814090743100236,1.8078252722867885,0.19060581182063302,0.12379320745493118,0.006724975530883009,0.7432,0.0163,0.0,0.2346,0.0059
porto,9,support,random_dirichlet_budget,66,66,1,1.0186447756620725,137.74405156960015,1.1074080355135372,1.0954555723910464,,,0.00845778251931849,1.1596564527540727,0.007293351836427132,0.0,0.0,1.0,0.0,,,2.477998398073156,0.6324061919110907,0.9060800951455369,1.0067249753090808,0.5595,0.0057,0.0882,0.0669,0.2797
porto,9,support,design_runs,66,66,3,0.16328603541905926,256.35690371331515,0.6749155488730756,0.19255850652941822,0.6153273712919596,0.7234089420038133,0.8277293849577689,1.1596564527540727,0.7137712061119404,0.0,0.0,1.0,0.0,0.33,0.9295684089082692,1.7999999999999998,0.2640970452039415,0.1860084416785521,2.218022888721637e-10,0.7778,0.0,0.0,0.1111,0.1111
porto,9,support,single_objective_refs,7,7,5,0.018003738424495395,28.40350247876011,0.08678858823370657,0.01090056879559124,0.5601306166492448,2.1105768471779838,0.9952757751096638,1.1596564527540727,0.8582505385504297,0.2857142857142857,0.4,0.6,0.0,0.545,0.5609953134189078,1.957102807727219,0.0,0.0,2.218022888721637e-10,0.7382,0.0001,0.0271,0.1982,0.0364
porto,10,weighted,nbi_A,66,57,9,0.11744154671648659,6.280197024047839,0.2822534872698792,0.10888335059075264,0.12119152038082788,0.4943253651812265,0.9391190951814667,1.2619151412904976,0.7442014636745514,0.0,0.0,1.0,0.0,0.22,0.1916101093900442,1.4130491139366794,0.16153122206277967,0.12843266175724885,1.865532776982644e-09,0.8185,0.0029,0.0004,0.1779,0.0003
porto,10,weighted,nbi_B,66,66,66,0.017101278148503873,0.017101278148503873,0.056062300366537914,0.02762913974755627,0.052589996135170874,5.368930706780442,1.1716279482950913,1.2619151412904976,0.9284522468736891,0.3484848484848485,0.3484848484848485,0.6515151515151515,0.0,1.0,0.02978309692499752,2.4250579151095075,0.0027120180093364006,1.5843889570649277e-05,1.865532776982644e-09,0.6276,0.0001,0.0133,0.2419,0.1171
porto,10,weighted,nbi_C,66,61,50,0.006415760901540846,0.006120348606859194,0.04085631455591966,0.007900238670109723,0.041520312782672125,3.932231935393997,1.2357960199760982,1.2619151412904976,0.9793019986370172,0.5737704918032787,0.7,0.3,0.0,0.73,0.03739222558683756,1.871011356996598,0.0,1.5843889570649277e-05,1.865532776982644e-09,0.6952,0.0002,0.012,0.2169,0.0757
porto,10,weighted,ws_random_scalarization,66,66,3,1.5498945844305287,59.863014739904806,0.4225664291767088,0.12510133107467417,3.6778392346947535,1.5043936994886498,0.9021679003536714,1.2619151412904976,0.7149196256026134,0.0,0.0,1.0,0.0,1.0,0.43695016214283305,1.546287793071645,0.18175540315333996,0.14855579926760348,0.0004058243465462545,0.7985,0.0079,0.0,0.1935,0.0
porto,10,weighted,random_dirichlet_budget,66,66,5,9.657958122578654,208.1403029335491,1.5765832104938888,1.5723123469157638,7.661091185827456,1.0933889708917126,0.0,1.2619151412904976,0.0,0.0,0.0,1.0,0.0,1.0,0.2984926231616635,2.4104885169488104,0.7201402709967032,0.7625735866992724,0.07292274537113796,0.4876,0.0314,0.0611,0.156,0.2639
porto,10,weighted,design_runs,66,66,3,0.14565037904001915,264.09166900225017,0.3848398938093805,0.13826464844792172,0.7546952786122794,0.8783374501556143,0.864980305873699,1.2619151412904976,0.6854504534981067,0.0,0.0,1.0,0.0,0.81,0.4511875392675664,1.7999999999999998,0.19377225114628197,0.16053736479815348,1.865532776982644e-09,0.7778,0.0,0.0,0.1111,0.1111
porto,10,weighted,single_objective_refs,7,7,5,0.009085187429476744,29.256918477656168,0.24661811309871673,0.1023544666333046,0.5096333635051854,2.067774667887451,0.9494596223286568,1.2619151412904976,0.7523957762783413,0.42857142857142855,0.6,0.4,0.0,0.85,0.30344239103366577,1.9025762667501476,0.0027092070037873944,1.5767980333809803e-05,1.865532776982644e-09,0.7386,0.0002,0.0187,0.2091,0.0334
porto,10,support,nbi_A,66,57,3,0.037662400452959564,6.288242640411459,0.49250825528620046,0.09607076785710247,0.8268708040790337,1.3224939018811643,0.9859817814479847,1.2416061925412074,0.7941179637884749,0.0,0.0,1.0,0.0,0.585,0.7174253374385825,1.7064818088551736,0.16274479496116181,0.12634627231192472,9.418095075910041e-11,0.7745,0.0,0.0002,0.2244,0.0009
porto,10,support,nbi_B,66,66,6,0.07160540533822023,0.09610095958530948,0.06765314180316746,0.019393715348005075,0.47446950992716014,1.7270039484884576,1.0848131633079856,1.2416061925412074,0.8737175843877583,0.0,0.0,1.0,0.0,0.79,0.3919565903469693,1.7663367271265984,0.0027323932130525947,1.5586505479088795e-05,9.418095075910041e-11,0.7534,0.0007,0.0156,0.1605,0.0698
porto,10,support,nbi_C,66,61,6,0.008213328580877805,0.07137061028403054,0.13997334753141913,0.023317669035244987,0.7895014709892052,1.582957968698715,1.045848696282174,1.2416061925412074,0.8423352771313305,0.04918032786885246,0.5,0.5,0.0,0.965,0.38916557710793326,2.439160409862857,0.0,1.5586505479088795e-05,9.418095075910041e-11,0.6391,0.0004,0.0314,0.2619,0.0673
porto,10,support,ws_random_scalarization,66,66,2,2.252292822100101,58.87960871380856,0.8136972594070356,0.11125169067137763,,,0.9456027381114692,1.2416061925412074,0.7615963449538657,0.0,0.0,1.0,0.0,,,1.4432113714416472,0.18312091892536628,0.146142509319448,0.006767619882954304,0.8124,0.0119,0.0,0.1757,0.0
porto,10,support,random_dirichlet_budget,66,66,4,91.29293995456936,204.30409410167405,1.13224825657966,1.1232943956123378,86.71820651247376,1.2526502260234922,0.008595792433895187,1.2416061925412074,0.006923123036541961,0.0,0.0,1.0,0.0,1.0,0.605514391692882,2.38666464733444,0.7255506350412191,0.7501855737062882,0.03247727989324374,0.2398,0.1238,0.073,0.3482,0.2152
porto,10,support,design_runs,66,66,3,0.137832978942475,258.7161212701441,0.5055623082218683,0.11917665315111213,0.7154649186733012,0.8612540924160235,0.9217876653116133,1.2416061925412074,0.7424154863668821,0.0,0.0,1.0,0.0,0.49,0.7990030348067292,1.7999999999999998,0.19522804866608426,0.15792943423818348,9.418095075910041e-11,0.7778,0.0,0.0,0.1111,0.1111
porto,10,support,single_objective_refs,7,7,5,0.005528720961053961,28.76766101427135,0.14193076187585596,0.02727306099477784,0.5615935100460926,2.2068661875741125,1.0056239449530795,1.2416061925412074,0.8099379263684722,0.0,0.0,1.0,0.0,0.77,0.4732525810041729,1.9025762667501476,0.002729561088613334,1.551182938830717e-05,9.418095075910041e-11,0.7386,0.0002,0.0187,0.2091,0.0334
porto,11,weighted,nbi_A,66,13,12,0.034940732649233745,0.04776503511369383,0.27569616305475836,0.08989195287387979,0.047769801162356344,0.3173414479107307,0.9916441128832991,1.2568869544027832,0.7889684186868534,0.07692307692307693,0.08333333333333333,0.9166666666666666,0.0,0.0,0.14953601477379524,1.336119125573619,0.15696597103773716,0.10691169424810217,0.0,0.8357,0.0,0.0,0.16,0.0043
porto,11,weighted,nbi_B,66,66,63,0.022662332914226917,0.022964804207894235,0.10859796714122003,0.06683286043169537,0.0582758956278035,3.234171253297969,1.0436924691776104,1.2568869544027832,0.8303789497708063,0.2727272727272727,0.2857142857142857,0.7142857142857143,0.0,1.0,0.026914324080376594,1.5205113056061461,2.205405261418406e-06,0.0,0.0,0.7759,0.0007,0.0019,0.1653,0.0562
porto,11,weighted,nbi_C,66,66,59,0.0029758227609922843,0.005340294583885043,0.02747225796994491,0.0082826942417191,0.0626337269106609,2.322235176647075,1.2278359492790103,1.2568869544027832,0.9768865409717163,0.7424242424242424,0.8305084745762712,0.1694915254237288,0.0,1.0,0.028517120386362692,2.3717776170392564,2.205405261418406e-06,0.0,0.0,0.6383,0.0,0.0203,0.2534,0.0879
porto,11,weighted,ws_random_scalarization,66,66,45,0.03267977796984407,0.034193084564748996,0.3418515677302684,0.08722515727340276,0.0967924356370004,5.249461130686294,1.001113790330006,1.2568869544027832,0.7965026503164645,0.0,0.0,1.0,0.0,1.0,0.03730204995020199,1.8881157842211245,0.1555796532838272,0.10694767917142517,0.007243380953172504,0.6663,0.0,0.0,0.3066,0.0271
porto,11,weighted,random_dirichlet_budget,66,66,8,25.837538262861937,141.6541502248759,2.349061769282172,2.347171900975822,33.573732895401506,1.888140715136763,0.0,1.2568869544027832,0.0,0.0,0.0,1.0,0.0,1.0,0.21094305294835095,2.5404872342829194,0.4427933310308847,0.402520998222054,0.1086109218485692,0.2556,0.0582,0.0754,0.3711,0.2396
porto,11,weighted,design_runs,66,66,2,0.029906261204723422,229.77474361722656,0.40410143136990717,0.1502681695644421,,,0.8461907857909209,1.2568869544027832,0.6732433516210637,0.015151515151515152,0.5,0.5,0.0,,,1.4,0.22164565577064527,0.16531878795780056,0.0,0.8333,0.0,0.0,0.1667,0.0
porto,11,weighted,single_objective_refs,7,7,5,0.00781522304436774,16.711871947064623,0.23957777888884552,0.08147952298233796,0.4548319136118232,1.7237860577426571,1.0193644510778102,1.2568869544027832,0.8110231771497436,0.2857142857142857,0.4,0.6,0.0,0.795,0.31611740733495347,1.9144326311261874,0.0,3.039391619211821e-08,0.0,0.7414,0.0001,0.0215,0.2008,0.0362
porto,11,support,nbi_A,66,13,3,0.04137853524310628,0.13364644744678525,0.5259397835503946,0.10729146323385903,0.15039280840997926,0.18409976077642215,1.0077395176023902,1.2094658399789688,0.8332104010642529,0.0,0.0,1.0,0.0,0.135,0.7554462006088543,1.2211879432365367,0.15748009021329903,0.10691169424810217,0.0,0.8442,0.0,0.0,0.1494,0.0064
porto,11,support,nbi_B,66,66,7,0.05893548761998183,0.15191612659444087,0.05469257389292703,0.01615829757858839,0.14810484424203768,1.198698181796776,1.0108344850093625,1.2094658399789688,0.8357693550294398,0.015151515151515152,0.14285714285714285,0.8571428571428571,0.0,0.18,0.3681745827509897,1.9152189383066172,2.2126287451281817e-06,0.0,0.0,0.7244,0.0006,0.0154,0.2176,0.0419
porto,11,support,nbi_C,66,66,11,0.008120319735567162,0.07620854365071479,0.08303486523557485,0.012146547520956133,0.610802771657824,2.26630031808525,1.080092030367513,1.2094658399789688,0.8930322747985131,0.12121212121212122,0.7272727272727273,0.2727272727272727,0.0,1.0,0.20632595268957513,2.4476714085802334,2.2126287451281817e-06,0.0,0.0,0.5882,0.0002,0.044,0.2933,0.0743
porto,11,support,ws_random_scalarization,66,66,13,0.05483438150116908,0.05542866819002366,0.8030684173328929,0.10951326743256136,0.00014894158398292052,0.7151012701149256,1.0073697093631582,1.2094658399789688,0.8329046394403955,0.0,0.0,1.0,0.0,0.0,0.14466767944654577,1.9094341014490226,0.15608923177750755,0.10694767917142517,0.025302273331778397,0.6379,0.0,0.0,0.342,0.0201
porto,11,support,random_dirichlet_budget,66,66,2,8.442736298676223,141.28304136124387,0.8652307905454074,0.8140973945954539,,,0.04269487137210753,1.2094658399789688,0.03530060127440221,0.0,0.0,1.0,0.0,,,2.1027895599714803,0.4442436360924777,0.402520998222054,0.9882634429243777,0.6392,0.0304,0.2296,0.0603,0.0405
porto,11,support,design_runs,66,66,2,0.019199414662229797,228.92255671343403,0.5944362412958948,0.16072693658275172,,,0.8875036331555604,1.2094658399789688,0.7337980154701955,0.0,0.0,1.0,0.0,,,1.4,0.2223716238327565,0.16531878795780056,0.0,0.8333,0.0,0.0,0.1667,0.0
porto,11,support,single_objective_refs,7,7,5,0.01275914202343514,16.70758269586433,0.0811032875591174,0.015546977432213704,0.5483546321644039,2.1839567989175084,1.03367140852155,1.2094658399789688,0.8546511810036108,0.2857142857142857,0.4,0.6,0.0,0.56,0.5457342034507222,1.9144326311261874,0.0,3.039391619211821e-08,0.0,0.7414,0.0001,0.0215,0.2008,0.0362
porto,12,weighted,nbi_A,66,28,18,0.040603340427618,0.04767330076190735,0.2686892103048858,0.10662007249705292,0.0473986469015054,0.6482721930108674,0.9004357332510109,1.2405450274897583,0.725838815438277,0.03571428571428571,0.05555555555555555,0.9444444444444444,0.0,0.025,0.09382750645679472,1.3452446567727354,0.2244611310660294,0.14370127916697836,1.1838732605501988e-09,0.8429,0.0,0.0,0.1395,0.0176
porto,12,weighted,nbi_B,66,66,62,0.005774867005341385,0.006028467069688407,0.09405393727728008,0.05985938511913252,0.04508723053172287,1.5643582298550076,1.0312579798278863,1.2405450274897583,0.8312942754803797,0.5454545454545454,0.5806451612903226,0.41935483870967744,0.0,0.995,0.026160619625444116,1.3386438896253112,0.002928702684411809,0.0,1.1838732605501988e-09,0.8537,0.0003,0.0025,0.0571,0.0864
porto,12,weighted,nbi_C,66,66,62,0.012036149335462099,0.012207609375320358,0.027029757010760932,0.010152755120562537,0.05745106104319431,1.5946229682881212,1.206888944354682,1.2405450274897583,0.9728699221799475,0.6060606060606061,0.6451612903225806,0.3548387096774194,0.0,1.0,0.02608488128020814,2.513861025292834,0.0,0.0,1.1838732605501988e-09,0.6238,0.0,0.0287,0.2237,0.1237
porto,12,weighted,ws_random_scalarization,66,66,3,0.04570049593964983,0.09146156493481339,0.4376060137225009,0.11743669743739787,0.11745186089654082,0.8798933488853045,0.8839666496722419,1.2405450274897583,0.7125631315946247,0.0,0.0,1.0,0.0,0.175,0.46255171725760774,1.8420383232654978,0.22663303947022845,0.14545199042755957,0.038009913386416724,0.6926,0.0,0.0,0.278,0.0294
porto,12,weighted,random_dirichlet_budget,66,66,6,29.859234142605754,124.22257233070385,0.9772694011053387,0.9708756988948809,8.983110186585789,0.8322350209174946,0.0,1.2405450274897583,0.0,0.0,0.0,1.0,0.0,1.0,0.25856979845232647,2.071118050702217,0.45566755840740814,0.443349883096115,0.043960715629268926,0.3216,0.0686,0.0348,0.1822,0.3928
porto,12,weighted,design_runs,66,66,3,0.11174266269440343,221.76357107814138,0.41123407361675773,0.2139767563018279,0.5992338847819518,0.8290708239875447,0.6454386601512951,1.2405450274897583,0.5202863627266635,0.015151515151515152,0.3333333333333333,0.6666666666666666,0.0,0.675,0.48664360978087506,1.7999999999999998,0.36655042225473305,0.2630717511720386,1.1838732605501988e-09,0.7778,0.0,0.0,0.1111,0.1111
porto,12,weighted,single_objective_refs,7,7,5,0.014486415257931078,16.164756212271808,0.247215021098105,0.0784018787610572,0.461326776410584,1.4328210021375443,0.9923135447732108,1.2405450274897583,0.7999012714445007,0.14285714285714285,0.2,0.8,0.0,0.82,0.2981414500688653,1.904461334096878,0.002927486950634102,3.96061519100149e-08,1.1838732605501988e-09,0.7478,0.0,0.031,0.1708,0.0504
porto,12,support,nbi_A,66,28,3,0.07965318654772748,0.20026667846945176,0.6831327319021494,0.18717362008159266,0.1390660032162148,0.17506979830855018,0.898460865784788,1.1105819890486135,0.8090000329957266,0.0,0.0,1.0,0.0,0.27,0.6786041770065322,1.3688834174351634,0.22653311261904033,0.1453555611401252,1.017826170724419e-10,0.8339,0.0,0.0,0.1501,0.016
porto,12,support,nbi_B,66,66,5,0.02406605248932397,0.11699351630280323,0.03343843016546328,0.020422461577220098,0.44398078871162316,0.8783748388748321,0.9579468139598326,1.1105819890486135,0.8625628935153751,0.030303030303030304,0.4,0.6,0.0,0.38,0.5009162835931399,2.428432813130371,0.0029557372890559857,0.0,1.017826170724419e-10,0.7053,0.0001,0.031,0.1646,0.099
porto,12,support,nbi_C,66,66,12,0.004908716984081285,0.07150135206607039,0.10085684148180173,0.010578813923140374,0.5953350728432782,2.361654579239233,1.032210687113439,1.1105819890486135,0.9294322231874914,0.15151515151515152,0.8333333333333334,0.16666666666666666,0.0,1.0,0.24026194928960962,2.5572601852890307,0.0,0.0,1.017826170724419e-10,0.5791,0.0,0.0634,0.2614,0.0961
porto,12,support,ws_random_scalarization,66,66,3,0.5876882327490917,0.06412008589731548,0.7612230215891443,0.18874938010540612,2.001417602509337,1.4317083185659907,0.8965196027654435,1.1105819890486135,0.8072520638781944,0.015151515151515152,0.3333333333333333,0.6666666666666666,0.0,1.0,0.582862896090622,1.8974565104806436,0.22872506972444193,0.14712642650159788,0.012735163900701415,0.4263,0.0,0.0,0.5583,0.0154
porto,12,support,random_dirichlet_budget,66,66,1,0.6313856052074768,125.39571083641025,0.7976805786861579,0.7832206806093566,,,0.03893126285533813,1.1105819890486135,0.03505483002537149,0.0,0.0,1.0,0.0,,,2.5905238293538795,0.45987378676793417,0.44845370488290953,1.0066557436672137,0.49,0.0056,0.1422,0.3545,0.0078
porto,12,support,design_runs,66,66,3,0.10210664615697583,223.83079216473442,0.7845527012144481,0.3312042684869908,0.5856244595875522,0.811241516677187,0.658577977162876,1.1105819890486135,0.5930025731166869,0.0,0.0,1.0,0.0,0.415,0.6540869686222893,1.7999999999999998,0.3699340179336515,0.26610022007733203,1.017826170724419e-10,0.7778,0.0,0.0,0.1111,0.1111
porto,12,support,single_objective_refs,7,7,5,0.029059057041721133,16.3603488131804,0.10388436182932885,0.02285406718564964,0.5905500314451806,2.1504602118158354,0.9337774794802306,1.1105819890486135,0.840800128840696,0.2857142857142857,0.4,0.6,0.0,0.73,0.500439960451259,1.904461334096878,0.0029545103329434858,4.006209595943648e-08,1.017826170724419e-10,0.7478,0.0,0.031,0.1708,0.0504
porto,13,weighted,nbi_A,66,38,12,0.038111966072590694,0.05697127033260364,0.19159319692097362,0.03852334757081733,0.06378267279215485,0.3914309090948893,1.1332844046513229,1.268946926693738,0.8930904680183227,0.0,0.0,1.0,0.0,0.06,0.15687347336912175,1.39525931904311,0.10543588349684986,0.029304834228774,0.0,0.8127,0.0,0.0,0.1561,0.0312
porto,13,weighted,nbi_B,66,66,48,0.012409120443104387,0.015024141601470085,0.05797541364564936,0.024027552954864556,0.08755654884723403,2.299032752391324,1.1965952274377256,1.268946926693738,0.942982879950286,0.4090909090909091,0.5625,0.4375,0.0,0.985,0.0426164436277063,1.913700672397182,4.351799093487268e-06,5.927502148010919e-06,0.0,0.6953,0.0004,0.0074,0.2033,0.0936
porto,13,weighted,nbi_C,66,65,61,0.0027224049149932664,0.0044340201266930045,0.0238636065770271,0.004860812008465203,0.04596139119296154,0.9088224773944246,1.2566436828094214,1.268946926693738,0.9903043668529361,0.7846153846153846,0.8360655737704918,0.16393442622950818,0.0,0.875,0.03484634105273473,2.4498271244258163,4.351799093487268e-06,5.927502148010919e-06,0.0,0.6247,0.0,0.019,0.2421,0.1142
porto,13,weighted,ws_random_scalarization,66,66,2,0.057587826430376785,0.46720605959861544,0.2937044951908727,0.08750487909963825,,,0.989674952213738,1.268946926693738,0.7799183176181783,0.0,0.0,1.0,0.0,,,1.61888731788272,0.17439450116365834,0.07141951071474788,0.018782354666223716,0.75,0.0,0.0,0.2331,0.0169
porto,13,weighted,random_dirichlet_budget,66,66,8,54.93524840535747,98.31631821964086,2.968830744037147,2.968830744037147,11.712012167904684,1.2679829434669259,0.0,1.268946926693738,0.0,0.0,0.0,1.0,0.0,1.0,0.20867760293673673,3.156574188657995,1.1289606861406376,1.928394498798173,0.03556852276020716,0.2662,0.1333,0.0582,0.2122,0.3301
porto,13,weighted,design_runs,66,66,3,0.13062267609957637,160.8875251233932,0.3379332384597138,0.16948426009698764,0.624444914217308,0.7406583989783927,0.7739521687884041,1.268946926693738,0.6099168944795422,0.0,0.0,1.0,0.0,0.85,0.3169208157699747,1.7999999999999998,0.2945706013161593,0.17354671909907016,0.0,0.7778,0.0,0.0,0.1111,0.1111
porto,13,weighted,single_objective_refs,7,7,5,0.0025560597648045295,11.3972718754495,0.234161726816638,0.04400748313370079,0.29755852552831563,0.995356144493934,1.1549829769775237,1.268946926693738,0.9101901369404398,0.5714285714285714,0.8,0.2,0.0,0.625,0.2748125319024088,2.153738461423573,2.3737485664070603e-06,5.907937996462296e-06,0.0,0.726,0.0001,0.0211,0.1985,0.0545
porto,13,support,nbi_A,66,38,3,0.09095684425874075,0.16383905012722713,0.4339273823702505,0.04117378895205334,0.2783518090093991,0.3606612161595646,1.1538221081597104,1.2200847662066416,0.9456901193406848,0.0,0.0,1.0,0.0,0.25,0.7185962358804241,1.4894404942038078,0.10543627494828868,0.024072805888731074,0.0,0.7921,0.0,0.0,0.1838,0.0241
porto,13,support,nbi_B,66,66,4,0.02633685663223662,0.09392178846222776,0.1396357982032093,0.01814686734701363,0.790081824851457,1.0981246589315479,1.0442723235207039,1.2200847662066416,0.8559014524600982,0.0,0.0,1.0,0.0,0.765,0.5066854576562411,2.185547589809358,4.351815250396663e-06,4.869217396015722e-06,0.0,0.6806,0.0002,0.0263,0.2174,0.0755
porto,13,support,nbi_C,66,65,14,0.002550761168303088,0.05549607952889487,0.13944312410512302,0.008258923443754111,0.44979628679038347,3.4956455256166405,1.1802630036578694,1.2200847662066416,0.9673614787662813,0.13846153846153847,0.6428571428571429,0.35714285714285715,0.0,1.0,0.122788722242747,2.508745405674815,4.351815250396663e-06,4.869217396015722e-06,0.0,0.5611,0.0,0.0411,0.2993,0.0985
porto,13,support,ws_random_scalarization,66,66,24,0.8865236378523472,0.40180566557482217,0.7166184418941771,0.07469018114875074,0.03255719462337277,4.880839011594487,1.041201034368791,1.2200847662066416,0.8533841772371136,0.045454545454545456,0.125,0.875,0.0,0.08,0.07763600586747224,1.0,0.1743951486375177,0.05866840961059421,0.012797663455740849,0.0978,0.0,0.0,0.9008,0.0014
porto,13,support,random_dirichlet_budget,66,66,2,11.94994886208236,80.3767774443451,1.7046575853148915,1.7046575853148915,,,0.0,1.2200847662066416,0.0,0.0,0.0,1.0,0.0,,,2.5418168613223244,1.12896487762906,1.5841026802630498,0.03250025866299456,0.1811,0.0516,0.0837,0.1014,0.5822
porto,13,support,design_runs,66,66,3,0.01215886404081322,131.5179921849751,0.4822661868829298,0.13827738096797326,0.5134904199358776,0.6952843438248584,0.8346782656946486,1.2200847662066416,0.6841149802154665,0.015151515151515152,0.3333333333333333,0.6666666666666666,0.0,0.455,0.6522850477287598,1.7999999999999998,0.2945716949674087,0.1425620240293314,0.0,0.7778,0.0,0.0,0.1111,0.1111
porto,13,support,single_objective_refs,7,7,5,0.0053119854054743095,9.348272169283586,0.14166286256718605,0.011829248505538554,0.47106626109513206,2.0068204946836055,1.164214525894074,1.2200847662066416,0.9542079027129619,0.5714285714285714,0.8,0.2,0.0,0.61,0.4584233134903319,2.153738461423573,2.3737573794151267e-06,4.853146190189029e-06,0.0,0.726,0.0001,0.0211,0.1985,0.0545
porto,14,weighted,nbi_A,66,37,13,0.03526629515920335,0.06776730169990619,0.17783217473642818,0.030706110450368678,0.06903151304809468,0.4654347475296246,1.1297928478065853,1.2696472099609641,0.8898478561153388,0.02702702702702703,0.07692307692307693,0.9230769230769231,0.0,0.105,0.15329226951586739,1.4270502196576234,0.0905020554950178,0.053431224491128505,0.0,0.8192,0.0,0.0,0.1323,0.0485
porto,14,weighted,nbi_B,66,66,66,0.005342154855415597,0.005342154855415597,0.05573428637221742,0.03362913980736615,0.04388523040497947,4.192974432696831,1.1572861752455343,1.2696472099609641,0.9115021607310235,0.7121212121212122,0.7121212121212122,0.2878787878787879,0.0,0.93,0.03495984090874736,1.5940046978512477,2.514666029595802e-06,0.0,0.0,0.7726,0.0004,0.0059,0.1049,0.1161
porto,14,weighted,nbi_C,66,65,54,0.003685437029059316,0.009434435467986224,0.03867012953582446,0.014442657289808342,0.08037545016488745,1.742064079865179,1.2499282277229027,1.2696472099609641,0.9844689279956219,0.7076923076923077,0.8518518518518519,0.14814814814814814,0.0,0.99,0.04263424772311101,2.435900113166044,3.037472012834094e-07,0.0,0.0,0.6204,0.0,0.0215,0.2392,0.1189
porto,14,weighted,ws_random_scalarization,66,66,61,8.750729543750773e-07,5.063696153746334e-05,0.17737298858815753,0.02474657352563419,0.1339091688524208,4.980284495503651,1.1411002565576729,1.2696472099609641,0.8987538015325978,0.8939393939393939,0.9672131147540983,0.03278688524590164,0.0,1.0,0.03808878860469012,2.0806234963887076,0.09051550525128774,0.05343715875138875,3.956214035082292e-15,0.6563,0.0,0.0,0.2342,0.1095
porto,14,weighted,random_dirichlet_budget,66,66,4,3.5830282566332277,152.88258161544704,2.2884037668132042,2.2884037668132042,4.018495755004187,1.340547022999449,0.0,1.2696472099609641,0.0,0.0,0.0,1.0,0.0,1.0,0.3248765532435848,3.041063211854815,0.9219127417753283,1.4705956298785225,0.07300713576948015,0.3268,0.0229,0.0556,0.3577,0.2371
porto,14,weighted,design_runs,66,66,3,0.13886586867714923,221.170988911597,0.3592041969140375,0.23154074223282511,0.4027703849254725,0.5819714792899977,0.6829467236292829,1.2696472099609641,0.5379027483156368,0.0,0.0,1.0,0.0,0.665,0.3342119507183512,1.7999999999999998,0.3339096644322036,0.23876013945680888,0.0,0.7778,0.0,0.0,0.1111,0.1111
porto,14,weighted,single_objective_refs,7,7,5,6.292860588802615e-07,16.10651981913185,0.20332184451927338,0.03523217337062568,0.3672485384901695,1.3892342899214432,1.1399832074076137,1.2696472099609641,0.8978739908723644,0.42857142857142855,0.6,0.4,0.0,0.68,0.2931147542664997,2.110758216144038,2.330422803098776e-06,8.844052929656463e-08,0.0,0.7415,0.0001,0.0217,0.1696,0.0671
porto,14,support,nbi_A,66,37,3,0.0953678775153794,0.2907787900748664,0.5119575194993848,0.05160789369153197,0.3354100331363475,0.40137112010102827,1.1377192384471992,1.215122751098942,0.9362998408335784,0.02702702702702703,0.3333333333333333,0.6666666666666666,0.0,0.235,0.6261168520435406,1.2107363198244012,0.09071882363669441,0.05238026955494274,0.0,0.8421,0.0,0.0002,0.1236,0.0341
porto,14,support,nbi_B,66,66,5,0.018733772319293275,0.10871219429389734,0.0354594686392694,0.022031360061743808,0.45727677155262625,0.8496282740108656,1.0812790965220684,1.215122751098942,0.8898517417636803,0.015151515151515152,0.2,0.8,0.0,0.315,0.5416303262858568,1.9927840312309568,2.5206890914941342e-06,0.0,0.0,0.7218,0.0003,0.0217,0.1578,0.0983
porto,14,support,nbi_C,66,65,13,0.019922290270041894,0.061437918485008645,0.09488624863970094,0.015825142897913435,0.3233991094553269,2.3192505746617265,1.1050237326873555,1.215122751098942,0.9093926779726458,0.15384615384615385,0.7692307692307693,0.23076923076923078,0.0,0.93,0.17098016583607456,2.5137135971878513,3.044747285865357e-07,0.0,0.0,0.6172,0.0,0.041,0.2421,0.0996
porto,14,support,ws_random_scalarization,66,66,5,0.000745995735245716,0.021734898378372756,0.47276834390332423,0.050005927267125654,0.5131137821391748,1.3756265259085052,1.1430681626097288,1.215122751098942,0.9407018028227618,0.015151515151515152,0.2,0.8,0.0,0.59,0.4813161822357985,2.1105671242397186,0.09073230560746662,0.052386087092440733,0.0,0.7408,0.0,0.0,0.1651,0.0941
porto,14,support,random_dirichlet_budget,66,66,2,5.001992442944872,149.4687307761113,1.6212137031812455,1.6208938627155054,,,0.0,1.215122751098942,0.0,0.0,0.0,1.0,0.0,,,3.414400382685407,0.9241208829134446,1.4416700390639108,0.03210979873678318,0.3318,0.0271,0.0737,0.2785,0.2888
porto,14,support,design_runs,66,66,3,0.1379763102749519,215.99360335771794,0.6096097235446063,0.25685834555477577,0.36403610316310026,0.5426175336952286,0.7172597079025901,1.215122751098942,0.5902775725776752,0.0,0.0,1.0,0.0,0.275,0.6157996623475467,1.7999999999999998,0.33470943607331083,0.23406389396522,0.0,0.7778,0.0,0.0,0.1111,0.1111
porto,14,support,single_objective_refs,7,7,5,0.001431923665475616,15.782095211096548,0.10487059416737399,0.011265334082465828,0.48154268412978984,2.0415219491173984,1.1517991029381769,1.215122751098942,0.9478870360187924,0.14285714285714285,0.2,0.8,0.0,0.465,0.47516124312881075,2.110758216144038,2.3360045704695332e-06,8.670096574157745e-08,0.0,0.7415,0.0001,0.0217,0.1696,0.0671
porto,15,weighted,nbi_A,66,63,7,0.22396973765371525,13.42061854808902,0.286683668605913,0.10653100943899894,0.08256981552036513,0.1943856513698033,0.9491477432195364,1.2715097524550771,0.7464730344276853,0.0,0.0,1.0,0.0,0.06,0.25088662070692913,1.6872784215871837,0.1434664802725977,0.13206389639723504,2.005467816679614e-09,0.7333,0.006,0.0,0.2549,0.0057
porto,15,weighted,nbi_B,66,66,60,0.004790581165513851,0.6277013674896751,0.035128426281731004,0.006201474467287869,0.11486432725405071,3.808297924120427,1.250620978146293,1.2715097524550771,0.9835716759006752,0.4696969696969697,0.5166666666666667,0.48333333333333334,0.0,1.0,0.02716276834357323,2.619918819810029,6.407678646690276e-07,7.101322726750494e-06,2.005467816679614e-09,0.5681,0.0,0.0179,0.2683,0.1457
porto,15,weighted,nbi_C,66,65,54,0.0018527704044930624,0.008287578065233826,0.02176142770186093,0.007275971126796709,0.03764114474557646,1.603645188939156,1.2469359069032815,1.2715097524550771,0.9806734903099661,0.6923076923076923,0.8333333333333334,0.16666666666666666,0.0,0.825,0.03146406778688948,2.5905737209598945,6.407678646690276e-07,7.101322726750494e-06,2.005467816679614e-09,0.6101,0.0006,0.019,0.2301,0.1401
porto,15,weighted,ws_random_scalarization,66,66,2,18.793268790053737,49.32258682936279,0.48467965254896167,0.19195803311348333,,,0.7448958087786809,1.2715097524550771,0.5858357022747243,0.0,0.0,1.0,0.0,,,1.5543633678807103,0.2545794703680696,0.23832294272159218,0.001464321404183623,0.7608,0.0507,0.0,0.1885,0.0
porto,15,weighted,random_dirichlet_budget,66,66,6,114.75126161880121,121.64208127747835,0.5728499092188288,0.41732744732154065,2.6781981430403756,0.9558915042676671,0.49672483355785685,1.2715097524550771,0.3906575097821802,0.0,0.0,1.0,0.0,1.0,0.26914545435688586,2.4842676623767375,0.14221842468940968,0.1370742709187351,0.04609344783107476,0.3848,0.1813,0.0131,0.1984,0.2225
porto,15,weighted,design_runs,66,66,4,0.06603120480608053,196.560152046672,0.36107689024673745,0.18890686522750283,0.17465344479904452,0.7522153014974263,0.7466719283247223,1.2715097524550771,0.5872325610425095,0.0,0.0,1.0,0.0,0.265,0.3738318437181238,1.7999999999999998,0.2502063899720373,0.2519388006502394,2.005467816679614e-09,0.7083,0.0,0.0,0.2083,0.0833
porto,15,weighted,single_objective_refs,7,7,5,0.006941776649951976,21.618003311282784,0.23622601923991504,0.08821376951874642,0.4310745322182642,1.5867559294490763,1.0072906243475814,1.2715097524550771,0.7922004706630588,0.42857142857142855,0.6,0.4,0.0,0.815,0.29670558840352074,2.1126253873181207,0.0,7.041493074198741e-06,2.005467816679614e-09,0.7041,0.0001,0.021,0.2204,0.0543
porto,15,support,nbi_A,66,63,3,0.07162200900359979,13.476737739136727,0.6714653547181872,0.13257460885740566,0.6651539892437495,0.9713607876693648,0.9946438657209455,1.2341575778499259,0.8059293914912823,0.0,0.0,1.0,0.0,0.56,0.6466682393950672,1.8738071767959517,0.1444523609479755,0.13220149430967312,1.199006961219898e-10,0.7231,0.0006,0.0,0.2648,0.0115
porto,15,support,nbi_B,66,66,4,0.002195089143513045,0.6681701172882355,0.09834377877040604,0.005257562616987588,0.9305964165411387,1.2311334963849951,1.2055724499420237,1.2341575778499259,0.9768383483430848,0.045454545454545456,0.75,0.25,0.0,0.72,0.6522127535125616,2.6116326751694583,6.451711277446949e-07,7.108721623870802e-06,1.199006961219898e-10,0.6151,0.0001,0.0263,0.2609,0.0976
porto,15,support,nbi_C,66,65,14,0.022979835604419057,0.06432258359199074,0.02525066980074725,0.01039581584686257,0.28416916975598155,1.8556467585303913,1.0867701469609117,1.2341575778499259,0.8805764891499644,0.15384615384615385,0.7142857142857143,0.2857142857142857,0.0,0.885,0.18589788311520408,2.6592422426396967,6.451711277446949e-07,7.108721623870802e-06,1.199006961219898e-10,0.5936,0.0003,0.0377,0.2569,0.1115
porto,15,support,ws_random_scalarization,66,66,2,18.799268692621506,49.37501218394622,0.8353844770309719,0.24011694892789742,,,0.7863323284862617,1.2341575778499259,0.6371409474762225,0.0,0.0,1.0,0.0,,,1.5543633678807103,0.25632890326491703,0.23857125236790125,0.006612736066693388,0.7608,0.0507,0.0,0.1885,0.0
porto,15,support,random_dirichlet_budget,66,66,2,113.96742465946667,121.42710281924089,0.5870914363507441,0.5033471021743737,,,0.08602787192359015,1.2341575778499259,0.06970574379445343,0.0,0.0,1.0,0.0,,,2.5344259140997676,0.14319572890930513,0.13721708916082803,0.03145344079941324,0.3196,0.1734,0.0155,0.3798,0.1118
porto,15,support,design_runs,66,66,3,0.10835765271258503,195.81582605026242,0.7149491814854781,0.24369138362412426,0.43090080147621357,0.6783187516571529,0.7787992148142093,1.2341575778499259,0.6310370967141699,0.0,0.0,1.0,0.0,0.315,0.6847872297441612,1.7999999999999998,0.25192577169981634,0.252201296714473,1.199006961219898e-10,0.7222,0.0,0.0,0.1667,0.1111
porto,15,support,single_objective_refs,7,7,5,0.029899603189270145,21.650263334480304,0.08997126314961869,0.015298533081523551,0.5545072470210286,2.18167539880506,1.0222475345147046,1.2341575778499259,0.8282957969561732,0.2857142857142857,0.4,0.6,0.0,0.545,0.560936683984021,2.1126253873181207,0.0,7.048829634559968e-06,1.199006961219898e-10,0.7041,0.0001,0.021,0.2204,0.0543
porto,16,weighted,nbi_A,66,20,11,0.029070823867131404,0.04265378816869721,0.1837616259182075,0.06066235471908014,0.00933046872070657,0.04923402831081991,1.0749263785470113,1.278799901640053,0.8405743362729579,0.0,0.0,1.0,0.0,0.0,0.15341489324014285,1.352949635885737,0.0931460841328405,0.07790044808470124,1.0533633064538238e-09,0.8224,0.0,0.0,0.1656,0.012
porto,16,weighted,nbi_B,66,66,66,0.02251879404099143,0.02251879404099143,0.04625354359813376,0.03130246045267873,0.06399684939535948,2.559486436322583,1.1825788712656506,1.278799901640053,0.9247567737133858,0.45454545454545453,0.45454545454545453,0.5454545454545454,0.0,1.0,0.025018235277545417,1.7558018203606316,3.332918622792473e-06,9.754008459086394e-06,1.0533633064538238e-09,0.7196,0.0005,0.0038,0.1803,0.0958
porto,16,weighted,nbi_C,66,66,51,0.022164391520299472,0.03403269280552677,0.030740599767658354,0.021293164637223538,0.03317502608526519,0.7169529793263715,1.2213603306290672,1.278799901640053,0.9550832222169239,0.2727272727272727,0.35294117647058826,0.6470588235294118,0.0,0.62,0.03178103040587905,2.4854609849102505,3.332918622792473e-06,9.754008459086394e-06,1.0533633064538238e-09,0.5979,0.0017,0.0137,0.2516,0.1351
porto,16,weighted,ws_random_scalarization,66,66,24,0.017820742986744714,0.02859753807633221,0.21213168581420944,0.04462552690872323,0.06028394041377833,1.832084707062523,1.1103211391903025,1.278799901640053,0.8682524433778283,0.07575757575757576,0.20833333333333334,0.7916666666666666,0.0,0.3,0.07462436482388954,2.0178122582105074,0.0909171402620182,0.07271677788681292,0.0014125900602185828,0.6855,0.0,0.0,0.2262,0.0883
porto,16,weighted,random_dirichlet_budget,66,66,7,4.307131087529034,123.9901107224156,3.6520800926239003,3.6520800926239003,1.0057827985811079,0.4680076216163309,0.0,1.278799901640053,0.0,0.0,0.0,1.0,0.0,1.0,0.22074422475218325,2.762341629110631,1.2981427259641312,1.9028161385940483,0.08102940340552811,0.1973,0.0189,0.1351,0.282,0.3666
porto,16,weighted,design_runs,66,66,4,0.06304822100875135,221.06348730542433,0.2919956482176174,0.16001904197957428,0.176549647711838,0.603888229971099,0.7912307945587547,1.278799901640053,0.6187291643860826,0.0,0.0,1.0,0.0,0.285,0.33431653523618166,1.7999999999999998,0.2271639389628584,0.21740197906574155,1.0533633064538238e-09,0.7083,0.0,0.0,0.2083,0.0833
porto,16,weighted,single_objective_refs,7,7,5,0.007596850369160671,16.033766773554547,0.24577503938382142,0.0680700395936993,0.2978749581889933,1.0196780101889888,1.1180225859340374,1.278799901640053,0.8742748451107795,0.14285714285714285,0.2,0.8,0.0,0.56,0.299340622988917,2.1610695064406373,2.741804425288482e-06,9.764657119838608e-06,1.0533633064538238e-09,0.7008,0.0002,0.0169,0.2231,0.059
porto,16,support,nbi_A,66,20,4,0.07774603014346089,0.13747561619060727,0.5943618286705713,0.07427142548409478,0.5568338865538796,1.1922726967114867,1.107156362673036,1.2641649431522564,0.8758005580444971,0.0,0.0,1.0,0.0,0.57,0.5222945579776779,1.632018576799397,0.09367727491473432,0.07876442541444476,5.906036543565372e-11,0.6581,0.0,0.0001,0.3286,0.0133
porto,16,support,nbi_B,66,66,6,0.011648345433766047,0.09434533037125893,0.023155163441945553,0.010001439755854828,0.4576208802456229,1.495158274444683,1.1117937524256551,1.2641649431522564,0.8794689003583217,0.030303030303030304,0.3333333333333333,0.6666666666666666,0.0,0.565,0.39159279275953307,2.1257360131878817,3.351925494264436e-06,9.862188095917419e-06,5.906036543565372e-11,0.6656,0.0005,0.0141,0.2324,0.0874
porto,16,support,nbi_C,66,66,15,0.026578931724041504,0.07918308138768776,0.02062368933911164,0.008770851892555906,0.2022021507635446,1.6678923159723216,1.1114561722387688,1.2641649431522564,0.8792018622722595,0.15151515151515152,0.6666666666666666,0.3333333333333333,0.0,0.405,0.1945110436425346,2.649340134730146,3.351925494264436e-06,9.862188095917419e-06,5.906036543565372e-11,0.59,0.0007,0.0288,0.2667,0.1139
porto,16,support,ws_random_scalarization,66,66,5,0.008034365865546197,0.017198357159190207,0.6254277336418946,0.07135679936528957,0.4391717740318802,2.229936407030718,1.1173340078833056,1.2641649431522564,0.8838514419622959,0.06060606060606061,0.8,0.2,0.0,0.435,0.4645578310779807,2.1437123325929233,0.09143561988757558,0.07352326423099788,0.007017938565787405,0.6304,0.0,0.0,0.2939,0.0757
porto,16,support,random_dirichlet_budget,66,66,3,5.102072915502915,125.07848403748402,2.53480696035261,2.53480696035261,6.236192897578653,1.315147730798542,0.0,1.2641649431522564,0.0,0.0,0.0,1.0,0.0,1.0,0.5884130584093872,3.313740933006938,1.3055457365794914,1.9239198683778338,0.9996760693743229,0.2236,0.0235,0.377,0.194,0.1818
porto,16,support,design_runs,66,66,3,0.11531235089804555,222.43846888121914,0.6675794369183896,0.22045501553977592,0.38882226207005977,0.5777977535805625,0.8305101495499694,1.2641649431522564,0.6569634398174753,0.0,0.0,1.0,0.0,0.27,0.6154455736531012,1.7999999999999998,0.22845940287289965,0.21981313825637863,5.906036543565372e-11,0.7222,0.0,0.0,0.1667,0.1111
porto,16,support,single_objective_refs,7,7,5,0.00409468364358321,16.196798839472482,0.08677798650941847,0.00783230028690462,0.5071606745822541,2.1792715200371866,1.1222575608702752,1.2641649431522564,0.8877461497009019,0.14285714285714285,0.2,0.8,0.0,0.63,0.48892217160941714,2.1610695064406373,2.7574403078918967e-06,9.872954858705093e-06,5.906036543565372e-11,0.7008,0.0002,0.0169,0.2231,0.059
porto,17,weighted,nbi_A,66,3,2,0.011307285102567108,0.053884956500052046,0.35721838548908813,0.07778874698391608,,,1.0206481831023548,1.2491556120469838,0.8170704860620406,0.3333333333333333,0.5,0.5,0.0,,,1.4805391729263815,0.11995738931942386,0.07806518601342832,3.5633548904044497e-09,0.7852,0.0,0.0,0.2148,0.0
porto,17,weighted,nbi_B,66,66,63,0.015941213980012265,0.016125318030015313,0.11219899723240961,0.08510278024589377,0.04914729763501541,2.6929471097218207,0.957120309303866,1.2491556120469838,0.7662138328269916,0.015151515151515152,0.015873015873015872,0.9841269841269841,0.0,1.0,0.0226936338247903,1.3865213817541004,0.0008178147623198621,2.0528517838428023e-07,3.5633548904044497e-09,0.82,0.0003,0.0019,0.1749,0.003
porto,17,weighted,nbi_C,66,66,52,0.035206742333705396,0.04573172171820787,0.04617308979689518,0.03337816996151766,0.03753055012740102,1.2966158501228422,1.1417524202021803,1.2491556120469838,0.9140193657147306,0.36363636363636365,0.46153846153846156,0.5384615384615384,0.0,0.95,0.027584020133625105,2.282276668815677,0.0,2.0528517838428023e-07,3.5633548904044497e-09,0.6,0.0012,0.0192,0.2903,0.0893
porto,17,weighted,ws_random_scalarization,66,66,16,0.02291511857455996,0.1299542927337729,0.6131845528509251,0.07921133218830086,0.014860068448563551,3.442063895116206,1.0348143901033597,1.2491556120469838,0.8284111123734341,0.0,0.0,1.0,0.0,0.0,0.09370325063945727,1.9661081878322726,0.11767174960835644,0.07647746847822402,0.07019247189177877,0.5682,0.0,0.0,0.4318,0.0
porto,17,weighted,random_dirichlet_budget,66,66,4,179.52515097011138,149.3820069165665,0.6356137948963727,0.5351696444758907,87.87351148243111,0.8619678981553259,0.20462349382743897,1.2491556120469838,0.16380945004291633,0.0,0.0,1.0,0.0,1.0,0.39385089756342145,3.17205904746559,0.6154015158523238,0.6260094126154242,0.07395670284891599,0.4032,0.2374,0.0079,0.1851,0.1664
porto,17,weighted,design_runs,66,66,3,0.018081266814382508,228.56353400211196,0.3386660578076942,0.07563903142868579,0.9228903550540688,1.38898192272949,1.0186320437214271,1.2491556120469838,0.8154564842823713,0.015151515151515152,0.3333333333333333,0.6666666666666666,0.0,0.82,0.5512586345638756,1.7999999999999998,0.1268671427093643,0.08776020141502931,3.5633548904044497e-09,0.7222,0.0,0.0,0.2778,0.0
porto,17,weighted,single_objective_refs,7,7,5,0.009195977834107938,16.721050231698534,0.23054954007756,0.06228781770182079,0.3807298788778061,1.4005346769280664,1.0789688335074958,1.2491556120469838,0.8637585446535329,0.0,0.0,1.0,0.0,0.615,0.35211796930526645,1.96219369827568,0.0008176287262148527,1.338787647629217e-07,3.5633548904044497e-09,0.7145,0.0,0.0238,0.2413,0.0205
porto,17,support,nbi_A,66,3,2,0.004819138028897555,0.08335554535385446,0.6456781133667824,0.08924622241740024,,,1.0811803416138985,1.1979176397582136,0.9025498128837328,0.0,0.0,1.0,0.0,,,1.4805391729263815,0.12065145005914037,0.07910957271269865,2.4315241629516527e-10,0.7852,0.0,0.0,0.2148,0.0
porto,17,support,nbi_B,66,66,4,0.04436310020121441,0.2590983092880279,0.08019265151482785,0.03310715069224583,0.8625954459300519,1.1458018542996389,0.8851420976038645,1.1979176397582136,0.7389006290804104,0.0,0.0,1.0,0.0,0.695,0.6712943813911957,2.050848834505613,0.0008225465518503541,2.0803156407565616e-07,2.4315241629516527e-10,0.6782,0.0001,0.0297,0.2663,0.0256
porto,17,support,nbi_C,66,66,14,0.02934750043829002,0.12155534263482781,0.03238676088362556,0.018960459772819124,0.13232329119527456,1.6444499793365666,1.002154628183584,1.1979176397582136,0.8365805752604644,0.13636363636363635,0.6428571428571429,0.35714285714285715,0.0,0.62,0.14500175842246882,2.4173790565727877,0.0,2.0803156407565616e-07,2.4315241629516527e-10,0.5838,0.0005,0.0419,0.3307,0.0432
porto,17,support,ws_random_scalarization,66,66,12,0.41025076620945505,0.126056166664615,0.7972858068702596,0.08819884552454106,5.282149233090497e-05,1.5848071708928557,1.0852379565009371,1.1979176397582136,0.9059370364727081,0.0,0.0,1.0,0.0,0.0,0.1690142483341463,1.0,0.11835258587897113,0.07750061406912526,0.013009082246623433,0.1827,0.0,0.0,0.8173,0.0
porto,17,support,random_dirichlet_budget,66,66,1,0.8266050470245968,151.19447896938436,0.9822015800338629,0.9657547300333859,,,0.020912841458905217,1.1979176397582136,0.0174576621670971,0.0,0.0,1.0,0.0,,,1.3123579207267255,0.6189621637935504,0.6343844122476691,1.0066302283492305,0.8681,0.0029,0.0135,0.0862,0.0293
porto,17,support,design_runs,66,66,2,0.010733385235178167,230.86887752629346,0.6483863353932299,0.09773128386306529,,,1.0631800109657816,1.1979176397582136,0.8875234621141173,0.0,0.0,1.0,0.0,,,1.5,0.12760118254979555,0.0889342918356603,2.4315241629516527e-10,0.75,0.0,0.0,0.25,0.0
porto,17,support,single_objective_refs,7,7,5,0.003519577287602743,16.933816571076065,0.05534015844117168,0.008190173537745593,0.5238261797101805,2.197087863119207,1.1023758854606267,1.1979176397582136,0.9202434698959179,0.14285714285714285,0.2,0.8,0.0,0.5,0.572275240230087,1.96219369827568,0.0008223594393601601,1.356698474256734e-07,2.4315241629516527e-10,0.7145,0.0,0.0238,0.2413,0.0205
porto,18,weighted,nbi_A,66,63,7,0.49448862328359944,14.150981722591292,0.31947114501023804,0.14606145988130492,0.217212059080071,0.535898214846739,0.868846330730073,1.265907923084577,0.6863424384081561,0.015873015873015872,0.14285714285714285,0.8571428571428571,0.0,0.49,0.24294565580709204,1.7618474730141058,0.1885160812824516,0.14565221694471356,1.780165663137e-17,0.7194,0.0095,0.0,0.2711,0.0
porto,18,weighted,nbi_B,66,66,55,0.006085686270983632,0.393359978461004,0.029291671125028017,0.008455513430596948,0.0922838989022077,2.7392168403400308,1.2418973792999988,1.265907923084577,0.9810329461197519,0.42424242424242425,0.509090909090909,0.4909090909090909,0.0,1.0,0.034001445509598785,2.4146268445441734,7.35707679244921e-07,0.0,1.780165663137e-17,0.606,0.0001,0.0127,0.2673,0.1139
porto,18,weighted,nbi_C,66,62,61,0.0019368426940020252,0.001994581995436633,0.020511384028405858,0.003868281917943872,0.07385957547111799,2.4867231783355295,1.253556188025218,1.265907923084577,0.9902427855659027,0.9032258064516129,0.9180327868852459,0.08196721311475409,0.0,1.0,0.030050442553880813,2.443559696078146,7.35707679244921e-07,0.0,1.780165663137e-17,0.6111,0.0002,0.0158,0.2667,0.1063
porto,18,weighted,ws_random_scalarization,66,66,1,44.48910681314572,51.816445921173056,45.264125853324025,45.26223756358874,,,0.0,1.265907923084577,0.0,0.0,0.0,1.0,0.0,,,1.2523767160641057,2.4349827531726462,45.46449583876406,0.0017907376413699835,0.8863,0.1137,0.0,0.0,0.0
porto,18,weighted,random_dirichlet_budget,66,66,5,75.87094208049271,133.66890351613242,0.5308920074388442,0.3567370679211914,98.3845099989221,1.7100807948429675,0.5519257129476629,1.265907923084577,0.43599198874023326,0.0,0.0,1.0,0.0,1.0,0.31479170751660923,2.5704999118876373,0.1391532225284009,0.16610604077788538,0.16496495754280271,0.3718,0.1362,0.011,0.3362,0.1448
porto,18,weighted,design_runs,66,66,4,0.10823165989395916,201.01510876047786,0.35657694096760156,0.15556446496087661,0.19932809521917058,0.7669529340176123,0.8511005734157027,1.265907923084577,0.6723242329836019,0.015151515151515152,0.25,0.75,0.0,0.315,0.3644180208892045,1.7999999999999998,0.20400548690789444,0.16665540124767966,1.780165663137e-17,0.7083,0.0,0.0,0.2083,0.0833
porto,18,weighted,single_objective_refs,7,7,5,0.013022384772432205,21.928707356706834,0.21366996712076106,0.11407335308823234,0.4255695318470488,1.4842447491908344,0.9586377017689688,1.265907923084577,0.7572728508034791,0.5714285714285714,0.8,0.2,0.0,0.725,0.33312066014556263,1.9832547718935702,0.0,6.838389202325875e-08,0.0,0.7134,0.0002,0.0178,0.2322,0.0364
porto,18,support,nbi_A,66,63,2,0.00105639802868801,13.273402423293538,0.5250234918791579,0.12619080496811216,,,0.9497934739699387,1.2503252073472124,0.7596371475106822,0.015873015873015872,0.5,0.5,0.0,,,1.4916405099107144,0.1885160812824516,0.13667885334567031,9.367486502349508e-19,0.773,0.0,0.0,0.227,0.0
porto,18,support,nbi_B,66,66,5,0.01074080258025448,0.42074357638474474,0.023857662510079092,0.0057518025140934955,0.45347028106129866,0.948185038665672,1.214233858817808,1.2503252073472124,0.9711344310125695,0.045454545454545456,0.6,0.4,0.0,0.43,0.5135749303708024,2.4520503339983497,7.35707679244921e-07,0.0,9.367486502349508e-19,0.6854,0.0006,0.0178,0.2147,0.0815
porto,18,support,nbi_C,66,62,12,0.0,0.061517083096997785,0.06719446608983395,0.005021226894315528,0.5967627350360435,2.437993239492367,1.2301340248345303,1.2503252073472124,0.9838512553421831,0.1935483870967742,1.0,0.0,0.0,1.0,0.1733179189980162,2.499892429467872,7.35707679244921e-07,0.0,9.367486502349508e-19,0.5545,0.0003,0.0374,0.3233,0.0845
porto,18,support,ws_random_scalarization,66,66,1,41.68979295737913,48.565537898715085,42.362182728576876,42.357149866343846,,,0.0,1.2503252073472124,0.0,0.0,0.0,1.0,0.0,,,1.2523767160641057,2.4349827531726462,42.66351236891908,0.006656136139425423,0.8863,0.1137,0.0,0.0,0.0
porto,18,support,random_dirichlet_budget,66,66,1,0.20383128375186665,125.01361360504988,0.8318566567102085,0.653313498893481,,,0.08467798878263282,1.2503252073472124,0.06772477135152082,0.0,0.0,1.0,0.0,,,2.4170690332745783,0.1391532225284009,0.15587255493631222,1.0066561361394255,0.3371,0.0017,0.0191,0.5374,0.1048
porto,18,support,design_runs,66,66,3,0.08368274103851144,187.62144448411073,0.5312844006104532,0.1404912415310308,0.6778233956406672,0.8411119574956399,0.9145625801157451,1.2503252073472124,0.7314597632212443,0.015151515151515152,0.3333333333333333,0.6666666666666666,0.0,0.4,0.9773311414681494,1.7999999999999998,0.20400548690789444,0.1563880703239937,9.367486502349508e-19,0.7222,0.0,0.0,0.1667,0.1111
porto,18,support,single_objective_refs,7,7,5,0.0004207853560481508,20.54387352595919,0.08655905055068046,0.027258861259452496,0.5776750280817059,2.1778393578848263,0.9829949300403996,1.2503252073472124,0.7861914038556405,0.5714285714285714,0.8,0.2,0.0,0.685,0.5241178094429911,1.9832547718935702,0.0,6.417088696014093e-08,0.0,0.7134,0.0002,0.0178,0.2322,0.0364
porto,19,weighted,nbi_A,66,66,8,0.041774206059394914,0.05378584601291936,0.24233185929323442,0.12378796604768623,0.14596827127860987,0.9443067284498415,0.8762322027925834,1.2735869212392075,0.6880034555788342,0.030303030303030304,0.25,0.75,0.0,0.325,0.20556384461064728,1.4679677758912595,0.2195833891322327,0.14554328203256245,4.47116996194025e-09,0.7912,0.0,0.0,0.2088,0.0
porto,19,weighted,nbi_B,66,66,23,3.2948376713435553e-07,0.06551082786401005,0.23655790815964461,0.22869827908100318,0.06844866459752448,1.8614000744979085,0.5598010400325919,1.2735869212392075,0.4395467876569447,0.3333333333333333,0.9565217391304348,0.043478260869565216,0.0,0.57,0.06710733194659765,1.3430312880083346,3.7018927657106454e-06,1.1566842973023798e-05,4.47116996194025e-09,0.8336,0.0002,0.004,0.0336,0.1285
porto,19,weighted,nbi_C,66,66,55,0.0021885552793280195,0.006130823670755834,0.028161067487863175,0.004505240246950935,0.06032284389357491,2.147699001107471,1.2617250786806073,1.2735869212392075,0.990686271693919,0.7121212121212122,0.8545454545454545,0.14545454545454545,0.0,1.0,0.033933741402663226,2.5656938121031545,3.7018927657106454e-06,1.1566842973023798e-05,4.47116996194025e-09,0.5864,0.0004,0.0137,0.278,0.1215
porto,19,weighted,ws_random_scalarization,66,66,11,0.0,2.8137149284859692e-14,0.8932783213956876,0.8459570039424885,0.0,,0.023340520716671188,1.2735869212392075,0.018326602077509344,0.16666666666666666,1.0,0.0,0.0,0.0,0.14623731551066746,1.0,1.0,0.8878134471677875,4.47116996194025e-09,1.0,0.0,0.0,0.0,0.0
porto,19,weighted,random_dirichlet_budget,66,66,7,3.903016435508701,101.64613991681753,2.6217725683055377,2.614507967229423,2.215195286174922,0.8550390950306941,0.0,1.2735869212392075,0.0,0.0,0.0,1.0,0.0,1.0,0.241877452467892,2.3874047262509097,0.5133284678849803,0.5359605554797096,0.11986105172286163,0.2036,0.0187,0.1059,0.3682,0.3035
porto,19,weighted,design_runs,66,66,4,0.06581296201777734,147.52874262483226,0.293981525156965,0.13261065449762416,0.10888738743899966,0.3744529207892142,0.8620724919003733,1.2735869212392075,0.6768854779551063,0.015151515151515152,0.25,0.75,0.0,0.155,0.37805916783691373,1.7999999999999998,0.21885666619838662,0.1454042386666672,4.47116996194025e-09,0.7083,0.0,0.0,0.2083,0.0833
porto,19,weighted,single_objective_refs,7,7,4,1.772761356309688e-06,10.523014746207553,0.4371736796738961,0.4287429960054316,0.08377282916398067,1.1547005383792515,0.30215428675105604,1.2735869212392075,0.23724669412988175,0.14285714285714285,0.25,0.75,0.0,0.15,0.3706605123061489,1.8311576535920258,2.5730027626616287e-06,1.1625225351336326e-05,4.4711699797814215e-09,0.7253,0.0004,0.023,0.1934,0.0579
porto,19,support,nbi_A,66,66,16,0.007094588220488228,0.11114484632020658,0.5759143470368546,0.13968493484518008,0.0,,0.8948306549749139,1.2633946363407922,0.7082748566723687,0.0,0.0,1.0,0.0,0.0,0.09690644040960791,1.0000000000056573,0.2211100592716039,0.15904713166445422,2.3737807030350383e-10,0.8509,0.0,0.0,0.1491,0.0
porto,19,support,nbi_B,66,66,9,0.0011091416144227585,0.14216403301877797,0.14859979531725637,0.14442684873109704,0.2772988864842675,2.7879325795874608,0.40896537093620333,1.2633946363407922,0.3237035833242905,0.10606060606060606,0.7777777777777778,0.2222222222222222,0.0,0.57,0.2571334877686239,1.4621775115371014,3.7276304554644067e-06,1.2640041996998475e-05,2.3737807030350383e-10,0.7473,0.0004,0.0102,0.086,0.1562
porto,19,support,nbi_C,66,66,11,0.018277230702583833,0.05863963405945339,0.12341645257260332,0.0051710712689091295,0.31348520204459385,2.093229151377177,1.248505679312472,1.2633946363407922,0.988215117747022,0.12121212121212122,0.7272727272727273,0.2727272727272727,0.0,0.885,0.19262097505825654,2.6938325960145013,3.7276304554644067e-06,1.2640041996998475e-05,2.3737807030350383e-10,0.5429,0.0006,0.0334,0.3233,0.0998
porto,19,support,ws_random_scalarization,66,66,66,0.00998113777975225,0.00998113777975225,1.1376090245032031,1.0023452160316684,0.0,,0.013286654430549166,1.2633946363407922,0.010516630392726458,0.0,0.0,1.0,0.0,,,1.0000000000002116,1.0069525757180653,0.9701868767366152,2.3737807030350383e-10,1.0,0.0,0.0,0.0,0.0
porto,19,support,random_dirichlet_budget,66,66,4,3.3523223521831875,110.40426649483261,0.9962761313189307,0.981948400011862,6.144372162245605,1.9208844724617333,0.02716884079686673,1.2633946363407922,0.021504635222733458,0.0,0.0,1.0,0.0,1.0,0.5836033569345654,2.4684412534011377,0.516897422926189,0.5856882423145023,0.031957997496622606,0.2309,0.0196,0.1317,0.483,0.1347
porto,19,support,design_runs,66,66,3,0.10183609356422586,159.89767275915463,0.5342293121136649,0.13806065824602318,0.48151031892611684,0.7196902770599406,0.8964561927339842,1.2633946363407922,0.7095614995884558,0.015151515151515152,0.3333333333333333,0.6666666666666666,0.0,0.42,0.6542287801139889,1.7999999999999998,0.22037828374153423,0.1588951875265059,2.3737807030350383e-10,0.7222,0.0,0.0,0.1667,0.1111
porto,19,support,single_objective_refs,7,7,5,0.005988682668828503,11.478160415719975,0.3663441297848125,0.3610987990455197,0.0057949088702357945,1.369306393762915,0.13307439511133004,1.2633946363407922,0.10533082164790362,0.2857142857142857,0.4,0.6,0.0,0.03,0.4604658999727424,1.0000000000000042,2.5908917591918245e-06,1.2703841230330861e-05,2.373780712507062e-10,0.7803,0.0003,0.0184,0.1547,0.0463
porto,20,weighted,nbi_A,66,64,9,0.0738805735742839,11.331909486004555,0.27897188017282165,0.09843951323304234,0.11158176531604311,0.5135658812868171,0.9527260083807695,1.254441031926289,0.7594824978881524,0.015625,0.1111111111111111,0.8888888888888888,0.0,0.195,0.18888116665396165,1.4171957605154792,0.1568469389243719,0.13077104574721926,0.0,0.8131,0.0024,0.0004,0.1841,0.0
porto,20,weighted,nbi_B,66,66,63,0.015006428430477552,0.015040320697475072,0.03429140541378296,0.018852711607030028,0.060757859339574755,2.3627046048874742,1.1883574408801323,1.254441031926289,0.9473202889858597,0.36363636363636365,0.38095238095238093,0.6190476190476191,0.0,1.0,0.024169164596070915,2.4404885274971995,4.9177266533370035e-06,1.2462706358471099e-05,0.0,0.6067,0.0,0.0156,0.2697,0.108
porto,20,weighted,nbi_C,66,65,52,0.007199555622144806,0.01270183612042725,0.029707147427580575,0.011136892295563644,0.03892561012131324,1.6404096935419346,1.2154820624789422,1.254441031926289,0.9689431639624204,0.5076923076923077,0.6346153846153846,0.36538461538461536,0.0,0.94,0.029633687663247255,2.3641930659307926,4.9177266533370035e-06,1.2462706358471099e-05,0.0,0.6283,0.0011,0.0179,0.2577,0.0951
porto,20,weighted,ws_random_scalarization,66,66,5,1.2272471651286387,49.15627498503043,0.5370496250164168,0.16029341270534442,0.7866562317671072,1.358230728474689,0.7986397143411131,1.254441031926289,0.6366498655698,0.0,0.0,1.0,0.0,0.945,0.3597458980727687,1.14716101583018,0.24811288803975132,0.20081925380103768,0.0002817373292182576,0.8595,0.0095,0.0,0.131,0.0
porto,20,weighted,random_dirichlet_budget,66,66,5,47.52586354383551,142.85599581952303,2.2897637167565974,2.2896803535092274,84.35936401997185,1.9474196803510146,0.0,1.254441031926289,0.0,0.0,0.0,1.0,0.0,1.0,0.2997203852479567,2.3857630172934257,0.9345322775932201,1.9343595944089276,0.13223486883141206,0.4357,0.0819,0.0439,0.2852,0.1534
porto,20,weighted,design_runs,66,66,3,0.032375100012801555,241.7600855274085,0.37147241059075925,0.1255702541662557,0.9337241905049131,1.5249403128577765,0.8975031534679725,1.254441031926289,0.7154606160241653,0.015151515151515152,0.3333333333333333,0.6666666666666666,0.0,0.88,0.4577753140964474,1.7999999999999998,0.1755998417141469,0.15766835119648392,0.0,0.7222,0.0,0.0,0.2778,0.0
porto,20,weighted,single_objective_refs,7,7,5,0.00736665771831631,26.655134588406668,0.22591611093133054,0.08530142837668779,0.4427030320660558,1.6194791824481036,1.0000881495854144,1.254441031926289,0.7972380718842585,0.0,0.0,1.0,0.0,0.755,0.3191136959016941,1.93083131120133,3.912834099218722e-06,1.247325547163598e-05,0.0,0.7304,0.0,0.0207,0.221,0.0278
porto,20,support,nbi_A,66,64,2,2.2670919652680288e-05,11.789268445015727,0.571775738704829,0.11444306666846564,,,0.9860818057928714,1.2097590312215898,0.8151059676712199,0.015625,0.5,0.5,0.0,,,1.465215438377649,0.15684747132364305,0.1338211707366112,0.0,0.7975,0.0,0.0,0.2025,0.0
porto,20,support,nbi_B,66,66,5,2.009825076298841e-07,0.10035591717612305,0.054188978557125546,0.007706610588544004,0.7969735348480947,2.179630314551659,1.0660559398679181,1.2097590312215898,0.8812134585111853,0.06060606060606061,0.8,0.2,0.0,0.78,0.5338648299405016,2.492898942622249,4.917743346006326e-06,1.2753388534194502e-05,0.0,0.6093,0.0,0.0207,0.2856,0.0844
porto,20,support,nbi_C,66,65,15,0.01253623252400713,0.08300602626351572,0.009970415164648208,0.00586437532955816,0.27477114892604854,1.9814230623819287,1.0572246856086134,1.2097590312215898,0.8739134474913154,0.18461538461538463,0.8,0.2,0.0,0.95,0.1061521492081572,2.411572694501573,4.917743346006326e-06,1.2753388534194502e-05,0.0,0.6033,0.0003,0.0379,0.2828,0.0757
porto,20,support,ws_random_scalarization,66,66,2,1.716800047624735,50.326031998324375,0.822678901109337,0.20052408067214061,,,0.8244308931203379,1.2097590312215898,0.6814835614724402,0.0,0.0,1.0,0.0,,,1.3684746962340326,0.24811373023100897,0.20550319450725177,0.006691216421077882,0.8458,0.0101,0.0,0.1441,0.0
porto,20,support,random_dirichlet_budget,66,66,3,52.21679308254101,145.60119661986005,2.010389309444352,2.0101502114890133,81.10691436317207,1.5193965428223724,0.0,1.2097590312215898,0.0,0.0,0.0,1.0,0.0,1.0,0.7922896763439516,2.2163609020085286,0.9345354497577956,1.9794769099711316,1.0008200200549087,0.2244,0.0812,0.267,0.3273,0.1002
porto,20,support,design_runs,66,66,3,0.030302643421146653,246.52202605413203,0.5853122287551974,0.14568252137046112,0.9349597446887835,1.6156612174268505,0.9385543783760425,1.2097590312215898,0.7758192781816305,0.015151515151515152,0.3333333333333333,0.6666666666666666,0.0,0.62,0.8028384093692594,1.7999999999999998,0.1756004377680347,0.16134583328185484,0.0,0.7222,0.0,0.0,0.2778,0.0
porto,20,support,single_objective_refs,7,7,5,1.8909318555415667e-13,27.271378324226863,0.0542711743142125,0.010929903373287387,0.5624756008695698,2.1738828572287137,1.0159970995761276,1.2097590312215898,0.8398342755500611,0.42857142857142855,0.6,0.4,0.0,0.53,0.5412328059535985,1.93083131120133,3.912847380893435e-06,1.276418369657843e-05,0.0,0.7304,0.0,0.0207,0.221,0.0278
porto,21,weighted,nbi_A,66,33,14,0.0427167564516764,0.08787012956223093,0.16950585645247962,0.04681322865810174,0.07744942412377426,0.5104018947163015,1.1105688350200498,1.2430312550339162,0.8934359699505285,0.030303030303030304,0.07142857142857142,0.9285714285714286,0.0,0.15,0.11473233764848598,1.5494212217351633,0.039582571339386155,0.03473901667505669,0.0,0.785,0.0,0.0,0.1843,0.0307
porto,21,weighted,nbi_B,66,66,40,0.0032949255167177087,0.01796880610342412,0.05472244964842154,0.011193043811951322,0.0929351891406559,1.963603825623261,1.2038932696085451,1.2430312550339162,0.9685140777700693,0.4393939393939394,0.725,0.275,0.0,1.0,0.04007512660069151,1.75514672343868,0.0005904684065491823,1.181899426778395e-08,0.0,0.7365,0.0008,0.0007,0.1562,0.1058
porto,21,weighted,nbi_C,66,64,56,0.0005394569080421936,0.001806791109415007,0.017917387083300575,0.0024220788690492473,0.04767710935200575,1.3227074427816197,1.2369526424843675,1.2430312550339162,0.9951098473791934,0.828125,0.9464285714285714,0.05357142857142857,0.0,1.0,0.029521506329626596,2.1613606867357666,0.0,1.181899426778395e-08,0.0,0.6675,0.0017,0.0035,0.2085,0.1186
porto,21,weighted,ws_random_scalarization,66,66,43,0.010373796870876268,0.019999029877781516,0.1683529285368005,0.019643375081283432,0.04958529728136466,2.1389356252358924,1.173570689948001,1.2430312550339162,0.9441200172524865,0.24242424242424243,0.37209302325581395,0.627906976744186,0.0,0.935,0.03681381617607925,1.8864455915520575,0.036213463352856565,0.027212875291071748,0.0016721640283005783,0.7268,0.0,0.0,0.1776,0.0956
porto,21,weighted,random_dirichlet_budget,66,66,4,113.9558850653822,110.92440118592238,1.2265172574996566,1.2194759696216098,81.10138523659239,1.0422253257912646,0.0,1.2430312550339162,0.0,0.0,0.0,1.0,0.0,1.0,0.337583718049137,2.3534327602517804,0.6095810733056184,1.1134495889033524,0.14512483353596908,0.2881,0.2058,0.0053,0.372,0.1288
porto,21,weighted,design_runs,66,66,3,0.07544678751549287,167.06722909005438,0.3503014511821699,0.21891096140175775,0.8460025318459184,1.2028982454400332,0.673672032130949,1.2430312550339162,0.5419590451992036,0.015151515151515152,0.3333333333333333,0.6666666666666666,0.0,0.895,0.4097557389254004,1.7999999999999998,0.2476147452607074,0.22103633713109117,0.0,0.7778,0.0,0.0,0.1111,0.1111
porto,21,weighted,single_objective_refs,7,7,5,0.009102659164980206,11.596018689781966,0.24581964627918185,0.10969329382903477,0.2466453493457909,1.143832332896017,1.0092168330305769,1.2430312550339162,0.8118998045652844,0.2857142857142857,0.4,0.6,0.0,0.45,0.3058937905410987,2.1978814517320715,0.0005890691923123437,0.0,0.0,0.7259,0.0004,0.0057,0.2098,0.0582
porto,21,support,nbi_A,66,33,3,0.05871129281534387,0.16637454608506885,0.3549213125468821,0.023711615138748587,0.45174926477862104,0.552810819130107,1.2152378623837738,1.3012435202270738,0.9339050250730229,0.030303030303030304,0.3333333333333333,0.6666666666666666,0.0,0.375,0.6915400978485415,1.169620558035033,0.03958268910987433,0.03475347418008317,0.0,0.8263,0.0,0.0,0.1506,0.023
porto,21,support,nbi_B,66,66,7,0.049611911092137286,0.06739433723164055,0.07230724921126751,0.006758385145253024,0.21073841296060247,1.255888410932852,1.242191917671155,1.3012435202270738,0.9546190996243241,0.030303030303030304,0.2857142857142857,0.7142857142857143,0.0,0.15,0.3575534923810585,2.1621044693322964,0.000590470163376749,1.182391303594117e-08,0.0,0.7015,0.0009,0.0041,0.2174,0.0761
porto,21,support,nbi_C,66,64,9,0.017801541634232462,0.047011054420026524,0.05392102755468394,0.002244133627994878,0.3419177012577526,1.4283974951882354,1.2956448287279139,1.3012435202270738,0.9956974298721711,0.125,0.8888888888888888,0.1111111111111111,0.0,0.835,0.2516657791934807,2.403354073597259,0.0,1.182391303594117e-08,0.0,0.6646,0.001,0.0087,0.2266,0.0991
porto,21,support,ws_random_scalarization,66,66,8,0.006366817530830847,0.03939230972654807,0.4915254053562659,0.019306145981713024,0.3836302191691499,2.820912733876481,1.2315895715623097,1.3012435202270738,0.9464712426367287,0.015151515151515152,0.125,0.875,0.0,0.845,0.2729306900934849,2.1571818155594356,0.03621357109919829,0.027224200605342606,0.0068920611678829295,0.6176,0.0,0.0,0.2988,0.0836
porto,21,support,random_dirichlet_budget,66,66,2,3.751928025138069,108.49586910403674,1.2294207272130033,1.2091344203027519,,,0.0,1.3012435202270738,0.0,0.0,0.0,1.0,0.0,,,1.954810821636618,0.6095828869993265,1.1139129786181183,0.032150988475978526,0.2197,0.029,0.0063,0.6701,0.0749
porto,21,support,design_runs,66,66,3,0.044736119827090554,163.18934376492837,0.4201255467124401,0.130307893572079,0.7445555478773046,1.1740978842100134,0.8104705463040836,1.3012435202270738,0.6228430987019649,0.015151515151515152,0.3333333333333333,0.6666666666666666,0.0,0.63,0.6755112834486559,1.7999999999999998,0.2476154819917595,0.22112832689536685,0.0,0.7778,0.0,0.0,0.1111,0.1111
porto,21,support,single_objective_refs,7,7,5,0.00026827877335205025,11.495393044288557,0.15144197537292606,0.009849703151651932,0.4627165562546543,2.189132428784558,1.2231730531287814,1.3012435202270738,0.9400031847346539,0.2857142857142857,0.4,0.6,0.0,0.505,0.485944713141593,2.1978814517320715,0.0005890709449768119,0.0,0.0,0.7259,0.0004,0.0057,0.2098,0.0582
porto,22,weighted,nbi_A,66,3,2,0.025982964253203324,0.09421220062143647,0.3337986170219328,0.1214788291503247,,,0.9286372354946744,1.2608310745936786,0.7365278776888818,0.0,0.0,1.0,0.0,,,1.4797199722307748,0.12001174082951406,0.10649434857786157,2.60991205041384e-09,0.786,0.0,0.0,0.214,0.0
porto,22,weighted,nbi_B,66,66,54,0.0357329359431685,0.05112546118956088,0.06277362941537423,0.04566707849152582,0.06600824409671001,1.9316862549288243,1.13373194787413,1.2608310745936786,0.8991941670215352,0.07575757575757576,0.09259259259259259,0.9074074074074074,0.0,1.0,0.029112056626390645,1.6651577066557905,3.5246926425304807e-06,7.656199642261134e-07,2.60991205041384e-09,0.7354,0.0006,0.0032,0.2195,0.0414
porto,22,weighted,nbi_C,66,65,54,0.005167316921022506,0.009769736635534784,0.015134400517351968,0.005209995328285659,0.033923071485588145,0.8010315364007451,1.2472253722795843,1.2608310745936786,0.9892089411593231,0.5692307692307692,0.6851851851851852,0.3148148148148148,0.0,0.74,0.03011155903909733,2.2218914999054085,3.5246926425304807e-06,7.656199642261134e-07,2.60991205041384e-09,0.6437,0.0011,0.0077,0.2492,0.0982
porto,22,weighted,ws_random_scalarization,66,66,22,0.017469470729528706,0.034995193733548244,0.19719011058806854,0.0681831338132386,0.10660405604214211,1.722023799131454,1.0389563963986437,1.2608310745936786,0.8240250556431302,0.06060606060606061,0.18181818181818182,0.8181818181818182,0.0,0.895,0.0728383215794816,1.65880840928948,0.11640574652598272,0.09583053189584771,2.6099150012973208e-09,0.755,0.0,0.0,0.2026,0.0424
porto,22,weighted,random_dirichlet_budget,66,66,8,41.67309199714917,94.12174701806563,1.7901866454877764,1.7863190088488998,77.20029650361236,2.394910360888215,0.0,1.2608310745936786,0.0,0.0,0.0,1.0,0.0,1.0,0.20532460271658626,2.6162985971557204,0.6389056935885307,1.3244277799730138,0.20257648156666844,0.3701,0.0978,0.0307,0.2868,0.2146
porto,22,weighted,design_runs,66,66,3,0.03918516710816659,167.692290349125,0.3157933875218116,0.1212299986736429,0.9642502591468755,1.449460307320658,0.9172077088421852,1.2608310745936786,0.7274628039587054,0.0,0.0,1.0,0.0,0.915,0.4472105042343148,1.7999999999999998,0.13625251536629032,0.13203119879929753,2.60991205041384e-09,0.7222,0.0,0.0,0.2778,0.0
porto,22,weighted,single_objective_refs,7,7,5,0.010363475812889388,11.739352853790953,0.21934422654088145,0.0964130480440244,0.3060738466153967,1.068889324523695,1.0305881356440107,1.2608310745936786,0.817387956571528,0.42857142857142855,0.6,0.4,0.0,0.6,0.30546757900256355,1.95891012283827,1.4015894294211477e-06,7.355864978640813e-07,2.609912024753984e-09,0.7228,0.0001,0.0107,0.2354,0.031
porto,22,support,nbi_A,66,3,2,0.0028289489648595538,0.06926001060527846,0.5399870822944987,0.0894916170887357,,,1.056035872341043,1.2860930241051698,0.8211193533809931,0.3333333333333333,0.5,0.5,0.0,,,1.4797199722307748,0.1204921455758613,0.10294803277921154,9.695415447320554e-11,0.786,0.0,0.0,0.214,0.0
porto,22,support,nbi_B,66,66,7,0.030066366230747803,0.14446686955773025,0.0456648676998281,0.014845437040006104,0.628547240148671,2.2144495669994106,1.0778532585289498,1.2860930241051698,0.8380834343447995,0.015151515151515152,0.14285714285714285,0.8571428571428571,0.0,0.78,0.3892759613839079,1.9181685501225578,3.538801921032592e-06,7.401244312597625e-07,9.695415447320554e-11,0.6511,0.0006,0.0111,0.3061,0.031
porto,22,support,nbi_C,66,65,13,0.004306421512433769,0.08031068547074749,0.02562491715616604,0.004109723158912465,0.33098802021364715,2.009112954768097,1.2371800798640613,1.2860930241051698,0.9619678022317703,0.15384615384615385,0.7692307692307693,0.23076923076923078,0.0,0.925,0.15106481802433225,2.378579337877551,3.538801921032592e-06,7.401244312597625e-07,9.695415447320554e-11,0.5843,0.0002,0.0209,0.321,0.0736
porto,22,support,ws_random_scalarization,66,66,8,0.010203921347939394,0.040832096305243024,0.5093881261359583,0.08309633392802447,0.19765816211013654,2.79787146412753,1.0724970477785063,1.2860930241051698,0.8339187194679964,0.0,0.0,1.0,0.0,0.245,0.30121788543412864,1.91065970458492,0.1168717165448046,0.09263932659910085,9.695415447320554e-11,0.7345,0.0,0.0,0.2516,0.0139
porto,22,support,random_dirichlet_budget,66,66,2,2.836589919666765,90.17721137024158,1.382969602754397,1.370042804384389,,,0.0,1.2860930241051698,0.0,0.0,0.0,1.0,0.0,,,2.4629149043322354,0.6414632210899792,1.2803236634352684,0.9880013119161012,0.488,0.0233,0.0379,0.1427,0.3081
porto,22,support,design_runs,66,66,2,0.017621683449498358,160.39191672852908,0.5482738930672997,0.10965171382806398,,,1.0127557268320688,1.2860930241051698,0.7874669311239892,0.0,0.0,1.0,0.0,,,1.5,0.1367979316283267,0.1276344929414809,9.695415447320554e-11,0.75,0.0,0.0,0.25,0.0
porto,22,support,single_objective_refs,7,7,5,0.0022653013924366617,11.307860264763411,0.04397514322300155,0.012259009581675999,0.5339626276999673,2.191026890328039,1.0793741533898218,1.2860930241051698,0.8392660042152257,0.2857142857142857,0.4,0.6,0.0,0.53,0.5404578654973494,1.95891012283827,1.4071999656042744e-06,7.110910945540946e-07,9.695415351998196e-11,0.7228,0.0001,0.0107,0.2354,0.031
porto,23,weighted,nbi_A,66,65,11,0.12180182523797534,8.711399884737096,0.21911185592575488,0.14718323882243936,0.008110137087293398,0.0397020405559009,0.8338158632392838,1.2104998479808509,0.6888194696018451,0.015384615384615385,0.09090909090909091,0.9090909090909091,0.0,0.0,0.15443566270181822,1.3224269543215403,0.16048478470078442,0.1009767367841783,0.0,0.8376,0.0,0.0181,0.1442,0.0
porto,23,weighted,nbi_B,66,66,64,0.011473991104203081,0.011293405984484825,0.02072131745558711,0.009423293679064417,0.04714039001561385,1.4955429627200796,1.179272392421244,1.2104998479808509,0.9742028422294351,0.42424242424242425,0.4375,0.5625,0.0,1.0,0.023024739054785498,2.5191696902065868,1.896282818389623e-06,1.495633800445471e-05,0.0,0.5897,0.0,0.0343,0.2846,0.0914
porto,23,weighted,nbi_C,66,61,46,0.05653133560616815,0.07561267572586723,0.06708457332695969,0.05593348776119252,0.04726109164363829,1.0821679154511696,1.0619833268230137,1.2104998479808509,0.8773097564567504,0.2786885245901639,0.3695652173913043,0.6304347826086957,0.0,0.985,0.03247774693859331,2.7453512246465372,1.896282818389623e-06,1.495633800445471e-05,0.0,0.5523,0.0006,0.0508,0.279,0.1173
porto,23,weighted,ws_random_scalarization,66,66,4,0.04873918644748035,41.10255483270325,0.33218669557604363,0.15125343094871066,0.08030810667145606,0.23626984622562947,0.7391917867352129,1.2104998479808509,0.6106500450770038,0.0,0.0,1.0,0.0,0.065,0.4015922045312238,1.2339537770206115,0.3108843472915585,0.22885371389689105,2.7211672143763245e-05,0.8685,0.0009,0.0,0.1306,0.0
porto,23,weighted,random_dirichlet_budget,66,66,5,51.057991690238445,117.91043762682594,1.2865643118581949,1.2826010031120785,13.060143908852332,0.7787742796799986,0.0,1.2104998479808509,0.0,0.0,0.0,1.0,0.0,1.0,0.31870890113521066,2.672554026018356,0.9015410458315718,1.3444905281712711,0.01370860852030688,0.3223,0.1105,0.021,0.446,0.1002
porto,23,weighted,design_runs,66,66,3,0.012463754967715032,189.98346908170345,0.3500087041631357,0.12359430950837043,0.8247339337483545,1.468115277652677,0.8143242822085902,1.2104998479808509,0.6727173766827867,0.015151515151515152,0.3333333333333333,0.6666666666666666,0.0,0.845,0.42823127807733946,1.7999999999999998,0.2668428629445775,0.18203103387774464,0.0,0.7222,0.0,0.0,0.2778,0.0
porto,23,weighted,single_objective_refs,7,7,5,0.01774271019810072,21.032676373473606,0.24554516823035005,0.18366549686218892,0.2766780623435678,1.1269115030145376,0.8223491305089342,1.2104998479808509,0.6793467441409733,0.14285714285714285,0.2,0.8,0.0,0.465,0.3217962441343288,2.0605937982440876,0.0,1.5004677885028732e-05,0.0,0.7122,0.0,0.0495,0.2148,0.0234
porto,23,support,nbi_A,66,65,3,0.3622832451945934,9.070101963335203,0.24610071303094913,0.24558869400489122,0.32359164658620154,0.25437059107340426,0.11051599253565934,1.0070903542580256,0.1097379118650005,0.015384615384615385,0.3333333333333333,0.6666666666666666,0.0,0.355,0.8764517001652004,1.052891705332073,0.16048478470078442,0.10127160390397905,0.0,0.851,0.0009,0.0197,0.1285,0.0
porto,23,support,nbi_B,66,66,11,0.0028429786860699373,0.09377889567993036,0.03677355977115508,0.009417435169791377,0.604114739278333,2.205336516494446,0.8883902994987716,1.0070903542580256,0.882135645270174,0.06060606060606061,0.36363636363636365,0.6363636363636364,0.0,0.99,0.26358481882584106,2.6765339343605237,1.896282818389623e-06,1.5000012740345275e-05,0.0,0.5287,0.0,0.0857,0.3278,0.0579
porto,23,support,nbi_C,66,61,15,0.04422004075009108,0.13685240680547162,0.05207377143590538,0.03801574933554448,0.11322904350758003,2.0243805653853966,0.6202633762268434,1.0070903542580256,0.615896452194523,0.19672131147540983,0.8,0.2,0.0,0.295,0.1731910524228356,2.6472588930532694,1.896282818389623e-06,1.5000012740345275e-05,0.0,0.5679,0.0004,0.0773,0.2932,0.0612
porto,23,support,ws_random_scalarization,66,66,2,0.1186408438113221,41.23179623781065,0.7379308609040315,0.25153558393625763,,,0.7429560899458656,1.0070903542580256,0.7377253558279177,0.0,0.0,1.0,0.0,,,1.3899835525905877,0.3108843472915585,0.22952200084714883,0.006681356130822524,0.8377,0.0019,0.0,0.1604,0.0
porto,23,support,random_dirichlet_budget,66,66,1,1.0694176155206794,118.16156921688287,1.4895578246505063,1.4887555288310785,,,0.0,1.0070903542580256,0.0,0.0,0.0,1.0,0.0,,,1.6881894146005034,0.9015410458315718,1.3484166408806626,1.00668133321015,0.155,0.0109,0.0665,0.7507,0.0168
porto,23,support,design_runs,66,66,2,0.010725758217967023,190.23017737623735,0.6814825809944898,0.2008743336753231,,,0.8269225947218899,1.0070903542580256,0.8211006998782404,0.015151515151515152,0.5,0.5,0.0,,,1.5,0.2668428629445775,0.1825625916244423,0.0,0.75,0.0,0.0,0.25,0.0
porto,23,support,single_objective_refs,7,7,5,0.02058631637191129,21.095632548032476,0.14942202723959744,0.14074765598994848,0.10903072665262953,1.7606501217381536,0.1375140869242313,1.0070903542580256,0.13654592792276804,0.14285714285714285,0.2,0.8,0.0,0.24,0.6074226068824029,2.0605937982440876,0.0,1.5048493780574582e-05,0.0,0.7122,0.0,0.0495,0.2148,0.0234
porto,24,weighted,nbi_A,66,3,2,0.02521668626535285,0.10564739141600415,0.38960572425499107,0.14107338137523917,,,0.9016099119626946,1.2569201319861212,0.7173167880905977,0.0,0.0,1.0,0.0,,,1.4040838525146997,0.16170471087023466,0.12354761139785894,4.7494239723914826e-09,0.8314,0.0,0.0,0.1686,0.0
porto,24,weighted,nbi_B,66,66,66,0.03903569932514876,0.03903569932514876,0.13965946026680018,0.11116182595541298,0.045274891803396854,2.344760165780669,0.9575653114334535,1.2569201319861212,0.7618346520716137,0.0,0.0,1.0,0.0,0.995,0.027949221570610517,1.371244608654461,0.0005983310727243609,7.31022394744998e-06,4.7494239723914826e-09,0.8348,0.0004,0.0009,0.1464,0.0176
porto,24,weighted,nbi_C,66,66,66,0.00861813113452174,0.00861813113452174,0.019735949524413963,0.004752113223347912,0.032930170129993545,1.330308786797134,1.2461593433986644,1.2569201319861212,0.9914387650307954,0.6666666666666666,0.6666666666666666,0.3333333333333333,0.0,0.9,0.02727965414089316,2.1871373767469366,0.0,7.31022394744998e-06,4.7494239723914826e-09,0.6901,0.0,0.0093,0.2384,0.0622
porto,24,weighted,ws_random_scalarization,66,66,66,0.0477780681102761,0.0477780681102761,0.3172973857898586,0.1201537397202549,0.11081592374207411,4.552072342108924,0.9500918232741372,1.2569201319861212,0.7558887785279169,0.015151515151515152,0.015151515151515152,0.9848484848484849,0.0,1.0,0.02709235849232143,1.7783033736720582,0.16176490103784197,0.12364148579257593,0.0003276479377721461,0.6939,0.0,0.0,0.3054,0.0007
porto,24,weighted,random_dirichlet_budget,66,66,4,193.03564315230926,202.6700458206261,2.1800240269978115,2.1709786735303997,293.50951012223726,1.7259510216282792,0.0,1.2569201319861212,0.0,0.0,0.0,1.0,0.0,1.0,0.40996038713639066,3.0083010466787496,0.5068779790552776,0.5862391715135412,0.06709506700579101,0.2607,0.182,0.0326,0.3076,0.2171
porto,24,weighted,design_runs,66,66,2,0.024827969138391158,296.3102309742772,0.3907656086800412,0.14277801255761638,,,0.8980833937656914,1.2569201319861212,0.7145111060848279,0.0,0.0,1.0,0.0,,,1.4,0.16434746729626573,0.12592227836591122,4.7494239723914826e-09,0.8333,0.0,0.0,0.1667,0.0
porto,24,weighted,single_objective_refs,7,7,5,0.010089012071317089,21.90533745970239,0.20961825429118566,0.10307927902224591,0.40140569389111275,1.4690426603986226,0.9875544745477518,1.2569201319861212,0.785693895273416,0.2857142857142857,0.4,0.6,0.0,0.635,0.3707103681117904,1.8082963779537535,0.0005957806418810294,7.408743757783426e-06,4.7494239723914826e-09,0.7613,0.0,0.0117,0.1988,0.0281
porto,24,support,nbi_A,66,3,2,0.00980171930988988,0.055371364421943174,0.42214584077142847,0.08346493228330107,,,0.9948878247825563,1.265786651746414,0.7859838175808721,0.0,0.0,1.0,0.0,,,1.4040838525146997,0.16170471087023466,0.11990447623366063,1.7156465468732292e-10,0.8314,0.0,0.0,0.1686,0.0
porto,24,support,nbi_B,66,66,4,0.028576623380011892,0.2116325873710605,0.1023160022391756,0.03069318779709556,0.8575947595360465,1.153857987629949,0.9025714366988555,1.265786651746414,0.7130517891412205,0.0,0.0,1.0,0.0,0.61,0.6462306001364355,1.9701595830673488,0.0005983310727243609,7.09466224115882e-06,1.7156465468732292e-10,0.7165,0.0002,0.0147,0.2335,0.0351
porto,24,support,nbi_C,66,66,9,8.737800011491716e-07,0.07017558545494453,0.08565841442444871,0.0049501757409943815,0.6944263579828441,2.1036815443077526,1.251509538732536,1.265786651746414,0.9887207587517376,0.10606060606060606,0.7777777777777778,0.2222222222222222,0.0,0.995,0.24966912459096371,2.2604267546233427,0.0,7.09466224115882e-06,1.7156465468732292e-10,0.6223,0.0,0.0238,0.2923,0.0616
porto,24,support,ws_random_scalarization,66,66,2,0.009856162230948545,0.04915548327787484,0.43242672756339523,0.08461998714462886,,,0.9948156593588883,1.265786651746414,0.785926805268751,0.015151515151515152,0.5,0.5,0.0,,,1.4142017330400143,0.16176490103784197,0.11999558248818826,0.0070163946389369194,0.8264,0.0,0.0,0.1685,0.0051
porto,24,support,random_dirichlet_budget,66,66,1,0.7593951706353047,195.94836045827932,1.0186408968016,0.9498475535799061,,,0.029395899363294984,1.265786651746414,0.023223423412418887,0.0,0.0,1.0,0.0,,,2.8181691800711945,0.5068779790552776,0.5689523254449941,1.0066725946261388,0.2941,0.0055,0.0828,0.4969,0.1208
porto,24,support,design_runs,66,66,2,0.011526887882496097,286.004563670749,0.4228956404060198,0.08514493350912501,,,0.9897540702187708,1.265786651746414,0.7819280357026998,0.0,0.0,1.0,0.0,,,1.4,0.16434746729626573,0.12220911972949285,1.7156465468732292e-10,0.8333,0.0,0.0,0.1667,0.0
porto,24,support,single_objective_refs,7,7,5,0.003907994434475199,21.2385047466874,0.08838549747177797,0.016759026424884832,0.5625348349342377,2.2216152046387907,1.0239650392820976,1.265786651746414,0.8089554727641711,0.2857142857142857,0.4,0.6,0.0,0.63,0.519577614140006,1.8082963779537535,0.0005957806418810294,7.190276928670911e-06,1.7156465468732292e-10,0.7613,0.0,0.0117,0.1988,0.0281
porto,25,weighted,nbi_A,66,3,2,0.029469658852532162,0.09038793733200655,0.3557295580785196,0.11898686666915338,,,0.9474706682593018,1.2574239733968042,0.7535013553939212,0.0,0.0,1.0,0.0,,,1.47854345878057,0.12176984238416667,0.08040901746975355,3.825615790238367e-09,0.787,0.0,0.0,0.213,0.0
porto,25,weighted,nbi_B,66,66,56,0.037252424622569405,0.04812337340779758,0.06638220698328873,0.04062525288926566,0.06239652880495759,1.7944510708403645,1.1376109109950463,1.2574239733968042,0.90471546197891,0.10606060606060606,0.125,0.875,0.0,1.0,0.03160967749243511,1.6825555297892065,5.21521017105159e-06,0.0,3.825615790238367e-09,0.7275,0.001,0.0033,0.2288,0.0394
porto,25,weighted,nbi_C,66,62,60,0.000697375518147768,0.0008980201114814114,0.015564876145306501,0.0016803975718381887,0.03202075065800784,0.898155188826073,1.2539261336573126,1.2574239733968042,0.9972182495216451,0.8709677419354839,0.9,0.1,0.0,0.565,0.03069932394062045,2.213341924705758,5.21521017105159e-06,0.0,3.825615790238367e-09,0.6448,0.0009,0.0073,0.2617,0.0854
porto,25,weighted,ws_random_scalarization,66,66,25,0.03676910822551154,0.2100094927460041,0.24688837106223843,0.08172493935186352,0.08749644670660552,2.3876109190382855,1.023976567757904,1.2574239733968042,0.8143447154039337,0.0,0.0,1.0,0.0,0.795,0.06781775544922508,1.8250477407955652,0.12101033263144685,0.08038184837306485,3.825615790238367e-09,0.7351,0.0,0.0,0.2627,0.0021
porto,25,weighted,random_dirichlet_budget,66,66,4,2.8853590403913074,153.7975239220391,1.8529193742138637,1.7985797063961273,1.4138655719011943,0.5609083049060307,0.0,1.2574239733968042,0.0,0.0,0.0,1.0,0.0,1.0,0.3641814017194303,2.671396464077012,0.08911249753857146,0.10494112025493287,0.1319777664607054,0.4019,0.0165,0.0571,0.4292,0.0953
porto,25,weighted,design_runs,66,66,3,0.04509248058493647,206.85315627709383,0.3416290987155102,0.12165815521671625,0.9378690887655651,1.4613743811656117,0.9341879331219928,1.2574239733968042,0.7429379055008616,0.0,0.0,1.0,0.0,0.835,0.48550010374532887,1.7999999999999998,0.14042673989632823,0.10679615206735761,3.825615790238367e-09,0.7222,0.0,0.0,0.2778,0.0
porto,25,weighted,single_objective_refs,7,7,5,0.011789517449734072,14.830604273637087,0.21004601457793937,0.0920477791067434,0.30775420695951106,1.1324886952621027,1.0281650242683682,1.2574239733968042,0.8176756973154281,0.14285714285714285,0.2,0.8,0.0,0.635,0.28274330818663457,1.9570401526312404,3.4438736123731597e-06,7.126289759115552e-09,3.825615817877697e-09,0.7229,0.0005,0.0101,0.2367,0.0297
porto,25,support,nbi_A,66,3,2,0.010599129496721678,0.12061424825738426,0.44227790048624877,0.06994495530198507,,,1.083243299416916,1.2844691522741656,0.8433392872837957,0.3333333333333333,0.5,0.5,0.0,,,1.47854345878057,0.1241064347544769,0.07441932895814356,1.3044516210666622e-10,0.787,0.0,0.0,0.213,0.0
porto,25,support,nbi_B,66,66,6,0.02432040392364217,0.14145185663530035,0.045738708836335545,0.01702212629127173,0.6656171329554508,2.1014695152251766,1.10602590141773,1.2844691522741656,0.8610762659885604,0.030303030303030304,0.3333333333333333,0.6666666666666666,0.0,0.865,0.3847815248180852,2.009138347703402,5.315282734640847e-06,0.0,1.3044516210666622e-10,0.6318,0.0011,0.0124,0.3285,0.0262
porto,25,support,nbi_C,66,62,12,0.014869446216779984,0.069045337716812,0.05836059579725539,0.0032022919017128714,0.2932462404235334,2.1982639954889045,1.2721371233464396,1.2844691522741656,0.9903991241004955,0.12903225806451613,0.6666666666666666,0.3333333333333333,0.0,0.805,0.17256889253130495,2.3742213965961776,5.315282734640847e-06,0.0,1.3044516210666622e-10,0.5961,0.0007,0.0192,0.3171,0.0668
porto,25,support,ws_random_scalarization,66,66,10,0.012718955396066014,0.1671475691704791,0.44212282879457165,0.0696853817418308,0.00030965242475701173,1.947141561493089,1.0841284691701691,1.2844691522741656,0.8440284200291683,0.06060606060606061,0.4,0.6,0.0,0.0,0.19674112638140534,1.0,0.12333235107558098,0.07439418369449532,1.3044516210666622e-10,0.8284,0.0,0.0,0.1716,0.0
porto,25,support,random_dirichlet_budget,66,66,3,1.6201875340665735,140.96683534591688,0.7438715993715168,0.6466510006335427,4.233641568652549,1.6860199339754387,0.10110301868166785,1.2844691522741656,0.07871190873106133,0.0,0.0,1.0,0.0,1.0,0.6220239506948078,2.6470225359197777,0.09082244129616468,0.09712402906086506,0.031695129696808794,0.4723,0.0134,0.0599,0.3934,0.0611
porto,25,support,design_runs,66,66,2,0.025504773558679153,189.6267047640371,0.45510585047235774,0.0929622769730345,,,1.0368618562839558,1.2844691522741656,0.8072298618056972,0.0,0.0,1.0,0.0,,,1.5,0.14312133194477752,0.09884087907372074,1.3044516210666622e-10,0.75,0.0,0.0,0.25,0.0
porto,25,support,single_objective_refs,7,7,5,0.008479624547701316,13.683985263802132,0.043129530055144215,0.013518764741386625,0.5181321054592447,2.1465032579225927,1.105483379629781,1.2844691522741656,0.8606538955587306,0.2857142857142857,0.4,0.6,0.0,0.56,0.4685325177955823,1.9570401526312404,3.5099567134877765e-06,6.595450591523007e-09,1.3044516304910713e-10,0.7229,0.0005,0.0101,0.2367,0.0297
porto,26,weighted,nbi_A,66,62,11,0.11914814709543022,14.518277585246732,0.2096474906472306,0.08741318816311808,0.12245499942771014,0.5776453806142926,1.0182388723264804,1.2591381740442724,0.8086792167184966,0.0,0.0,1.0,0.0,0.34,0.1645570252592298,1.3969159615986695,0.09826797078551933,0.05793265391438233,0.0,0.8228,0.0053,0.0,0.1684,0.0035
porto,26,weighted,nbi_B,66,66,44,0.009865798185275115,0.017247634377913833,0.031945855295430155,0.008717534960367677,0.04582763519538371,1.0533941518658652,1.2373722363146975,1.2591381740442724,0.9827136225568762,0.3484848484848485,0.5227272727272727,0.4772727272727273,0.0,0.8,0.037616351674201826,1.887664655159873,0.00021097676313332127,1.2206245715030055e-05,0.0,0.6972,0.0001,0.0025,0.1836,0.1165
porto,26,weighted,nbi_C,66,66,63,0.006549827633731597,0.007259863636756138,0.019478801835197807,0.004351011365845902,0.0324805058704634,0.8264180471235012,1.2507903482217846,1.2591381740442724,0.9933702067060082,0.7424242424242424,0.7777777777777778,0.2222222222222222,0.0,0.715,0.029296866486254257,2.0706570567783404,0.0,1.2206245715030055e-05,0.0,0.6853,0.0,0.0062,0.2349,0.0736
porto,26,weighted,ws_random_scalarization,66,66,4,8.192815130029489,47.85465676876016,0.4262605840593127,0.11819180689820803,5.530622661172765,1.1238319636081902,0.9535129568741604,1.2591381740442724,0.7572742821477145,0.0,0.0,1.0,0.0,1.0,0.3676046201189615,1.551744315930586,0.12816981060828161,0.08310574468335163,0.002031928722969354,0.7775,0.0285,0.0,0.1914,0.0026
porto,26,weighted,random_dirichlet_budget,66,66,3,99.95397210942942,141.58955149877505,0.6108531329118,0.5405805020640968,32.019842052969715,0.31358639041300257,0.29893679021564307,1.2591381740442724,0.23741380920528915,0.0,0.0,1.0,0.0,1.0,0.3998946071097905,2.798296983085487,0.3094908368905792,0.43403943206992046,0.3243913019145655,0.2132,0.1633,0.0056,0.5017,0.1162
porto,26,weighted,design_runs,66,66,2,0.031796621646799916,214.54943478813078,0.3153548586017951,0.1418242548535506,,,0.8682968805219072,1.2591381740442724,0.6895961844544768,0.0,0.0,1.0,0.0,,,1.4,0.1752198241757856,0.12364887621024748,0.0,0.8333,0.0,0.0,0.1667,0.0
porto,26,weighted,single_objective_refs,7,7,5,0.019962821838775097,23.427273939716915,0.2096714369064939,0.08398655000828724,0.28098346698396176,0.9440785263631579,1.0632150428636065,1.2591381740442724,0.8443990221094059,0.42857142857142855,0.6,0.4,0.0,0.48,0.31768036506436664,1.9591942043302963,0.00020922045291672442,1.2191503912330702e-05,0.0,0.7418,0.0,0.0084,0.2139,0.0358
porto,26,support,nbi_A,66,62,3,0.04548628036517066,14.920917606807452,0.6327284853943899,0.06902246923162067,0.8379885217393216,1.2273470709526286,1.1264103354589796,1.2950080749661006,0.8698095071634713,0.0,0.0,1.0,0.0,0.405,0.948666116703895,1.7391269725717504,0.09826797078551933,0.05932412638273782,0.0,0.768,0.0,0.0001,0.2256,0.0063
porto,26,support,nbi_B,66,66,7,0.03226779071985833,0.09718125466275852,0.09479998229057042,0.007509739893745186,0.11321524113023562,1.5264190770686477,1.2442133473029378,1.2950080749661006,0.9607765166526143,0.015151515151515152,0.14285714285714285,0.8571428571428571,0.0,0.13,0.3671045724269507,2.3475973087524697,0.00021097676313332127,1.2499425013868114e-05,0.0,0.66,0.0008,0.0095,0.2551,0.0745
porto,26,support,nbi_C,66,66,12,1.383152851512174e-13,0.0748806192423642,0.10655853803553403,0.004575025517959823,0.6170769622532288,2.477064005742009,1.2838572983179601,1.2950080749661006,0.9913894153529256,0.16666666666666666,0.9166666666666666,0.08333333333333333,0.0,0.995,0.1909042932936201,2.2968296319540844,0.0,1.2499425013868114e-05,0.0,0.5896,0.0,0.017,0.3201,0.0734
porto,26,support,ws_random_scalarization,66,66,3,7.192492468075549,49.022417303334244,0.8670915346229316,0.09427357529911448,14.128775685440463,1.706158276650724,1.0659619309059734,1.2950080749661006,0.8231314935498584,0.0,0.0,1.0,0.0,1.0,0.9392749888431741,1.7620016345120302,0.12816981060828161,0.08510184442806497,0.006744062810490449,0.7511,0.0222,0.0,0.2232,0.0035
porto,26,support,random_dirichlet_budget,66,66,2,33.51304101072747,143.7689043712452,0.8317651189492332,0.7636261247292037,,,0.04832585997898286,1.2950080749661006,0.03731703370285771,0.0,0.0,1.0,0.0,,,2.3337461950837217,0.3094908368905792,0.4444645356876232,0.9997296714231028,0.2394,0.0729,0.3604,0.2394,0.0879
porto,26,support,design_runs,66,66,2,0.019151396727480847,217.35888642561162,0.6511281234329535,0.1309012513060275,,,0.9738000309476569,1.2950080749661006,0.7519644469963231,0.0,0.0,1.0,0.0,,,1.4,0.1752198241757856,0.12661877307090108,0.0,0.8333,0.0,0.0,0.1667,0.0
porto,26,support,single_objective_refs,7,7,5,0.012889927120527573,23.96145795253441,0.11081951921356531,0.012410601783104954,0.4993906658123791,2.1667833179986427,1.1372158214126045,1.2950080749661006,0.87815345973219,0.42857142857142855,0.6,0.4,0.0,0.655,0.5026893186826006,1.9591942043302963,0.00020922045291672442,1.2484329130849561e-05,0.0,0.7418,0.0,0.0084,0.2139,0.0358
porto,27,weighted,nbi_A,66,61,10,0.1466620770102121,13.452570349952772,0.2891858471467466,0.09639016784150886,0.06514469665093212,0.2479242205448757,0.9680034021549032,1.2438919427290254,0.778205380148344,0.0,0.0,1.0,0.0,0.04,0.17047843132889032,1.437679064137867,0.18300054342187597,0.10672021765576974,1.6232228343207005e-09,0.8108,0.0058,0.0,0.169,0.0144
porto,27,weighted,nbi_B,66,66,59,0.023143010663713593,0.0704156659952824,0.04584566496785834,0.026129367486676797,0.0788908481549072,3.495381925597499,1.1676460126107735,1.2438919427290254,0.9387037350278411,0.22727272727272727,0.2542372881355932,0.7457627118644068,0.0,1.0,0.02793973534796744,2.441942868235427,5.887783227190309e-07,1.6928840469424943e-05,1.6232228343207005e-09,0.6245,0.0002,0.0183,0.2257,0.1313
porto,27,weighted,nbi_C,66,66,63,0.002737250656602403,0.0037710857139462797,0.026479506273424307,0.0071738775326159795,0.0559796845545619,2.043003485132354,1.2191554616595932,1.2438919427290254,0.980113641531304,0.8181818181818182,0.8571428571428571,0.14285714285714285,0.0,1.0,0.026275947048622746,2.4139421609894574,5.887783227190309e-07,1.6928840469424943e-05,1.6232228343207005e-09,0.6315,0.0002,0.0289,0.2382,0.1012
porto,27,weighted,ws_random_scalarization,66,66,4,5.310973458941262,40.48606380724488,0.4417330394030213,0.10546601914765157,10.616314256023411,1.7829651726665667,0.9531057957507157,1.2438919427290254,0.7662287719781012,0.0,0.0,1.0,0.0,1.0,0.34944914957504236,1.7900080109957608,0.18453018948611974,0.10762537003424029,0.0007566812314271608,0.7292,0.0231,0.0,0.2347,0.013
porto,27,weighted,random_dirichlet_budget,66,66,4,31.272118988753597,122.03160224310554,0.7946781976850019,0.768837210155616,2.6133195377638394,0.20016615015113665,0.12235790072283027,1.2438919427290254,0.09836698552318321,0.0,0.0,1.0,0.0,1.0,0.36476171460967505,2.404700040744695,0.46534977350322354,0.6342449455909374,0.10155041694919416,0.3483,0.0877,0.0328,0.2469,0.2843
porto,27,weighted,design_runs,66,66,3,0.10560379739256655,170.56681129179285,0.40647843002800615,0.17839900694170413,0.5889440858949092,0.764088347730787,0.7724659089767651,1.2438919427290254,0.6210072454380728,0.0,0.0,1.0,0.0,0.71,0.40467723554354984,1.7999999999999998,0.2938046972514211,0.18845816860283093,1.6232228343207005e-09,0.7778,0.0,0.0,0.1111,0.1111
porto,27,weighted,single_objective_refs,7,7,5,0.005503562186894827,18.46716594747901,0.23371068197098605,0.07693145922374332,0.45599357011836417,1.6239578972299946,1.0268051634372195,1.2438919427290254,0.8254777832103886,0.42857142857142855,0.6,0.4,0.0,0.795,0.30925902625907314,1.9794006399709136,0.0,1.6840394691720995e-05,1.6232228343207005e-09,0.7437,0.0003,0.0307,0.1855,0.0398
porto,27,support,nbi_A,66,61,3,0.07395171112362742,14.777551377158613,0.6176924733048753,0.12405856413876817,0.540733041528063,0.7827304090496655,0.9684847034106563,1.1207964685646865,0.8641039926284889,0.0,0.0,1.0,0.0,0.36,0.8740847849539308,1.6224705965897932,0.1839991349858967,0.11645812485154797,1.368723369855455e-10,0.7872,0.0005,0.0,0.2011,0.0112
porto,27,support,nbi_B,66,66,8,0.04542665413438797,0.14778858686249585,0.028300623260909305,0.009737390001482603,0.22163720306715365,2.2526410361976024,0.9820929332243921,1.1207964685646865,0.8762455635518545,0.015151515151515152,0.125,0.875,0.0,0.175,0.31584568987942485,1.8558529590348947,5.919911496055068e-07,1.8473547564711517e-05,1.368723369855455e-10,0.7199,0.0013,0.0192,0.1602,0.0993
porto,27,support,nbi_C,66,66,14,0.018013927254075697,0.06727849364927012,0.06908620665190478,0.005176695379831565,0.3256046061019044,2.4897583731778523,1.0695383363112794,1.1207964685646865,0.9542663331915657,0.15151515151515152,0.7142857142857143,0.2857142857142857,0.0,0.975,0.16558128983754536,2.4684044655722364,5.919911496055068e-07,1.8473547564711517e-05,1.368723369855455e-10,0.6124,0.0005,0.0603,0.2528,0.0741
porto,27,support,ws_random_scalarization,66,66,3,7.787027036429233,44.26613816586116,0.7555049930317109,0.12656869395383422,12.507857039732091,1.3543802819398043,0.9654041355710514,1.1207964685646865,0.8613554402141956,0.0,0.0,1.0,0.0,1.0,0.9198230727674124,1.6980480635374786,0.1855371279742923,0.1174458697326689,0.006676798122434439,0.7566,0.0308,0.0,0.2012,0.0114
porto,27,support,random_dirichlet_budget,66,66,3,194.98472903544632,132.85927386683105,0.958855805691653,0.9264552315814824,107.16845482762456,0.5431743608265853,0.024061213701099215,1.1207964685646865,0.021467959951651586,0.0,0.0,1.0,0.0,1.0,0.9242304975631618,2.6705790467508534,0.4678890793951629,0.6921179386865624,0.9997259489006048,0.2519,0.273,0.1852,0.222,0.0679
porto,27,support,design_runs,66,66,3,0.1347927511901798,185.5894774697432,0.6558531942131489,0.20440382489295017,0.5868857127234022,0.7257889130096172,0.7783991053047067,1.1207964685646865,0.6945053157613349,0.015151515151515152,0.3333333333333333,0.6666666666666666,0.0,0.365,0.8440214449945753,1.7999999999999998,0.29540792140944216,0.205654424349424,1.368723369855455e-10,0.7778,0.0,0.0,0.1111,0.1111
porto,27,support,single_objective_refs,7,7,5,0.02074785802726999,20.18321244375503,0.10007636492881017,0.010351742849738083,0.5627846523446364,2.166753589801873,0.9992482268041034,1.1207964685646865,0.8915519051231129,0.14285714285714285,0.2,0.8,0.0,0.555,0.560759426193465,1.9794006399709136,0.0,1.837703136891755e-05,1.368723369855455e-10,0.7437,0.0003,0.0307,0.1855,0.0398
porto,28,weighted,nbi_A,66,22,13,0.02868775486142592,0.03540301608428856,0.2085913012603929,0.06255696143744759,0.06538309874789033,0.46085175971876974,1.018349242332189,1.2540184910021472,0.8120687610582014,0.045454545454545456,0.07692307692307693,0.9230769230769231,0.0,0.055,0.13795662472306114,1.4512182972767746,0.14996108978877806,0.09427628628851711,0.0,0.7868,0.0,0.0,0.2012,0.012
porto,28,weighted,nbi_B,66,66,60,0.02705255805112344,0.025400143993361712,0.059783331423310375,0.03722029207431992,0.07357755586886615,2.9682802400160244,1.1137709878097777,1.2540184910021472,0.8881615349385391,0.5,0.55,0.45,0.0,1.0,0.029020143166686507,1.8509658572332321,2.6070162806844174e-06,7.87664133455394e-06,0.0,0.6879,0.0006,0.0095,0.2309,0.0712
porto,28,weighted,nbi_C,66,65,63,0.007371432802597977,0.008400563622441608,0.026879126893097075,0.008193943809496791,0.047294553299548896,1.6339348674988126,1.2252623717655808,1.2540184910021472,0.9770688235915995,0.7230769230769231,0.746031746031746,0.25396825396825395,0.0,0.995,0.02776398136317276,2.603252101956466,2.6070162806844174e-06,7.87664133455394e-06,0.0,0.594,0.0002,0.0263,0.2576,0.1219
porto,28,weighted,ws_random_scalarization,66,66,17,0.00562591275239207,0.008969484293702722,0.23845550308198174,0.05352507820688328,0.25852433857584856,2.719856524178166,1.0390122377889282,1.2540184910021472,0.8285461859167665,0.10606060606060606,0.4117647058823529,0.5882352941176471,0.0,1.0,0.10166374278574873,1.9753334048183773,0.14417998121295364,0.0893681007220855,0.00018225545114182605,0.677,0.0,0.0,0.2603,0.0627
porto,28,weighted,random_dirichlet_budget,66,66,13,47.64263923116737,101.29223761059478,3.554652167843819,3.554652167843819,87.73924149300029,2.8184828588867603,0.0,1.2540184910021472,0.0,0.0,0.0,1.0,0.0,1.0,0.1342565536641548,3.0302941810043813,1.126696686053899,1.2714809185424174,0.14885172140995892,0.1963,0.0864,0.1043,0.4189,0.1941
porto,28,weighted,design_runs,66,66,4,0.07547981077672156,211.80201882375036,0.3226014962384895,0.13795558673202493,0.15612075640716794,0.7118414370878483,0.7964128742022569,1.2540184910021472,0.6350886210344511,0.015151515151515152,0.25,0.75,0.0,0.205,0.3536757312229776,1.7999999999999998,0.25745262805076474,0.19785046234010528,0.0,0.7083,0.0,0.0,0.2083,0.0833
porto,28,weighted,single_objective_refs,7,7,5,0.002229222576922614,15.43815271709494,0.230756266042812,0.06165893435787488,0.4065536753302607,1.4558038051211584,1.063835703714895,1.2540184910021472,0.8483413213984845,0.0,0.0,1.0,0.0,0.72,0.3072294088714537,2.1021034675346155,1.7815210084288e-06,7.83471095115435e-06,0.0,0.7093,0.0001,0.0285,0.2169,0.0451
porto,28,support,nbi_A,66,22,3,0.004570878903715928,0.16476373359093477,0.4405907542049033,0.07571730580597916,0.7856378535662083,1.212294538114114,1.0343800390558235,1.1706867304190938,0.8835668946939598,0.045454545454545456,0.3333333333333333,0.6666666666666666,0.0,0.535,0.8119341731738345,1.9311590832819354,0.14996108978877806,0.09246935871954551,0.0,0.7177,0.0,0.0,0.2693,0.0129
porto,28,support,nbi_B,66,66,4,0.0160947754439542,0.12516380256352405,0.07580974430974027,0.02062670020148718,0.8582642178476385,1.147699306201187,0.9794974092011736,1.1706867304190938,0.8366861806407625,0.015151515151515152,0.25,0.75,0.0,0.63,0.6495542503081643,2.2682013468128934,2.6070162806844174e-06,7.72567526515712e-06,0.0,0.6635,0.0003,0.0357,0.236,0.0644
porto,28,support,nbi_C,66,65,13,0.006680462804076715,0.06593937905542381,0.024971782028396946,0.006511902353669175,0.37408156405013976,2.009684776408601,1.0937681168035152,1.1706867304190938,0.9342961600085425,0.15384615384615385,0.7692307692307693,0.23076923076923078,0.0,0.995,0.16576916139946152,2.6341182307157696,2.6070162806844174e-06,7.72567526515712e-06,0.0,0.5643,0.0001,0.0552,0.2914,0.089
porto,28,support,ws_random_scalarization,66,66,2,0.03502694811248094,0.016213757996200423,0.4585878862214511,0.07168990160253065,,,1.0404159272724285,1.1706867304190938,0.8887227472886536,0.015151515151515152,0.5,0.5,0.0,,,1.5551071298700578,0.14417998121295364,0.0876552449092549,0.007001893095495992,0.7846,0.0,0.0,0.1865,0.0289
porto,28,support,random_dirichlet_budget,66,66,3,7.10174259138795,98.9242947300669,1.448469463523484,1.448469463523484,11.31395642834157,1.712374220918294,0.0,1.1706867304190938,0.0,0.0,0.0,1.0,0.0,1.0,0.8809817790523767,3.11543259065617,1.126696686053899,1.2471113340415536,0.9883748606147307,0.2334,0.0247,0.2511,0.2776,0.2131
porto,28,support,design_runs,66,66,3,0.07619709361150355,207.1544792828461,0.4768074934264007,0.15141500995129398,0.6817407002910325,0.913351569381533,0.8258767127759518,1.1706867304190938,0.7054634611603536,0.015151515151515152,0.3333333333333333,0.6666666666666666,0.0,0.49,0.8776439429213977,1.7999999999999998,0.25745262805076474,0.19405840105926483,0.0,0.7222,0.0,0.0,0.1667,0.1111
porto,28,support,single_objective_refs,7,7,5,0.0015102933610061167,15.13337450670379,0.07056735154856485,0.013415643403834079,0.5364380780667276,2.1603599745961493,1.0542682240331092,1.1706867304190938,0.900555372021422,0.0,0.0,1.0,0.0,0.59,0.5508595618249662,2.1021034675346155,1.7815210084288e-06,7.684548532057356e-06,0.0,0.7093,0.0001,0.0285,0.2169,0.0451
porto,29,weighted,nbi_A,66,66,11,0.06860698242355788,0.077341016532802,0.25109289477852625,0.17134895862231767,0.12706197998564372,2.168614706957505,0.7944605216153424,1.275189657037159,0.6230136178027296,0.0,0.0,1.0,0.0,0.375,0.1572849862681075,1.542743240233745,0.2582385615317473,0.1778382815689688,2.447085021640284e-17,0.786,0.0,0.0,0.2139,0.0
porto,29,weighted,nbi_B,66,66,19,0.01685973964869355,0.14075444246418675,0.08381757007523592,0.016282594244739084,0.17323088768742217,1.1293119526072273,1.2394023397494112,1.275189657037159,0.9719356904361207,0.13636363636363635,0.47368421052631576,0.5263157894736842,0.0,0.925,0.0958721530098246,2.2412080907167633,2.015145260789037e-06,9.265839020306922e-09,2.447085021640284e-17,0.6426,0.0,0.0029,0.2613,0.0931
porto,29,weighted,nbi_C,66,66,64,0.0018354326528335556,0.002306245944075731,0.02203575002159464,0.0030362945496926865,0.034463263050316675,0.7396773243689178,1.2701991645205306,1.275189657037159,0.996086470362202,0.8636363636363636,0.890625,0.109375,0.0,0.74,0.030551390905005502,2.5021555604632897,2.015145260789037e-06,9.265839020306922e-09,2.447085021640284e-17,0.5997,0.0,0.0088,0.2602,0.1313
porto,29,weighted,ws_random_scalarization,66,66,6,9.176881476979246e-12,0.47874858021000305,1.0507008047062436,1.018517461218169,0.0,,0.011361355902842107,1.275189657037159,0.008909542074893913,0.0,0.0,1.0,0.0,0.0,0.2595766509426805,1.0,1.0,0.9967149463377992,2.447085021640284e-17,1.0,0.0,0.0,0.0,0.0
porto,29,weighted,random_dirichlet_budget,66,66,7,88.2445637021226,116.81221728120462,4.855714602464474,4.855714602464474,60.26784559894005,1.3430354044406616,0.0,1.275189657037159,0.0,0.0,0.0,1.0,0.0,1.0,0.22791067360425238,2.6459852231153915,1.2513847646382192,1.772179226876775,0.09491216656757105,0.3296,0.1555,0.0842,0.1793,0.2513
porto,29,weighted,design_runs,66,66,5,0.1096600677886234,188.28953040978743,0.2820239384672384,0.18582443014803193,0.15173238175447304,0.45490104401728254,0.7658763920288585,1.275189657037159,0.6005980269698351,0.0,0.0,1.0,0.0,0.24,0.2889744628092752,1.7999999999999998,0.2586774313807047,0.18674038520429076,2.447085021640284e-17,0.6333,0.0,0.0,0.2333,0.1333
porto,29,weighted,single_objective_refs,7,7,4,0.0,13.600819673805798,0.42031072084916643,0.38105550975369296,0.2412935205728667,1.1547005383792515,0.5734955596877721,1.275189657037159,0.449733540828947,0.5714285714285714,1.0,0.0,0.0,0.415,0.33428195799420074,1.7617201125758648,0.0,0.0,0.0,0.7331,0.0,0.0138,0.1883,0.0647
porto,29,support,nbi_A,66,66,16,6.329867185961325e-12,0.09064487142939373,0.5716891000165931,0.17600987469737572,0.0,,0.8393035755128908,1.291057812087132,0.6500898469883912,0.07575757575757576,0.3125,0.6875,0.0,0.0,0.1396580052254064,1.0000000000198108,0.2582385615317473,0.17842441534967668,9.485834888927322e-19,0.8576,0.0,0.0,0.1423,0.0
porto,29,support,nbi_B,66,66,8,2.519662444229997e-07,0.20661599777295556,0.14534943403203612,0.006591410277403868,0.7000984272949374,2.6704559851564347,1.2793153193617726,1.291057812087132,0.9909047506506493,0.09090909090909091,0.75,0.25,0.0,0.985,0.29205380391381824,2.5054273558388944,2.015145260789037e-06,9.296378121385093e-09,9.485834888927322e-19,0.5454,0.0,0.0069,0.331,0.1167
porto,29,support,nbi_C,66,66,14,0.0001323654957154947,0.050042395732051374,0.07938093193881773,0.004502112454724153,0.33219642368634955,1.9898769571700476,1.2700116114622755,1.291057812087132,0.9836984831912111,0.16666666666666666,0.7857142857142857,0.21428571428571427,0.0,0.99,0.16233519001454857,2.61575226165517,2.015145260789037e-06,9.296378121385093e-09,9.485834888927322e-19,0.5372,0.0,0.0215,0.3228,0.1184
porto,29,support,ws_random_scalarization,66,66,7,9.207079543216473e-12,0.38478450059924346,1.2301419356928176,1.08862049326363,0.0,,0.010999999998987242,1.291057812087132,0.008520145183277714,0.0,0.0,1.0,0.0,0.0,0.33305532842724206,1.0,1.0,1.000000000009207,9.485834888927322e-19,1.0,0.0,0.0,0.0,0.0
porto,29,support,random_dirichlet_budget,66,66,4,88.85485117597462,116.33824588837841,2.066554126717882,2.066554126717882,141.4932851919647,1.7362120456489565,0.0,1.291057812087132,0.0,0.0,0.0,1.0,0.0,1.0,0.5181745082488537,2.889833519204509,1.2513847646382192,1.7780201183944904,0.03205913476145454,0.2062,0.1447,0.2157,0.163,0.2705
porto,29,support,design_runs,66,66,3,0.0019329331028551128,187.10961847768377,0.5473608182521077,0.18005435920114837,0.3909695533398966,0.5806996664760634,0.831428859597101,1.291057812087132,0.643990417635139,0.015151515151515152,0.3333333333333333,0.6666666666666666,0.0,0.325,0.6637968013480642,1.7999999999999998,0.2586774313807047,0.18735585925759907,9.485834888927322e-19,0.7222,0.0,0.0,0.1667,0.1111
porto,29,support,single_objective_refs,7,7,5,0.0,13.612057087928136,0.40091721146661197,0.393245251080096,0.023590681835826143,1.3693063937629153,0.1309545950367706,1.291057812087132,0.10143201474848643,0.7142857142857143,1.0,0.0,0.0,0.035,0.46043268786561925,1.0000000000000047,0.0,0.0,0.0,0.7865,0.0,0.011,0.1507,0.0518
uci_credit,0,weighted,nbi_A,66,19,10,0.026894126706533062,0.03057642419761879,0.29383243914719664,0.2535078133991718,0.7497866562990378,2.6406507456524793,0.6120178487124677,1.175402505028016,0.5206878886972256,0.21052631578947367,0.4,0.6,0.0,1.0,0.18088760827283035,1.4662895489667256,0.0014795349649255342,0.005175750481617064,0.0,0.1256,0.008,0.033,0.7201,0.1133
uci_credit,0,weighted,nbi_B,66,26,24,0.003959323578215826,0.003926454474397779,0.21812482948056341,0.1859086109435371,0.060856417566760274,2.83978936945646,0.7441631981713961,1.175402505028016,0.6331135036620148,0.6538461538461539,0.7083333333333334,0.2916666666666667,0.0,0.285,0.08570716195369929,1.6516285745942474,4.796417654536948e-07,0.0,0.0,0.1638,0.0054,0.0362,0.6476,0.147
uci_credit,0,weighted,nbi_C,66,64,57,0.0009207072065654954,0.002942978483768246,0.03209823138385291,0.012351191037645927,0.036006315713851315,2.8562851439755157,1.1369742454368823,1.175402505028016,0.9673062976922806,0.78125,0.8771929824561403,0.12280701754385964,0.0,0.605,0.03466082862375292,1.7636971740811667,4.796417654536948e-07,0.0,0.0,0.2996,0.0086,0.0166,0.4043,0.2709
uci_credit,0,weighted,ws_random_scalarization,66,66,36,0.006038717274550447,0.014836076043043713,0.07080957741275423,0.01279556706177106,0.17900179272660563,3.1149349349072986,1.1333540638694117,1.175402505028016,0.964226347163007,0.22727272727272727,0.4166666666666667,0.5833333333333334,0.0,1.0,0.05708427464249263,1.9306408948640945,0.004484010981878037,0.0054014673698779166,0.00020489221274257814,0.3009,0.0252,0.0,0.1451,0.5288
uci_credit,0,weighted,random_dirichlet_budget,66,66,10,0.302963907365805,1.2412103683653335,0.2721189433185925,0.20053548083645223,0.10793070225315579,0.37148345595960397,0.7420722283441749,1.175402505028016,0.6313345642618716,0.0,0.0,1.0,0.0,0.27,0.19007743967293791,2.964922522783389,0.09165762275471721,0.1022100900715151,0.1757378306168834,0.1634,0.0877,0.1109,0.2479,0.3901
uci_credit,0,weighted,design_runs,66,66,8,0.010514138169838653,1.685890210540608,0.08373939783827297,0.02987909822074845,0.31664192286774784,1.034788239625215,1.0803447298326936,1.175402505028016,0.9191274692807835,0.06060606060606061,0.5,0.5,0.0,0.795,0.2142595016937518,1.7999999999999998,0.01565055091653263,0.016935705209019616,0.0,0.3542,0.0,0.0,0.3125,0.3333
uci_credit,0,weighted,single_objective_refs,7,7,6,0.03393139566175186,0.16978376245144475,0.420321640647165,0.4009123326573593,1.0575788437148184,2.0548428075566116,0.3358340554048228,1.175402505028016,0.2857183424131108,0.2857142857142857,0.3333333333333333,0.6666666666666666,0.0,1.0,0.2812838335632334,1.3318031393986207,0.0,5.361245757873212e-09,0.0,0.1786,0.0035,0.0513,0.7018,0.0647
uci_credit,0,support,nbi_A,66,19,7,0.008259826821007102,0.010029008748611878,0.11121126298499644,0.04564055260819695,0.7969632416152775,2.43786109149824,1.0867536509135918,1.2207254897913355,0.8902522803053419,0.05263157894736842,0.14285714285714285,0.8571428571428571,0.0,0.955,0.3008837387051226,1.376149077707536,0.0014795349649255342,0.005828214984415071,0.0,0.1551,0.0097,0.033,0.7254,0.0769
uci_credit,0,support,nbi_B,66,26,11,0.021981625424250646,0.025552455311006476,0.11209147467238828,0.04943646879658079,0.15076615474107483,1.9901198644985796,1.0728962460199813,1.2207254897913355,0.8789005021951141,0.23076923076923078,0.5454545454545454,0.45454545454545453,0.0,0.42,0.22701407909990443,1.6349861103794687,4.796417654536948e-07,0.0,0.0,0.2097,0.0017,0.0535,0.6188,0.1163
uci_credit,0,support,nbi_C,66,64,18,0.00911840590810054,0.12512269914932012,0.05296222625719912,0.044444715702243336,0.35835223745966566,2.8789581398092507,1.1448326078953501,1.2207254897913355,0.937829690187793,0.203125,0.7222222222222222,0.2777777777777778,0.0,0.985,0.17221466669597807,1.6382997107186612,4.796417654536948e-07,0.0,0.0,0.1232,0.001,0.0511,0.673,0.1516
uci_credit,0,support,ws_random_scalarization,66,66,10,0.0026941312883081874,0.0294697222786143,0.22461286406373232,0.007050232188278713,0.44514873386005716,2.828433628663937,1.1994584765348297,1.2207254897913355,0.9825783819258652,0.12121212121212122,0.8,0.2,0.0,0.745,0.24086030482983825,1.7329729440744979,0.004484010981878037,0.006082386153421356,0.01879601395525332,0.3099,0.0112,0.0,0.1817,0.4973
uci_credit,0,support,random_dirichlet_budget,66,66,3,1.115339790888371,1.2886626829339172,0.7205454902040295,0.6815972910621761,2.1553655851981963,1.5299000834247563,0.09905408864528881,1.2207254897913355,0.08114362276667181,0.0,0.0,1.0,0.0,1.0,0.41916137394098535,3.0396486462215933,0.09165762275471721,0.11509487959842737,0.9832944222714926,0.0936,0.1782,0.2055,0.352,0.1707
uci_credit,0,support,design_runs,66,66,4,0.0014168036160039923,1.6825100456529307,0.23574001202901443,0.01124591493861763,0.26250558103600086,0.4056977605807038,1.1901004636654902,1.2207254897913355,0.9749124382328739,0.030303030303030304,0.5,0.5,0.0,0.25,0.41206450858103266,1.0,0.01565055091653263,0.0190706509561114,0.0,0.3333,0.0,0.0,0.25,0.4167
uci_credit,0,support,single_objective_refs,7,7,6,0.002259620259338732,0.1532403899881343,0.11496120171195048,0.03597083893266164,0.8615267413073143,2.29510323334898,1.0979529148331721,1.2207254897913355,0.8994265492243063,0.2857142857142857,0.3333333333333333,0.6666666666666666,0.0,0.955,0.35381672270212206,1.3318031393986207,0.0,6.037094131981036e-09,0.0,0.1786,0.0035,0.0513,0.7018,0.0647
uci_credit,1,weighted,nbi_A,66,20,12,0.008726660141126412,0.016726736700673404,0.25337289809347635,0.21545405498587789,0.11179178875763592,1.3156944182942338,0.7217923549074365,1.1856172565723395,0.6087903586981883,0.25,0.4166666666666667,0.5833333333333334,0.0,0.375,0.14651505395286019,1.5043011101177046,0.0009955137650830082,0.0016066519855108318,3.46750877861903e-09,0.1969,0.0046,0.0333,0.6533,0.1119
uci_credit,1,weighted,nbi_B,66,24,21,0.0018172371341435743,0.0020201391540552427,0.28402356864908795,0.2497730907803684,0.06158455858817922,2.8583987061709077,0.6479544485215287,1.1856172565723395,0.5465123292779893,0.5,0.5714285714285714,0.42857142857142855,0.0,0.235,0.08140980653506863,1.5436743677202274,0.00026436630495843577,0.0,3.46750877861903e-09,0.1628,0.007,0.0193,0.672,0.1389
uci_credit,1,weighted,nbi_C,66,66,66,0.0004376366408600766,0.0004376366408600766,0.033689499791727556,0.009570516150495494,0.030507715372906925,2.7958202310874025,1.1563715057818476,1.1856172565723395,0.975332890417737,0.9090909090909091,0.9090909090909091,0.09090909090909091,0.0,0.305,0.03688226413387799,1.9791005179369208,0.00026436630495843577,0.0,3.46750877861903e-09,0.2987,0.0098,0.0101,0.3698,0.3117
uci_credit,1,weighted,ws_random_scalarization,66,66,42,0.0006710657807994101,0.002928480204124069,0.15189537348637147,0.009964433431128692,0.018408394304739038,1.1953058855812058,1.159060821641856,1.1856172565723395,0.9776011737487197,0.48484848484848486,0.7619047619047619,0.23809523809523808,0.0,0.0,0.04988112924056236,2.0189039337210257,0.0029355536870982915,0.0019031554739485756,0.03128263592729683,0.2051,0.0129,0.0,0.34,0.4419
uci_credit,1,weighted,random_dirichlet_budget,66,66,9,0.2419221741816867,0.7744925715376018,0.21220077764466713,0.15740465277605659,0.22896406442068695,0.7396286004944019,0.8445881215579888,1.1856172565723395,0.7123615288796675,0.0,0.0,1.0,0.0,0.715,0.18498543324572114,2.794574702040386,0.007914098316213748,0.015090934894842546,0.1007699602117275,0.2225,0.104,0.0557,0.3363,0.2816
uci_credit,1,weighted,design_runs,66,66,8,0.010366945308248984,1.2717237654891542,0.08026215449000396,0.030605637925036035,0.2856643377768557,1.0012986662270937,1.0954052628705004,1.1856172565723395,0.9239113692030385,0.030303030303030304,0.25,0.75,0.0,0.73,0.21479793972477396,1.7999999999999998,0.011294181566460788,0.012250702088493546,3.46750877861903e-09,0.3542,0.0,0.0,0.3125,0.3333
uci_credit,1,weighted,single_objective_refs,7,7,5,0.00569991151149081,0.1262527236481496,0.4378273632828411,0.4199412783541108,1.1250986186965273,2.09854988047105,0.33453979694754665,1.1856172565723395,0.2821650875044724,0.14285714285714285,0.2,0.8,0.0,1.0,0.2833829500480372,1.0096947573676691,0.00026403419164452497,4.924373173342319e-09,3.46750877861903e-09,0.2047,0.0024,0.0241,0.7157,0.0532
uci_credit,1,support,nbi_A,66,20,10,0.0269759017884486,0.016860831211889908,0.1164388491278665,0.041136792697822985,0.1665197081959807,1.8123304483709373,1.1080740208030884,1.2200478266695327,0.9082217898194134,0.15,0.3,0.7,0.0,0.65,0.13118499743065493,1.4397062209018237,0.0009984275818459658,0.0022365091032882033,6.910990098864469e-10,0.2219,0.0026,0.0362,0.6655,0.0739
uci_credit,1,support,nbi_B,66,24,12,0.02220524737952269,0.02349816752451726,0.1244363739918137,0.05228733465985772,0.15040933394069939,2.2246868475459505,1.077612267786503,1.2200478266695327,0.8832541185931636,0.08333333333333333,0.16666666666666666,0.8333333333333334,0.0,0.7,0.11271956362592549,1.4133797592288269,0.00026514009131676386,0.0,6.910990098864469e-10,0.1877,0.0027,0.0339,0.6796,0.0962
uci_credit,1,support,nbi_C,66,66,21,0.008694295550788479,0.12065438766833629,0.05527137513205177,0.044989818584415364,0.33430405286552306,3.1294213773555826,1.1442310887829643,1.2200478266695327,0.9378575689991336,0.16666666666666666,0.5238095238095238,0.47619047619047616,0.0,0.99,0.09626434992430999,1.5685481299056157,0.00026514009131676386,0.0,6.910990098864469e-10,0.1162,0.0033,0.0318,0.7002,0.1485
uci_credit,1,support,ws_random_scalarization,66,66,18,0.00104329012888093,0.04245340342695647,0.30053258351699436,0.006603543133590516,0.0009765344035494932,0.7364373866889079,1.190760103485446,1.2200478266695327,0.9759946105850327,0.12121212121212122,0.4444444444444444,0.5555555555555556,0.0,0.0,0.10585731055765848,1.4157568880134679,0.0029441458993228163,0.0026492511015728418,0.045953901601757864,0.1429,0.0131,0.0,0.5124,0.3316
uci_credit,1,support,random_dirichlet_budget,66,66,3,0.5703260940573247,0.8986141016471874,0.5858718722720984,0.562581948535393,1.5965934335260474,1.4737351616753922,0.136584144776519,1.2200478266695327,0.11194982835170016,0.0,0.0,1.0,0.0,0.995,0.3869102774170417,2.262818703890871,0.007937262468379495,0.021007046687035895,0.9722882002439859,0.2136,0.0988,0.1605,0.3772,0.1498
uci_credit,1,support,design_runs,66,66,4,0.0013803008779135757,1.5088975078896034,0.3027716920784063,0.011159729359249046,0.20357787784461934,0.3065106584319745,1.1927762265380455,1.2200478266695327,0.9776471056827889,0.015151515151515152,0.25,0.75,0.0,0.26,0.35391462167309407,1.0,0.011327239045650438,0.01705335504494847,6.910990098864469e-10,0.3333,0.0,0.0,0.25,0.4167
uci_credit,1,support,single_objective_refs,7,7,6,0.0023699675985398333,0.1460266149332275,0.12267062824026138,0.03816163298691339,0.868428455849229,2.305681649600864,1.1030168610438071,1.2200478266695327,0.9040767393970163,0.2857142857142857,0.3333333333333333,0.6666666666666666,0.0,0.995,0.2548568754790422,1.2741669639398312,0.0002648070059245401,6.854879295261085e-09,6.910990098864469e-10,0.1829,0.002,0.0415,0.7175,0.0562
uci_credit,2,weighted,nbi_A,66,30,24,0.009275199315839826,0.010391957899643528,0.1303469615727259,0.11367042842874173,0.06694781495228859,1.2025918263639406,0.9571031312039457,1.1989167327866808,0.7983065921344847,0.3333333333333333,0.4166666666666667,0.5833333333333334,0.0,0.46,0.07520919389981852,1.6528119454894463,0.00043676278653253647,0.0026251559092532162,1.3636546320517898e-09,0.3386,0.0061,0.0347,0.4605,0.1601
uci_credit,2,weighted,nbi_B,66,34,33,0.0020544601812222123,0.0024933291553163347,0.14257693594812723,0.12242599928093818,0.0477340540863463,1.8806745653407653,0.936077965082576,1.1989167327866808,0.7807697894972404,0.38235294117647056,0.3939393939393939,0.6060606060606061,0.0,0.38,0.0572810682943979,1.7097268935070575,0.0,2.2043592094025126e-07,1.3636519993729915e-09,0.285,0.0076,0.0426,0.5082,0.1565
uci_credit,2,weighted,nbi_C,66,66,66,0.0009718544158423695,0.0009718544158423695,0.023114594851554884,0.006936638019292281,0.030155256692627044,1.4599527596012614,1.1807149420681653,1.1989167327866808,0.9848181360550299,0.8181818181818182,0.8181818181818182,0.18181818181818182,0.0,0.395,0.033757706073575144,1.998667003900619,0.0,2.2043592094025126e-07,1.3636519993729915e-09,0.2868,0.0167,0.0207,0.3751,0.3006
uci_credit,2,weighted,ws_random_scalarization,66,66,56,0.00018069387656420992,0.0009237425690966388,0.1459765563707269,0.008352489182469785,0.016270066755790933,1.2791133082778925,1.1800834093627335,1.1989167327866808,0.9842913832888358,0.7727272727272727,0.9107142857142857,0.08928571428571429,0.0,0.0,0.03626336584124107,1.997239585020056,0.0011739759692599137,0.0023193091287843507,0.025875561551403664,0.2216,0.0029,0.0039,0.347,0.4247
uci_credit,2,weighted,random_dirichlet_budget,66,66,15,0.6272232314115056,0.8913392147451945,0.2719818239131049,0.18430081809103238,0.23399405512721816,0.8310878571842306,0.8318450741626608,1.1989167327866808,0.6938305650544859,0.0,0.0,1.0,0.0,0.93,0.11258404877412641,3.0899581961532276,0.05549984644968974,0.07620998932547589,0.05086457932728467,0.187,0.1959,0.0872,0.2337,0.2962
uci_credit,2,weighted,design_runs,66,66,8,0.012110227671391941,1.186120226834416,0.08170282765437718,0.0320611160726677,0.2980864336567991,1.0608100852263656,1.1072307302555515,1.1989167327866808,0.9235259630433045,0.030303030303030304,0.25,0.75,0.0,0.84,0.1900490807864508,1.7999999999999998,0.020390047918690545,0.017852095121800315,1.3636519993729915e-09,0.3542,0.0,0.0,0.3125,0.3333
uci_credit,2,weighted,single_objective_refs,7,7,4,0.002004760545045678,0.11682460757859318,0.37818226689169415,0.34858939747168227,1.1613848292132465,1.5726174945739337,0.5013645910548197,1.1989167327866808,0.4181813276469016,0.2857142857142857,0.5,0.5,0.0,1.0,0.3483846542430781,1.4297228022375443,0.0,2.222620149698409e-07,1.3636519993729915e-09,0.2594,0.002,0.0544,0.5944,0.0899
uci_credit,2,support,nbi_A,66,30,10,0.02979954753146643,0.10085468516733097,0.060876223429786304,0.032300995781346264,0.4421534497512347,2.0138490081814293,1.134993945985396,1.216860541688759,0.9327231076210684,0.1,0.3,0.7,0.0,0.955,0.1342439389550287,1.6021657507012428,0.0004377331957252824,0.0032910933317938777,3.0553375584779453e-10,0.1899,0.0026,0.0507,0.6358,0.121
uci_credit,2,support,nbi_B,66,34,14,0.02369926904602493,0.08989429767381207,0.06700549019236773,0.04160859224643404,0.4033033966132104,1.971199379924669,1.0973253166246932,1.216860541688759,0.9017675230900537,0.11764705882352941,0.2857142857142857,0.7142857142857143,0.0,0.96,0.13329111878020003,1.683015198787115,0.0,2.763550869253632e-07,3.0553375584779453e-10,0.1522,0.0027,0.0786,0.6403,0.1262
uci_credit,2,support,nbi_C,66,66,15,0.009392706142211955,0.11678807856970981,0.047071878736694425,0.036919043889422944,0.39463359338599274,2.64366043893447,1.134432511157053,1.216860541688759,0.9322617278580565,0.15151515151515152,0.6666666666666666,0.3333333333333333,0.0,0.965,0.12591299975188705,1.7714209908931917,0.0,2.763550869253632e-07,3.0553375584779453e-10,0.1308,0.005,0.0796,0.6323,0.1523
uci_credit,2,support,ws_random_scalarization,66,66,18,0.002274978455042334,0.05057555980050468,0.0333052515425648,0.006742584017171272,0.001990917390769125,1.058479597659432,1.1836486364092096,1.216860541688759,0.9727068927442927,0.12121212121212122,0.4444444444444444,0.5555555555555556,0.0,0.0,0.09791442002635639,1.7538437644530893,0.001176584334962672,0.002907660753102561,0.04553271599589901,0.1656,0.0043,0.012,0.4536,0.3645
uci_credit,2,support,random_dirichlet_budget,66,66,3,0.1197447438100393,1.1072644255117743,0.5459451768186188,0.5290899946002142,0.034010337963806946,1.1453095252027472,0.12119855364526884,1.216860541688759,0.09959937847690377,0.0,0.0,1.0,0.0,0.185,0.3783002990566041,3.707214911019274,0.055623157232685565,0.09554258731874937,0.9836050018393808,0.0812,0.0438,0.2795,0.3275,0.268
uci_credit,2,support,design_runs,66,66,4,0.001120967282612679,1.329799084363137,0.3695769480279643,0.017905601477826237,0.2052889866051862,0.3114235904555337,1.180175706951252,1.216860541688759,0.9698528849603457,0.030303030303030304,0.5,0.5,0.0,0.23,0.360007092131965,1.0,0.020435350976897297,0.022380732133589962,3.0553375584779453e-10,0.3333,0.0,0.0,0.25,0.4167
uci_credit,2,support,single_objective_refs,7,7,6,0.0028739305422770573,0.1338213821259259,0.0867608650176443,0.027893846729159642,0.8577770158294523,2.2556716170105915,1.108971976529865,1.216860541688759,0.911338595128439,0.2857142857142857,0.3333333333333333,0.6666666666666666,0.0,0.98,0.240253223797686,1.4297228022375443,0.0,2.7864441605161717e-07,3.0553375584779453e-10,0.1851,0.0013,0.0629,0.6743,0.0764
uci_credit,3,weighted,nbi_A,66,18,7,0.013182484056999622,0.053683197302221056,0.408120624093562,0.38232871362018567,0.14949936086641644,1.371562054246187,0.41518976295228627,1.1594247767480872,0.35809978471979487,0.1111111111111111,0.2857142857142857,0.7142857142857143,0.0,0.295,0.2579991552521994,1.5586551450824793,0.0013318379249438773,0.0025198317528846888,4.574936898554478e-09,0.298,0.0112,0.0051,0.5534,0.1322
uci_credit,3,weighted,nbi_B,66,21,21,0.00614136624562125,0.00614136624562125,0.3377962059627705,0.30765338646587553,0.09440194526478937,2.1839431122173893,0.5490637836148013,1.1594247767480872,0.4735656806945213,0.42857142857142855,0.42857142857142855,0.5714285714285714,0.0,0.605,0.09265223226971336,1.6952705387561082,3.2551336325633745e-07,1.1762730407510607e-07,4.574936898554478e-09,0.1301,0.0089,0.016,0.6662,0.1788
uci_credit,3,weighted,nbi_C,66,60,45,0.0007419555096733918,0.026246475629348193,0.03778421768979156,0.016489644582997016,0.040520578654154864,2.327363294467766,1.1166447032987223,1.1594247767480872,0.9631023294418868,0.6166666666666667,0.8222222222222222,0.17777777777777778,0.0,0.42,0.044692162611414475,1.9145966614036,3.2551336325633745e-07,1.1762730407510607e-07,4.574936898554478e-09,0.3425,0.0108,0.0082,0.3686,0.2699
uci_credit,3,weighted,ws_random_scalarization,66,66,35,0.0027417441105280515,0.009888258342852098,0.04172255742094482,0.008552195375708786,0.11608568027294738,2.014406028686109,1.131023919348716,1.1594247767480872,0.9755043552898456,0.36363636363636365,0.6857142857142857,0.3142857142857143,0.0,0.99,0.05355335265443481,1.899800641601019,0.00236713317614233,0.002331636175773315,0.00012072846682450772,0.2798,0.0139,0.0,0.2196,0.4867
uci_credit,3,weighted,random_dirichlet_budget,66,66,12,0.7418057350968169,1.1282442925630185,0.23143643393554203,0.18930018527985235,1.4998139617738258,1.951987655874655,0.7719792702836176,1.1594247767480872,0.665829543895756,0.0,0.0,1.0,0.0,1.0,0.1663944306362208,2.552672869504183,0.009530380243552163,0.016317842054223552,0.09956614713011912,0.222,0.1331,0.0559,0.2704,0.3185
uci_credit,3,weighted,design_runs,66,66,8,0.01202115077828567,1.8516962347818324,0.0850513707601765,0.0351211238256215,0.31654490262786683,0.9598212111907152,1.052578231597239,1.1594247767480872,0.9078452114413773,0.045454545454545456,0.375,0.625,0.0,0.77,0.230513210379238,1.7999999999999998,0.01650076064335096,0.015484648909956709,4.574936898554478e-09,0.3542,0.0,0.0,0.3125,0.3333
uci_credit,3,weighted,single_objective_refs,7,7,4,0.04330351957678735,0.18037877328859492,0.4973223990400426,0.47123016250665933,1.3311903098430984,1.6414152643570183,0.2709994629133802,1.1594247767480872,0.23373613221676157,0.2857142857142857,0.5,0.5,0.0,1.0,0.33673468049184846,1.5979150472848545,0.0,1.20582437644639e-07,4.574936898554478e-09,0.2808,0.0,0.0406,0.5653,0.1133
uci_credit,3,support,nbi_A,66,18,7,0.007867028061301224,0.05354005633986319,0.0974565440405546,0.042442702077061405,0.8032045837294826,2.492455320480824,1.0934555182531005,1.2268185969397307,0.8912935628630825,0.0,0.0,1.0,0.0,0.97,0.19235352102626777,1.5331275323231581,0.0013355317000989227,0.0027378958569860253,7.773135823837785e-10,0.1665,0.0076,0.0031,0.7234,0.0994
uci_credit,3,support,nbi_B,66,21,13,0.022516926059002993,0.02026854197952085,0.10169512936247317,0.05660229604402942,0.1409961494087973,1.8974243401025463,1.0648736416222704,1.2268185969397307,0.8679960055044583,0.38095238095238093,0.6153846153846154,0.38461538461538464,0.0,0.67,0.12165177977646557,1.6160030666759777,3.2641615566922226e-07,1.278066712696139e-07,7.773135823837785e-10,0.1851,0.0049,0.0238,0.6387,0.1476
uci_credit,3,support,nbi_C,66,60,19,0.011881564876352373,0.15233449692166942,0.053772527965273216,0.047997827314833534,0.3499828510346401,2.9790960254561916,1.1361920691019012,1.2268185969397307,0.9261288277958166,0.16666666666666666,0.5263157894736842,0.47368421052631576,0.0,0.99,0.10186781224361403,1.7193104150904,3.2641615566922226e-07,1.278066712696139e-07,7.773135823837785e-10,0.1463,0.0014,0.0193,0.656,0.1769
uci_credit,3,support,ws_random_scalarization,66,66,13,0.002871487416696405,0.04288690458609011,0.2536911240100604,0.0038870377449633704,0.400019510068821,3.4277555738470418,1.207687622293827,1.2268185969397307,0.9844060281661646,0.09090909090909091,0.46153846153846156,0.5384615384615384,0.0,0.91,0.11029056912625218,1.5821695760477796,0.002373698282564785,0.002533413994144803,0.018446098752858013,0.2183,0.0071,0.0,0.4224,0.3522
uci_credit,3,support,random_dirichlet_budget,66,66,3,2.4237317485159218,1.0296213572380124,0.6222569098223512,0.6074979507389248,3.0869062293683833,0.8631544150700486,0.09624618429549653,1.2268185969397307,0.0784518465367091,0.0,0.0,1.0,0.0,1.0,0.3263506982560686,2.092250762415217,0.009556812199800332,0.017729974274697326,0.23624159206004164,0.1101,0.2866,0.072,0.2406,0.2908
uci_credit,3,support,design_runs,66,66,5,0.0031303666837810633,1.6771421465043106,0.2602911104355704,0.013548896507457126,0.42189904549723817,1.0623702560872883,1.1931839020313222,1.2268185969397307,0.9725838074249041,0.045454545454545456,0.6,0.4,0.0,0.9,0.2945687552880465,1.0,0.016546524544920536,0.016824677301934817,7.773135823837785e-10,0.2667,0.0,0.0,0.3333,0.4
uci_credit,3,support,single_objective_refs,7,7,6,0.0027877822897763934,0.15786423465357838,0.1023128278540243,0.036603240731701576,0.8666972698741952,2.3165983084671473,1.0907408730208321,1.2268185969397307,0.8890808109215648,0.14285714285714285,0.16666666666666666,0.8333333333333334,0.0,0.995,0.2525120168493808,1.2569632361643237,0.0,1.3101753959350184e-07,7.773135823837785e-10,0.1872,0.0031,0.027,0.7072,0.0755
uci_credit,4,weighted,nbi_A,66,26,25,0.013709979777535266,0.014236918316598136,0.1567944072386074,0.13981369386579873,0.07590779582520353,1.3501192174374965,0.8557408516033765,1.1749630223239005,0.7283130067453949,0.4230769230769231,0.44,0.56,0.0,0.55,0.07868735594999274,1.470619830176316,0.0014493842916435517,0.001300079453829637,8.289487563503502e-10,0.2582,0.0037,0.0374,0.583,0.1177
uci_credit,4,weighted,nbi_B,66,29,29,0.008117422959478744,0.008117422959478744,0.16703343064961004,0.15458353303260988,0.07187440793637667,1.9328044444812817,0.8225256159855652,1.1749630223239005,0.7000438314720178,0.5862068965517241,0.5862068965517241,0.41379310344827586,0.0,0.65,0.06948975304585786,1.5905065844417414,3.2884498979801824e-07,3.6389872946046955e-09,8.289487563503502e-10,0.3109,0.0051,0.0318,0.5095,0.1427
uci_credit,4,weighted,nbi_C,66,64,63,0.0004551861539574668,0.0009302093231421879,0.025641260744797927,0.00928579472915092,0.0324587623658544,1.526001942084612,1.1526805387398886,1.1749630223239005,0.9810355873668769,0.859375,0.873015873015873,0.12698412698412698,0.0,0.485,0.03433234001008398,1.993230997112184,3.2884498979801824e-07,3.6389872946046955e-09,8.289487563503502e-10,0.3054,0.0126,0.0128,0.3807,0.2884
uci_credit,4,weighted,ws_random_scalarization,66,66,62,0.00040819299728969444,0.0005207402264676803,0.13494090670085152,0.00809881259676831,0.020406220141335783,1.4618317163301984,1.1551580616233532,1.1749630223239005,0.9831441838387595,0.7878787878787878,0.8387096774193549,0.16129032258064516,0.0,0.01,0.034650252823687736,1.9500505913652835,0.005935816484695515,0.0006964278983352005,0.0273959681831171,0.2248,0.0,0.0,0.3588,0.4164
uci_credit,4,weighted,random_dirichlet_budget,66,66,10,0.5158399216754674,0.9628134602020412,0.1917623902955629,0.08872167526142082,1.7504955816319099,2.5386581794892993,0.9687043059715158,1.1749630223239005,0.8244551424738151,0.0,0.0,1.0,0.0,1.0,0.1827843711141433,2.361080601054515,0.00574919695310107,0.022923715143707557,0.05542626867590376,0.2242,0.1042,0.0243,0.314,0.3333
uci_credit,4,weighted,design_runs,66,66,8,0.011286968739650079,1.3165507752067434,0.07926724890155251,0.032972326764255384,0.3087702089690821,1.0336714826513196,1.0778371862431153,1.1749630223239005,0.9173371125427549,0.045454545454545456,0.375,0.625,0.0,0.835,0.1974415377356447,1.7999999999999998,0.011487870866532225,0.011329181975023386,8.289487563503502e-10,0.3542,0.0,0.0,0.3125,0.3333
uci_credit,4,weighted,single_objective_refs,7,7,5,0.028164217798411533,0.13743910976440019,0.4236926357779176,0.38841439638311565,1.1350110837877714,1.8493391509152866,0.42222323058232203,1.1749630223239005,0.35935022852653514,0.2857142857142857,0.4,0.6,0.0,1.0,0.3008354003956526,1.4448714487302539,0.0,0.0,8.289487563503502e-10,0.2132,0.0006,0.0572,0.6506,0.0784
uci_credit,4,support,nbi_A,66,26,10,0.027771937925916833,0.10596464089436294,0.0815080984314263,0.0456616872519405,0.4372087517659505,2.035641002561979,1.140424930587238,1.218658921844723,0.9358032096962293,0.038461538461538464,0.1,0.9,0.0,0.895,0.13318767294110093,1.5229284349545682,0.0014530866581372215,0.001466574500731941,1.706779491788639e-10,0.1779,0.0006,0.0634,0.6457,0.1124
uci_credit,4,support,nbi_B,66,29,15,0.01992840674843068,0.11399689017947913,0.08746204897651735,0.052630109874793655,0.3543186153965834,2.5590924314481236,1.122630568727633,1.218658921844723,0.9212016164689224,0.3448275862068966,0.6666666666666666,0.3333333333333333,0.0,0.91,0.08350153398931592,1.579083537044771,3.2968500488501683e-07,4.105015242748463e-09,1.706779491788639e-10,0.1428,0.0014,0.0514,0.6842,0.1202
uci_credit,4,support,nbi_C,66,64,18,0.00736632976568475,0.12469088715725213,0.044857202199852286,0.03920200999458679,0.3588349733503164,2.8370728639422893,1.1490859176638697,1.218658921844723,0.9429101917413131,0.1875,0.6666666666666666,0.3333333333333333,0.0,0.99,0.0754855786913941,1.5543471307439072,3.2968500488501683e-07,4.105015242748463e-09,1.706779491788639e-10,0.121,0.0055,0.044,0.7003,0.1292
uci_credit,4,support,ws_random_scalarization,66,66,15,0.0006437072907101731,0.045519741677756215,0.33528168648513573,0.004678502223205766,0.0040627760400865,1.2533276967460134,1.1956790201945997,1.218658921844723,0.9811432869048069,0.15151515151515152,0.6666666666666666,0.3333333333333333,0.0,0.0,0.0691158316122282,1.800089731471363,0.00595097917701405,0.0007856161362200724,0.026776695205507826,0.2767,0.0,0.0,0.1758,0.5475
uci_credit,4,support,random_dirichlet_budget,66,66,2,0.2175468235724628,1.0835779921983537,0.46277175766770684,0.45673841231622747,,,0.24243842343790636,1.218658921844723,0.1989387014628503,0.0,0.0,1.0,0.0,,,2.293849784422293,0.005763882936858028,0.025859447276681317,0.8151839611436567,0.1909,0.0431,0.0973,0.3929,0.2759
uci_credit,4,support,design_runs,66,66,4,0.003079976112733118,1.2797330767075836,0.3486301717763068,0.009967703154381754,0.19459097773941003,0.2926556038099573,1.1954916153477222,1.218658921844723,0.9809895073332482,0.015151515151515152,0.25,0.75,0.0,0.245,0.37605061242270355,1.0,0.01151721595356337,0.012780056903274831,1.706779491788639e-10,0.3333,0.0,0.0,0.25,0.4167
uci_credit,4,support,single_objective_refs,7,7,6,0.0013657140897616656,0.13038124611880972,0.1258692944075216,0.03746355449603835,0.8658557399775263,2.25788649460227,1.1191334884257562,1.218658921844723,0.9183320027983614,0.2857142857142857,0.3333333333333333,0.6666666666666666,0.0,0.985,0.2563637827183441,1.3001409575869844,0.0,0.0,1.706779491788639e-10,0.1777,0.0005,0.0476,0.7088,0.0654
uci_credit,5,weighted,nbi_A,66,17,5,0.0009420791532433126,0.07607883894209777,0.4128037714411149,0.3868170542171132,1.1087517435365153,2.1567567471679014,0.36865798213162837,1.1610776430525847,0.31751363428408724,0.23529411764705882,0.8,0.2,0.0,1.0,0.3105392665033319,1.471014021457491,0.0018809263049638738,0.0012360677534918626,1.283379132415708e-09,0.2343,0.0043,0.0024,0.6471,0.112
uci_credit,5,weighted,nbi_B,66,12,12,0.0022890251307894596,0.0022890251307894596,0.48440408363284615,0.47592595929434134,0.7642543418333123,3.3894113782585436,0.1972694777287222,1.1610776430525847,0.1699020551373996,0.16666666666666666,0.16666666666666666,0.8333333333333334,0.0,1.0,0.1457795724752876,1.38459709495306,2.470867133737464e-05,0.0,1.283379132415708e-09,0.1191,0.0013,0.0252,0.7713,0.0831
uci_credit,5,weighted,nbi_C,66,61,44,0.000435464041692604,0.015092720621917868,0.04733128134787131,0.015596805262092311,0.05327709016345051,3.546083394726242,1.1160438979973701,1.1610776430525847,0.961213838433047,0.6721311475409836,0.9318181818181818,0.06818181818181818,0.0,0.725,0.04766907958332565,1.885233127692481,0.0,0.0,1.283379132415708e-09,0.3446,0.0131,0.0073,0.3945,0.2405
uci_credit,5,weighted,ws_random_scalarization,66,66,56,0.0005040245905752748,0.002309035760917859,0.09664946495423316,0.00710612060751765,0.024124842482683106,1.3373586318745179,1.1411596908835757,1.1610776430525847,0.9828452883507061,0.7272727272727273,0.8571428571428571,0.14285714285714285,0.0,0.015,0.041167725384091546,1.9277371176627045,0.001533471264574235,0.001106536658178679,0.01953610287152697,0.2542,0.0095,0.0005,0.3087,0.4271
uci_credit,5,weighted,random_dirichlet_budget,66,66,6,0.15038019218127982,1.05376904701629,0.22242152493498638,0.12481572720767108,0.28620382372245196,0.7995052752446209,0.8721005450205589,1.1610776430525847,0.7511130286926573,0.0,0.0,1.0,0.0,0.595,0.2552795219097309,2.350857514336136,0.04856310426461922,0.07163221137556247,0.07912996187194252,0.1239,0.0877,0.0319,0.2523,0.5043
uci_credit,5,weighted,design_runs,66,66,9,0.020156013667078386,1.381252905066089,0.08752936439651096,0.03404368025641912,0.27216004493641566,1.073329948954664,1.056641877870244,1.1610776430525847,0.9100527291975332,0.045454545454545456,0.3333333333333333,0.6666666666666666,0.0,0.82,0.1803260292562603,1.7999999999999998,0.011112597130425375,0.008175413419689475,1.283379132415708e-09,0.3519,0.0,0.0,0.3519,0.2963
uci_credit,5,weighted,single_objective_refs,7,7,4,0.05971612824201579,0.14586524574367474,0.4853736123379257,0.476923612665098,1.274161290798767,1.705304050766488,0.19512526432343116,1.1610776430525847,0.16805531093547552,0.14285714285714285,0.25,0.75,0.0,1.0,0.3796605394200888,1.4495256307100837,2.470867133737464e-05,2.1499624034043766e-09,1.283379132415708e-09,0.274,0.0038,0.0422,0.5995,0.0805
uci_credit,5,support,nbi_A,66,17,5,0.001196300694413833,0.003045651116263375,0.12323893027552715,0.03564877861546083,0.9210135724354254,1.5285942788366664,1.1227194462049437,1.2220134846498971,0.9187455460252955,0.058823529411764705,0.2,0.8,0.0,0.99,0.31376416717474703,1.4338386021979734,0.0018850243229558946,0.0018060501281093955,2.1453742440367994e-10,0.2343,0.0011,0.0024,0.687,0.0752
uci_credit,5,support,nbi_B,66,12,11,0.0005749414453387667,0.000535422937235238,0.5700558996174078,0.5583630784929258,0.8980033823415066,3.267082822119052,0.15191189701653604,1.2220134846498971,0.12431278289867505,0.75,0.8181818181818182,0.18181818181818182,0.0,1.0,0.1233765536624871,1.390567618061538,2.4762504695668512e-05,0.0,2.1453742440367994e-10,0.1266,0.0014,0.0256,0.7631,0.0833
uci_credit,5,support,nbi_C,66,61,20,0.012051359407256776,0.14221389184360747,0.05762512798695468,0.0477033608545832,0.3397155461482316,3.04640464288668,1.1358814815791836,1.2220134846498971,0.9295163235490891,0.16393442622950818,0.5,0.5,0.0,0.995,0.09334439238739507,1.4861909627549994,0.0,0.0,2.1453742440367994e-10,0.1431,0.0058,0.016,0.6869,0.1482
uci_credit,5,support,ws_random_scalarization,66,66,22,0.00015820184035434857,0.044967984475585185,0.031037297147067742,0.0022373657550919554,0.16355557881742658,4.308662811075188,1.2144643593511155,1.2220134846498971,0.9938223878921071,0.21212121212121213,0.6363636363636364,0.36363636363636365,0.0,0.72,0.10563134663599312,1.5169861847799706,0.0015368122741692882,0.0016167889402629756,0.02741793652787816,0.1612,0.0056,0.0013,0.5055,0.3263
uci_credit,5,support,random_dirichlet_budget,66,66,3,0.13018219719170365,0.9795196827398788,0.21075048350078804,0.15053839288041154,0.44151218222343686,1.405492632077474,0.8829864936470424,1.2220134846498971,0.7225668985968802,0.0,0.0,1.0,0.0,0.655,0.37790269807845733,3.1046989833684693,0.048668909832067335,0.10466365145933368,0.2313124959639623,0.0922,0.0459,0.1291,0.3951,0.3377
uci_credit,5,support,design_runs,66,66,4,0.002792425924605547,1.565057748877305,0.279970265035506,0.009763079784660135,0.1826611129424385,0.2727939942255498,1.1974584512321529,1.2220134846498971,0.9799060863679592,0.015151515151515152,0.25,0.75,0.0,0.29,0.3311611879819433,1.0,0.011136808404869452,0.0119453051115249,2.1453742440367994e-10,0.3333,0.0,0.0,0.25,0.4167
uci_credit,5,support,single_objective_refs,7,7,6,0.001726987727755127,0.14696663653834707,0.13205409110048663,0.03826435814920795,0.873184056408863,2.3602644830655874,1.1072210364293815,1.2220134846498971,0.9060628629205322,0.14285714285714285,0.16666666666666666,0.8333333333333334,0.0,0.985,0.251631589889231,1.2063133106041575,2.4762504695668512e-05,3.141364915579784e-09,2.1453742440367994e-10,0.1827,0.0027,0.0281,0.7329,0.0537
uci_credit,6,weighted,nbi_A,66,20,13,0.005894967148538962,0.009446232215622652,0.2405267681158686,0.20038243889897125,0.6162879896692187,3.0090382669577185,0.7002032389603935,1.194013524826715,0.5864282308376806,0.2,0.3076923076923077,0.6923076923076923,0.0,1.0,0.1591346945814557,1.4565591868501246,0.0017459330895271013,0.006760768231477985,0.0,0.1182,0.0039,0.0462,0.736,0.0957
uci_credit,6,weighted,nbi_B,66,27,27,0.002580945665384257,0.002580945665384257,0.19273275410194654,0.15879493564241373,0.07738469059762053,1.893787488357997,0.8061792400734463,1.194013524826715,0.6751843453284548,0.48148148148148145,0.48148148148148145,0.5185185185185185,0.0,0.41,0.09451066274189052,1.6386265954742043,2.907244507442846e-07,5.463339563828589e-10,0.0,0.1305,0.0046,0.0461,0.69,0.1288
uci_credit,6,weighted,nbi_C,66,66,66,0.0019203535835326192,0.0019203535835326192,0.019598596862532878,0.006888144358551043,0.029504259624183106,1.326248426710797,1.1744913874095566,1.194013524826715,0.9836499863600862,0.7878787878787878,0.7878787878787878,0.21212121212121213,0.0,0.125,0.04074437774841958,1.9783334208173864,2.907244507442846e-07,5.463339563828589e-10,0.0,0.2992,0.0125,0.0181,0.389,0.2812
uci_credit,6,weighted,ws_random_scalarization,66,66,40,0.000519851819562264,0.003364754698544485,0.13002178401126951,0.0075855273128800724,0.02473188196384427,1.3458235577286477,1.166472701237221,1.194013524826715,0.9769342448667062,0.5454545454545454,0.9,0.1,0.0,0.015,0.06047021160175418,1.974724720874602,0.006586430860664509,0.005281456119399642,0.028784620803981257,0.2364,0.0116,0.0,0.289,0.4631
uci_credit,6,weighted,random_dirichlet_budget,66,66,11,0.4939354814990777,1.1146365015019035,0.17867570105388397,0.09363595547190388,0.6536011732285009,1.2170837870993192,0.9482596503146231,1.194013524826715,0.7941783159049579,0.0,0.0,1.0,0.0,1.0,0.17516262130366883,2.8017701375131616,0.028966368081907022,0.014462472662143323,0.014125221891362292,0.2809,0.1579,0.0341,0.2113,0.3158
uci_credit,6,weighted,design_runs,66,66,9,0.017499501011394025,1.3417485090680827,0.07379690070564493,0.028831561677389952,0.28655888898128895,1.1617492823931594,1.1094471144506335,1.194013524826715,0.929174662918199,0.045454545454545456,0.3333333333333333,0.6666666666666666,0.0,0.78,0.1867680635003024,1.7999999999999998,0.013203598770788083,0.011849338225982982,0.0,0.3519,0.0,0.0,0.3519,0.2963
uci_credit,6,weighted,single_objective_refs,7,7,6,0.014904888726622323,0.13077338584432074,0.3576010865915582,0.33184728252819284,0.996516090362642,2.165170299695135,0.4545809328011127,1.194013524826715,0.380716736744741,0.42857142857142855,0.5,0.5,0.0,1.0,0.24798591104230588,1.2871856480468717,1.256831000634744e-07,0.0,0.0,0.1849,0.0019,0.0586,0.7075,0.0471
uci_credit,6,support,nbi_A,66,20,6,0.0010543841210120006,0.004594893000972301,0.08114381109185677,0.028349220581524177,0.8726670672302033,2.3349541995672656,1.0924748647792555,1.2183021456858734,0.8967191502106563,0.05,0.16666666666666666,0.8333333333333334,0.0,0.985,0.2544074211126205,1.3667140093023784,0.0017459339060724385,0.008677319975798403,0.0,0.1887,0.0017,0.0594,0.7074,0.0427
uci_credit,6,support,nbi_B,66,27,15,0.016705788086457805,0.016336489077580226,0.08170726098172516,0.03548050804550953,0.13618960301862573,2.341477852683206,1.0738266756809594,1.2183021456858734,0.8814124472188481,0.25925925925925924,0.4666666666666667,0.5333333333333333,0.0,0.555,0.1353738313536259,1.5545198222380663,2.907245867115196e-07,7.012094470426148e-10,0.0,0.171,0.0011,0.069,0.674,0.0849
uci_credit,6,support,nbi_C,66,66,16,0.008236918843670908,0.1168426431275248,0.03521634884298384,0.027505338929766834,0.3780587777329192,2.674363496118212,1.1477325002901284,1.2183021456858734,0.9420754156547791,0.15151515151515152,0.625,0.375,0.0,0.95,0.11210684484794839,1.6179740954651969,2.907245867115196e-07,7.012094470426148e-10,0.0,0.1378,0.0024,0.0665,0.6755,0.1178
uci_credit,6,support,ws_random_scalarization,66,66,24,0.0018277584459447428,0.031087809724019484,0.32291609262241266,0.005030369112438137,0.0022967904582306474,1.1906822010436735,1.1964978885588808,1.2183021456858734,0.9821027507796785,0.10606060606060606,0.2916666666666667,0.7083333333333334,0.0,0.0,0.110553949684617,1.026490024953647,0.006586433941034221,0.006778650460577983,0.027372153399916544,0.1041,0.0079,0.0,0.673,0.215
uci_credit,6,support,random_dirichlet_budget,66,66,2,0.41045117265863545,1.4849399504274678,0.5415301147024345,0.5282513211228279,,,0.11582564687218698,1.2183021456858734,0.09507136409661338,0.0,0.0,1.0,0.0,,,2.0223141473409028,0.028966381629019988,0.01856231402022485,0.22997018634214508,0.3527,0.1173,0.0253,0.3082,0.1964
uci_credit,6,support,design_runs,66,66,4,0.00010274904260152943,1.583477979767314,0.33259044702625384,0.009343869347805544,0.23649878569221644,0.36256661522985106,1.194611072853266,1.2183021456858734,0.9805540251927654,0.015151515151515152,0.25,0.75,0.0,0.265,0.33208825464707653,1.0,0.01320360494590274,0.015208404691286977,0.0,0.3333,0.0,0.0,0.25,0.4167
uci_credit,6,support,single_objective_refs,7,7,6,0.0007597573720488104,0.1476672979578017,0.08353410762421916,0.02533838323648351,0.8645736726877822,2.3060843343255524,1.1072905831840194,1.2183021456858734,0.9088801058957692,0.42857142857142855,0.5,0.5,0.0,0.955,0.26348322962578374,1.2871856480468717,1.2568315884347572e-07,0.0,0.0,0.1849,0.0019,0.0586,0.7075,0.0471
uci_credit,7,weighted,nbi_A,66,66,54,0.009218179772939893,0.020379867051153182,0.04894026377714806,0.017579892476198473,0.03477455360934192,3.5105372266238466,1.1521942165909342,1.1983689890312874,0.9614686520904726,0.48484848484848486,0.5925925925925926,0.4074074074074074,0.0,0.27,0.04184423704175254,2.0855111187312234,0.0013890990088037563,0.0031104468211162885,3.549479081764149e-09,0.3091,0.02,0.0198,0.3065,0.3446
uci_credit,7,weighted,nbi_B,66,66,65,0.004289132225202297,0.004408499773927884,0.02431699170449675,0.007034039724414554,0.027834765679634905,1.0284184320722984,1.1819857180073858,1.1983689890312874,0.9863286924362544,0.6060606060606061,0.6153846153846154,0.38461538461538464,0.0,0.155,0.0367521227306248,1.968543527489651,0.00023013758952263697,0.0,3.549479081764149e-09,0.2714,0.0201,0.0186,0.3604,0.3295
uci_credit,7,weighted,nbi_C,66,66,63,0.0015230446509524064,0.003785444761811012,0.023111808844052593,0.00540040277110062,0.02925917494211534,1.0644215669864583,1.1841359092993,1.1983689890312874,0.9881229572341547,0.7727272727272727,0.8095238095238095,0.19047619047619047,0.0,0.22,0.03755744890986319,1.906808948057642,0.0,0.0,3.549479081764149e-09,0.271,0.0194,0.0139,0.3577,0.338
uci_credit,7,weighted,ws_random_scalarization,66,66,63,0.00048813251199784414,0.0006833022872164921,0.11765257837234687,0.008493426118692896,0.02057893074640222,1.5532230039903612,1.1770451277867071,1.1983689890312874,0.9822059303605498,0.803030303030303,0.8412698412698413,0.15873015873015872,0.0,0.015,0.03741056914110564,2.1163366003910777,0.0036106105754551508,0.002922319929708766,0.024265744242856917,0.2286,0.0017,0.0023,0.3106,0.4568
uci_credit,7,weighted,random_dirichlet_budget,66,66,9,0.12524846942057277,0.700962576772945,0.19535149508263783,0.13083825091926807,0.12059316067074333,0.5431728443950791,0.9693800206511489,1.1983689890312874,0.8089161431277992,0.0,0.0,1.0,0.0,0.325,0.1722375835586517,2.631949080487979,0.007745151407908685,0.006853283753628253,0.055201213804495164,0.2607,0.0763,0.023,0.3376,0.3025
uci_credit,7,weighted,design_runs,66,66,9,0.01597184144923787,1.1394013441160793,0.08148798707979574,0.033578273415680725,0.2773544954347663,1.1080091635126343,1.1111621889445398,1.1983689890312874,0.9272287576823546,0.06060606060606061,0.4444444444444444,0.5555555555555556,0.0,0.775,0.18635848281289377,1.7999999999999998,0.01730405042157453,0.01580839165644342,3.549479081764149e-09,0.3148,0.0,0.0,0.3148,0.3704
uci_credit,7,weighted,single_objective_refs,7,7,4,0.023446164945044205,0.14479078076439963,0.47163277011492577,0.44654579391967564,1.2022245374262575,1.6359744330926485,0.4016230078462761,1.1983689890312874,0.33514135589484145,0.0,0.0,1.0,0.0,1.0,0.3137747303867184,1.3245812984228968,0.00022996874316191503,6.880626787422159e-09,3.549479081764149e-09,0.251,0.0041,0.0505,0.6222,0.0722
uci_credit,7,support,nbi_A,66,66,24,0.04044420371588688,0.10844651545794952,0.06477357990676101,0.06042672198137951,0.2489438709509477,4.519039051565536,1.119738248568229,1.2239767445187673,0.9148362120298928,0.0,0.0,1.0,0.0,0.83,0.07252211859145624,2.10490616614875,0.001394361900268874,0.004008322017660341,7.527966583538613e-10,0.1977,0.018,0.0461,0.4925,0.2457
uci_credit,7,support,nbi_B,66,66,18,0.002944683898320145,0.1039812187337573,0.02356415713070181,0.013659712406869579,0.37389740245067143,2.923223166805568,1.1877134703435073,1.2239767445187673,0.9703725791052364,0.12121212121212122,0.4444444444444444,0.5555555555555556,0.0,1.0,0.07795311944372782,1.8760694216008864,0.00023100951380450975,0.0,7.527966583538613e-10,0.1412,0.002,0.0606,0.6124,0.1838
uci_credit,7,support,nbi_C,66,66,12,0.008500118943750306,0.10961994240586284,0.028713053054587035,0.02113483159219245,0.43575929948605907,2.1561703036120465,1.1729503811186366,1.2239767445187673,0.9583110025344536,0.12121212121212122,0.6666666666666666,0.3333333333333333,0.0,0.99,0.09086549021135765,1.7058773057189962,0.0,0.0,7.527966583538613e-10,0.1313,0.0073,0.0599,0.5931,0.2084
uci_credit,7,support,ws_random_scalarization,66,66,10,0.0017876179106981406,0.04757281364279877,0.026183940918088833,0.012301688255734813,0.22032331028770372,2.9492338788932133,1.1812990856243648,1.2239767445187673,0.965131969144412,0.07575757575757576,0.5,0.5,0.0,0.72,0.12699829593494547,1.8372446225089418,0.003624290127064499,0.0037658895941823077,0.026832634965439504,0.2322,0.0094,0.0121,0.2081,0.5382
uci_credit,7,support,random_dirichlet_budget,66,66,1,0.007870915275409883,0.8298966295160901,0.6772395107683431,0.6498369981399079,,,0.11918021809284751,1.2239767445187673,0.09737130923978933,0.0,0.0,1.0,0.0,,,2.095517269444879,0.007774495530237177,0.008831582644799387,0.9999999827302504,0.0611,0.0096,0.0632,0.6502,0.2159
uci_credit,7,support,design_runs,66,66,5,0.0026678913112585653,1.2729987167907677,0.2177822608145039,0.01391779011204687,0.4171714229740011,1.0734764573996485,1.18917648464564,1.2239767445187673,0.9715678749380082,0.045454545454545456,0.6,0.4,0.0,0.94,0.2593107082294796,1.0,0.017369610427519746,0.02037171119922233,7.527966583538613e-10,0.2667,0.0,0.0,0.3333,0.4
uci_credit,7,support,single_objective_refs,7,7,6,0.004623114848815938,0.13008404640787297,0.1296952515705928,0.041960712027478905,0.8579831401096027,1.6805966425236887,1.0965101895623455,1.2239767445187673,0.8958586790743822,0.0,0.0,1.0,0.0,1.0,0.22181446998939694,1.7019780073332407,0.0002308400277341162,8.866818638432743e-09,7.527966583538613e-10,0.1773,0.0027,0.0891,0.6295,0.1014
uci_credit,8,weighted,nbi_A,66,63,50,0.010575833429098312,0.01682162959541905,0.052066655452569346,0.016059473009962466,0.02420089700843903,1.8313405036116082,1.1499072927573006,1.1941012251886995,0.9629897939143182,0.47619047619047616,0.6,0.4,0.0,0.015,0.04334541125548295,2.1680686050545175,0.00030769910418029225,0.0075865314585484706,0.0,0.3582,0.0208,0.0321,0.2607,0.3282
uci_credit,8,weighted,nbi_B,66,66,66,0.004666920991269755,0.004666920991269755,0.038425105325310446,0.015232902415533005,0.020138131042139386,1.588535528451498,1.1545510882813543,1.1941012251886995,0.9668787401996884,0.6666666666666666,0.6666666666666666,0.3333333333333333,0.0,0.005,0.0344800490064945,2.162002698097906,0.0,3.0807602630679075e-07,0.0,0.2858,0.0217,0.0267,0.352,0.3138
uci_credit,8,weighted,nbi_C,66,63,54,0.0007138601055583482,0.0031304811946636655,0.03802183527771115,0.015814326972136392,0.04934168439524839,2.628114594359898,1.1554530844961637,1.1941012251886995,0.9676341168761229,0.746031746031746,0.8703703703703703,0.12962962962962962,0.0,0.87,0.040317149876066403,1.9237936291742739,0.0,3.0807602630679075e-07,0.0,0.3061,0.009,0.0297,0.4004,0.2549
uci_credit,8,weighted,ws_random_scalarization,66,66,63,0.0004012143876782609,0.0007379078554034398,0.14204064142521913,0.011019824854204727,0.029836700950865432,2.0058673555477586,1.1679752544893438,1.1941012251886995,0.9781208073919971,0.8484848484848485,0.8888888888888888,0.1111111111111111,0.0,0.23,0.035172119011121515,2.373043304508042,0.00523105600038085,0.006499576444247618,0.026879000696963126,0.2354,0.0,0.0045,0.3155,0.4445
uci_credit,8,weighted,random_dirichlet_budget,66,66,11,0.22030411059165367,0.9805532914352398,0.22850697912383017,0.12133227128945259,0.583415796897808,1.885063866919822,0.9079786559645224,1.1941012251886995,0.7603866714239723,0.0,0.0,1.0,0.0,1.0,0.16867648948724492,2.9918292058238314,0.014641477462540508,0.06489724632042228,0.07827345744243794,0.2087,0.0758,0.0668,0.3097,0.3391
uci_credit,8,weighted,design_runs,66,66,8,0.012588643678452735,1.4676311811051157,0.08578761509206671,0.034250836522642256,0.3227115949261832,1.103005251188335,1.0971888250091282,1.1941012251886995,0.918840716234709,0.06060606060606061,0.5,0.5,0.0,0.77,0.219146361602332,1.7999999999999998,0.025098110124773317,0.021886742200472577,0.0,0.3542,0.0,0.0,0.3125,0.3333
uci_credit,8,weighted,single_objective_refs,7,7,4,0.005829612729819124,0.15751401988066815,0.4264944028150016,0.39901402565457533,1.2396387195874754,1.6579850094445867,0.4297407045387639,1.1941012251886995,0.35988632745172294,0.14285714285714285,0.25,0.75,0.0,1.0,0.3394074020277796,1.3872533262780948,0.0,3.070735987862918e-07,0.0,0.2676,0.0002,0.0598,0.5995,0.0729
uci_credit,8,support,nbi_A,66,63,16,0.01945544598684788,0.11010358910871408,0.07268895939984744,0.06927430556814343,0.35289212937678766,2.377905153572083,1.1164605604949076,1.2144642490898119,0.9193029447607423,0.015873015873015872,0.0625,0.9375,0.0,0.67,0.1491243428065464,2.1848740074389825,0.00030769910418029225,0.008405828001730498,0.0,0.1697,0.0035,0.1098,0.531,0.186
uci_credit,8,support,nbi_B,66,66,21,0.029102179818998843,0.10378673960698719,0.03472640239988942,0.028785700574459255,0.31436075631633453,3.939265041461593,1.1236502540289295,1.2144642490898119,0.9252229984300127,0.07575757575757576,0.23809523809523808,0.7619047619047619,0.0,0.935,0.13398523412220015,2.2084954046131653,0.0,3.413462532569472e-07,0.0,0.1601,0.0153,0.0473,0.5174,0.2599
uci_credit,8,support,nbi_C,66,63,19,0.01777788623442134,0.11938917783839706,0.06742283882406618,0.0644392724215806,0.3420531466844994,2.964837742179027,1.1050168002536098,1.2144642490898119,0.9098800570554233,0.19047619047619047,0.631578947368421,0.3684210526315789,0.0,0.99,0.15765855581652777,1.9797983259668437,0.0,3.413462532569472e-07,0.0,0.1619,0.0018,0.0696,0.5821,0.1846
uci_credit,8,support,ws_random_scalarization,66,66,16,0.0013052664686130499,0.05249107326064905,0.05936091703928949,0.012625793744829044,0.18027448051616737,3.7121071018465215,1.1706820160187577,1.2144642490898119,0.963949343832997,0.19696969696969696,0.8125,0.1875,0.0,0.58,0.15948879000253732,1.8367795126305144,0.00523105600038085,0.007201488845456887,0.02777834277579949,0.2839,0.0,0.015,0.1157,0.5854
uci_credit,8,support,random_dirichlet_budget,66,66,1,0.05934307401321294,1.0247728843514825,0.7241566965793023,0.6757544186376567,,,0.11158506699114146,1.2144642490898119,0.09188007557634538,0.0,0.0,1.0,0.0,,,1.6997044513982154,0.014641477462540508,0.07190573100975191,1.0000000185427171,0.1136,0.024,0.1001,0.7515,0.0109
uci_credit,8,support,design_runs,66,66,4,0.002429365602542421,1.4890310012255918,0.22482003216363258,0.014515644323490314,0.22630450406733946,0.3470962606945349,1.1751501782329046,1.2144642490898119,0.9676284658964877,0.030303030303030304,0.5,0.5,0.0,0.18,0.3993442580773181,1.0,0.025098110124773317,0.02425036941593189,0.0,0.3333,0.0,0.0,0.25,0.4167
uci_credit,8,support,single_objective_refs,7,7,4,6.254110646411932e-05,0.1433399071530688,0.14231493336936848,0.04819646331036872,0.9843636751821441,1.3001766701493853,1.0857244241863457,1.2144642490898119,0.8939945535655323,0.14285714285714285,0.25,0.75,0.0,0.99,0.36433548618822065,1.3872533262780948,0.0,3.402355700194816e-07,0.0,0.2676,0.0002,0.0598,0.5995,0.0729
uci_credit,9,weighted,nbi_A,66,27,20,0.0028613684389046023,0.01933210874038098,0.1498352575781486,0.12869399300476436,0.07936811635485186,1.4386575624294002,0.9170472222949585,1.1974809338763552,0.7658136312253363,0.3333333333333333,0.45,0.55,0.0,0.47,0.08901412104874427,1.5945747287039638,0.00027316695273917936,0.0027740699141467345,0.0,0.2921,0.0071,0.0354,0.5179,0.1475
uci_credit,9,weighted,nbi_B,66,33,32,0.0018426246521750897,0.0022412393917191345,0.154091315150007,0.13201504344844928,0.05667476246671916,2.245372860959273,0.9170051673697993,1.1974809338763552,0.7657785117307628,0.3939393939393939,0.40625,0.59375,0.0,0.52,0.05701882955676524,1.699717240969202,3.433902594629952e-07,3.0681851477667744e-07,0.0,0.2889,0.0095,0.0401,0.507,0.1545
uci_credit,9,weighted,nbi_C,66,65,65,0.0008177175663744659,0.0008177175663744659,0.03053822632714821,0.00906455651702237,0.031104819661299254,2.0449925553696864,1.171897179527088,1.1974809338763552,0.9786353555822803,0.8307692307692308,0.8307692307692308,0.16923076923076924,0.0,0.505,0.03180712785617826,2.0488447865308794,3.433902594629952e-07,3.0681851477667744e-07,0.0,0.2951,0.0147,0.0197,0.3677,0.3028
uci_credit,9,weighted,ws_random_scalarization,66,66,54,0.00019735188532132945,0.0013176602656529894,0.14948570802689518,0.008268525755010242,0.030252644502088033,1.864620645233453,1.1780886594880566,1.1974809338763552,0.9838057760756791,0.7121212121212122,0.8703703703703703,0.12962962962962962,0.0,0.195,0.03704687001383545,2.0076089355412785,0.0007068688525632401,0.0023607650583216165,0.026643429192831105,0.2187,0.0027,0.0016,0.3546,0.4224
uci_credit,9,weighted,random_dirichlet_budget,66,66,9,0.6776628472704971,0.9411906989792271,0.25699013505836155,0.1514537369305572,2.0102919163689643,2.312631095402768,0.8972644661098093,1.1974809338763552,0.749293321276759,0.015151515151515152,0.1111111111111111,0.8888888888888888,0.0,1.0,0.18719682265301152,2.512912877039491,0.002057422749638318,0.005596045193017682,0.06378007983630023,0.2395,0.1336,0.0428,0.3085,0.2756
uci_credit,9,weighted,design_runs,66,66,8,0.012570344995863385,1.2637141396479001,0.08560912881159033,0.034004893382448505,0.2962934479945095,1.051713426008961,1.1034639776763466,1.1974809338763552,0.9214877218164409,0.045454545454545456,0.375,0.625,0.0,0.775,0.19863916234853252,1.7999999999999998,0.020925344038410114,0.01621297529968942,0.0,0.3542,0.0,0.0,0.3125,0.3333
uci_credit,9,weighted,single_objective_refs,7,7,4,0.004274321574248074,0.12359120625691912,0.4099251387583741,0.3875585481547614,1.1939382248337211,1.6386812333024205,0.4223352957223857,1.1974809338763552,0.35268644683573186,0.2857142857142857,0.5,0.5,0.0,1.0,0.35308801139430757,1.3624637829265926,0.0,3.0632929327484673e-07,0.0,0.262,0.0016,0.0508,0.6088,0.0768
uci_credit,9,support,nbi_A,66,27,9,0.03415477571467519,0.09050696412786746,0.0772893180926717,0.0406733191435903,0.454056990983004,1.881356738007553,1.1406638210563884,1.2204114240032602,0.9346551487650948,0.18518518518518517,0.5555555555555556,0.4444444444444444,0.0,0.84,0.20486371213405896,1.597811656752729,0.00027316695273917936,0.0035494817470568163,0.0,0.2142,0.0032,0.0567,0.6135,0.1125
uci_credit,9,support,nbi_B,66,33,14,0.02466181908736681,0.09187136223865203,0.09166509018190988,0.060195154645188306,0.3980532621607956,1.9691225682647195,1.070350727417969,1.2204114240032602,0.8770408948704742,0.30303030303030304,0.7142857142857143,0.2857142857142857,0.0,0.95,0.16528833913537042,1.6793339526052322,3.433902594629952e-07,3.925808474779823e-07,0.0,0.1509,0.0044,0.0741,0.6385,0.1321
uci_credit,9,support,nbi_C,66,65,14,0.010726717579967321,0.11783993394594006,0.050217413855223145,0.040293824934502995,0.4316906510493629,2.0078809973987086,1.1495758743822164,1.2204114240032602,0.9419576478654345,0.13846153846153847,0.6428571428571429,0.35714285714285715,0.0,0.995,0.1419192178074338,1.785591517518288,3.433902594629952e-07,3.925808474779823e-07,0.0,0.139,0.0047,0.0805,0.6247,0.1511
uci_credit,9,support,ws_random_scalarization,66,66,16,0.0012616631157539352,0.044389441368108976,0.04611028232785997,0.004850544677702897,0.1940052532446089,3.685847141674483,1.2000587170535524,1.2204114240032602,0.9833230773250665,0.10606060606060606,0.4375,0.5625,0.0,0.655,0.14945827990249844,1.750749241197238,0.0007068688525632401,0.003020649350209154,0.026942913997779455,0.2229,0.002,0.0053,0.3029,0.4668
uci_credit,9,support,random_dirichlet_budget,66,66,1,0.0020333421833255276,1.0048151621373018,0.5612375914164017,0.5191317424494203,,,0.11998752812806401,1.2204114240032602,0.09831727708224361,0.0,0.0,1.0,0.0,,,1.7366686866240715,0.002057422749638318,0.007160259432189149,1.0,0.074,0.0029,0.0444,0.7413,0.1374
uci_credit,9,support,design_runs,66,66,4,0.0012398471556554465,1.4059880430666887,0.3547128304428397,0.016432557243693007,0.20662805252286232,0.314218997379586,1.1834297341429518,1.2204114240032602,0.9696973585030866,0.015151515151515152,0.25,0.75,0.0,0.225,0.3677676265179096,1.0,0.020925344038410114,0.02074484842586654,0.0,0.3333,0.0,0.0,0.25,0.4167
uci_credit,9,support,single_objective_refs,7,7,6,0.00259995666641561,0.1398082607377616,0.10933129478145155,0.036211369780755856,0.8567227108109824,2.2778945025885884,1.101544825469687,1.2204114240032602,0.9026012079240782,0.42857142857142855,0.5,0.5,0.0,0.965,0.28605923819525514,1.3624637829265926,0.0,3.919548781099572e-07,0.0,0.1865,0.0011,0.0583,0.6832,0.0708
uci_credit,10,weighted,nbi_A,66,20,9,0.002644536641490419,0.02510672832518236,0.30627372828251076,0.26107379330384806,0.7634210847997603,2.6055969733953948,0.6585175000951549,1.1865196637179245,0.5549992302965377,0.15,0.3333333333333333,0.6666666666666666,0.0,1.0,0.17961962703103848,1.439982798346359,0.0011837529707255617,0.0029592545025786243,0.0,0.1343,0.0055,0.0166,0.7085,0.1351
uci_credit,10,weighted,nbi_B,66,25,22,0.0021706144447021358,0.0027520352320994745,0.24374794448489928,0.2045546558657516,0.06317701283183946,1.6393259732313281,0.7685878050249461,1.1865196637179245,0.6477665971557511,0.48,0.5454545454545454,0.45454545454545453,0.0,0.285,0.08513664023479776,1.5975082586460818,0.00029597923703557577,3.8990290481752126e-08,0.0,0.1657,0.0039,0.0264,0.6575,0.1465
uci_credit,10,weighted,nbi_C,66,66,65,0.0024384733933139223,0.002478785691895808,0.021275777638145758,0.0062116052874504725,0.030193541553069587,1.3533473226734052,1.167194236504384,1.1865196637179245,0.9837125099528609,0.7575757575757576,0.7692307692307693,0.23076923076923078,0.0,0.435,0.03227317567756504,1.8640288185349017,0.0,3.8990290481752126e-08,0.0,0.2861,0.0148,0.0113,0.372,0.3159
uci_credit,10,weighted,ws_random_scalarization,66,66,36,0.0012725432666687915,0.00420417031570641,0.1508930783835543,0.012034540459897634,0.017818351796832253,1.10630861695084,1.1505929246973403,1.1865196637179245,0.9697209071883319,0.4090909090909091,0.75,0.25,0.0,0.005,0.05439674193618535,1.9581120476189173,0.0037962411726400426,0.0012858906533304826,0.03481303801796573,0.21,0.0125,0.0,0.3012,0.4763
uci_credit,10,weighted,random_dirichlet_budget,66,66,10,0.26483662826013366,1.2293990256214369,0.21014768578606807,0.09500536738792491,0.15561270120732595,0.7989984093907446,0.9236083875029885,1.1865196637179245,0.7784181044323266,0.0,0.0,1.0,0.0,0.555,0.1655750964979276,2.5400482761099026,0.036774887275098846,0.05644291929255881,0.07661951603141352,0.183,0.0731,0.0795,0.3638,0.3006
uci_credit,10,weighted,design_runs,66,66,9,0.017640767334971767,1.4469905164940744,0.07912893549882008,0.03139360042372294,0.2864177273024434,1.1550206694764704,1.096343814987127,1.1865196637179245,0.9239997014055088,0.030303030303030304,0.2222222222222222,0.7777777777777778,0.0,0.805,0.18773509719937997,1.7999999999999998,0.014562670394413559,0.015850036673080773,0.0,0.3148,0.0,0.0,0.3148,0.3704
uci_credit,10,weighted,single_objective_refs,7,7,6,0.0322316952210854,0.14714606192776017,0.4306264001259401,0.4035981741138017,1.0108352949753312,2.0485252378644305,0.40898568557168397,1.1865196637179245,0.3446935588830777,0.14285714285714285,0.16666666666666666,0.8333333333333334,0.0,1.0,0.25152495916623235,1.2882928002329368,0.00029581525961883446,3.81549623782582e-08,0.0,0.1753,0.0028,0.0461,0.7104,0.0653
uci_credit,10,support,nbi_A,66,20,6,0.0015948301237190831,0.007877618237651646,0.14518360677407227,0.04505968137386499,0.8574199180806725,2.2762053809312874,1.1223419644513122,1.2335881114827016,0.9098190506248653,0.05,0.16666666666666666,0.8333333333333334,0.0,0.98,0.28020303794825824,1.4486810523761844,0.0011837533096789945,0.0036682587703568866,0.0,0.1792,0.0036,0.0373,0.6948,0.0851
uci_credit,10,support,nbi_B,66,25,9,0.027863643273050822,0.022921553063962385,0.15197753575010398,0.05620338569554573,0.27899068013922923,1.5532421156742044,1.102999613996754,1.2335881114827016,0.8941393028431606,0.04,0.1111111111111111,0.8888888888888888,0.0,0.76,0.18330376042685914,1.5552360232417706,0.0002959793217856722,4.833192781959781e-08,0.0,0.2361,0.0012,0.0439,0.6053,0.1135
uci_credit,10,support,nbi_C,66,66,14,0.0004901280315172664,0.1113776168605396,0.02472612099312947,0.012126922423999549,0.4182716796795568,2.5723288377559,1.1855814149188537,1.2335881114827016,0.9610836906444027,0.13636363636363635,0.6428571428571429,0.35714285714285715,0.0,0.995,0.14505199536424546,1.6232245221338566,0.0,4.833192781959781e-08,0.0,0.1286,0.0022,0.0487,0.6573,0.1632
uci_credit,10,support,ws_random_scalarization,66,66,10,0.0007807560738532431,0.028200576207820856,0.3002831769945517,0.0051720204754612835,0.01018679171357136,1.1834554256374805,1.2153416342865087,1.2335881114827016,0.9852086145883314,0.10606060606060606,0.7,0.3,0.0,0.1,0.16788911143285024,1.598145191304067,0.0037962422596480665,0.001593975666063607,0.028020695951879296,0.1585,0.0077,0.0,0.4493,0.3844
uci_credit,10,support,random_dirichlet_budget,66,66,6,0.3384547985518424,1.4278458836164176,0.6430861722344838,0.6303270232495778,0.9605998975160038,1.8894272122143323,0.11869688558207392,1.2335881114827016,0.09622084103859198,0.0,0.0,1.0,0.0,1.0,0.2720389639469846,2.643858144328392,0.036774897805145736,0.06996601121635829,0.2098887166096361,0.0685,0.0981,0.0957,0.45,0.2877
uci_credit,10,support,design_runs,66,66,4,5.440092820663267e-15,1.4833959696606238,0.2899111427542716,0.012517035245882558,0.2756497185889213,0.434456959479643,1.200487980923277,1.2335881114827016,0.9731675992567403,0.045454545454545456,0.75,0.25,0.0,0.26,0.36386325249099616,1.0,0.014562674564259163,0.019647528114206888,0.0,0.3333,0.0,0.0,0.25,0.4167
uci_credit,10,support,single_objective_refs,7,7,6,0.0012143324965055934,0.14534171843086424,0.14761910415853866,0.03982758025896959,0.8510082507290024,2.2720802457869453,1.1270275448395985,1.2335881114827016,0.9136173852105113,0.14285714285714285,0.16666666666666666,0.8333333333333334,0.0,0.98,0.2959376247618282,1.2882928002329368,0.00029581534432197794,4.729646444897622e-08,0.0,0.1753,0.0028,0.0461,0.7104,0.0653
uci_credit,11,weighted,nbi_A,66,19,8,0.003100067474734163,0.023290052512381747,0.322669456270068,0.27571516160296544,0.8293324062822873,2.4431223650098164,0.6362560036928508,1.1881374537394427,0.5355070675453861,0.10526315789473684,0.25,0.75,0.0,1.0,0.2168276780083727,1.372620947953026,0.002435101118287983,0.002901260783216552,0.0,0.152,0.0049,0.019,0.7222,0.102
uci_credit,11,weighted,nbi_B,66,25,24,0.001535189195235145,0.002592044538488928,0.248323004379819,0.20436589725809357,0.0899044326556249,2.0543938360814704,0.7695255028200356,1.1881374537394427,0.6476738027221485,0.6,0.625,0.375,0.0,0.755,0.07957560954871783,1.685943094651577,0.0,1.097313399070206e-07,0.0,0.1293,0.0027,0.0557,0.6812,0.1311
uci_credit,11,weighted,nbi_C,66,64,62,0.00044159250373273747,0.0006551329024188829,0.032977839890701036,0.01078433679000345,0.03318978980633282,2.2361220169380975,1.1576702286090435,1.1881374537394427,0.9743571545240752,0.859375,0.8870967741935484,0.11290322580645161,0.0,0.485,0.03364930416155905,1.927432465738555,0.0,1.097313399070206e-07,0.0,0.3027,0.0114,0.0208,0.3748,0.2903
uci_credit,11,weighted,ws_random_scalarization,66,66,36,0.0018209183583451772,0.005982896103672273,0.1641234098516439,0.01893658643922399,0.028538552326923004,1.5201271251528161,1.1407950122284614,1.1881374537394427,0.9601540702534208,0.21212121212121213,0.3888888888888889,0.6111111111111112,0.0,0.055,0.05108109426243261,1.9640965547321818,0.006889301242356596,0.004468983036152567,0.02380325643047825,0.2703,0.0216,0.0,0.1853,0.5228
uci_credit,11,weighted,random_dirichlet_budget,66,66,7,0.19435519046264935,0.9828185717623499,0.2403802530800469,0.1599527249477844,0.3332513056204309,0.8058359841144511,0.8555932388089164,1.1881374537394427,0.7201130105915734,0.0,0.0,1.0,0.0,0.755,0.23382978452394712,2.5560336796162684,0.010645910911912528,0.01146206988111276,0.16882733173782422,0.1315,0.072,0.096,0.3901,0.3104
uci_credit,11,weighted,design_runs,66,66,8,0.011251666197364766,1.506193182355188,0.0849970428580021,0.03254332569206662,0.3008838017542778,1.0366823409564647,1.0933849081862133,1.1881374537394427,0.9202511921032257,0.030303030303030304,0.25,0.75,0.0,0.79,0.2027529588918123,1.7999999999999998,0.018366195515207174,0.014996908390284544,0.0,0.3542,0.0,0.0,0.3125,0.3333
uci_credit,11,weighted,single_objective_refs,7,7,6,0.028451951351577017,0.15513492272325727,0.4315132870441654,0.40401209313054975,1.0245220258761845,2.051034497912028,0.40602493376382537,1.1881374537394427,0.3417322907260747,0.2857142857142857,0.3333333333333333,0.6666666666666666,0.0,1.0,0.2640993176853151,1.3116216751609489,0.0,1.0662698953348138e-07,0.0,0.1755,0.0022,0.0596,0.7077,0.055
uci_credit,11,support,nbi_A,66,19,5,0.0010546021272460722,0.0055037222861885485,0.12259219716577596,0.04434672388146012,0.9452267538451299,2.0619493686421877,1.092004140722792,1.2161744241793389,0.897900925239128,0.0,0.0,1.0,0.0,0.985,0.29533475673661636,1.267922888234759,0.002435101118287983,0.0034305273240297384,0.0,0.2147,0.002,0.0428,0.6877,0.0528
uci_credit,11,support,nbi_B,66,25,12,0.023749721089668486,0.015655701522195465,0.13239040783866513,0.0727522054237812,0.25767197795705055,1.9152035327197736,0.9958985910095708,1.2161744241793389,0.81887809117643,0.2,0.4166666666666667,0.5833333333333334,0.0,0.795,0.12922110764079972,1.6930181425233717,0.0,1.2974923248232925e-07,0.0,0.1863,0.0054,0.0776,0.6111,0.1196
uci_credit,11,support,nbi_C,66,64,15,0.009255789068172504,0.11981203373809417,0.050764043459017104,0.046072938346573306,0.39012783070890233,2.6185613899337485,1.1463144592783903,1.2161744241793389,0.9425576105597769,0.15625,0.6666666666666666,0.3333333333333333,0.0,0.98,0.11586243628582285,1.7432676157808407,0.0,1.2974923248232925e-07,0.0,0.1345,0.0028,0.0762,0.6457,0.1408
uci_credit,11,support,ws_random_scalarization,66,66,19,0.0024972653096901574,0.01950075088675929,0.32285705034261125,0.007479351103022683,0.011149237835116847,2.9104716266915367,1.1845527164248786,1.2161744241793389,0.973999035725654,0.030303030303030304,0.10526315789473684,0.8947368421052632,0.0,0.32,0.12156287513733924,1.0226970694834463,0.006889301242356596,0.005284243493323518,0.04527582711286702,0.0989,0.0128,0.0,0.6711,0.2173
uci_credit,11,support,random_dirichlet_budget,66,66,4,0.827725303135027,1.1621908108321832,0.5267725890394381,0.5228607057884819,1.3376272076655407,1.2684228512192124,0.17052660125667804,1.2161744241793389,0.14021557916887417,0.0,0.0,1.0,0.0,0.995,0.3837245719481164,2.4536437290125086,0.010645910911912528,0.013553053949704415,0.8138875431555413,0.1565,0.1264,0.178,0.4098,0.1293
uci_credit,11,support,design_runs,66,66,4,0.002603287792341671,1.6061349481477885,0.3246452166155161,0.012813244310831877,0.2165647652042286,0.3303028267107114,1.185869808676697,1.2161744241793389,0.9750820154575351,0.015151515151515152,0.25,0.75,0.0,0.245,0.3734742332465326,1.0,0.018366195515207174,0.017732740299134256,0.0,0.3333,0.0,0.0,0.25,0.4167
uci_credit,11,support,single_objective_refs,7,7,6,0.0005602578377455888,0.14811616642176922,0.12565157812607278,0.03982662337886021,0.8621248406692104,2.306768836232298,1.0986747311778995,1.2161744241793389,0.903385821420536,0.5714285714285714,0.6666666666666666,0.3333333333333333,0.0,0.98,0.27907665958798916,1.3116216751609489,0.0,1.2607856666648993e-07,0.0,0.1755,0.0022,0.0596,0.7077,0.055
uci_credit,12,weighted,nbi_A,66,22,11,0.000591857499890106,0.030002929731062958,0.18286707677804576,0.15987117500382123,0.11870959439171762,1.093524565003145,0.780878779363793,1.1842614501510889,0.6593803921120357,0.45454545454545453,0.9090909090909091,0.09090909090909091,0.0,0.415,0.15701801595781123,1.4727846342082502,0.0016696962475971026,0.0023436408011685214,3.799533418231511e-09,0.283,0.005,0.0189,0.5751,0.118
uci_credit,12,weighted,nbi_B,66,31,27,0.00041068316426878283,0.0006956736709617935,0.16290189772237706,0.13584681914173086,0.05427151918640191,3.5101803370548583,0.8058826399581699,1.1842614501510889,0.6804938553520887,0.6451612903225806,0.7407407407407407,0.25925925925925924,0.0,0.215,0.07416652965112229,1.5426481163376058,0.00021331760433350815,0.0,3.799533418231511e-09,0.339,0.0081,0.0199,0.5034,0.1297
uci_credit,12,weighted,nbi_C,66,66,65,0.0022176108676808435,0.002199309413207308,0.04402364997351993,0.013919710740556814,0.03120864356595769,3.768789875849955,1.14240385476829,1.1842614501510889,0.9646551060346863,0.7878787878787878,0.8,0.2,0.0,0.155,0.043464390774745267,1.8627242913729107,0.00018814562778476376,0.0,3.799533418231511e-09,0.2789,0.0242,0.012,0.3858,0.2991
uci_credit,12,weighted,ws_random_scalarization,66,66,56,0.00037806286433962697,0.0014396317926422299,0.11674979088830995,0.006729156018078364,0.019909375593090344,1.3969398184450723,1.1648884188930018,1.1842614501510889,0.9836412548465413,0.7272727272727273,0.8571428571428571,0.14285714285714285,0.0,0.015,0.045470844146557624,1.9720658081341096,0.002298995661353443,0.0022381079246860934,0.02312790267886781,0.2082,0.0104,0.0023,0.3864,0.3927
uci_credit,12,weighted,random_dirichlet_budget,66,66,8,0.17844927613372485,0.7901056736839079,0.23830309287549126,0.13194898043369083,0.27048622899460595,0.739438730779138,0.8820786828557321,1.1842614501510889,0.74483441367039,0.0,0.0,1.0,0.0,0.76,0.1893367063025562,2.555679764411593,0.028140855016100193,0.030695491784804952,0.024900525316645158,0.1947,0.0885,0.0748,0.2545,0.3876
uci_credit,12,weighted,design_runs,66,66,9,0.01875991815994755,1.2015594303648098,0.0850208194710069,0.031291905733998496,0.2732017949189617,1.1290388204351036,1.0930173916024692,1.1842614501510889,0.9229527748817808,0.045454545454545456,0.3333333333333333,0.6666666666666666,0.0,0.855,0.17540907889076074,1.7999999999999998,0.012950851452556464,0.012399131240764123,3.799533418231511e-09,0.3519,0.0,0.0,0.3519,0.2963
uci_credit,12,weighted,single_objective_refs,7,7,5,0.043221732666936755,0.1341891549470549,0.380643566161558,0.3641231210918093,1.0677938460406353,1.789181628337741,0.3790423016456944,1.1842614501510889,0.3200664022267515,0.14285714285714285,0.2,0.8,0.0,1.0,0.3124162003899898,1.4636413837313822,0.0002131463663976869,2.56151812782515e-09,3.799533418231511e-09,0.2073,0.0026,0.063,0.6689,0.0582
uci_credit,12,support,nbi_A,66,22,8,0.045611687062485806,0.031544916387369476,0.07866856638343456,0.02371034184234531,0.3307167527909858,1.6264186704076256,1.1412125642354582,1.2172926003797029,0.9375006172546244,0.22727272727272727,0.625,0.375,0.0,0.835,0.19289370131007705,1.4825855950414344,0.001675246139452081,0.003288293474983639,7.868141697490688e-10,0.2505,0.0026,0.0374,0.6272,0.0823
uci_credit,12,support,nbi_B,66,31,11,0.029649384047805136,0.09362038171632653,0.06642204903825151,0.036575966212984555,0.3998463886247415,2.17740127770939,1.115179221753601,1.2172926003797029,0.9161143519690744,0.1935483870967742,0.5454545454545454,0.45454545454545453,0.0,0.875,0.1405298840324681,1.4603270106021293,0.00021402664924902366,0.0,7.868141697490688e-10,0.1876,0.0028,0.0452,0.6605,0.104
uci_credit,12,support,nbi_C,66,66,22,0.007163847578915261,0.11796918483668363,0.047840618173467,0.03820882586742465,0.32862006709480324,3.2051410069356496,1.133654885440213,1.2172926003797029,0.9312920205763173,0.19696969696969696,0.5909090909090909,0.4090909090909091,0.0,0.99,0.09050737349735107,1.5462122329153642,0.0001887710037408367,0.0,7.868141697490688e-10,0.1113,0.0061,0.0355,0.7218,0.1253
uci_credit,12,support,ws_random_scalarization,66,66,18,0.0001768267471094082,0.039378919405770305,0.0307836081760688,0.0037147106404227257,0.18177615346358086,3.9806212511479817,1.1975751518532785,1.2172926003797029,0.9838022111361935,0.21212121212121213,0.7777777777777778,0.2222222222222222,0.0,0.795,0.10582266704593839,1.6329109042118555,0.0023066372771946104,0.0031402234000129352,0.04605863898609775,0.1693,0.0109,0.0043,0.4494,0.3662
uci_credit,12,support,random_dirichlet_budget,66,66,1,0.039438189388978286,1.030369781900255,0.5698798073159904,0.5461302117052412,,,0.11327837415419438,1.2172926003797029,0.09305763800655663,0.0,0.0,1.0,0.0,,,2.9818572206880396,0.028234392210228013,0.043067941681618704,0.9999999724867226,0.0388,0.0293,0.2431,0.4798,0.2089
uci_credit,12,support,design_runs,66,66,4,0.0015873587197084461,1.4526757530233272,0.326391914630055,0.011598348774072299,0.1943033204582737,0.29248301988350206,1.1900853048779245,1.2172926003797029,0.9776493379707626,0.030303030303030304,0.5,0.5,0.0,0.28,0.3427158707132037,1.0,0.012993898698482192,0.017396856350231596,7.868141697490688e-10,0.3333,0.0,0.0,0.25,0.4167
uci_credit,12,support,single_objective_refs,7,7,6,0.0015720952962300309,0.13715411927430218,0.09289320492920497,0.027749517876174874,0.8713505787291964,2.371192689171511,1.102289127421344,1.2172926003797029,0.9055252016462709,0.2857142857142857,0.3333333333333333,0.6666666666666666,0.0,1.0,0.24227925091066507,1.2318206918656913,0.0002138548421366072,3.593990743624233e-09,7.868141697490688e-10,0.1728,0.0021,0.0525,0.7241,0.0485
uci_credit,13,weighted,nbi_A,66,22,11,0.0014197898536949618,0.023244732137030363,0.24642801652976098,0.2193441230135719,0.12876159796205644,1.1107158835431465,0.7857323637598672,1.1923094360849316,0.6590003735438837,0.3181818181818182,0.6363636363636364,0.36363636363636365,0.0,0.415,0.1630548575679555,1.4222805015153681,0.0013681608497483396,0.002872394524102934,1.8261708838560853e-09,0.2761,0.0045,0.0175,0.5771,0.1249
uci_credit,13,weighted,nbi_B,66,37,35,0.0038924875822817346,0.007198475502558867,0.12071110796546444,0.10707215717883568,0.06677263219374567,2.004165307441462,0.9747357248129617,1.1923094360849316,0.8175190896866545,0.5945945945945946,0.6285714285714286,0.37142857142857144,0.0,0.745,0.056762819163773556,1.7515721605772836,3.0645235833307535e-07,3.1606955519037825e-07,1.8261708838560853e-09,0.292,0.0125,0.0333,0.4918,0.1704
uci_credit,13,weighted,nbi_C,66,66,66,0.0030298032907622946,0.0030298032907622946,0.023675698789466,0.00890958061559358,0.030739056130654207,1.4577140387071563,1.1683030759998407,1.1923094360849316,0.9798656629239486,0.7121212121212122,0.7121212121212122,0.2878787878787879,0.0,0.4,0.032904349865506076,1.8378300772645026,3.0645235833307535e-07,3.1606955519037825e-07,1.8261708838560853e-09,0.279,0.0136,0.016,0.373,0.3185
uci_credit,13,weighted,ws_random_scalarization,66,66,44,0.0007286239314202366,0.0037320666019787854,0.09626879588926623,0.00868898890467002,0.08021706454056116,3.279363575085771,1.1664696556823162,1.1923094360849316,0.9783279578097923,0.5303030303030303,0.7954545454545454,0.20454545454545456,0.0,0.98,0.04633367908676726,1.9864901308039116,0.00596338972175125,0.002815448330583969,0.014581355837956686,0.2479,0.0092,0.0,0.3039,0.4389
uci_credit,13,weighted,random_dirichlet_budget,66,66,8,0.30502290343102234,1.035167695834577,0.2687637802690262,0.16176195772846244,0.527308329848363,1.0892179420322319,0.807602044782396,1.1923094360849316,0.6773426598335403,0.0,0.0,1.0,0.0,0.99,0.228272310647463,3.065456405192861,0.07175917602818697,0.06228627004022011,0.1024948495728825,0.214,0.0918,0.0995,0.2291,0.3656
uci_credit,13,weighted,design_runs,66,66,8,0.011041402119322507,1.511901640667844,0.0832166618319354,0.03284327023233686,0.3053918867551629,1.052335387129848,1.100422679945857,1.1923094360849316,0.9229338011105623,0.045454545454545456,0.375,0.625,0.0,0.73,0.21609158481270613,1.7999999999999998,0.017873910033435608,0.018154259693229483,1.8261708838560853e-09,0.3542,0.0,0.0,0.3125,0.3333
uci_credit,13,weighted,single_objective_refs,7,7,6,0.033916799843110725,0.15533592684126815,0.44447466375162875,0.41537223841231563,1.0118869853790422,2.0253610188836664,0.4258404883276298,1.1923094360849316,0.3571560162485336,0.2857142857142857,0.3333333333333333,0.6666666666666666,0.0,1.0,0.2563390572336745,1.3598714095330726,3.0645235833307535e-07,3.2618995574933355e-07,1.8261708838560853e-09,0.1799,0.0006,0.053,0.7006,0.0659
uci_credit,13,support,nbi_A,66,22,7,0.05700265580867938,0.03410917671453877,0.10768288029184747,0.03699546918106564,0.35384838993849366,1.5473326286811069,1.1395073250814087,1.2294360187108848,0.9268537018105504,0.13636363636363635,0.42857142857142855,0.5714285714285714,0.0,0.85,0.20384143069552615,1.4222805015153681,0.0013718411991898451,0.003449332544266782,3.5621615613790493e-10,0.2788,0.0009,0.0261,0.593,0.1013
uci_credit,13,support,nbi_B,66,37,14,0.02209203377328947,0.11465731351706167,0.09905597356469266,0.047408604422735444,0.39854015640508933,1.9843458450134621,1.1293825043312653,1.2294360187108848,0.918618364146733,0.1891891891891892,0.5,0.5,0.0,0.985,0.08855367933248794,1.7207665326419117,3.072767144503014e-07,3.7955405979983986e-07,3.5621615613790493e-10,0.1616,0.0032,0.0656,0.6372,0.1324
uci_credit,13,support,nbi_C,66,66,15,0.0003730388751719417,0.10744180459993592,0.018172659709904056,0.008740160484920522,0.4139229449211988,2.8082863455553553,1.1839900759517485,1.2294360187108848,0.9630351298746004,0.19696969696969696,0.8666666666666667,0.13333333333333333,0.0,0.995,0.08686056030572697,1.7514483126705083,3.072767144503014e-07,3.7955405979983986e-07,3.5621615613790493e-10,0.1249,0.0007,0.0627,0.6401,0.1717
uci_credit,13,support,ws_random_scalarization,66,66,15,0.0006779763983743526,0.034705488883220656,0.2772026241449959,0.004047224708521855,0.010505595136620657,1.2584152376240594,1.220651360379103,1.2294360187108848,0.9928547250950132,0.10606060606060606,0.4666666666666667,0.5333333333333333,0.0,0.215,0.10923394624907527,1.5338059659701944,0.005979431225961785,0.0033809483592501274,0.029704869441260818,0.1254,0.0042,0.0,0.5811,0.2892
uci_credit,13,support,random_dirichlet_budget,66,66,3,0.13168680255471032,1.1980687630443838,0.2969207741635374,0.2865522307054325,0.7612312423543742,1.6633398874035348,0.538634728310879,1.2294360187108848,0.4381152984891886,0.0,0.0,1.0,0.0,0.87,0.36411491526470896,2.9790298431749167,0.07195220804154037,0.0747968485902256,0.2153074342272216,0.1094,0.0394,0.1316,0.208,0.5117
uci_credit,13,support,design_runs,66,66,5,0.006138819569144587,1.5571663168696543,0.28605401465444924,0.017380612284116574,0.3867163893705955,0.9404237998620362,1.1940089046198676,1.2294360187108848,0.9711842555839839,0.015151515151515152,0.2,0.8,0.0,0.74,0.3119764190110798,1.0,0.017921990809041177,0.021800653862645757,3.5621615613790493e-10,0.2667,0.0,0.0,0.3333,0.4
uci_credit,13,support,single_objective_refs,7,7,6,0.0012928076187313949,0.14997525232802658,0.1183663505208282,0.037493617340126933,0.8581539893841541,2.3682007254112944,1.1133854654625812,1.2294360187108848,0.9056066753518516,0.5714285714285714,0.6666666666666666,0.3333333333333333,0.0,0.975,0.27797961955460054,1.3598714095330726,3.072767144503014e-07,3.917072047512362e-07,3.5621615613790493e-10,0.1799,0.0006,0.053,0.7006,0.0659
uci_credit,14,weighted,nbi_A,66,20,9,0.0036473527525221453,0.027214975543999053,0.3141753458902233,0.2673889682379979,0.7807425894403477,2.632240712551503,0.6436567813977455,1.181987072751519,0.5445548400960025,0.15,0.3333333333333333,0.6666666666666666,0.0,1.0,0.1940693362385505,1.4621912467032536,0.0015987586085581143,0.00448073572233395,1.4916725927337486e-09,0.1568,0.0049,0.0185,0.7041,0.1157
uci_credit,14,weighted,nbi_B,66,26,25,0.0025091384683931716,0.0034872450350268893,0.24293820215742448,0.201825150671474,0.08260715357138347,1.832104945657064,0.7694743162168949,1.181987072751519,0.6510006191739934,0.5769230769230769,0.6,0.4,0.0,0.675,0.07888024949452879,1.737061698283191,3.3929512087076893e-07,2.5486530862533e-07,1.4916725927337486e-09,0.143,0.0038,0.0387,0.6744,0.1401
uci_credit,14,weighted,nbi_C,66,66,66,0.0035146177853117105,0.0035146177853117105,0.019561122777123692,0.006533805829974947,0.030392771079262106,1.257150126023244,1.1621948937926656,1.181987072751519,0.9832551646163273,0.7121212121212122,0.7121212121212122,0.2878787878787879,0.0,0.44,0.03176230104281353,1.9598304431691724,3.3929512087076893e-07,2.5486530862533e-07,1.4916725927337486e-09,0.3068,0.0145,0.014,0.3731,0.2917
uci_credit,14,weighted,ws_random_scalarization,66,66,38,0.004542055549263746,0.007563033025151572,0.14469612804957338,0.015382712831053906,0.034315252638007804,1.6087939667661797,1.1301451975914252,1.181987072751519,0.9561400658643311,0.4696969696969697,0.8157894736842105,0.18421052631578946,0.0,0.115,0.051461510267336,1.931319370179872,0.0017168333105501208,0.0022432637764819656,0.025377539120254457,0.2573,0.0111,0.0066,0.2696,0.4555
uci_credit,14,weighted,random_dirichlet_budget,66,66,7,0.20061158705105422,1.1424955558802674,0.2625256756890913,0.13754911815505252,0.29628599881996376,0.9258318572539415,0.8864093308525413,1.181987072751519,0.7499314935730139,0.0,0.0,1.0,0.0,0.655,0.23923854376494705,3.042119035749264,0.019960053358298965,0.06281245746299725,0.1945406639498522,0.2554,0.0588,0.0558,0.3673,0.2627
uci_credit,14,weighted,design_runs,66,66,9,0.021332540747150144,1.5580549330108,0.08271535965902009,0.03330044064994043,0.301803204224724,1.1998739541059282,1.0827115784071726,1.181987072751519,0.9160096614988814,0.06060606060606061,0.4444444444444444,0.5555555555555556,0.0,0.835,0.19123147162697682,1.7999999999999998,0.017109465402058165,0.014488266000700195,1.4916725927337486e-09,0.3519,0.0,0.0,0.3519,0.2963
uci_credit,14,weighted,single_objective_refs,7,7,4,0.04126992427010784,0.16188279390198698,0.44755493345062425,0.4163701148887833,1.2295644982525036,1.5375655266251724,0.38128694590082535,1.181987072751519,0.32258131640410986,0.2857142857142857,0.5,0.5,0.0,0.995,0.3710598612212959,1.6454651804081522,0.0,2.458871252281231e-07,1.4916725927337486e-09,0.2802,0.0,0.0776,0.5613,0.0809
uci_credit,14,support,nbi_A,66,20,6,0.0024779460991038436,0.005985509648907961,0.1085452144625402,0.03926284565019233,0.8701322092213044,2.277233333877576,1.093707374912038,1.216674700751574,0.8989316324539538,0.05,0.16666666666666666,0.8333333333333334,0.0,1.0,0.24087039439326963,1.421100995535661,0.0016028759117888045,0.005290861365376938,3.0841262185664877e-10,0.2011,0.0029,0.0247,0.7009,0.0703
uci_credit,14,support,nbi_B,66,26,14,0.018287952017050354,0.017633318350873776,0.11261276461367806,0.04626552197854093,0.23717040708203363,2.102232465876173,1.0763308784807932,1.216674700751574,0.8846496749015276,0.19230769230769232,0.35714285714285715,0.6428571428571429,0.0,0.91,0.088147467264176,1.6258191786917962,3.401689118795183e-07,3.009454469852635e-07,3.0841262185664877e-10,0.1883,0.0002,0.0588,0.6534,0.0993
uci_credit,14,support,nbi_C,66,66,16,0.007639759549596583,0.11821799028017509,0.04334356256819076,0.03384764865785455,0.3804765087614906,2.729928605437238,1.1473306888703592,1.216674700751574,0.9430052980978572,0.16666666666666666,0.6875,0.3125,0.0,0.995,0.07107093306077646,1.690277295861418,3.401689118795183e-07,3.009454469852635e-07,3.0841262185664877e-10,0.1531,0.0021,0.0538,0.6592,0.1317
uci_credit,14,support,ws_random_scalarization,66,66,27,0.0013945282540510835,0.017574671069105995,0.022442650504312697,0.003273296858338544,0.004955546707268216,1.395896815098746,1.2093201223412477,1.216674700751574,0.9939551809487096,0.19696969696969696,0.48148148148148145,0.5185185185185185,0.0,0.025,0.07627801494140682,1.6125353967785336,0.001721254693051673,0.0026488501850664196,0.027387545925273652,0.1594,0.007,0.0092,0.5074,0.317
uci_credit,14,support,random_dirichlet_budget,66,66,2,0.12682815004590425,1.3221276131098672,0.22924284616586693,0.21372408944258753,,,0.6693990803263288,1.216674700751574,0.5501873918417325,0.0,0.0,1.0,0.0,,,2.7060152836588838,0.020011456735730026,0.07416907067267238,0.2300436042420545,0.2491,0.0344,0.1362,0.4271,0.1532
uci_credit,14,support,design_runs,66,66,4,0.0028906207855664283,1.6314296892861613,0.3012452606692758,0.012414675679418102,0.16854246050821214,0.25183236649022556,1.1864080730567856,1.216674700751574,0.9751234839714414,0.0,0.0,1.0,0.0,0.27,0.3319448898876221,1.0,0.01715352762433374,0.017107772380398328,3.0841262185664877e-10,0.3333,0.0,0.0,0.25,0.4167
uci_credit,14,support,single_objective_refs,7,7,6,0.0019799748212425087,0.14903148391766344,0.11028833019175235,0.03620795834011688,0.8677255116290652,2.3529779670901445,1.10154142518655,1.216674700751574,0.905370535366682,0.2857142857142857,0.3333333333333333,0.6666666666666666,0.0,0.99,0.23176434071534202,1.2905916083415274,0.0,2.903439907487847e-07,3.0841262185664877e-10,0.1868,0.0013,0.0517,0.7062,0.0539
uci_credit,15,weighted,nbi_A,66,22,14,0.019750743049036196,0.022480440933994407,0.2467438024415426,0.2172949597961215,0.12050458631146953,1.2604875358436534,0.7788681593628788,1.1790737735243801,0.6605762733868271,0.2727272727272727,0.42857142857142855,0.5714285714285714,0.0,0.555,0.13055094354651559,1.5922648257801244,0.0009136787220386796,0.001666485897307832,0.0,0.2395,0.0054,0.0439,0.5898,0.1215
uci_credit,15,weighted,nbi_B,66,32,27,0.0014696623921075292,0.0017711719136413765,0.17666285087915612,0.1525827338465723,0.06433653070272198,2.186777805046044,0.8964772259650533,1.1790737735243801,0.7603232690736433,0.46875,0.5555555555555556,0.4444444444444444,0.0,0.49,0.07027959532858899,1.6747161543172298,0.00029404108089314015,0.0,0.0,0.3377,0.0114,0.0334,0.4665,0.151
uci_credit,15,weighted,nbi_C,66,66,65,0.0018903148241324595,0.002065169004735756,0.028827539138082992,0.009685788763100014,0.032136627477107355,2.002438581455345,1.1508959369524834,1.1790737735243801,0.9761017188197901,0.7272727272727273,0.7384615384615385,0.26153846153846155,0.0,0.49,0.032478524956383224,1.93851852772694,1.5289491914389666e-05,0.0,0.0,0.2829,0.0187,0.0138,0.37,0.3145
uci_credit,15,weighted,ws_random_scalarization,66,66,43,6.647554336469984e-05,0.002935918887554233,0.1457174924235476,0.01006371222297443,0.028136887941060902,1.5009883135183064,1.1522410265903194,1.1790737735243801,0.9772425207509664,0.6363636363636364,0.9767441860465116,0.023255813953488372,0.0,0.07,0.0450663220355913,1.9960994015035753,0.006279945533250656,0.0018320986307709829,0.029449479384817547,0.2793,0.0092,0.0,0.2094,0.5021
uci_credit,15,weighted,random_dirichlet_budget,66,66,12,0.301106024549132,1.0376599524587646,0.19912807963768106,0.1477797351072566,0.38340568997070146,0.9538926292333508,0.846163393128788,1.1790737735243801,0.7176509325616779,0.0,0.0,1.0,0.0,0.99,0.1531019511339437,3.149952498052695,0.02754973303665044,0.08316373682907191,0.07361475785770817,0.2878,0.1015,0.0623,0.2678,0.2806
uci_credit,15,weighted,design_runs,66,66,8,0.012366715113120381,1.4493528545433378,0.08506854962309417,0.036939794379104184,0.30426606197868017,1.0305537406671945,1.079831120609074,1.1790737735243801,0.9158299886370477,0.030303030303030304,0.25,0.75,0.0,0.79,0.20590807329986835,1.7999999999999998,0.017391772499650914,0.014063991391131368,0.0,0.3542,0.0,0.0,0.3125,0.3333
uci_credit,15,weighted,single_objective_refs,7,7,5,0.009394209199244882,0.15338899864809066,0.4812369318737467,0.45552110857580597,1.158090341226246,2.018535997536472,0.34742009643713523,1.1790737735243801,0.294655096431039,0.2857142857142857,0.4,0.6,0.0,1.0,0.31127194198854097,1.003258214790718,0.00029387038181833926,6.676894116844548e-09,0.0,0.2164,0.0006,0.0364,0.6938,0.0528
uci_credit,15,support,nbi_A,66,22,12,0.03242527408155372,0.033149567558491674,0.11624269927009505,0.042342773342448126,0.28368862181197146,2.1358071051104046,1.1239145013175171,1.2180308046175843,0.922730769252083,0.045454545454545456,0.08333333333333333,0.9166666666666666,0.0,0.745,0.14984684728179068,1.5498877567658527,0.0009136787220386796,0.0019704455705172085,0.0,0.1904,0.0028,0.0507,0.661,0.0951
uci_credit,15,support,nbi_B,66,32,16,0.07921648172166931,0.09290657823448074,0.09336117567956143,0.05429315067132251,0.3009852865447879,2.6262696284332803,1.1180605371213421,1.2180308046175843,0.917924680461896,0.28125,0.5625,0.4375,0.0,0.765,0.12046680909373436,1.6732855849308033,0.00029404108089314015,0.0,0.0,0.2753,0.0072,0.0522,0.5219,0.1435
uci_credit,15,support,nbi_C,66,66,18,0.008047546099510493,0.1206631475188651,0.04980049817929471,0.045765701502707,0.35832739389257695,2.865815375448618,1.1459357503462129,1.2180308046175843,0.9408101552127768,0.15151515151515152,0.5555555555555556,0.4444444444444444,0.0,1.0,0.10560242574730712,1.6772770424061665,1.5289491914389666e-05,0.0,0.0,0.1296,0.0044,0.0537,0.6696,0.1427
uci_credit,15,support,ws_random_scalarization,66,66,12,0.0008613209206530815,0.04360910013796921,0.31832816931120456,0.003859571951778107,0.008992370433045759,0.8393532673421507,1.2100158645804362,1.2180308046175843,0.9934197558823937,0.09090909090909091,0.5,0.5,0.0,0.045,0.12757078188317839,1.8044892370970476,0.006279945533250656,0.0021662653356894746,0.02836534036530164,0.2294,0.0059,0.0,0.3114,0.4533
uci_credit,15,support,random_dirichlet_budget,66,66,3,0.543633269480536,1.179853227351185,0.6161772753100779,0.5935439937762713,1.7842089839632156,1.6465053332225827,0.10735980334653102,1.2180308046175843,0.08814210850786976,0.0,0.0,1.0,0.0,1.0,0.3859776132668851,2.8892739040701327,0.02754973303665044,0.09833243541228343,0.23238028812309452,0.1244,0.1326,0.1119,0.5085,0.1225
uci_credit,15,support,design_runs,66,66,4,0.0023568228810945425,1.50812797594037,0.3214750285676668,0.01317491209016925,0.20807192529984,0.31587240512273707,1.1873569372280586,1.2180308046175843,0.9748168377406874,0.0,0.0,1.0,0.0,0.27,0.3846110946107716,1.0,0.017391772499650914,0.016629201354308225,0.0,0.3333,0.0,0.0,0.25,0.4167
uci_credit,15,support,single_objective_refs,7,7,5,0.0004884013281340296,0.14647316543197736,0.11899288056250205,0.039353928279938936,0.9441983523956291,2.1159430888073287,1.0981330481797944,1.2180308046175843,0.9015642658763189,0.42857142857142855,0.6,0.4,0.0,1.0,0.3038016359078886,1.003258214790718,0.00029387038181833926,7.894730137592337e-09,0.0,0.2164,0.0006,0.0364,0.6938,0.0528
uci_credit,16,weighted,nbi_A,66,22,17,0.013085478327815987,0.012120383205497546,0.21413004127644325,0.1917482384814089,0.11250973039279238,1.3908269658036088,0.7795899777227594,1.1726012081524848,0.6648381157231263,0.2727272727272727,0.35294117647058826,0.6470588235294118,0.0,0.64,0.10914311004456399,1.421924960839009,0.0016564872723782596,0.0026743468187682235,0.0,0.1966,0.0033,0.0427,0.6571,0.1003
uci_credit,16,weighted,nbi_B,66,31,28,0.0016286386335625479,0.002886266169310312,0.14715736739458768,0.1268060804838926,0.08052390513521042,1.9649253471568482,0.8988798978146015,1.1726012081524848,0.7665691383951835,0.5483870967741935,0.6071428571428571,0.39285714285714285,0.0,0.735,0.06821023186994708,1.5618198970372132,1.2949293631656659e-05,8.346945906418867e-08,0.0,0.2676,0.0056,0.0397,0.5765,0.1106
uci_credit,16,weighted,nbi_C,66,66,64,0.004511475064725233,0.004884862641734316,0.0291361609166103,0.011384131064065594,0.0326922406537083,1.8911376331407141,1.1384077654526212,1.1726012081524848,0.9708396661523676,0.7272727272727273,0.75,0.25,0.0,0.55,0.03288612270308026,1.9336252332385038,0.0,8.346945906418867e-08,0.0,0.303,0.0148,0.0158,0.3914,0.2751
uci_credit,16,weighted,ws_random_scalarization,66,66,46,0.00017188364517557587,0.002337233509729757,0.12672165511205563,0.008732906375556081,0.02462187198882205,1.3730945930819924,1.147588736960087,1.1726012081524848,0.9786692432017815,0.6515151515151515,0.9347826086956522,0.06521739130434782,0.0,0.02,0.0445438658523095,1.9282799801346404,0.007327596341892739,0.0018863432389512593,0.027452218813800434,0.2416,0.0036,0.0,0.3367,0.4181
uci_credit,16,weighted,random_dirichlet_budget,66,66,10,0.1872582380919821,0.8542862205233566,0.2570700901650876,0.15799912935250263,0.37454476732187697,1.1981991649032713,0.8082584139075992,1.1726012081524848,0.6892866972063476,0.0,0.0,1.0,0.0,0.935,0.16362434424777864,2.4439779932680152,0.009351093857501828,0.026745645395606213,0.10222620001363719,0.1509,0.068,0.0686,0.2625,0.45
uci_credit,16,weighted,design_runs,66,66,9,0.01990464715208681,1.4118961006281057,0.08226857541404302,0.03439603639467398,0.30214659828423346,1.204840950815251,1.073499992428436,1.1726012081524848,0.9154860023722902,0.045454545454545456,0.3333333333333333,0.6666666666666666,0.0,0.835,0.1869240582563461,1.7999999999999998,0.016429586682401073,0.011594774687439245,0.0,0.3519,0.0,0.0,0.3519,0.2963
uci_credit,16,weighted,single_objective_refs,7,7,5,0.023903796747659894,0.14338944638118836,0.43279805949789557,0.4034265015525437,1.1370256055238088,1.880344621873326,0.38217651146677206,1.1726012081524848,0.32592198337311784,0.14285714285714285,0.2,0.8,0.0,1.0,0.30205857269415454,1.5225533275853003,1.277890819088847e-05,8.770147028238679e-08,0.0,0.2273,0.0001,0.0656,0.656,0.051
uci_credit,16,support,nbi_A,66,22,10,0.037539560613270635,0.03313277171815003,0.11523034964500274,0.03556935959193151,0.30161926414502,1.905015561133808,1.139647448435046,1.2129474885637004,0.9395686616116813,0.045454545454545456,0.1,0.9,0.0,0.87,0.13618331404010006,1.4188225878957734,0.0016564872723782596,0.0030714858316335295,0.0,0.2046,0.0004,0.0538,0.6703,0.0709
uci_credit,16,support,nbi_B,66,31,15,0.019234954703642955,0.06573360358535686,0.08212726378530341,0.05076436809472673,0.3539547865117805,2.5785851070187404,1.1192416785922177,1.2129474885637004,0.9227453695605211,0.12903225806451613,0.26666666666666666,0.7333333333333333,0.0,0.855,0.10488278164177497,1.5608968517604578,1.2949293631656659e-05,9.586462723928013e-08,0.0,0.1631,0.0018,0.0659,0.6783,0.091
uci_credit,16,support,nbi_C,66,66,15,0.0077907491030967555,0.11771564435527657,0.04376319139250981,0.03633262529454926,0.38973846782344446,2.617774208702005,1.14499690685157,1.2129474885637004,0.9439789584027307,0.15151515151515152,0.6666666666666666,0.3333333333333333,0.0,0.985,0.11528834944663062,1.633103591479032,0.0,9.586462723928013e-08,0.0,0.1482,0.0028,0.0612,0.6694,0.1183
uci_credit,16,support,ws_random_scalarization,66,66,23,9.844657242459115e-05,0.02811956531438515,0.3032689209771473,0.003456282837603879,0.0030730507241111477,1.2525763644789496,1.2055708290317804,1.2129474885637004,0.9939184015784105,0.25757575757575757,0.7391304347826086,0.2608695652173913,0.0,0.0,0.08197728298937328,1.4942005716021112,0.007327596341892739,0.002166464159164328,0.027841666159326827,0.1729,0.0015,0.0,0.476,0.3495
uci_credit,16,support,random_dirichlet_budget,66,66,2,0.3078938516296985,1.0158820666025603,0.5636106109482153,0.5592612538886909,,,0.1289636474080339,1.2129474885637004,0.1063225313741693,0.0,0.0,1.0,0.0,,,1.8433876951786137,0.009351093857501828,0.03071735883842319,0.972158324951963,0.1976,0.0327,0.3062,0.4611,0.0024
uci_credit,16,support,design_runs,66,66,4,0.0025002657369503447,1.439481969633033,0.31200799128593487,0.01022067557847292,0.19264172822018513,0.29148704800335556,1.188250130945091,1.2129474885637004,0.9796385599117283,0.0,0.0,1.0,0.0,0.215,0.367070535899429,1.0,0.016429586682401073,0.013316592269754972,0.0,0.3333,0.0,0.0,0.25,0.4167
uci_credit,16,support,single_objective_refs,7,7,6,0.00025117898283655163,0.139855143396395,0.1259622818999248,0.03801368692871212,0.8703115888298192,2.3997414454905432,1.101920682549793,1.2129474885637004,0.9084652822478088,0.14285714285714285,0.16666666666666666,0.8333333333333334,0.0,0.98,0.24530612765575666,1.2612766637926502,1.277890819088847e-05,1.007250897659754e-07,0.0,0.1894,0.0001,0.0547,0.7133,0.0425
uci_credit,17,weighted,nbi_A,66,22,11,0.0011940999788560866,0.012216772544789985,0.22996441190527736,0.19903678418902931,0.12158332195179898,1.1093262377724125,0.8467256400566756,1.2146741362070004,0.697080488352787,0.2727272727272727,0.5454545454545454,0.45454545454545453,0.0,0.445,0.15250751626047918,1.610032362749182,0.0016194280989556473,0.0007199524059574761,2.7685000053525527e-09,0.2824,0.0011,0.0263,0.535,0.1552
uci_credit,17,weighted,nbi_B,66,34,32,0.0013909623411041648,0.0014740793195159253,0.15223002148717965,0.13386778589858483,0.04675657006581425,1.5969403880291977,0.9667876137420826,1.2146741362070004,0.7959234373434672,0.5588235294117647,0.59375,0.40625,0.0,0.32,0.0565608696306342,1.948348268020478,3.3472035615521396e-07,2.0975099741074673e-09,2.7685000053525527e-09,0.2764,0.0064,0.0481,0.4711,0.198
uci_credit,17,weighted,nbi_C,66,66,66,0.0019149538298464269,0.0019149538298464269,0.020174795802362068,0.005181573253677646,0.028515750568660743,1.2147875107324004,1.2004030724147856,1.2146741362070004,0.9882511174257993,0.6818181818181818,0.6818181818181818,0.3181818181818182,0.0,0.32,0.03437795523249088,2.0435517291202085,3.3472035615521396e-07,2.0975099741074673e-09,2.7685000053525527e-09,0.2984,0.0129,0.0261,0.352,0.3106
uci_credit,17,weighted,ws_random_scalarization,66,66,47,0.00016793676477846916,0.0025159541198879324,0.15378715124744669,0.00845777830126634,0.04235952994458935,2.108590012362717,1.1942826604100796,1.2146741362070004,0.9832123899002277,0.6515151515151515,0.9148936170212766,0.0851063829787234,0.0,0.555,0.041977958347439615,2.0062639767283255,0.0035671587803946434,0.0015205638766966607,0.02621355668167806,0.2476,0.0059,0.0025,0.2722,0.4719
uci_credit,17,weighted,random_dirichlet_budget,66,66,8,0.2154878969048521,0.8314480317518618,0.16419580667037653,0.12013177915899943,0.1941186188817809,0.49701461684192566,0.9383960958851505,1.2146741362070004,0.772549664073223,0.0,0.0,1.0,0.0,0.525,0.21253036825985192,2.4483405381474315,0.018826086882124473,0.04053546658882403,0.0786008230330359,0.3,0.0969,0.0325,0.2601,0.3105
uci_credit,17,weighted,design_runs,66,66,7,0.00932758490728644,1.2369560856166657,0.10226133641669612,0.028999102317023743,0.32182399620547764,1.1489208357319423,1.1293188239629728,1.2146741362070004,0.929729867707102,0.045454545454545456,0.42857142857142855,0.5714285714285714,0.0,0.78,0.22978878061307,1.7999999999999998,0.0242744288336851,0.015826818458623524,2.7685000053525527e-09,0.4048,0.0,0.0,0.2143,0.381
uci_credit,17,weighted,single_objective_refs,7,7,5,0.020180667389471336,0.12894162303857742,0.42107037095105615,0.39668972770459965,1.0346239704828326,1.839199457961793,0.48297482808071157,1.2146741362070004,0.3976167876504491,0.2857142857142857,0.4,0.6,0.0,1.0,0.27717566204109323,1.8526107158472849,3.3472035615521396e-07,0.0,2.7685000053525527e-09,0.2113,0.0004,0.0859,0.5971,0.1053
uci_credit,17,support,nbi_A,66,22,7,0.05955342628069505,0.04031686467951814,0.15937401529073103,0.06863007834983231,0.3448340890485886,1.4840294293277756,1.1040729706284313,1.219648180773392,0.9052388943246952,0.0,0.0,1.0,0.0,0.835,0.20795904199943321,1.8456322803817913,0.0016233924231531301,0.0009748345948426837,6.388290321602532e-10,0.2806,0.0017,0.0492,0.531,0.1374
uci_credit,17,support,nbi_B,66,34,12,0.027901508813482936,0.08170074226011084,0.14814909066388202,0.0895764623172323,0.42680589040569433,1.7998861043481376,1.0810083386561014,1.219648180773392,0.8863280048272791,0.14705882352941177,0.4166666666666667,0.5833333333333334,0.0,0.93,0.14691064481938448,1.9394415135133873,3.355397441898862e-07,2.84008396786761e-09,6.388290321602532e-10,0.1715,0.003,0.0876,0.5586,0.1793
uci_credit,17,support,nbi_C,66,66,15,0.003673455246285748,0.10610328650022223,0.029957230447140323,0.01568490989735199,0.4112103487407293,2.7378218666168426,1.1542926634740294,1.219648180773392,0.9464144510444642,0.15151515151515152,0.6666666666666666,0.3333333333333333,0.0,0.995,0.10635239064665063,2.0532462170336734,3.355397441898862e-07,2.84008396786761e-09,6.388290321602532e-10,0.1383,0.0017,0.0918,0.5691,0.1991
uci_credit,17,support,ws_random_scalarization,66,66,13,0.00021947365897002785,0.03310576662866964,0.04021175458777744,0.005535255987184892,0.20983089310969275,3.368911854954053,1.200386008808123,1.219648180773392,0.9842067800625467,0.15151515151515152,0.7692307692307693,0.23076923076923078,0.0,0.845,0.09997637907222355,1.7433996960801181,0.003575891106256163,0.00205888369620861,0.02792979410707083,0.2332,0.0049,0.0082,0.2439,0.5098
uci_credit,17,support,random_dirichlet_budget,66,66,1,0.05172122839459181,1.2354321716103223,0.6786001790234483,0.640961385703557,,,0.11299019638909275,1.219648180773392,0.09264163073440117,0.0,0.0,1.0,0.0,,,1.4646701792881707,0.018872172726762376,0.054886093611039875,0.9999999790226373,0.1027,0.0208,0.0228,0.8185,0.0351
uci_credit,17,support,design_runs,66,66,5,0.004592138240935124,1.5261217762972497,0.25566616684506716,0.014938565996684637,0.3934615877112175,0.9539890806616953,1.1815926176561633,1.219648180773392,0.968797917532991,0.015151515151515152,0.2,0.8,0.0,0.775,0.31398930880500253,1.0,0.024333852099014085,0.021429930689990995,6.388290321602532e-10,0.2667,0.0,0.0,0.3333,0.4
uci_credit,17,support,single_objective_refs,7,7,6,0.0029190598125950298,0.14850125488935748,0.16482995676061724,0.05697960698157931,0.8527087306469971,2.272673427988676,1.083454951977914,1.219648180773392,0.8883340040657327,0.42857142857142855,0.5,0.5,0.0,0.995,0.26131979070920963,1.4341053644385946,3.355397441898862e-07,0.0,6.388290321602532e-10,0.1761,0.0003,0.0716,0.6642,0.0878
uci_credit,18,weighted,nbi_A,66,24,15,0.015716913838733245,0.018769333951939794,0.21441560562683235,0.1862822621830863,0.12320368241612112,1.382599120705185,0.785084931802904,1.1843234842930421,0.662897377460639,0.3333333333333333,0.5333333333333333,0.4666666666666667,0.0,0.575,0.13796051568687884,1.6350438475864089,0.0006811893094827296,0.0019215283490833016,3.7110852206144335e-09,0.2297,0.0065,0.0304,0.5791,0.1543
uci_credit,18,weighted,nbi_B,66,29,29,0.0023970672215487695,0.0023970672215487695,0.15100710329194866,0.13344648551473098,0.0791403561010603,1.916736489075995,0.8921256646507513,1.1843234842930421,0.7532787084630747,0.4827586206896552,0.4827586206896552,0.5172413793103449,0.0,0.725,0.07146818143361174,1.6680261673884793,2.6881718975152433e-07,0.0,3.7098875090877403e-09,0.2534,0.0057,0.0257,0.5624,0.1527
uci_credit,18,weighted,nbi_C,66,66,65,0.003050539789347215,0.0030888806098760993,0.026138375185906223,0.009358037347243433,0.03295423459588181,1.9469887232250362,1.154705162718599,1.1843234842930421,0.9749913583853965,0.7424242424242424,0.7538461538461538,0.24615384615384617,0.0,0.54,0.03303314086924499,1.8533836331733458,2.6881718975152433e-07,0.0,3.7098875090877403e-09,0.3029,0.017,0.0122,0.3606,0.3072
uci_credit,18,weighted,ws_random_scalarization,66,66,40,0.0002337872704774294,0.003983941839805564,0.15941909633030613,0.009932311108914446,0.026989992436756136,1.4088061375577703,1.156155819634931,1.1843234842930421,0.9762162407216596,0.5909090909090909,0.975,0.025,0.0,0.035,0.0520448880630426,1.978171067714778,0.008063363914951957,0.0030989501725852777,0.032184381894725195,0.2591,0.0104,0.0,0.204,0.5265
uci_credit,18,weighted,random_dirichlet_budget,66,66,7,0.4143051724789061,1.1077257041829547,0.2600435786983624,0.19549991813341322,0.8167782687952727,1.4595864854077494,0.802130194585321,1.1843234842930421,0.6772897820768422,0.0,0.0,1.0,0.0,0.99,0.2640533982503381,2.5704999118876373,0.023720556281564976,0.07413128727985108,0.19745212276848292,0.2988,0.1232,0.0129,0.3776,0.1875
uci_credit,18,weighted,design_runs,66,66,9,0.022449289552320444,1.5530718441810372,0.07952054731122063,0.033703176550898974,0.30776648406694024,1.1104285187856788,1.0855967496925394,1.1843234842930421,0.9166387090099496,0.045454545454545456,0.3333333333333333,0.6666666666666666,0.0,0.845,0.19345187475959613,1.7999999999999998,0.01942674362437139,0.01581242750435721,3.7098875090877403e-09,0.3519,0.0,0.0,0.3519,0.2963
uci_credit,18,weighted,single_objective_refs,7,7,4,0.004814747912480858,0.1550205648770296,0.451221494562674,0.431353367044336,1.3180981556427132,1.8037861426372188,0.31790832958614523,1.1843234842930421,0.26843031806965656,0.2857142857142857,0.5,0.5,0.0,1.0,0.3479122818940866,1.3386490192360339,9.581909709088587e-08,6.177179941776981e-09,3.7098875090877403e-09,0.268,0.0035,0.0356,0.6197,0.0732
uci_credit,18,support,nbi_A,66,24,13,0.032072382175234296,0.03252502850603823,0.09147472785877081,0.03648692651095154,0.27406033654950196,2.2502403420343917,1.122401510290444,1.224901814430388,0.9163195752243952,0.041666666666666664,0.07692307692307693,0.9230769230769231,0.0,0.95,0.0816352890526123,1.6258041248088189,0.000683412449758989,0.0021528038914827323,7.312469430815684e-10,0.1894,0.0024,0.0351,0.6494,0.1237
uci_credit,18,support,nbi_B,66,29,18,0.03060133873909316,0.07074649709654258,0.08762205051311577,0.04634134292900749,0.18503683272567018,2.3004517671174654,1.1226287296085005,1.224901814430388,0.9165050752500948,0.10344827586206896,0.16666666666666666,0.8333333333333334,0.0,0.89,0.058634330845933925,1.641557973372933,2.696945058120792e-07,0.0,7.312469430815684e-10,0.1961,0.0012,0.0385,0.6373,0.127
uci_credit,18,support,nbi_C,66,66,20,0.0007644458344886357,0.10698587052388775,0.017234435774008253,0.01009226965089319,0.3636920563514641,3.200731530879949,1.1810385497663822,1.224901814430388,0.9641903831415227,0.22727272727272727,0.75,0.25,0.0,1.0,0.0713530601626956,1.7591367156572697,2.696945058120792e-07,0.0,7.312469430815684e-10,0.1254,0.0022,0.0392,0.6637,0.1695
uci_credit,18,support,ws_random_scalarization,66,66,19,0.0004616356684416422,0.02619767518613232,0.24079769627072917,0.004536969355691711,0.006023214740561979,2.152197147954739,1.2030668317314026,1.224901814430388,0.982174095554639,0.21212121212121213,0.7368421052631579,0.2631578947368421,0.0,0.01,0.0667893166235688,1.7602648968421593,0.008089679637808909,0.0034719404448211207,0.02779432333079369,0.2065,0.0084,0.0,0.337,0.4481
uci_credit,18,support,random_dirichlet_budget,66,66,1,0.06833828217398272,1.2518315546165812,0.6446045090707572,0.628217273770446,,,0.10944396239431099,1.224901814430388,0.0893491715866266,0.0,0.0,1.0,0.0,,,2.0857452368422362,0.02379797106672194,0.08305374407451392,1.0,0.1628,0.0327,0.0261,0.6615,0.1169
uci_credit,18,support,design_runs,66,66,5,0.006632518557212951,1.5228051074301234,0.24655275665968288,0.016018048076151665,0.3998285772898733,0.9765576875686137,1.1901616537447692,1.224901814430388,0.9716384119311849,0.015151515151515152,0.2,0.8,0.0,0.925,0.27438908608981144,1.0,0.01949014505417466,0.017715614490626,7.312469430815684e-10,0.2667,0.0,0.0,0.3333,0.4
uci_credit,18,support,single_objective_refs,7,7,6,0.002735011928166272,0.1476534969048229,0.09994195744661988,0.03865612782636619,0.8607402921703834,2.2924848789391086,1.0905324650350703,1.224901814430388,0.89030194272526,0.14285714285714285,0.16666666666666666,0.8333333333333334,0.0,0.99,0.2195862165710209,1.3386490192360339,9.613181382177427e-08,6.920666574287456e-09,7.312469430815684e-10,0.1931,0.0023,0.0478,0.6921,0.0646
uci_credit,19,weighted,nbi_A,66,20,9,0.0015014179227172504,0.01638822913533925,0.2693985745770406,0.22177963880940924,0.776328076513555,2.625993374097811,0.6733704532585196,1.1820603834109216,0.5696582532572998,0.25,0.5555555555555556,0.4444444444444444,0.0,1.0,0.1829561615201616,1.4218826656173469,0.0020515069472485685,0.004404251958003502,4.2224510607771215e-09,0.1605,0.0037,0.0192,0.7145,0.1021
uci_credit,19,weighted,nbi_B,66,30,30,0.002089882280642171,0.002089882280642171,0.17603521517425352,0.15132469593314046,0.05221468448383607,1.749166981828832,0.8442815069320715,1.1820603834109216,0.7142456669563999,0.5666666666666667,0.5666666666666667,0.43333333333333335,0.0,0.21,0.07201352131585258,1.5780216182124975,3.329557653997236e-07,2.800589483959641e-09,4.2224510607771215e-09,0.1985,0.006,0.0354,0.6324,0.1277
uci_credit,19,weighted,nbi_C,66,66,65,0.0030680169123946223,0.0032299687700225554,0.022312542965618923,0.007514065403795183,0.031076550307281053,1.3700059140949727,1.157432765098966,1.1820603834109216,0.9791655158589354,0.7575757575757576,0.7692307692307693,0.23076923076923078,0.0,0.29,0.037243238932451884,1.8242957354958345,3.329557653997236e-07,2.800589483959641e-09,4.2224510607771215e-09,0.2821,0.0173,0.0157,0.3986,0.2863
uci_credit,19,weighted,ws_random_scalarization,66,66,53,0.0012482165071630174,0.0022929031075858393,0.10439549948769394,0.006308902640296261,0.04603021844679174,2.1003229574453055,1.1617551801402028,1.1820603834109216,0.9828221945717134,0.6212121212121212,0.7735849056603774,0.22641509433962265,0.0,0.555,0.045306810740496486,2.041604278517626,0.0023325216130717,0.006013333589577974,0.022659925252825338,0.2383,0.0163,0.0021,0.302,0.4413
uci_credit,19,weighted,random_dirichlet_budget,66,66,10,1.3859941648319378,1.022565628059761,0.20802688926986507,0.1269679908605807,2.160410787086598,1.8340822460728117,0.874532309723572,1.1820603834109216,0.7398372553524255,0.0,0.0,1.0,0.0,1.0,0.17902082090517882,2.3693266669912827,0.012299552444177518,0.012365100742672195,0.07719753339477048,0.1883,0.2047,0.0589,0.1911,0.3569
uci_credit,19,weighted,design_runs,66,66,9,0.017343402131193706,1.4249030485434753,0.08026820098572374,0.03198584593880353,0.29118224057180453,1.132341543301053,1.0900030034360921,1.1820603834109216,0.9221212543227351,0.045454545454545456,0.3333333333333333,0.6666666666666666,0.0,0.79,0.1947998554716111,1.7999999999999998,0.01215704737667447,0.014818631432974412,4.2224510607771215e-09,0.3519,0.0,0.0,0.3519,0.2963
uci_credit,19,weighted,single_objective_refs,7,7,6,0.023868434825064858,0.143689791422025,0.38205791084439406,0.3543136002445359,1.0309986097896144,2.1040500000359756,0.424106109567203,1.1820603834109216,0.35878548635850044,0.42857142857142855,0.5,0.5,0.0,1.0,0.28121800915023926,1.3034963381104483,0.0,0.0,4.2224510607771215e-09,0.1789,0.0026,0.0565,0.7165,0.0455
uci_credit,19,support,nbi_A,66,20,7,0.0023997491684851807,0.004617699430462312,0.0899224964573211,0.03144755105570427,0.8099363194525905,2.449083806580495,1.0926070266417507,1.2166163475102807,0.8980703151636041,0.05,0.14285714285714285,0.8571428571428571,0.0,0.98,0.22586468165045168,1.3618714556475844,0.0020576642018578224,0.005171029703924559,9.311195948865547e-10,0.1735,0.0023,0.0298,0.7395,0.0549
uci_credit,19,support,nbi_B,66,30,15,0.02579782655776079,0.04802727971071769,0.08959893595220142,0.037808103727220745,0.25082090684951713,2.509548948172459,1.0909874679312925,1.2166163475102807,0.896739115962005,0.23333333333333334,0.4666666666666667,0.5333333333333333,0.0,0.865,0.09778297049381302,1.5253072790905051,3.339550763813095e-07,3.2881705107123082e-09,9.311195948865547e-10,0.1626,0.0007,0.0608,0.6923,0.0835
uci_credit,19,support,nbi_C,66,66,19,0.006896252508651586,0.11649745942139948,0.03754819300431412,0.02906456951851903,0.3496251434776936,2.9127529998679704,1.1444184777476365,1.2166163475102807,0.9406568307992967,0.16666666666666666,0.5789473684210527,0.42105263157894735,0.0,0.995,0.08793654363875746,1.5804985438566217,3.339550763813095e-07,3.2881705107123082e-09,9.311195948865547e-10,0.1204,0.0052,0.0508,0.7005,0.1231
uci_credit,19,support,ws_random_scalarization,66,66,13,0.0008368507884424659,0.05347220203105518,0.02539308242044316,0.005920359927846093,0.2130543833569756,3.4913197271025007,1.1815040570325057,1.2166163475102807,0.9711393895457432,0.10606060606060606,0.5384615384615384,0.46153846153846156,0.0,0.86,0.11603755141085269,1.4474432959338839,0.0023395222861488894,0.007060251526892838,0.0465127111473914,0.1518,0.0151,0.0086,0.5029,0.3216
uci_credit,19,support,random_dirichlet_budget,66,66,3,0.08469175029643629,1.2653709026421,0.25123203089662993,0.24344751540635115,0.7193661481885016,1.459722785349395,0.5789365496910234,1.2166163475102807,0.4758579406530054,0.0,0.0,1.0,0.0,0.86,0.37848997246097993,2.3874047262509097,0.012336467491470066,0.014517857707069608,0.23266231952230237,0.235,0.0224,0.1238,0.5362,0.0825
uci_credit,19,support,design_runs,66,66,4,0.001477467406569245,1.5309012045030104,0.34419552699785083,0.010666986669087409,0.24155250936131678,0.3701062845102205,1.1905167586958652,1.2166163475102807,0.9785473959249138,0.030303030303030304,0.5,0.5,0.0,0.295,0.3122445182830813,1.0,0.012193534718867166,0.0173985466867243,9.311195948865547e-10,0.3333,0.0,0.0,0.25,0.4167
uci_credit,19,support,single_objective_refs,7,7,6,0.00161113751324912,0.1443514830019302,0.09383813806046383,0.028875460550181465,0.8672446537688357,2.2961965155974733,1.1037508798967854,1.2166163475102807,0.907230025435326,0.42857142857142855,0.5,0.5,0.0,0.98,0.25236785948032875,1.3034963381104483,0.0,0.0,9.311195948865547e-10,0.1789,0.0026,0.0565,0.7165,0.0455
uci_credit,20,weighted,nbi_A,66,20,9,0.0022846558555915885,0.016133453542992095,0.29589285681774125,0.24743469485341216,0.7584480296497533,2.586495827378487,0.6797990697236548,1.1887756146216222,0.5718480942595962,0.25,0.5555555555555556,0.4444444444444444,0.0,1.0,0.19354434694663225,1.4031929111372146,0.003010186842504851,0.0025034806535608025,0.0,0.1451,0.0049,0.022,0.7254,0.1025
uci_credit,20,weighted,nbi_B,66,27,27,0.00402814704772859,0.00402814704772859,0.2325027495443119,0.19097919662034415,0.05458754885852969,2.1141542748352022,0.7939204517274872,1.1887756146216222,0.6678471882855586,0.5555555555555556,0.5555555555555556,0.4444444444444444,0.0,0.195,0.07651966275573166,1.5996713204003183,0.00011113794937770631,2.3382915848319014e-07,0.0,0.1483,0.0045,0.0493,0.6749,0.123
uci_credit,20,weighted,nbi_C,66,66,65,0.0017358497500967996,0.001934525810167752,0.027102550338580594,0.008578155073400654,0.031055697824562026,1.6698690189030363,1.1649080808890764,1.1887756146216222,0.9799225914133992,0.8181818181818182,0.8307692307692308,0.16923076923076924,0.0,0.285,0.037117884999719644,2.049735205452823,0.0,2.3382915848319014e-07,0.0,0.2874,0.0155,0.0182,0.389,0.2899
uci_credit,20,weighted,ws_random_scalarization,66,66,41,0.0006135647078072341,0.003941100958629833,0.12211662418123544,0.009927607289900659,0.03133573113406332,1.478237651860358,1.1613773051061465,1.1887756146216222,0.9769524970242628,0.48484848484848486,0.7804878048780488,0.21951219512195122,0.0,0.075,0.05285397537188207,1.970568145820384,0.004178855712663082,0.0030198052652724997,0.02214672218848535,0.2157,0.0162,0.0015,0.3494,0.4173
uci_credit,20,weighted,random_dirichlet_budget,66,66,6,0.373210498424216,0.9456548913661532,0.2750909717325583,0.17500634737006412,0.4050502153035579,0.5892167647316874,0.8253786204501472,1.1887756146216222,0.6943098514961199,0.0,0.0,1.0,0.0,0.785,0.2529141518493513,2.5713046442591594,0.0851829371936399,0.08562123975742798,0.101862970028867,0.1394,0.0828,0.1581,0.2257,0.394
uci_credit,20,weighted,design_runs,66,66,8,0.01043887909488616,1.433438268228327,0.07886776677642748,0.031454208401721334,0.2857303924553433,1.0141408931848117,1.0977343349158484,1.1887756146216222,0.9234159259443158,0.06060606060606061,0.5,0.5,0.0,0.73,0.21413129763151795,1.7999999999999998,0.01567578410748021,0.013105352642106842,0.0,0.3542,0.0,0.0,0.3125,0.3333
uci_credit,20,weighted,single_objective_refs,7,7,6,0.025499670921807865,0.14646992860205746,0.3965846476345133,0.36501550560933455,0.9903215780503156,2.0164612941766364,0.46753766889742887,1.1887756146216222,0.3932934551708839,0.0,0.0,1.0,0.0,1.0,0.25182908626921324,1.3242424410675588,0.0001107938690388644,2.3575018744411263e-07,0.0,0.1748,0.0042,0.0632,0.7122,0.0456
uci_credit,20,support,nbi_A,66,20,6,0.002086895821182504,0.0050210466667615665,0.09465299885520949,0.03132257268982305,0.8693871606563198,2.302845983938085,1.0900160841693072,1.2116864671007783,0.8995859191011732,0.1,0.3333333333333333,0.6666666666666666,0.0,0.92,0.35622902813769924,1.4329057650809451,0.003010186842504851,0.0030773553863491713,0.0,0.1866,0.0054,0.0374,0.6961,0.0746
uci_credit,20,support,nbi_B,66,27,14,0.019729867364676745,0.024327840347359738,0.10054389511813765,0.05489365773280434,0.24448301626824054,2.086982777901705,1.006144689819021,1.2116864671007783,0.8303671924523838,0.18518518518518517,0.35714285714285715,0.6428571428571429,0.0,0.6,0.19162515602475735,1.568073370055133,0.00011113794937770631,2.8742999044959973e-07,0.0,0.162,0.0032,0.0782,0.6622,0.0944
uci_credit,20,support,nbi_C,66,66,15,0.007475973389095021,0.11683415068293103,0.043143868935917096,0.0261679317502166,0.38983256216430723,2.6060021988181674,1.1441924541804094,1.2116864671007783,0.9442974608094262,0.15151515151515152,0.6666666666666666,0.3333333333333333,0.0,0.925,0.16324525314266605,1.6769318491962457,0.0,2.8742999044959973e-07,0.0,0.1379,0.0054,0.0696,0.6646,0.1225
uci_credit,20,support,ws_random_scalarization,66,66,19,0.00246571986597705,0.031422194303294425,0.06286017634805857,0.006572518018928485,0.17679825814785446,4.039298643875694,1.1809137160891476,1.2116864671007783,0.9746033715427547,0.12121212121212122,0.42105263157894735,0.5789473684210527,0.0,0.635,0.14761698608188467,1.0351199262730528,0.004178855712663082,0.0037120374729455495,0.045887945916365115,0.0704,0.0115,0.0032,0.7539,0.161
uci_credit,20,support,random_dirichlet_budget,66,66,2,0.13080858265383766,1.1698635184198043,0.564712578328579,0.5273430820158284,,,0.11784501895384002,1.2116864671007783,0.09725702329234533,0.0,0.0,1.0,0.0,,,2.563957247590888,0.0851829371936399,0.10524826024864484,0.9830424630615738,0.0232,0.0109,0.4192,0.2697,0.2769
uci_credit,20,support,design_runs,66,66,4,4.893341742046648e-05,1.641376756621373,0.38379199603045,0.01097090648426668,0.2106896447598952,0.32130532178598725,1.1863678271040075,1.2116864671007783,0.9791046275713955,0.045454545454545456,0.75,0.25,0.0,0.285,0.4268361219576579,1.0,0.01567578410748021,0.01610950237855047,0.0,0.3333,0.0,0.0,0.25,0.4167
uci_credit,20,support,single_objective_refs,7,7,6,0.0011932842760223866,0.14826143565156372,0.09814499028019842,0.029249269168927127,0.8617055598726995,2.2765564274907435,1.1030643854743625,1.2116864671007783,0.9103546300336938,0.14285714285714285,0.16666666666666666,0.8333333333333334,0.0,0.92,0.31152337764199617,1.3242424410675588,0.0001107938690388644,2.8979137830846703e-07,0.0,0.1748,0.0042,0.0632,0.7122,0.0456
uci_credit,21,weighted,nbi_A,66,19,8,0.0021273531466047086,0.01463045034885208,0.3055511969554931,0.2569143797675066,0.8232722575412992,2.449611477148967,0.6544103027569848,1.1811307270292437,0.5540540837532391,0.2631578947368421,0.625,0.375,0.0,1.0,0.20729125613907848,1.4019018041065774,0.002064889088994548,0.0023682968937430993,0.0,0.1658,0.0052,0.0151,0.7107,0.1032
uci_credit,21,weighted,nbi_B,66,25,23,0.0018409086128590843,0.0024972801291824557,0.24234921670298562,0.19821993870455107,0.08656368409887498,1.7238453638471016,0.7682396586675613,1.1811307270292437,0.6504272906351546,0.56,0.6086956521739131,0.391304347826087,0.0,0.67,0.08329378708094143,1.650654279621884,0.0,0.0,0.0,0.1424,0.0045,0.0394,0.6914,0.1222
uci_credit,21,weighted,nbi_C,66,65,65,0.0012855984662579235,0.0012855984662579235,0.022866525322914003,0.007377021176801816,0.031041941626783216,1.39105577170563,1.1610422214134555,1.1811307270292437,0.9829921403650936,0.8461538461538461,0.8461538461538461,0.15384615384615385,0.0,0.305,0.036281243450519474,2.0140274937634164,0.0,0.0,0.0,0.3057,0.01,0.0151,0.3771,0.2921
uci_credit,21,weighted,ws_random_scalarization,66,66,43,0.0005553621689693694,0.0036758984268481514,0.15157643864259063,0.01283063427942838,0.034610446276405034,2.178514790027815,1.1453948896233264,1.1811307270292437,0.9697443842682855,0.5909090909090909,0.9069767441860465,0.09302325581395349,0.0,0.095,0.048699870366572355,2.0134199458180264,0.006679669820251486,0.0025849920215596325,0.029319595189386156,0.2921,0.0144,0.0,0.1789,0.5146
uci_credit,21,weighted,random_dirichlet_budget,66,66,8,0.28487501873369325,1.09463656317411,0.19601629780900257,0.12562741486414197,0.3781813324667523,0.8449323792769138,0.8855504385027004,1.1811307270292437,0.7497480323198594,0.0,0.0,1.0,0.0,0.86,0.21512164772980605,2.2830257199548094,0.027482296731784137,0.07887819476385888,0.08287187937216325,0.2283,0.0936,0.0676,0.2708,0.3398
uci_credit,21,weighted,design_runs,66,66,9,0.019890109362925193,1.4657090631726182,0.08178768722810835,0.03436812446657879,0.2987830824200314,1.1821065624815337,1.08637322254259,1.1811307270292437,0.9197739062085143,0.045454545454545456,0.3333333333333333,0.6666666666666666,0.0,0.8,0.1955644511475245,1.7999999999999998,0.01471106909480697,0.010821807230111335,0.0,0.3519,0.0,0.0,0.3519,0.2963
uci_credit,21,weighted,single_objective_refs,7,7,6,0.020729424623545593,0.14543597166478778,0.43030888659596633,0.4008427872564287,1.0424904532233636,2.155092367470613,0.3996960586196238,1.1811307270292437,0.33840120273979435,0.0,0.0,1.0,0.0,1.0,0.25628213825618285,1.2487512781191672,0.0,2.110443679433994e-09,0.0,0.1864,0.0013,0.0511,0.7158,0.0454
uci_credit,21,support,nbi_A,66,19,5,0.0008336555424938097,0.004719280811454954,0.0975542444602463,0.03344976425566962,0.9518182405298489,2.0784815654468916,1.0952611773371632,1.2165231739103608,0.9003208494718468,0.10526315789473684,0.4,0.6,0.0,0.99,0.33179287906122845,1.3340116335503396,0.002064889088994548,0.002781108579603172,0.0,0.2333,0.002,0.0181,0.6897,0.0569
uci_credit,21,support,nbi_B,66,25,13,0.01874710731296734,0.0163939014924661,0.10046095481723007,0.042772197109252945,0.24236865449199682,2.0103319872422016,1.0719680107682126,1.2165231739103608,0.8811735228376342,0.32,0.6153846153846154,0.38461538461538464,0.0,0.685,0.1761127319530646,1.5451873827992162,0.0,0.0,0.0,0.1915,0.0021,0.0587,0.662,0.0857
uci_credit,21,support,nbi_C,66,65,17,0.007954339020877457,0.1215286011624265,0.04126021147977368,0.0321864158923017,0.36813960810056745,2.7785393126181326,1.1441243652728224,1.2165231739103608,0.9404871109813538,0.18461538461538463,0.7058823529411765,0.29411764705882354,0.0,0.955,0.15405717918233316,1.6384667188527708,0.0,0.0,0.0,0.1478,0.0024,0.0538,0.678,0.1179
uci_credit,21,support,ws_random_scalarization,66,66,20,0.0015764637889733237,0.029170789115442755,0.3370765273320009,0.004331843827599365,0.007061956849180477,2.0906050254087556,1.2070985999385444,1.2165231739103608,0.992252861125923,0.12121212121212122,0.4,0.6,0.0,0.015,0.1499707741289387,1.0188552920718794,0.006679669820251486,0.0030355752728294058,0.028663976970136184,0.1165,0.0065,0.0,0.637,0.24
uci_credit,21,support,random_dirichlet_budget,66,66,2,0.09099543971454985,1.266717713155476,0.2065587316222231,0.11946428382812346,,,0.9324177218962239,1.2165231739103608,0.7664611261773866,0.0,0.0,1.0,0.0,,,2.51499468458519,0.027482296731784137,0.09262724820563563,0.23344992638578008,0.0872,0.0354,0.1969,0.528,0.1525
uci_credit,21,support,design_runs,66,66,4,0.00172362670211231,1.550913292207236,0.32481661262164974,0.009627135021553261,0.19577387144553152,0.2953446577637983,1.1924133163704915,1.2165231739103608,0.9801813413365804,0.030303030303030304,0.5,0.5,0.0,0.245,0.3956279884813766,1.0,0.01471106909480697,0.012708128365994895,0.0,0.3333,0.0,0.0,0.25,0.4167
uci_credit,21,support,single_objective_refs,7,7,6,0.0009032713044890914,0.14651153534694425,0.09877285183330188,0.030970911155345636,0.8676641741220973,2.3386470518302853,1.1054078466960688,1.2165231739103608,0.9086615614093683,0.0,0.0,1.0,0.0,0.98,0.27953410292259256,1.2487512781191672,0.0,2.478309640632349e-09,0.0,0.1864,0.0013,0.0511,0.7158,0.0454
uci_credit,22,weighted,nbi_A,66,65,40,0.004299459226107541,0.03746772146299912,0.05646380573052926,0.0192523276271854,0.02514657335135806,2.2852307973111414,1.123643046320578,1.1766409646977325,0.954958292319213,0.27692307692307694,0.45,0.55,0.0,0.02,0.056762109085951425,2.054968361012178,0.0015029333603625442,0.008476273358810446,0.0,0.3975,0.0302,0.0084,0.2036,0.3603
uci_credit,22,weighted,nbi_B,66,66,66,0.009419487897208237,0.009419487897208237,0.03876653654263661,0.015727402502109092,0.02025183307448383,1.4337802185567914,1.1329380828827111,1.1766409646977325,0.9628579293716429,0.3484848484848485,0.3484848484848485,0.6515151515151515,0.0,0.01,0.03388059422463007,2.010357230503929,4.904601418323648e-07,2.2563527550168532e-07,0.0,0.2736,0.0272,0.0133,0.3624,0.3234
uci_credit,22,weighted,nbi_C,66,65,63,0.0007305953942531884,0.0010090671127304513,0.03237123202386942,0.010969061226261312,0.03265134471880802,2.3189565544203417,1.1449322912974822,1.1766409646977325,0.9730515302869844,0.8307692307692308,0.8571428571428571,0.14285714285714285,0.0,0.34,0.03612485013685562,2.0083845882812104,4.904601418323648e-07,2.2563527550168532e-07,0.0,0.2985,0.0132,0.0123,0.3722,0.3038
uci_credit,22,weighted,ws_random_scalarization,66,66,63,0.002165510593794003,0.002630537534029853,0.07541483894497321,0.008362566202304432,0.04204251713739882,2.0688032469354565,1.154461001523733,1.1766409646977325,0.9811497611935539,0.7878787878787878,0.8253968253968254,0.1746031746031746,0.0,0.82,0.035630948066445386,2.1693710548372365,0.006833254178516881,0.008920056085457803,0.01592660940466941,0.2654,0.0,0.0053,0.2933,0.436
uci_credit,22,weighted,random_dirichlet_budget,66,66,8,0.5002858756431765,0.8901829415651673,0.16799829136260494,0.07654605582581464,1.6753612777958826,2.096186150858624,0.9800174163676474,1.1766409646977325,0.8328941841825167,0.0,0.0,1.0,0.0,1.0,0.1923048011401125,2.599950282170502,0.028911971396365456,0.03470848538023135,0.1026894672840598,0.1837,0.1054,0.0443,0.311,0.3556
uci_credit,22,weighted,design_runs,66,66,8,0.011303689743273785,1.3891161811130688,0.0792003803405238,0.03462030681046667,0.2910640612429026,0.9700366833826453,1.0796292120216178,1.1766409646977325,0.9175519503512815,0.030303030303030304,0.25,0.75,0.0,0.74,0.21245773988552924,1.7999999999999998,0.012231912443054833,0.013207771755058481,0.0,0.3542,0.0,0.0,0.3125,0.3333
uci_credit,22,weighted,single_objective_refs,7,7,4,0.0028722201344563167,0.1763247430368336,0.487236514802982,0.46442092880692487,1.2948706828235534,1.796617673425354,0.30759108582706296,1.1766409646977325,0.26141456489752596,0.42857142857142855,0.75,0.25,0.0,1.0,0.3360986932986396,1.266849968591571,0.0,2.2256731568136833e-07,0.0,0.2651,0.0011,0.0349,0.6387,0.0602
uci_credit,22,support,nbi_A,66,65,11,0.021518528143494597,0.11082227998092653,0.06703747571249098,0.06060648627890668,0.43750306190934785,2.1278320463642406,1.111822899122056,1.2217575327454042,0.9100192708643958,0.0,0.0,1.0,0.0,0.945,0.1232727327151747,2.028124346023439,0.0015029333603625442,0.010291394541663843,0.0,0.2128,0.0064,0.0475,0.5466,0.1867
uci_credit,22,support,nbi_B,66,66,18,0.0016681663017624722,0.11072835924218812,0.027243392159991955,0.013898044069265982,0.37526773859955637,3.0082020073212816,1.1705181060334175,1.2217575327454042,0.9580608874194155,0.030303030303030304,0.1111111111111111,0.8888888888888888,0.0,0.995,0.1106560923654244,1.8262894075462985,4.904601418323648e-07,2.739531329875307e-07,0.0,0.1666,0.002,0.0488,0.6201,0.1625
uci_credit,22,support,nbi_C,66,65,21,0.007461203965072638,0.12098116427395897,0.05479839632272292,0.04804386700370576,0.33320161877310706,3.129431844555526,1.1467594647591546,1.2217575327454042,0.9386146056184144,0.15384615384615385,0.47619047619047616,0.5238095238095238,0.0,1.0,0.09798555537236904,1.610716710886499,4.904601418323648e-07,2.739531329875307e-07,0.0,0.125,0.0034,0.0368,0.7008,0.134
uci_credit,22,support,ws_random_scalarization,66,66,14,0.0023778461234499793,0.05370298932410676,0.039414607081553664,0.012558159885702686,0.20075519017078317,3.6103762182427785,1.1754299375097501,1.2217575327454042,0.9620811871472144,0.15151515151515152,0.7142857142857143,0.2857142857142857,0.0,0.83,0.10168407425640673,1.840090759068595,0.006833254178516881,0.010830209529969536,0.027786852660078156,0.2587,0.0,0.0237,0.1811,0.5366
uci_credit,22,support,random_dirichlet_budget,66,66,5,0.23132867701644222,1.0578885642510867,0.5759005497218629,0.5674029034655832,0.17592724614043745,1.1441085120077787,0.226633827938043,1.2217575327454042,0.18549820391021077,0.0,0.0,1.0,0.0,0.215,0.29412128394129144,2.4568081106437645,0.028911971396365456,0.04214100960066974,0.8141939613345401,0.1863,0.039,0.1302,0.3801,0.2644
uci_credit,22,support,design_runs,66,66,4,4.791362143151649e-05,1.4354018661634746,0.2483705019392603,0.009971183340261137,0.24730041533169014,0.38030629411964023,1.194571982869618,1.2217575327454042,0.977748817464053,0.030303030303030304,0.5,0.5,0.0,0.225,0.3638422755690412,1.0,0.012231912443054833,0.016036102706181072,0.0,0.3333,0.0,0.0,0.25,0.4167
uci_credit,22,support,single_objective_refs,7,7,6,0.004501069846947743,0.14512841862719436,0.13655928656729294,0.04193143743567486,0.8556499420967121,1.6722436240778351,1.1030428890585622,1.2217575327454042,0.9028328940030522,0.42857142857142855,0.5,0.5,0.0,0.995,0.2601383490948212,1.5973663566802299,0.0,2.7022819590583124e-07,0.0,0.1913,0.0008,0.0787,0.6363,0.093
uci_credit,23,weighted,nbi_A,66,22,13,0.0030181922496814403,0.008854412777693749,0.23350140141299583,0.19900076216419751,0.11950853017279676,1.2103276254509014,0.8268616067747949,1.2056048655867462,0.6858479344079093,0.3181818181818182,0.5384615384615384,0.46153846153846156,0.0,0.47,0.13659377100762543,1.7287928998605475,0.00020543164223565572,0.002281675367447992,2.440532148080952e-11,0.2535,0.0037,0.0419,0.5448,0.1561
uci_credit,23,weighted,nbi_B,66,31,27,0.001322940680407304,0.002170215808782274,0.17048352754559723,0.14787632244761856,0.06144140374758623,2.1618714177265375,0.9266021790891827,1.2056048655867462,0.7685786658120546,0.41935483870967744,0.48148148148148145,0.5185185185185185,0.0,0.44,0.06754319678895357,1.7677509057729957,4.1172035085974165e-07,5.6668283126618544e-08,2.440532148080952e-11,0.2924,0.0067,0.0436,0.4891,0.1681
uci_credit,23,weighted,nbi_C,66,57,54,0.0012410275535430606,0.002587071083887394,0.03308158243767335,0.013927669396150312,0.034221904090793086,2.134711739977378,1.1722452538696526,1.2056048655867462,0.9723295644623514,0.7894736842105263,0.8333333333333334,0.16666666666666666,0.0,0.335,0.03966511466371152,1.9890043142293314,4.1172035085974165e-07,5.6668283126618544e-08,2.440532148080952e-11,0.3271,0.0114,0.0236,0.3543,0.2836
uci_credit,23,weighted,ws_random_scalarization,66,66,44,5.580055793742429e-05,0.0034194747634058932,0.13659733827040843,0.006908664037532339,0.02404264782708872,1.279828426038254,1.1877068134535955,1.2056048655867462,0.9851542966986617,0.6363636363636364,0.9545454545454546,0.045454545454545456,0.0,0.015,0.04475331262522772,1.950442319859063,0.00339527211699542,0.0020247077265977695,0.02109524733831942,0.241,0.0064,0.0008,0.2793,0.4725
uci_credit,23,weighted,random_dirichlet_budget,66,66,10,0.21436204228148345,0.845641419153517,0.2358892497554336,0.15604653458395432,0.3878722444412867,1.2233527645108455,0.8796780891448392,1.2056048655867462,0.7296570495480837,0.0,0.0,1.0,0.0,0.96,0.1683266725751962,2.6966892151945254,0.01792537728501401,0.031216119255956926,0.026268698165812083,0.2386,0.076,0.0727,0.3713,0.2413
uci_credit,23,weighted,design_runs,66,66,8,0.018178689299111102,1.2763134493235175,0.10401965237775015,0.028438391852288025,0.3181040398031405,1.255888282675286,1.1191858595079371,1.2056048655867462,0.9283189637454304,0.045454545454545456,0.375,0.625,0.0,0.82,0.2057050571084768,1.7999999999999998,0.019410247705170035,0.01506365762613556,2.440532148080952e-11,0.3542,0.0,0.0,0.2292,0.4167
uci_credit,23,weighted,single_objective_refs,7,7,4,0.007420946683645888,0.12531316552078858,0.4674910472791064,0.4491805830277466,1.2246933294868312,1.6899083561098922,0.3585585745664318,1.2056048655867462,0.2974096943378939,0.2857142857142857,0.5,0.5,0.0,1.0,0.3303733255716317,1.3749226330384063,9.087540248685073e-08,5.983998998404432e-08,2.440532148080952e-11,0.2696,0.0001,0.0506,0.5905,0.0892
uci_credit,23,support,nbi_A,66,22,11,0.039993896757091765,0.0364501785284755,0.13099821255123884,0.050482123955654136,0.2848203939939428,1.8816599278986175,1.1353848975000342,1.2255289590139,0.9264447723973829,0.0,0.0,1.0,0.0,0.875,0.12331074797067877,1.6637857093075636,0.00020578570353764014,0.00291067396769803,5.071248643992319e-12,0.2014,0.0023,0.0448,0.6193,0.1323
uci_credit,23,support,nbi_B,66,31,15,0.04201537145333288,0.08146026334521483,0.13582638960970184,0.06899056762318902,0.315241036823158,2.59748483665312,1.1171390543685342,1.2255289590139,0.9115566353221226,0.0967741935483871,0.2,0.8,0.0,0.925,0.10115555187567125,1.7677509057729957,4.1242995061707433e-07,7.229025603027632e-08,5.071248643992319e-12,0.2037,0.0033,0.0703,0.5645,0.1581
uci_credit,23,support,nbi_C,66,57,14,0.01362477026710624,0.12614814836554988,0.08269888671126953,0.0663897771579092,0.43503690095385145,2.020307651898268,1.144299981814313,1.2255289590139,0.9337192511020331,0.21052631578947367,0.8571428571428571,0.14285714285714285,0.0,1.0,0.1269913021767558,2.0056667283776424,4.1242995061707433e-07,7.229025603027632e-08,5.071248643992319e-12,0.1521,0.0022,0.0802,0.5839,0.1816
uci_credit,23,support,ws_random_scalarization,66,66,11,0.0004049406954305212,0.032103173767058214,0.03841523316716794,0.0065713974068447424,0.23482694863668405,2.945013893594896,1.204489167259442,1.2255289590139,0.9828320729594286,0.13636363636363635,0.8181818181818182,0.18181818181818182,0.0,0.78,0.12947445119168804,1.6903931388557254,0.003401123866284148,0.002582867026608034,0.028390883280793658,0.2093,0.0056,0.003,0.2884,0.4937
uci_credit,23,support,random_dirichlet_budget,66,66,2,0.05051168996380549,1.1007461709673305,0.7049489090748103,0.6748014717277324,,,0.0934497122549575,1.2255289590139,0.0762525532894385,0.0,0.0,1.0,0.0,,,2.2045069094855996,0.017956271661123867,0.039821592057811474,1.0185305016869601,0.0888,0.0065,0.2075,0.6104,0.0868
uci_credit,23,support,design_runs,66,66,5,0.003366783874489801,1.4105596459212915,0.223137971000116,0.012364361263495568,0.42779907228958314,1.053311461244414,1.1921014072369944,1.2255289590139,0.9727239805056892,0.030303030303030304,0.4,0.6,0.0,0.885,0.293900497037751,1.0,0.019443701254484743,0.019216316543640855,5.071248643992319e-12,0.2667,0.0,0.0,0.3333,0.4
uci_credit,23,support,single_objective_refs,7,7,5,0.0006915615182068186,0.1382899424029382,0.1474697123383161,0.052781260602461834,0.9467526864732423,2.2016124521603446,1.0793189540031423,1.2255289590139,0.8806964095500419,0.14285714285714285,0.2,0.8,0.0,1.0,0.28003207005878766,1.0000000000000004,9.103202618402169e-08,7.633632003867384e-08,5.071248643992319e-12,0.2157,0.0001,0.0405,0.6724,0.0713
uci_credit,24,weighted,nbi_A,66,21,10,0.0008409026357983025,0.02407627376016197,0.2108448992589493,0.17901213240680847,0.1052943850542562,1.158132361259701,0.7238121885963129,1.186325968842132,0.6101292626197521,0.3333333333333333,0.7,0.3,0.0,0.285,0.15565662435828773,1.4307587285480734,0.0026471993858973677,0.0028023842381162552,0.0,0.2326,0.002,0.0235,0.6448,0.0971
uci_credit,24,weighted,nbi_B,66,26,26,0.002608407715148471,0.002608407715148471,0.15575510787436306,0.1310622824277908,0.06905326041222368,1.7225077807975393,0.8450594493612971,1.186325968842132,0.7123332638381717,0.46153846153846156,0.46153846153846156,0.5384615384615384,0.0,0.47,0.07752254209502629,1.5507446777200733,1.5355974523468796e-05,1.542485951737354e-07,0.0,0.1846,0.0035,0.0436,0.6612,0.1071
uci_credit,24,weighted,nbi_C,66,66,65,0.0014639499059041852,0.001653228017751679,0.02813500510354177,0.007422660828543333,0.028271294984288018,1.491707988689125,1.1641012808118998,1.186325968842132,0.9812659516743752,0.8787878787878788,0.8923076923076924,0.1076923076923077,0.0,0.08,0.041042546638401324,1.998773431974597,0.0,1.542485951737354e-07,0.0,0.2814,0.0239,0.0147,0.3971,0.2829
uci_credit,24,weighted,ws_random_scalarization,66,66,53,0.0002271831483539133,0.001477495637326836,0.1308413925342416,0.008302682298349455,0.04399042907988566,2.8607990240042533,1.161190095709313,1.186325968842132,0.9788120012602002,0.7121212121212122,0.8867924528301887,0.11320754716981132,0.0,0.43,0.04695884485873023,2.014696344028378,0.00249449275035895,0.0019087569805992099,0.025067728708715202,0.2197,0.0123,0.0021,0.3495,0.4164
uci_credit,24,weighted,random_dirichlet_budget,66,66,11,0.41545832659014703,0.7877950153898929,0.23799392132191854,0.17360559126470188,0.593475133989476,1.2765757809964053,0.8144606605685698,1.186325968842132,0.6865403623959214,0.0,0.0,1.0,0.0,1.0,0.15386427590102636,2.87872060224933,0.013537656517901963,0.05509388856224838,0.05481096486561637,0.1818,0.1556,0.0661,0.2719,0.3246
uci_credit,24,weighted,design_runs,66,66,11,0.1292600241841992,1.1375569436703814,0.08654250861802121,0.03231668758925998,0.41600185666891815,1.0937474127414688,1.0970230561073775,1.186325968842132,0.9247231240989228,0.030303030303030304,0.18181818181818182,0.8181818181818182,0.0,0.985,0.15691005141365735,1.7999999999999998,0.013996117668395723,0.00944864852659225,0.0,0.3712,0.053,0.0,0.3106,0.2652
uci_credit,24,weighted,single_objective_refs,7,7,5,0.041011657313192236,0.12869763453734745,0.3408494356033729,0.3214965535749626,1.0139952620633286,1.7078300850378278,0.43505701701024263,1.186325968842132,0.36672637069123876,0.0,0.0,1.0,0.0,0.995,0.31141119423931457,1.5473452980559126,1.552659646084317e-05,1.6027692773197763e-07,0.0,0.2089,0.0037,0.0719,0.6652,0.0503
uci_credit,24,support,nbi_A,66,21,9,0.028735210272920475,0.014876834467398741,0.07867958788976995,0.021584784216189326,0.16828373998687365,1.6052139119929851,1.1252070327351817,1.211685837155799,0.9286293511331206,0.14285714285714285,0.3333333333333333,0.6666666666666666,0.0,0.39,0.2237809231959803,1.3968069445310756,0.0026471993858973677,0.004221280021536767,0.0,0.2379,0.0011,0.0414,0.6546,0.0651
uci_credit,24,support,nbi_B,66,26,15,0.024695173838922606,0.035286814611438705,0.08151671180776393,0.03167846988156377,0.24250928100338043,2.506949465635912,1.0927983318050256,1.211685837155799,0.9018825658391459,0.34615384615384615,0.6,0.4,0.0,0.72,0.15661740146531244,1.5160580073179608,1.5355974523468796e-05,2.323473363505231e-07,0.0,0.1528,0.0024,0.0645,0.6913,0.0891
uci_credit,24,support,nbi_C,66,66,17,0.005518359227518069,0.11488459187409518,0.031953672645930666,0.025909384693332347,0.3693109173281944,2.761686129454302,1.1346405639819146,1.211685837155799,0.9364148108269273,0.19696969696969696,0.7647058823529411,0.23529411764705882,0.0,0.895,0.16045393921633622,1.5724159317197308,0.0,2.323473363505231e-07,0.0,0.1239,0.0086,0.0526,0.6959,0.1191
uci_credit,24,support,ws_random_scalarization,66,66,14,0.00015098886516788106,0.04168270007963116,0.04615538377544668,0.004954561976225795,0.20643918995644897,3.413915620402645,1.1918214596917733,1.211685837155799,0.9836060001240474,0.16666666666666666,0.7857142857142857,0.21428571428571427,0.0,0.54,0.19625152504703414,1.6907261842112056,0.00249449275035895,0.002875193771996241,0.0456237931289283,0.167,0.0116,0.008,0.4438,0.3695
uci_credit,24,support,random_dirichlet_budget,66,66,1,0.05543653038127244,1.2264127998297516,0.5581004279118331,0.5249670345402202,,,0.11049442840670023,1.211685837155799,0.0911906576923147,0.0,0.0,1.0,0.0,,,2.091403576139288,0.013537656517901963,0.08298888065860732,1.0,0.0059,0.0462,0.2208,0.6489,0.0782
uci_credit,24,support,design_runs,66,66,4,0.0023529845419729884,1.5111377725827808,0.36217070188905875,0.010758986601829005,0.168722046975158,0.25357826315448523,1.1864377113388223,1.211685837155799,0.9791628118091716,0.030303030303030304,0.5,0.5,0.0,0.25,0.3944786893437792,1.0,0.013996117668395723,0.014232663284831127,0.0,0.3333,0.0,0.0,0.25,0.4167
uci_credit,24,support,single_objective_refs,7,7,6,0.000555433900649215,0.14145673615724766,0.08893697456254314,0.0246008771606495,0.8682013845337844,2.362549436609378,1.1044889719306425,1.211685837155799,0.9115308094408525,0.0,0.0,1.0,0.0,0.93,0.3398751033238335,1.273672649027957,1.552659646084317e-05,2.4142791832253456e-07,0.0,0.1741,0.0031,0.0599,0.721,0.0419
uci_credit,25,weighted,nbi_A,66,23,13,0.029623766807553076,0.02694309074413696,0.25434468001077665,0.21637717556662056,0.10206880268782673,1.0584727406065664,0.7523205365750248,1.1967940089228946,0.6286132207931986,0.13043478260869565,0.23076923076923078,0.7692307692307693,0.0,0.34,0.15291939930502407,1.4304743065788723,0.0014940583444449343,0.0056654871313434945,0.0,0.2357,0.0165,0.028,0.6096,0.1102
uci_credit,25,weighted,nbi_B,66,34,33,0.008559315642804441,0.008415362998372606,0.18403965765504426,0.15394376233337081,0.04980325529924694,1.873925630714792,0.8895581514789218,1.1967940089228946,0.7432842618250716,0.5882352941176471,0.6060606060606061,0.3939393939393939,0.0,0.41,0.061482763532110754,1.7465296620501554,2.2096124117890513e-07,0.0,0.0,0.1909,0.0113,0.0354,0.5886,0.1738
uci_credit,25,weighted,nbi_C,66,63,58,0.0008888948752862536,0.004396946098350972,0.028499292999356187,0.011249655618993304,0.033829639950653995,1.7753275492201446,1.167569246262789,1.1967940089228946,0.9755807913122763,0.7777777777777778,0.8448275862068966,0.15517241379310345,0.0,0.45,0.03589272016554634,1.9011581469321688,2.2096124117890513e-07,0.0,0.0,0.3026,0.0103,0.0218,0.3998,0.2655
uci_credit,25,weighted,ws_random_scalarization,66,66,20,0.015147230951839011,0.033728531937214326,0.1434054008085315,0.03339000802688346,0.044369512993033045,1.4113731568072065,1.1067945170298565,1.1967940089228946,0.9247995133481351,0.06060606060606061,0.2,0.8,0.0,0.045,0.09784370274067306,2.0541267801879655,0.01237096902389133,0.019337318596466924,0.023210548242514492,0.2697,0.0344,0.0,0.281,0.4149
uci_credit,25,weighted,random_dirichlet_budget,66,66,8,0.27807500693809883,1.4306947063088067,0.2473740678757767,0.1336046878354273,0.23676503733734444,0.8210824245427576,0.8816539626089718,1.1967940089228946,0.7366797928763477,0.0,0.0,1.0,0.0,0.61,0.21418582630608213,2.685284727203322,0.021065834835025655,0.03498091350215034,0.08584371188675678,0.2626,0.0925,0.0539,0.314,0.277
uci_credit,25,weighted,design_runs,66,66,8,0.011420282693696637,1.784333861811932,0.08291136195242109,0.030361463126360212,0.31242763921624817,1.080783224651932,1.108031969706371,1.1967940089228946,0.925833486335373,0.030303030303030304,0.25,0.75,0.0,0.78,0.21419349284700598,1.7999999999999998,0.018461102263782017,0.018398175345537265,0.0,0.3542,0.0,0.0,0.3125,0.3333
uci_credit,25,weighted,single_objective_refs,7,7,6,0.01823209687544873,0.16121189678557904,0.38824831877559185,0.36155984859666374,0.9875262711887766,2.0698981206532383,0.47819942243450614,1.1967940089228946,0.39956702562781204,0.2857142857142857,0.3333333333333333,0.6666666666666666,0.0,1.0,0.25519188353751543,1.3778059831019909,2.2096124117890513e-07,3.5618044293685865e-09,0.0,0.1838,0.0059,0.0521,0.693,0.0652
uci_credit,25,support,nbi_A,66,23,6,0.048457901202995285,0.10059620033299056,0.09250736802825488,0.03782257677111254,0.3033928527535637,1.053583039212325,1.1196808746725526,1.2315789114733064,0.9091426170436021,0.08695652173913043,0.3333333333333333,0.6666666666666666,0.0,0.475,0.3709501748441988,1.2580068130899669,0.0014940583444449343,0.006581120654443482,0.0,0.3321,0.0144,0.0203,0.5741,0.0591
uci_credit,25,support,nbi_B,66,34,9,0.047586049016400324,0.05375613774078657,0.10207395758395993,0.05444925329494472,0.3602393727571203,1.4715090768573493,1.0615170162275553,1.2315789114733064,0.861915551117784,0.17647058823529413,0.6666666666666666,0.3333333333333333,0.0,0.725,0.24247867260690392,1.7802717494058002,2.2096124117890513e-07,0.0,0.0,0.2403,0.0053,0.0665,0.5525,0.1354
uci_credit,25,support,nbi_C,66,63,14,0.01108206167742523,0.11790740232474194,0.04947855089085306,0.03918252850993182,0.4309370246080651,2.000766846920569,1.1599070406742757,1.2315789114733064,0.9418048895354245,0.19047619047619047,0.8571428571428571,0.14285714285714285,0.0,0.995,0.20322975125070564,1.8175481208019482,2.2096124117890513e-07,0.0,0.0,0.149,0.0018,0.0759,0.6223,0.151
uci_credit,25,support,ws_random_scalarization,66,66,9,0.022347140802814285,0.044235095437104834,0.3468287208046695,0.022657595732805208,0.013893749340971139,0.6838355827328781,1.1848402696258944,1.2315789114733064,0.9620498196161058,0.0,0.0,1.0,0.0,0.135,0.2423250785434924,1.450380793582387,0.01237096902389133,0.022462539207389255,0.029011102516596637,0.1347,0.0183,0.0,0.5694,0.2776
uci_credit,25,support,random_dirichlet_budget,66,66,2,0.1092525318148866,1.5484174145936003,0.3043707967561656,0.2552946039156929,,,0.5537516987126978,1.2315789114733064,0.4496274607773681,0.0,0.0,1.0,0.0,,,2.7386690517495076,0.021065834835025655,0.04063438977500782,0.2111656254832404,0.313,0.0236,0.1287,0.4002,0.1345
uci_credit,25,support,design_runs,66,66,5,0.0030577454391274793,1.8426461857495615,0.2883365918933083,0.01332806457848722,0.39942609028159864,1.0029652351064626,1.196760642194333,1.2315789114733064,0.9717287548896716,0.045454545454545456,0.6,0.4,0.0,0.675,0.39765385211546944,1.0,0.018461102263782017,0.021371615355143436,0.0,0.2667,0.0,0.0,0.3333,0.4
uci_credit,25,support,single_objective_refs,7,7,5,7.94919685631612e-15,0.16315569839617203,0.10119743531791417,0.027003325464069285,0.91693651506585,1.5171787590147385,1.1190426671537415,1.2315789114733064,0.9086244143422846,0.5714285714285714,0.8,0.2,0.0,0.885,0.4145146092051236,1.684884725409962,2.2096124117890513e-07,4.137449111396578e-09,0.0,0.2205,0.0002,0.0625,0.6385,0.0783
uci_credit,26,weighted,nbi_A,66,21,12,0.015008067419959789,0.013202575341608378,0.26204403235711676,0.21662270712872808,0.12427916457472712,1.3963120176186747,0.7303241535780712,1.1886403358390714,0.6144197967693307,0.2857142857142857,0.5,0.5,0.0,0.505,0.15753957604339314,1.4107084247615038,0.0006048892513601497,0.004465689643466567,0.0,0.2035,0.005,0.0279,0.6719,0.0917
uci_credit,26,weighted,nbi_B,66,29,29,0.002738271811832884,0.002738271811832884,0.19558076488840315,0.16803643488787362,0.052938175456467756,1.3792834678263466,0.8489058114363617,1.1886403358390714,0.714182234811266,0.5517241379310345,0.5517241379310345,0.4482758620689655,0.0,0.185,0.07349693394682072,1.537429963620688,3.307212967368976e-07,1.1247088625364041e-07,0.0,0.2099,0.0067,0.0252,0.6382,0.12
uci_credit,26,weighted,nbi_C,66,66,66,0.006025560481615077,0.006025560481615077,0.02099266110877799,0.0074947632153740396,0.029894125484651687,0.9867332848081265,1.1673619004255287,1.1886403358390714,0.9820985080415245,0.5909090909090909,0.5909090909090909,0.4090909090909091,0.0,0.14,0.03786716205538807,1.8879346439051203,3.307212967368976e-07,1.1247088625364041e-07,0.0,0.3025,0.0181,0.0112,0.3916,0.2766
uci_credit,26,weighted,ws_random_scalarization,66,66,42,0.0010578733228636644,0.004544715364356726,0.12192700945116797,0.008009301224354524,0.05488976942060199,1.9253780656098531,1.1636625420057276,1.1886403358390714,0.9789862474962102,0.5303030303030303,0.8333333333333334,0.16666666666666666,0.0,0.605,0.05141660686936937,2.0038084447553897,0.00026639600435761395,0.005106033049722904,0.021525944977357433,0.251,0.0134,0.0022,0.3001,0.4332
uci_credit,26,weighted,random_dirichlet_budget,66,66,8,0.25856275170088294,1.1887068385004367,0.26198497061004,0.19021603712879115,0.2083897163543151,0.5357312252292312,0.821715561027692,1.1886403358390714,0.6913071483878561,0.0,0.0,1.0,0.0,0.52,0.22293773579063383,2.42110350365495,0.011809065335315639,0.055504370707872924,0.2369081156105613,0.1905,0.0885,0.051,0.4611,0.2089
uci_credit,26,weighted,design_runs,66,66,9,0.019667062623730056,1.6211028912884462,0.08264699815983712,0.03183548388304868,0.3115434091551955,1.2192111455833536,1.096065334108318,1.1886403358390714,0.9221168936140772,0.030303030303030304,0.2222222222222222,0.7777777777777778,0.0,0.835,0.1883222538148222,1.7999999999999998,0.010897432081421477,0.014716182038546547,0.0,0.3519,0.0,0.0,0.3519,0.2963
uci_credit,26,weighted,single_objective_refs,7,7,3,6.784963603813073e-07,0.1481520522872018,0.4153265284105668,0.37809281539250816,1.3575444324929642,1.282018210331661,0.4421722314156327,1.1886403358390714,0.37199833968573814,0.2857142857142857,0.6666666666666666,0.3333333333333333,0.0,0.99,0.42091453126967565,1.537429963620688,0.0,1.1729434103346202e-07,0.0,0.3608,0.0,0.0418,0.5276,0.0698
uci_credit,26,support,nbi_A,66,21,10,0.02724831647982547,0.01685707172912919,0.09974177229222715,0.030983686219270903,0.16957788168803095,1.8674778420023195,1.1439722531069412,1.239207935694992,0.9231479400310333,0.047619047619047616,0.1,0.9,0.0,0.55,0.16432379237879363,1.3709329093951037,0.0006048892513601497,0.005022629064208684,0.0,0.2284,0.0032,0.0326,0.6766,0.0592
uci_credit,26,support,nbi_B,66,29,15,0.02519935940094972,0.04872430217473956,0.10401875022705888,0.038380710138779965,0.25435798832650097,2.5043944294399543,1.1366111282666258,1.239207935694992,0.9172077546688512,0.10344827586206896,0.2,0.8,0.0,0.71,0.1283505500822414,1.4824691147093354,3.307212967368976e-07,1.264977164280343e-07,0.0,0.1753,0.0006,0.0424,0.7015,0.0801
uci_credit,26,support,nbi_C,66,66,15,0.0002557047676430458,0.11041607601025816,0.015753637005187913,0.007762136514272494,0.40494039190441267,2.7513497337238912,1.1982731828748825,1.239207935694992,0.9669670023561042,0.15151515151515152,0.6666666666666666,0.3333333333333333,0.0,0.995,0.1361107249992985,1.5449368276156668,3.307212967368976e-07,1.264977164280343e-07,0.0,0.1326,0.0018,0.0457,0.6874,0.1325
uci_credit,26,support,ws_random_scalarization,66,66,23,0.0020174062598093375,0.031141224765102823,0.03343967404490035,0.005679053742255132,0.1698624964201487,4.5134373197824,1.218829828611083,1.239207935694992,0.9835555385848297,0.09090909090909091,0.2608695652173913,0.7391304347826086,0.0,0.615,0.12317317768377382,1.0210910728050135,0.00026639600435761395,0.005742833032713946,0.03835017340669608,0.0834,0.0083,0.0041,0.7447,0.1596
uci_credit,26,support,random_dirichlet_budget,66,66,2,0.4260206625519738,1.210446085053792,0.5947119404210537,0.5768665936398374,,,0.11879881203849138,1.239207935694992,0.0958667295588813,0.0,0.0,1.0,0.0,,,1.8837254239795471,0.011809065335315639,0.062426609944969146,0.9768245087507023,0.0541,0.0842,0.443,0.3972,0.0215
uci_credit,26,support,design_runs,66,66,4,0.0022470401117513886,1.524376148688088,0.33058564215582326,0.010499560104407425,0.2008021376932544,0.3070589584188743,1.2125769159629596,1.239207935694992,0.9785096439710121,0.015151515151515152,0.25,0.75,0.0,0.325,0.3219706677843827,1.0,0.010897432081421477,0.01655151376879222,0.0,0.3333,0.0,0.0,0.25,0.4167
uci_credit,26,support,single_objective_refs,7,7,5,0.0007346983497296822,0.14352740583644374,0.10437294035691433,0.029497610602146025,0.9346169656897594,2.1242081018106194,1.1403801930096669,1.239207935694992,0.9202492658103427,0.2857142857142857,0.4,0.6,0.0,0.99,0.2980041167787221,1.0183009931116727,0.0,1.319227293826341e-07,0.0,0.2165,0.0018,0.0251,0.7147,0.0419
uci_credit,27,weighted,nbi_A,66,20,11,0.011120406297502963,0.014877161801562752,0.2761931467680819,0.23132283675842616,0.6957337061922508,2.8681023390266347,0.6767791457779097,1.1852821684122912,0.5709856807214679,0.3,0.5454545454545454,0.45454545454545453,0.0,1.0,0.16051643634596455,1.6232249705597084,0.0008851788537702967,0.004787694072617653,0.0,0.1485,0.0042,0.0404,0.6879,0.1189
uci_credit,27,weighted,nbi_B,66,25,25,0.00342048657429444,0.00342048657429444,0.2274432703183761,0.18994941933058548,0.06829296024933078,2.2765071724536803,0.7540909466453516,1.1852821684122912,0.6362121752455546,0.36,0.36,0.64,0.0,0.475,0.07552103688447066,1.6142281635302207,0.000167077301869277,4.778408678349392e-10,0.0,0.1695,0.004,0.0408,0.6727,0.113
uci_credit,27,weighted,nbi_C,66,65,61,0.0005038934227331441,0.0015146501585781005,0.031737995765858444,0.010884856824462788,0.03369363982744638,2.3925739154648933,1.1529182403274838,1.1852821684122912,0.9726951700217008,0.8153846153846154,0.8688524590163934,0.13114754098360656,0.0,0.465,0.03498838981650215,2.0095519618373356,0.0,4.778408678349392e-10,0.0,0.3131,0.0139,0.0134,0.3711,0.2885
uci_credit,27,weighted,ws_random_scalarization,66,66,41,0.0013810854408367016,0.004785843725426557,0.157626818588096,0.011569316442297318,0.027003042831503274,1.6099542230547752,1.1519023254743441,1.1852821684122912,0.9718380620011688,0.45454545454545453,0.7317073170731707,0.2682926829268293,0.0,0.015,0.04732955038667584,2.058301270240081,0.005488075808761223,0.003995224407061233,0.028763957134575514,0.2477,0.0172,0.0,0.2617,0.4734
uci_credit,27,weighted,random_dirichlet_budget,66,66,12,0.49618253643921406,1.16544566077013,0.2904225012719833,0.18577243163753623,0.7402699412560989,1.599507291148744,0.7738408128339637,1.1852821684122912,0.6528747613494758,0.0,0.0,1.0,0.0,1.0,0.14963729217011867,2.9556693425024,0.07021547678402867,0.10194116340329437,0.1498929532813136,0.1701,0.0826,0.1723,0.3029,0.2721
uci_credit,27,weighted,design_runs,66,66,9,0.021755155045058226,1.5133699957196223,0.08433534188773144,0.03361039527624626,0.30087402854733175,1.1788078209902386,1.088143178470486,1.1852821684122912,0.9180456835253628,0.045454545454545456,0.3333333333333333,0.6666666666666666,0.0,0.825,0.19062896420272474,1.7999999999999998,0.015268218621806154,0.015062824917648314,0.0,0.3519,0.0,0.0,0.3519,0.2963
uci_credit,27,weighted,single_objective_refs,7,7,5,0.008530540052307318,0.15023534884440584,0.41620653845858346,0.3941694073436546,1.1447017061976092,1.9882679831694903,0.374077368155192,1.1852821684122912,0.3156019537999766,0.14285714285714285,0.2,0.8,0.0,1.0,0.31119632005805387,1.0203443866037658,0.0001664156095842348,0.0,0.0,0.2134,0.0039,0.036,0.699,0.0477
uci_credit,27,support,nbi_A,66,20,10,0.001906811050647229,0.005273649893570647,0.09448667508466654,0.03495714980161226,0.6760750396640229,2.9485381533933284,1.09192228838738,1.2191927012366688,0.8956109130901178,0.05,0.1,0.9,0.0,0.99,0.2196722849750274,1.5280207142437825,0.0008851788537702967,0.005644833269114402,0.0,0.1499,0.0023,0.0445,0.7233,0.08
uci_credit,27,support,nbi_B,66,25,20,0.024524490397354014,0.022180228254230938,0.09610648728545954,0.04087134427156847,0.08310286299039106,3.5002622178174896,1.076540874453499,1.2191927012366688,0.8829948484448167,0.04,0.05,0.95,0.0,0.405,0.14425568574121791,1.5897544509034862,0.000167077301869277,5.63388551395559e-10,0.0,0.1935,0.0034,0.0477,0.6601,0.0953
uci_credit,27,support,nbi_C,66,65,14,0.010526544643774451,0.11835553242060277,0.04211165039532667,0.03476148261743685,0.40209905703172644,2.508245862862801,1.147791628332675,1.2191927012366688,0.9414357772716575,0.16923076923076924,0.7857142857142857,0.21428571428571427,0.0,0.915,0.1987544269708935,1.6726602026714015,0.0,5.63388551395559e-10,0.0,0.1505,0.0045,0.0552,0.6524,0.1374
uci_credit,27,support,ws_random_scalarization,66,66,11,0.0017888757153931407,0.03847378297769358,0.34593360580314536,0.005977079537648347,0.018663435524100654,1.7959766782443405,1.1995320980726913,1.2191927012366688,0.9838740806567863,0.07575757575757576,0.45454545454545453,0.5454545454545454,0.0,0.32,0.2153514975667785,1.03186345994167,0.005488075808761223,0.004710488036305688,0.02727646184843766,0.1188,0.0125,0.0,0.6147,0.254
uci_credit,27,support,random_dirichlet_budget,66,66,6,1.0680519361204799,1.3889064427373263,0.6145069736863317,0.5964670167547157,1.8430574685602266,1.7801118258396025,0.10083907278245614,1.2191927012366688,0.08270970838340128,0.0,0.0,1.0,0.0,1.0,0.30157149505485964,3.021437905852313,0.07021547678402867,0.12019165425841916,0.9727235381515623,0.1292,0.1546,0.3042,0.308,0.1041
uci_credit,27,support,design_runs,66,66,4,0.0021891019374321217,1.5930151824481007,0.3254225776432495,0.012469939636813476,0.19557809596446907,0.29522460744345796,1.189926743038889,1.2191927012366688,0.9759956254921027,0.030303030303030304,0.5,0.5,0.0,0.215,0.3886969592209529,1.0,0.015268218621806154,0.017759517198119214,0.0,0.3333,0.0,0.0,0.25,0.4167
uci_credit,27,support,single_objective_refs,7,7,6,0.0014227783242998294,0.14815248476422746,0.09658255356479291,0.03195760344135297,0.8618187927413871,2.2901627298057368,1.1023445780503809,1.2191927012366688,0.9041594301969124,0.14285714285714285,0.16666666666666666,0.8333333333333334,0.0,0.945,0.31919441134428334,1.3257940075080052,0.0001664156095842348,0.0,0.0,0.192,0.0032,0.0548,0.6973,0.0527
uci_credit,28,weighted,nbi_A,66,21,11,0.008013178252110408,0.0297544705670225,0.25158607687243406,0.2274481600310015,0.11722291314286559,0.9149429682419045,0.7516768692378937,1.1875904535285076,0.632942835642161,0.38095238095238093,0.7272727272727273,0.2727272727272727,0.0,0.41,0.15665865175137822,1.519930379760699,0.0012069656027745203,0.0018660742529414752,0.0,0.2768,0.0025,0.0221,0.5571,0.1415
uci_credit,28,weighted,nbi_B,66,27,27,0.0005384718513873182,0.0005384718513873182,0.26965210107709336,0.24820820731890145,0.05258031107619643,2.8130452943914728,0.6996826408352433,1.1875904535285076,0.589161557131402,0.7037037037037037,0.7037037037037037,0.2962962962962963,0.0,0.23,0.07113277466802985,1.656130146240774,0.0,7.86523593499092e-09,0.0,0.2378,0.0029,0.0304,0.586,0.1429
uci_credit,28,weighted,nbi_C,66,65,59,0.0009042328734061734,0.00256178285592473,0.03551770451164058,0.013030359610282902,0.03250053420550361,2.561519001286412,1.1525000603965314,1.1875904535285076,0.9704524459356192,0.7846153846153846,0.864406779661017,0.13559322033898305,0.0,0.27,0.03944100547720403,1.9644066086272498,0.0,7.86523593499092e-09,0.0,0.3223,0.0115,0.011,0.3631,0.2921
uci_credit,28,weighted,ws_random_scalarization,66,66,52,4.6702924279083426e-05,0.0012718326695595986,0.12825777905830968,0.008276596421101599,0.021484712902988368,1.3508029359222684,1.1686343491908806,1.1875904535285076,0.9840381806023233,0.7575757575757576,0.9615384615384616,0.038461538461538464,0.0,0.015,0.04197207809442799,1.9955198430964074,0.0026287552796904414,0.0014275695772609947,0.023258075208326255,0.2407,0.0036,0.0004,0.3236,0.4318
uci_credit,28,weighted,random_dirichlet_budget,66,66,10,0.16945861870186435,0.7921226183403622,0.24583829361698617,0.13824524004902694,0.12609669219589603,0.6677672034577478,0.8943044368030455,1.1875904535285076,0.7530411129071762,0.0,0.0,1.0,0.0,0.415,0.16253661328082714,2.2995456020603093,0.010746800656227727,0.026968405646381335,0.16624516536588468,0.1254,0.061,0.0756,0.4097,0.3284
uci_credit,28,weighted,design_runs,66,66,8,0.01140028653249608,1.257664990998669,0.08235400005722941,0.03187291249113097,0.2862676475380953,0.9848394988109805,1.0946061288289113,1.1875904535285076,0.9217033747422556,0.06060606060606061,0.5,0.5,0.0,0.7,0.2191897395444772,1.7999999999999998,0.015324940369638435,0.014915769941343405,0.0,0.3542,0.0,0.0,0.3125,0.3333
uci_credit,28,weighted,single_objective_refs,7,7,5,0.03944484580162341,0.1339513627738756,0.4742101884810454,0.4523772644053473,1.0942824898126338,1.8104190975931254,0.33858598733426815,1.1875904535285076,0.28510332524842963,0.2857142857142857,0.4,0.6,0.0,1.0,0.28780799876249114,1.6363554224938515,0.0,0.0,0.0,0.2144,0.0019,0.0566,0.6392,0.0878
uci_credit,28,support,nbi_A,66,21,9,0.047033049187886006,0.03438549593471945,0.10868256983398093,0.04232033353270724,0.3116476651760198,1.8513026496089993,1.115177540494858,1.2236291852667436,0.911368863968177,0.09523809523809523,0.2222222222222222,0.7777777777777778,0.0,0.66,0.23499195902562803,1.4985823003162309,0.001206965832431517,0.002534836843602302,0.0,0.2241,0.0007,0.0341,0.6241,0.117
uci_credit,28,support,nbi_B,66,27,16,0.02629107372754461,0.06523189079068709,0.11369457229894583,0.0486306464103395,0.23328493074147036,2.658490120675689,1.097894310463077,1.2236291852667436,0.8972442989121273,0.3333333333333333,0.5625,0.4375,0.0,0.67,0.14082602177018022,1.6462259064319151,0.0,1.0683974552573747e-08,0.0,0.1508,0.0016,0.0479,0.6667,0.133
uci_credit,28,support,nbi_C,66,65,19,0.009020293852036008,0.12337969773322552,0.0567574282504106,0.046175858515194394,0.3493660643473405,2.9851349017096425,1.1494175050651887,1.2236291852667436,0.9393511685606148,0.13846153846153847,0.47368421052631576,0.5263157894736842,0.0,0.995,0.13584232490458034,1.6809618683505032,0.0,1.0683974552573747e-08,0.0,0.1308,0.0049,0.034,0.6773,0.153
uci_credit,28,support,ws_random_scalarization,66,66,10,0.00016814733797000344,0.0399840445737657,0.07371602757182223,0.007904217311902172,0.2425369031448846,2.930101012196332,1.1906674946719864,1.2236291852667436,0.9730623533733614,0.12121212121212122,0.8,0.2,0.0,0.53,0.2613570820135929,1.762340619868402,0.002628755779880373,0.0019391811207634848,0.04546563089260769,0.211,0.0042,0.002,0.3312,0.4516
uci_credit,28,support,random_dirichlet_budget,66,66,4,0.16441348141655177,0.847461848735667,0.5403827418972995,0.5181107364905386,0.4153410895717577,1.848814150237533,0.2143888736394581,1.2236291852667436,0.17520738817023448,0.0,0.0,1.0,0.0,0.605,0.4405149004700415,2.526255898436229,0.010746802701089615,0.0366333269632244,0.8162560854613807,0.1543,0.036,0.138,0.4617,0.21
uci_credit,28,support,design_runs,66,66,4,0.0012530276340033861,1.409761938540208,0.31757423208609603,0.01405854547385614,0.22872972029676958,0.3494208544748857,1.1901269021248524,1.2236291852667436,0.9726205589525981,0.015151515151515152,0.25,0.75,0.0,0.2,0.40582272624798704,1.0,0.01532494328561199,0.020261274779615535,0.0,0.3333,0.0,0.0,0.25,0.4167
uci_credit,28,support,single_objective_refs,7,7,6,0.002081062441008762,0.1384725181832447,0.11307069861471643,0.036052323557811815,0.859745529777056,2.281366294663494,1.1091591894910895,1.2236291852667436,0.9064504204754643,0.2857142857142857,0.3333333333333333,0.6666666666666666,0.0,0.95,0.34178926352507494,1.3589256450333718,0.0,0.0,0.0,0.1787,0.0016,0.0472,0.6994,0.0732
uci_credit,29,weighted,nbi_A,66,22,10,0.036561341605348616,0.07181010351735359,0.30693257345980135,0.2819955040436576,0.12106236978019465,0.9159102909669614,0.629796791066335,1.1760831447456697,0.5355036281916359,0.09090909090909091,0.2,0.8,0.0,0.365,0.17501305918929919,1.430867544305611,0.0011569393170479643,0.0021090208760032063,3.7217900925361345e-09,0.2907,0.0202,0.0119,0.557,0.1202
uci_credit,29,weighted,nbi_B,66,27,24,0.0018423088536262224,0.0019936297395085965,0.25844809745041103,0.23930640556487148,0.05725183388750907,2.4778780478902305,0.692019547932946,1.1760831447456697,0.5884103951533092,0.4444444444444444,0.5,0.5,0.0,0.195,0.07956800398149606,1.6066899724054666,4.7515789127081544e-07,4.455396726031972e-09,3.7217900925361345e-09,0.2572,0.0114,0.0142,0.5518,0.1655
uci_credit,29,weighted,nbi_C,66,66,66,0.0032192862059654916,0.0032192862059654916,0.03171418325022828,0.010079088164183658,0.030819648968585533,2.3708293040188457,1.1431265137542415,1.1760831447456697,0.9719776351368804,0.7121212121212122,0.7121212121212122,0.2878787878787879,0.0,0.44,0.03354349176276193,1.9636440179501002,4.7515789127081544e-07,4.455396726031972e-09,3.7217900925361345e-09,0.2958,0.0165,0.008,0.349,0.3307
uci_credit,29,weighted,ws_random_scalarization,66,66,29,0.0075350915405813035,0.02424186223031629,0.14290708199120522,0.017977923863329665,0.03318153558908655,1.2560638282921504,1.12587554355196,1.1760831447456697,0.9573094798458598,0.22727272727272727,0.5172413793103449,0.4827586206896552,0.0,0.035,0.06692015961075348,1.9313846907857233,0.0027745533877330834,0.001812753233334789,0.031437742493820996,0.2253,0.0269,0.0,0.2315,0.5163
uci_credit,29,weighted,random_dirichlet_budget,66,66,11,0.4589264021163594,1.1456385667227325,0.3223256019920722,0.275943869175854,0.4696228927965106,0.9876007696048938,0.642880506117996,1.1760831447456697,0.5466284496892608,0.0,0.0,1.0,0.0,1.0,0.14930130751429252,3.1401647516604796,0.07712121733048391,0.09594279912770835,0.057438886162819794,0.221,0.1341,0.0969,0.26,0.2881
uci_credit,29,weighted,design_runs,66,66,8,0.012249367944939069,1.6608128810967362,0.0846781440749234,0.031818029052230315,0.2869287717251325,0.9426251466230601,1.0781807524215927,1.1760831447456697,0.9167555518829849,0.030303030303030304,0.25,0.75,0.0,0.765,0.2045026619430893,1.7999999999999998,0.014608398504375238,0.014437941310024183,3.7217900925361345e-09,0.3542,0.0,0.0,0.3125,0.3333
uci_credit,29,weighted,single_objective_refs,7,7,4,0.06277792202400048,0.17407222541343756,0.4950297773889125,0.47695221810311916,1.2536951895231354,1.6059868256706764,0.2662302187156327,1.1760831447456697,0.22637023573125478,0.2857142857142857,0.5,0.5,0.0,1.0,0.3401302178278807,1.6407420840729698,1.3331214493073967e-07,0.0,3.7217900925361345e-09,0.2675,0.0021,0.0554,0.5657,0.1093
uci_credit,29,support,nbi_A,66,22,5,0.05134370205847753,0.10059828195839247,0.12195980878296123,0.048037573563424474,0.28200648069448925,0.8273601883146924,1.107297108992492,1.226914979009055,0.9025051677882561,0.09090909090909091,0.4,0.6,0.0,0.3,0.29929098470708937,1.2355242996938707,0.0011602528909618272,0.002798320467517769,6.510512186735363e-10,0.3924,0.0093,0.0073,0.5236,0.0674
uci_credit,29,support,nbi_B,66,27,11,0.036270479998665305,0.06521685035640257,0.1338663936672132,0.06594776334571245,0.328941390190311,1.6895139879173287,1.0773184144089079,1.226914979009055,0.8780709607759682,0.2222222222222222,0.5454545454545454,0.45454545454545453,0.0,0.885,0.11680922709258257,1.56410471825871,4.7651878442249645e-07,5.911571569170173e-09,6.510512186735363e-10,0.1967,0.0041,0.031,0.6344,0.1338
uci_credit,29,support,nbi_C,66,66,21,0.002902547081162595,0.11756460733447238,0.024122131063659655,0.014310651375337158,0.3534361572209167,3.341138078196512,1.175470125606885,1.226914979009055,0.9580697486930018,0.15151515151515152,0.47619047619047616,0.5238095238095238,0.0,1.0,0.08353707941076317,1.6599942292373095,4.7651878442249645e-07,5.911571569170173e-09,6.510512186735363e-10,0.1243,0.0036,0.0252,0.6681,0.1787
uci_credit,29,support,ws_random_scalarization,66,66,8,0.00400390202926296,0.03830590736409531,0.3238625543235538,0.007156866281165127,0.029756263851129096,1.813627201058961,1.2067070443681063,1.226914979009055,0.9835294743428187,0.09090909090909091,0.75,0.25,0.0,0.455,0.15204946043210432,1.6709999889877192,0.0027824999477580907,0.002405222505437183,0.027411684061050337,0.193,0.0076,0.0,0.3176,0.4818
uci_credit,29,support,random_dirichlet_budget,66,66,4,0.9653762481206708,1.3305642212967106,0.6118277648350633,0.6041436517595575,2.339573778560201,1.7708578498005532,0.1111367990161529,1.226914979009055,0.09058231492610433,0.0,0.0,1.0,0.0,1.0,0.33642861354156034,2.889833519204509,0.07734209914354538,0.12730016168393968,0.23022695246282648,0.063,0.1622,0.2125,0.2708,0.2915
uci_credit,29,support,design_runs,66,66,5,0.002080574484387169,1.8342777166987707,0.31737225314752476,0.015737842783023103,0.3977411688401818,0.9756984224491455,1.1933162939411652,1.226914979009055,0.9726153110503007,0.045454545454545456,0.6,0.4,0.0,0.795,0.30031650101488877,1.0,0.014650238216704253,0.019156750479031086,6.510512186735363e-10,0.2667,0.0,0.0,0.3333,0.4
uci_credit,29,support,single_objective_refs,7,7,5,0.0016070373701888457,0.16068436509534087,0.1272150555052791,0.04421226352710883,0.9280851238234124,1.5336121131842972,1.0944384493101644,1.226914979009055,0.8920246863349177,0.2857142857142857,0.4,0.6,0.0,0.995,0.28702315230316794,1.6389484696262855,1.336939624032159e-07,0.0,6.510512186735363e-10,0.214,0.0017,0.0443,0.6525,0.0874
