dataset,rep,response,term,kind,beta
santander,0,roc_auc,lr,linear,0.8581855149581593
santander,0,roc_auc,gnb,linear,0.8863240988690042
santander,0,roc_auc,knn,linear,0.7542614977467204
santander,0,roc_auc,rf,linear,0.8494326236035801
santander,0,roc_auc,xgb,linear,0.8805429012055928
santander,0,roc_auc,lr*gnb,interaction,0.018047447655282767
santander,0,roc_auc,lr*knn,interaction,0.2016521682723491
santander,0,roc_auc,lr*rf,interaction,0.09314401227364122
santander,0,roc_auc,lr*xgb,interaction,0.04288319544791319
santander,0,roc_auc,gnb*knn,interaction,0.24698158272765847
santander,0,roc_auc,gnb*rf,interaction,0.07527831771613602
santander,0,roc_auc,gnb*xgb,interaction,0.01984526350780602
santander,0,roc_auc,knn*rf,interaction,0.20192772168602913
santander,0,roc_auc,knn*xgb,interaction,0.23588689685330771
santander,0,roc_auc,rf*xgb,interaction,0.05524535707949685
santander,0,log_loss,lr,linear,0.23214676727925732
santander,0,log_loss,gnb,linear,0.21145788922631617
santander,0,log_loss,knn,linear,0.3404107713484936
santander,0,log_loss,rf,linear,0.2748825610593324
santander,0,log_loss,xgb,linear,0.21964908210346074
santander,0,log_loss,lr*gnb,interaction,-0.013048443553441202
santander,0,log_loss,lr*knn,interaction,-0.14752047047593922
santander,0,log_loss,lr*rf,interaction,-0.05344813322366676
santander,0,log_loss,lr*xgb,interaction,-0.029658601157303233
santander,0,log_loss,gnb*knn,interaction,-0.17375207485414512
santander,0,log_loss,gnb*rf,interaction,-0.057900274570816423
santander,0,log_loss,gnb*xgb,interaction,-0.020057532575014664
santander,0,log_loss,knn*rf,interaction,-0.08619076615293703
santander,0,log_loss,knn*xgb,interaction,-0.13639893657660734
santander,0,log_loss,rf*xgb,interaction,-0.04172905283780959
santander,0,brier,lr,linear,0.06655075142810309
santander,0,brier,gnb,linear,0.060469633870262225
santander,0,brier,knn,linear,0.09216746450592318
santander,0,brier,rf,linear,0.07942356702153289
santander,0,brier,xgb,linear,0.06324319751230578
santander,0,brier,lr*gnb,interaction,-0.005069752643823061
santander,0,brier,lr*knn,interaction,-0.025671758223848287
santander,0,brier,lr*rf,interaction,-0.016872734814971646
santander,0,brier,lr*xgb,interaction,-0.009374611015893902
santander,0,brier,gnb*knn,interaction,-0.03195880291250888
santander,0,brier,gnb*rf,interaction,-0.020221258071198893
santander,0,brier,gnb*xgb,interaction,-0.00691307942168818
santander,0,brier,knn*rf,interaction,-0.007428853483250841
santander,0,brier,knn*xgb,interaction,-0.021647120644984794
santander,0,brier,rf*xgb,interaction,-0.013529075275014596
santander,0,pr_auc,lr,linear,0.498403933157133
santander,0,pr_auc,gnb,linear,0.575388282897768
santander,0,pr_auc,knn,linear,0.33562282992814435
santander,0,pr_auc,rf,linear,0.4810943347189805
santander,0,pr_auc,xgb,linear,0.554956208395667
santander,0,pr_auc,lr*gnb,interaction,0.0629049472064987
santander,0,pr_auc,lr*knn,interaction,0.35930067808486366
santander,0,pr_auc,lr*rf,interaction,0.20884096043171563
santander,0,pr_auc,lr*xgb,interaction,0.15565848456799358
santander,0,pr_auc,gnb*knn,interaction,0.49872879577404206
santander,0,pr_auc,gnb*rf,interaction,0.23616688913118078
santander,0,pr_auc,gnb*xgb,interaction,0.0850857793189237
santander,0,pr_auc,knn*rf,interaction,0.32518732161349084
santander,0,pr_auc,knn*xgb,interaction,0.48162418248974126
santander,0,pr_auc,rf*xgb,interaction,0.1962496394084441
santander,1,roc_auc,lr,linear,0.8572915280028831
santander,1,roc_auc,gnb,linear,0.8855813983124631
santander,1,roc_auc,knn,linear,0.7557249774013568
santander,1,roc_auc,rf,linear,0.8487863670663089
santander,1,roc_auc,xgb,linear,0.8791342230875974
santander,1,roc_auc,lr*gnb,interaction,0.018516620479946788
santander,1,roc_auc,lr*knn,interaction,0.19709785758354342
santander,1,roc_auc,lr*rf,interaction,0.09308725154875053
santander,1,roc_auc,lr*xgb,interaction,0.04384308626712752
santander,1,roc_auc,gnb*knn,interaction,0.24239259310594674
santander,1,roc_auc,gnb*rf,interaction,0.07599407825705917
santander,1,roc_auc,gnb*xgb,interaction,0.021067360582673555
santander,1,roc_auc,knn*rf,interaction,0.19697371708495304
santander,1,roc_auc,knn*xgb,interaction,0.22944360910278366
santander,1,roc_auc,rf*xgb,interaction,0.0567961894570419
santander,1,log_loss,lr,linear,0.23244481696831165
santander,1,log_loss,gnb,linear,0.21165789096253554
santander,1,log_loss,knn,linear,0.33996964161334375
santander,1,log_loss,rf,linear,0.27532658683515554
santander,1,log_loss,xgb,linear,0.22026545984136356
santander,1,log_loss,lr*gnb,interaction,-0.013079911866153565
santander,1,log_loss,lr*knn,interaction,-0.14639071452520278
santander,1,log_loss,lr*rf,interaction,-0.05359062181626559
santander,1,log_loss,lr*xgb,interaction,-0.029543318265290608
santander,1,log_loss,gnb*knn,interaction,-0.17252360987950388
santander,1,log_loss,gnb*rf,interaction,-0.05813631356954671
santander,1,log_loss,gnb*xgb,interaction,-0.020180848521947264
santander,1,log_loss,knn*rf,interaction,-0.08525900704898931
santander,1,log_loss,knn*xgb,interaction,-0.13468518003971844
santander,1,log_loss,rf*xgb,interaction,-0.04195143335175622
santander,1,brier,lr,linear,0.06657442958082384
santander,1,brier,gnb,linear,0.060464814833800964
santander,1,brier,knn,linear,0.09212100484242255
santander,1,brier,rf,linear,0.07950980245998426
santander,1,brier,xgb,linear,0.06334777713034441
santander,1,brier,lr*gnb,interaction,-0.005035741800783734
santander,1,brier,lr*knn,interaction,-0.025576370384670942
santander,1,brier,lr*rf,interaction,-0.016823087402294226
santander,1,brier,lr*xgb,interaction,-0.009260610659968
santander,1,brier,gnb*knn,interaction,-0.03187425284721382
santander,1,brier,gnb*rf,interaction,-0.020204191482510958
santander,1,brier,gnb*xgb,interaction,-0.0069105550753007505
santander,1,brier,knn*rf,interaction,-0.007366563922743291
santander,1,brier,knn*xgb,interaction,-0.021393473822939255
santander,1,brier,rf*xgb,interaction,-0.013416983041211028
santander,1,pr_auc,lr,linear,0.4989723201975978
santander,1,pr_auc,gnb,linear,0.5760138252342218
santander,1,pr_auc,knn,linear,0.33668076372955824
santander,1,pr_auc,rf,linear,0.48138001722769186
santander,1,pr_auc,xgb,linear,0.5546983854562729
santander,1,pr_auc,lr*gnb,interaction,0.06228692753410647
santander,1,pr_auc,lr*knn,interaction,0.3583745267830515
santander,1,pr_auc,lr*rf,interaction,0.2056099203939652
santander,1,pr_auc,lr*xgb,interaction,0.15135426834536692
santander,1,pr_auc,gnb*knn,interaction,0.4992114295748551
santander,1,pr_auc,gnb*rf,interaction,0.23487515351072652
santander,1,pr_auc,gnb*xgb,interaction,0.08366985417642125
santander,1,pr_auc,knn*rf,interaction,0.32585845922254864
santander,1,pr_auc,knn*xgb,interaction,0.4783474355131231
santander,1,pr_auc,rf*xgb,interaction,0.19499386475563218
santander,2,roc_auc,lr,linear,0.8583826350251461
santander,2,roc_auc,gnb,linear,0.8862476045192448
santander,2,roc_auc,knn,linear,0.7574782348311516
santander,2,roc_auc,rf,linear,0.8489300225065055
santander,2,roc_auc,xgb,linear,0.8798547732120328
santander,2,roc_auc,lr*gnb,interaction,0.017700825127432873
santander,2,roc_auc,lr*knn,interaction,0.19587191769857085
santander,2,roc_auc,lr*rf,interaction,0.09311768941619447
santander,2,roc_auc,lr*xgb,interaction,0.042786151051911414
santander,2,roc_auc,gnb*knn,interaction,0.2410048752591738
santander,2,roc_auc,gnb*rf,interaction,0.07658059932108885
santander,2,roc_auc,gnb*xgb,interaction,0.021025810329302064
santander,2,roc_auc,knn*rf,interaction,0.1980915338126219
santander,2,roc_auc,knn*xgb,interaction,0.22947347856129793
santander,2,roc_auc,rf*xgb,interaction,0.05654378496845558
santander,2,log_loss,lr,linear,0.23188927682241317
santander,2,log_loss,gnb,linear,0.2115755071736837
santander,2,log_loss,knn,linear,0.3398856546515405
santander,2,log_loss,rf,linear,0.2753563562628605
santander,2,log_loss,xgb,linear,0.22025817242426593
santander,2,log_loss,lr*gnb,interaction,-0.012749319967249928
santander,2,log_loss,lr*knn,interaction,-0.14700479418841217
santander,2,log_loss,lr*rf,interaction,-0.053606070760534225
santander,2,log_loss,lr*xgb,interaction,-0.029591655335679923
santander,2,log_loss,gnb*knn,interaction,-0.17301304842924725
santander,2,log_loss,gnb*rf,interaction,-0.058252601996969605
santander,2,log_loss,gnb*xgb,interaction,-0.020319623608474613
santander,2,log_loss,knn*rf,interaction,-0.08548403603024873
santander,2,log_loss,knn*xgb,interaction,-0.13581148776037108
santander,2,log_loss,rf*xgb,interaction,-0.04246391416472284
santander,2,brier,lr,linear,0.06648469970292095
santander,2,brier,gnb,linear,0.06056171245543428
santander,2,brier,knn,linear,0.0921159324107327
santander,2,brier,rf,linear,0.07954413199033718
santander,2,brier,xgb,linear,0.0634240833706945
santander,2,brier,lr*gnb,interaction,-0.0049940529519319835
santander,2,brier,lr*knn,interaction,-0.025718728857426973
santander,2,brier,lr*rf,interaction,-0.016959296001896093
santander,2,brier,lr*xgb,interaction,-0.009372942842438711
santander,2,brier,gnb*knn,interaction,-0.03203455695033064
santander,2,brier,gnb*rf,interaction,-0.02036592499938214
santander,2,brier,gnb*xgb,interaction,-0.00696717362495048
santander,2,brier,knn*rf,interaction,-0.007402971024558586
santander,2,brier,knn*xgb,interaction,-0.021698195920024706
santander,2,brier,rf*xgb,interaction,-0.013648482940805867
santander,2,pr_auc,lr,linear,0.49980146192278274
santander,2,pr_auc,gnb,linear,0.5747967573438993
santander,2,pr_auc,knn,linear,0.33586508322051367
santander,2,pr_auc,rf,linear,0.4779945364662868
santander,2,pr_auc,xgb,linear,0.5515872157739081
santander,2,pr_auc,lr*gnb,interaction,0.06181177845907415
santander,2,pr_auc,lr*knn,interaction,0.3617891865252827
santander,2,pr_auc,lr*rf,interaction,0.2133939385320366
santander,2,pr_auc,lr*xgb,interaction,0.15354510971973734
santander,2,pr_auc,gnb*knn,interaction,0.4968697712083694
santander,2,pr_auc,gnb*rf,interaction,0.23882773933603452
santander,2,pr_auc,gnb*xgb,interaction,0.08330437798681833
santander,2,pr_auc,knn*rf,interaction,0.31797183138988117
santander,2,pr_auc,knn*xgb,interaction,0.47359154326250785
santander,2,pr_auc,rf*xgb,interaction,0.19484054125616979
santander,3,roc_auc,lr,linear,0.8580520823419864
santander,3,roc_auc,gnb,linear,0.8863425254745447
santander,3,roc_auc,knn,linear,0.7599911751791989
santander,3,roc_auc,rf,linear,0.8494522016826216
santander,3,roc_auc,xgb,linear,0.8807115780486099
santander,3,roc_auc,lr*gnb,interaction,0.018320651689777978
santander,3,roc_auc,lr*knn,interaction,0.1922642297098964
santander,3,roc_auc,lr*rf,interaction,0.09245479264968359
santander,3,roc_auc,lr*xgb,interaction,0.042570733330538735
santander,3,roc_auc,gnb*knn,interaction,0.237683942752823
santander,3,roc_auc,gnb*rf,interaction,0.07474603046829542
santander,3,roc_auc,gnb*xgb,interaction,0.02038570032171938
santander,3,roc_auc,knn*rf,interaction,0.19526658671741992
santander,3,roc_auc,knn*xgb,interaction,0.22734578191157023
santander,3,roc_auc,rf*xgb,interaction,0.05455819506518367
santander,3,log_loss,lr,linear,0.23225522234614962
santander,3,log_loss,gnb,linear,0.21158481090183523
santander,3,log_loss,knn,linear,0.3396795994659249
santander,3,log_loss,rf,linear,0.27454723914857304
santander,3,log_loss,xgb,linear,0.21975993217215212
santander,3,log_loss,lr*gnb,interaction,-0.012994907324347951
santander,3,log_loss,lr*knn,interaction,-0.14664576151981956
santander,3,log_loss,lr*rf,interaction,-0.05305347005649097
santander,3,log_loss,lr*xgb,interaction,-0.029259551579655707
santander,3,log_loss,gnb*knn,interaction,-0.1733315889789666
santander,3,log_loss,gnb*rf,interaction,-0.0578289629709548
santander,3,log_loss,gnb*xgb,interaction,-0.020127318181520304
santander,3,log_loss,knn*rf,interaction,-0.0859515726244528
santander,3,log_loss,knn*xgb,interaction,-0.1353002304246353
santander,3,log_loss,rf*xgb,interaction,-0.04130129732532917
santander,3,brier,lr,linear,0.06662512222617677
santander,3,brier,gnb,linear,0.060579551940716035
santander,3,brier,knn,linear,0.09214000123728544
santander,3,brier,rf,linear,0.07932518430855626
santander,3,brier,xgb,linear,0.06332730854954818
santander,3,brier,lr*gnb,interaction,-0.005075183875090705
santander,3,brier,lr*knn,interaction,-0.025757646570224856
santander,3,brier,lr*rf,interaction,-0.016880731947856706
santander,3,brier,lr*xgb,interaction,-0.00927322241335253
santander,3,brier,gnb*knn,interaction,-0.03224748987820919
santander,3,brier,gnb*rf,interaction,-0.020385580994899642
santander,3,brier,gnb*xgb,interaction,-0.006933522252379878
santander,3,brier,knn*rf,interaction,-0.0075117503887890125
santander,3,brier,knn*xgb,interaction,-0.021575501520533096
santander,3,brier,rf*xgb,interaction,-0.013450371998353194
santander,3,pr_auc,lr,linear,0.4981034224405507
santander,3,pr_auc,gnb,linear,0.5749549836782373
santander,3,pr_auc,knn,linear,0.3405538785296137
santander,3,pr_auc,rf,linear,0.4836541646575919
santander,3,pr_auc,xgb,linear,0.5544583832658245
santander,3,pr_auc,lr*gnb,interaction,0.06142292450912462
santander,3,pr_auc,lr*knn,interaction,0.3495547547068324
santander,3,pr_auc,lr*rf,interaction,0.2025655786848677
santander,3,pr_auc,lr*xgb,interaction,0.1499552625431546
santander,3,pr_auc,gnb*knn,interaction,0.4879064061386189
santander,3,pr_auc,gnb*rf,interaction,0.22966213379443112
santander,3,pr_auc,gnb*xgb,interaction,0.08130176355322527
santander,3,pr_auc,knn*rf,interaction,0.3259361073588688
santander,3,pr_auc,knn*xgb,interaction,0.46949850056370385
santander,3,pr_auc,rf*xgb,interaction,0.1895860287120088
santander,4,roc_auc,lr,linear,0.8592911521641561
santander,4,roc_auc,gnb,linear,0.8873225502972646
santander,4,roc_auc,knn,linear,0.7596131552138787
santander,4,roc_auc,rf,linear,0.8508368682046391
santander,4,roc_auc,xgb,linear,0.8816363278304956
santander,4,roc_auc,lr*gnb,interaction,0.018019478545402867
santander,4,roc_auc,lr*knn,interaction,0.19498646513081186
santander,4,roc_auc,lr*rf,interaction,0.09273773547927655
santander,4,roc_auc,lr*xgb,interaction,0.04166795290863878
santander,4,roc_auc,gnb*knn,interaction,0.24062033273520056
santander,4,roc_auc,gnb*rf,interaction,0.0761223492592541
santander,4,roc_auc,gnb*xgb,interaction,0.01955784342644873
santander,4,roc_auc,knn*rf,interaction,0.19785313376765434
santander,4,roc_auc,knn*xgb,interaction,0.22953072252430753
santander,4,roc_auc,rf*xgb,interaction,0.05611939620573647
santander,4,log_loss,lr,linear,0.23122108131749905
santander,4,log_loss,gnb,linear,0.21030468155787663
santander,4,log_loss,knn,linear,0.3405598744438207
santander,4,log_loss,rf,linear,0.27438157181867334
santander,4,log_loss,xgb,linear,0.21851294614550204
santander,4,log_loss,lr*gnb,interaction,-0.01294093242591736
santander,4,log_loss,lr*knn,interaction,-0.14929262810243699
santander,4,log_loss,lr*rf,interaction,-0.05386369767259466
santander,4,log_loss,lr*xgb,interaction,-0.029071368515851292
santander,4,log_loss,gnb*knn,interaction,-0.1757333838876819
santander,4,log_loss,gnb*rf,interaction,-0.05860673342865741
santander,4,log_loss,gnb*xgb,interaction,-0.019773091636346052
santander,4,log_loss,knn*rf,interaction,-0.0875847574599225
santander,4,log_loss,knn*xgb,interaction,-0.13829640132500187
santander,4,log_loss,rf*xgb,interaction,-0.042135304895505765
santander,4,brier,lr,linear,0.06624120853981937
santander,4,brier,gnb,linear,0.06007158538767558
santander,4,brier,knn,linear,0.09218931181507985
santander,4,brier,rf,linear,0.07929070077867546
santander,4,brier,xgb,linear,0.06288504692820196
santander,4,brier,lr*gnb,interaction,-0.005092489435088179
santander,4,brier,lr*knn,interaction,-0.026025856035246923
santander,4,brier,lr*rf,interaction,-0.01708940453055347
santander,4,brier,lr*xgb,interaction,-0.009376664267723309
santander,4,brier,gnb*knn,interaction,-0.03231328480517337
santander,4,brier,gnb*rf,interaction,-0.020445770160052938
santander,4,brier,gnb*xgb,interaction,-0.006906446982658909
santander,4,brier,knn*rf,interaction,-0.007521399693014769
santander,4,brier,knn*xgb,interaction,-0.021983084653518017
santander,4,brier,rf*xgb,interaction,-0.013706144192955294
santander,4,pr_auc,lr,linear,0.5030912262885472
santander,4,pr_auc,gnb,linear,0.5804143411049473
santander,4,pr_auc,knn,linear,0.3407102340922724
santander,4,pr_auc,rf,linear,0.48572578914775033
santander,4,pr_auc,xgb,linear,0.5601852670235866
santander,4,pr_auc,lr*gnb,interaction,0.0621796679171
santander,4,pr_auc,lr*knn,interaction,0.35845812315066716
santander,4,pr_auc,lr*rf,interaction,0.2089417909265135
santander,4,pr_auc,lr*xgb,interaction,0.15119591014498357
santander,4,pr_auc,gnb*knn,interaction,0.49817673221442105
santander,4,pr_auc,gnb*rf,interaction,0.2370367631083743
santander,4,pr_auc,gnb*xgb,interaction,0.08256605013827534
santander,4,pr_auc,knn*rf,interaction,0.32476791109520065
santander,4,pr_auc,knn*xgb,interaction,0.4814973696128958
santander,4,pr_auc,rf*xgb,interaction,0.19597861417767204
santander,5,roc_auc,lr,linear,0.8580967985160645
santander,5,roc_auc,gnb,linear,0.8864124620485115
santander,5,roc_auc,knn,linear,0.7592359728238223
santander,5,roc_auc,rf,linear,0.8499506301483103
santander,5,roc_auc,xgb,linear,0.87896801053996
santander,5,roc_auc,lr*gnb,interaction,0.018668558745090935
santander,5,roc_auc,lr*knn,interaction,0.1923805551192573
santander,5,roc_auc,lr*rf,interaction,0.0913048767089295
santander,5,roc_auc,lr*xgb,interaction,0.043529271737678954
santander,5,roc_auc,gnb*knn,interaction,0.2386771586319294
santander,5,roc_auc,gnb*rf,interaction,0.07373551452221738
santander,5,roc_auc,gnb*xgb,interaction,0.02113520775120692
santander,5,roc_auc,knn*rf,interaction,0.195957183104412
santander,5,roc_auc,knn*xgb,interaction,0.22554718522372003
santander,5,roc_auc,rf*xgb,interaction,0.053772793907447713
santander,5,log_loss,lr,linear,0.23233808680115461
santander,5,log_loss,gnb,linear,0.2115975663200426
santander,5,log_loss,knn,linear,0.3390456386771747
santander,5,log_loss,rf,linear,0.27533535135478815
santander,5,log_loss,xgb,linear,0.22117669638994983
santander,5,log_loss,lr*gnb,interaction,-0.013153424174085437
santander,5,log_loss,lr*knn,interaction,-0.14566041566015214
santander,5,log_loss,lr*rf,interaction,-0.05360388620022505
santander,5,log_loss,lr*xgb,interaction,-0.029843239338979977
santander,5,log_loss,gnb*knn,interaction,-0.17184547239687042
santander,5,log_loss,gnb*rf,interaction,-0.0579534696211117
santander,5,log_loss,gnb*xgb,interaction,-0.02031323993339365
santander,5,log_loss,knn*rf,interaction,-0.08446426855558847
santander,5,log_loss,knn*xgb,interaction,-0.13405492537153493
santander,5,log_loss,rf*xgb,interaction,-0.042170488345346646
santander,5,brier,lr,linear,0.06664104868872169
santander,5,brier,gnb,linear,0.060577332271220474
santander,5,brier,knn,linear,0.09201783214511547
santander,5,brier,rf,linear,0.07951333466678726
santander,5,brier,xgb,linear,0.0637551310095141
santander,5,brier,lr*gnb,interaction,-0.00504106972739541
santander,5,brier,lr*knn,interaction,-0.02560603596330399
santander,5,brier,lr*rf,interaction,-0.016886874155611083
santander,5,brier,lr*xgb,interaction,-0.009361640420104525
santander,5,brier,gnb*knn,interaction,-0.031859785975777904
santander,5,brier,gnb*rf,interaction,-0.02024984603792998
santander,5,brier,gnb*xgb,interaction,-0.006924182724603323
santander,5,brier,knn*rf,interaction,-0.007327915735168528
santander,5,brier,knn*xgb,interaction,-0.02145343205408397
santander,5,brier,rf*xgb,interaction,-0.013494861724179769
santander,5,pr_auc,lr,linear,0.49727053293236273
santander,5,pr_auc,gnb,linear,0.5743162336917915
santander,5,pr_auc,knn,linear,0.3430547954001796
santander,5,pr_auc,rf,linear,0.48309280801925364
santander,5,pr_auc,xgb,linear,0.5474842543600835
santander,5,pr_auc,lr*gnb,interaction,0.06296461749215976
santander,5,pr_auc,lr*knn,interaction,0.3451242955652023
santander,5,pr_auc,lr*rf,interaction,0.19921181322217452
santander,5,pr_auc,lr*xgb,interaction,0.15300452303737966
santander,5,pr_auc,gnb*knn,interaction,0.484403011556956
santander,5,pr_auc,gnb*rf,interaction,0.2286795220006279
santander,5,pr_auc,gnb*xgb,interaction,0.08387271299323829
santander,5,pr_auc,knn*rf,interaction,0.31859990610812844
santander,5,pr_auc,knn*xgb,interaction,0.45498316331049604
santander,5,pr_auc,rf*xgb,interaction,0.18147690723343746
santander,6,roc_auc,lr,linear,0.8584514225751128
santander,6,roc_auc,gnb,linear,0.8867331457900832
santander,6,roc_auc,knn,linear,0.7568815522235479
santander,6,roc_auc,rf,linear,0.8501467965219722
santander,6,roc_auc,xgb,linear,0.8807247779851854
santander,6,roc_auc,lr*gnb,interaction,0.017769719526523897
santander,6,roc_auc,lr*knn,interaction,0.19787438537849705
santander,6,roc_auc,lr*rf,interaction,0.09202900139944892
santander,6,roc_auc,lr*xgb,interaction,0.04293492905735574
santander,6,roc_auc,gnb*knn,interaction,0.24412364601280823
santander,6,roc_auc,gnb*rf,interaction,0.07509440090825292
santander,6,roc_auc,gnb*xgb,interaction,0.02021302758114385
santander,6,roc_auc,knn*rf,interaction,0.19962031318508822
santander,6,roc_auc,knn*xgb,interaction,0.23344522516184338
santander,6,roc_auc,rf*xgb,interaction,0.05352907755471836
santander,6,log_loss,lr,linear,0.2320102947506673
santander,6,log_loss,gnb,linear,0.21116992097329684
santander,6,log_loss,knn,linear,0.3406901904878723
santander,6,log_loss,rf,linear,0.27486927143988715
santander,6,log_loss,xgb,linear,0.21957527446195066
santander,6,log_loss,lr*gnb,interaction,-0.012818720331296607
santander,6,log_loss,lr*knn,interaction,-0.14828865818680823
santander,6,log_loss,lr*rf,interaction,-0.05330259672286633
santander,6,log_loss,lr*xgb,interaction,-0.02966450880101995
santander,6,log_loss,gnb*knn,interaction,-0.17485235007676403
santander,6,log_loss,gnb*rf,interaction,-0.05808793055862649
santander,6,log_loss,gnb*xgb,interaction,-0.020055197951344167
santander,6,log_loss,knn*rf,interaction,-0.08698576888834991
santander,6,log_loss,knn*xgb,interaction,-0.13794701602437756
santander,6,log_loss,rf*xgb,interaction,-0.04198425035113562
santander,6,brier,lr,linear,0.06656202435222458
santander,6,brier,gnb,linear,0.06043060773067863
santander,6,brier,knn,linear,0.09218903284106006
santander,6,brier,rf,linear,0.0793864066975917
santander,6,brier,xgb,linear,0.06323476458294713
santander,6,brier,lr*gnb,interaction,-0.005043237747779185
santander,6,brier,lr*knn,interaction,-0.02582481371885437
santander,6,brier,lr*rf,interaction,-0.016918176449396714
santander,6,brier,lr*xgb,interaction,-0.009414768035185525
santander,6,brier,gnb*knn,interaction,-0.03214314662674944
santander,6,brier,gnb*rf,interaction,-0.020348517179150323
santander,6,brier,gnb*xgb,interaction,-0.006904901481056408
santander,6,brier,knn*rf,interaction,-0.007453008959758756
santander,6,brier,knn*xgb,interaction,-0.021947832036024163
santander,6,brier,rf*xgb,interaction,-0.01372320709530947
santander,6,pr_auc,lr,linear,0.49890838471801147
santander,6,pr_auc,gnb,linear,0.5763130755744336
santander,6,pr_auc,knn,linear,0.3411119864363408
santander,6,pr_auc,rf,linear,0.48629807243955636
santander,6,pr_auc,xgb,linear,0.5548983021225291
santander,6,pr_auc,lr*gnb,interaction,0.06215798458965549
santander,6,pr_auc,lr*knn,interaction,0.3513753866110084
santander,6,pr_auc,lr*rf,interaction,0.1983961217753839
santander,6,pr_auc,lr*xgb,interaction,0.15316155950657584
santander,6,pr_auc,gnb*knn,interaction,0.49093186991500426
santander,6,pr_auc,gnb*rf,interaction,0.22846416434795958
santander,6,pr_auc,gnb*xgb,interaction,0.08331678672639986
santander,6,pr_auc,knn*rf,interaction,0.32437224395965675
santander,6,pr_auc,knn*xgb,interaction,0.4718043596618643
santander,6,pr_auc,rf*xgb,interaction,0.18788682147960145
santander,7,roc_auc,lr,linear,0.8572754913134164
santander,7,roc_auc,gnb,linear,0.8854424976554786
santander,7,roc_auc,knn,linear,0.7541414292963742
santander,7,roc_auc,rf,linear,0.8482036331637715
santander,7,roc_auc,xgb,linear,0.8799866236194721
santander,7,roc_auc,lr*gnb,interaction,0.01809970155884605
santander,7,roc_auc,lr*knn,interaction,0.19938354216556742
santander,7,roc_auc,lr*rf,interaction,0.09324936458824296
santander,7,roc_auc,lr*xgb,interaction,0.04297109349450179
santander,7,roc_auc,gnb*knn,interaction,0.24567574173389417
santander,7,roc_auc,gnb*rf,interaction,0.07597517456410596
santander,7,roc_auc,gnb*xgb,interaction,0.020347937528913618
santander,7,roc_auc,knn*rf,interaction,0.20235774431592368
santander,7,roc_auc,knn*xgb,interaction,0.2352960920426205
santander,7,roc_auc,rf*xgb,interaction,0.05615202141107689
santander,7,log_loss,lr,linear,0.2329058779711244
santander,7,log_loss,gnb,linear,0.21216667875262843
santander,7,log_loss,knn,linear,0.3404716785553879
santander,7,log_loss,rf,linear,0.2751577027397151
santander,7,log_loss,xgb,linear,0.22052855751454778
santander,7,log_loss,lr*gnb,interaction,-0.01308849335873448
santander,7,log_loss,lr*knn,interaction,-0.14653882550875147
santander,7,log_loss,lr*rf,interaction,-0.05294072616402282
santander,7,log_loss,lr*xgb,interaction,-0.02958889167754647
santander,7,log_loss,gnb*knn,interaction,-0.17301961502480578
santander,7,log_loss,gnb*rf,interaction,-0.057561809631969635
santander,7,log_loss,gnb*xgb,interaction,-0.02009411325325061
santander,7,log_loss,knn*rf,interaction,-0.08606182072601193
santander,7,log_loss,knn*xgb,interaction,-0.13678331292991616
santander,7,log_loss,rf*xgb,interaction,-0.04180777039463934
santander,7,brier,lr,linear,0.06683543617338465
santander,7,brier,gnb,linear,0.06070097572795306
santander,7,brier,knn,linear,0.09218518843987764
santander,7,brier,rf,linear,0.07947093548912464
santander,7,brier,xgb,linear,0.06362778752884013
santander,7,brier,lr*gnb,interaction,-0.005075490405401582
santander,7,brier,lr*knn,interaction,-0.02555922936729929
santander,7,brier,lr*rf,interaction,-0.016761251115798084
santander,7,brier,lr*xgb,interaction,-0.009408507216695866
santander,7,brier,gnb*knn,interaction,-0.03182492893184691
santander,7,brier,gnb*rf,interaction,-0.02009302602498418
santander,7,brier,gnb*xgb,interaction,-0.0069325846912095465
santander,7,brier,knn*rf,interaction,-0.007432383790453023
santander,7,brier,knn*xgb,interaction,-0.0218367310537204
santander,7,brier,rf*xgb,interaction,-0.013607133603528165
santander,7,pr_auc,lr,linear,0.49522359093691837
santander,7,pr_auc,gnb,linear,0.5727448187320415
santander,7,pr_auc,knn,linear,0.3334379272353698
santander,7,pr_auc,rf,linear,0.481008579445453
santander,7,pr_auc,xgb,linear,0.5485967943973595
santander,7,pr_auc,lr*gnb,interaction,0.06362535751297754
santander,7,pr_auc,lr*knn,interaction,0.3575443902783342
santander,7,pr_auc,lr*rf,interaction,0.201425988848287
santander,7,pr_auc,lr*xgb,interaction,0.15284207304168795
santander,7,pr_auc,gnb*knn,interaction,0.49881860523101973
santander,7,pr_auc,gnb*rf,interaction,0.2314301603850638
santander,7,pr_auc,gnb*xgb,interaction,0.08476185917703949
santander,7,pr_auc,knn*rf,interaction,0.32690619388131115
santander,7,pr_auc,knn*xgb,interaction,0.4730059041978203
santander,7,pr_auc,rf*xgb,interaction,0.18513910254126165
santander,8,roc_auc,lr,linear,0.8566299088953923
santander,8,roc_auc,gnb,linear,0.8852628310991562
santander,8,roc_auc,knn,linear,0.7579781428943728
santander,8,roc_auc,rf,linear,0.8468930857209835
santander,8,roc_auc,xgb,linear,0.8794070299232327
santander,8,roc_auc,lr*gnb,interaction,0.018100308762031114
santander,8,roc_auc,lr*knn,interaction,0.19517776716753787
santander,8,roc_auc,lr*rf,interaction,0.09542590381826155
santander,8,roc_auc,lr*xgb,interaction,0.04298704628154404
santander,8,roc_auc,gnb*knn,interaction,0.24150035714816642
santander,8,roc_auc,gnb*rf,interaction,0.07818307139504199
santander,8,roc_auc,gnb*xgb,interaction,0.020414254309016222
santander,8,roc_auc,knn*rf,interaction,0.1992501783905729
santander,8,roc_auc,knn*xgb,interaction,0.23174209149985642
santander,8,roc_auc,rf*xgb,interaction,0.057061583227284274
santander,8,log_loss,lr,linear,0.2331680701322863
santander,8,log_loss,gnb,linear,0.21243476365411168
santander,8,log_loss,knn,linear,0.3403361576071337
santander,8,log_loss,rf,linear,0.2755769076728096
santander,8,log_loss,xgb,linear,0.22083673608722248
santander,8,log_loss,lr*gnb,interaction,-0.012820173994970846
santander,8,log_loss,lr*knn,interaction,-0.14667880552228563
santander,8,log_loss,lr*rf,interaction,-0.052891559859268605
santander,8,log_loss,lr*xgb,interaction,-0.02922433235542421
santander,8,log_loss,gnb*knn,interaction,-0.1729230525831087
santander,8,log_loss,gnb*rf,interaction,-0.05735676075331542
santander,8,log_loss,gnb*xgb,interaction,-0.019817186709691875
santander,8,log_loss,knn*rf,interaction,-0.08590951671577396
santander,8,log_loss,knn*xgb,interaction,-0.13625231967757917
santander,8,log_loss,rf*xgb,interaction,-0.0412378908659401
santander,8,brier,lr,linear,0.06687179493442144
santander,8,brier,gnb,linear,0.06083466778107068
santander,8,brier,knn,linear,0.09217469966873515
santander,8,brier,rf,linear,0.07957037191865929
santander,8,brier,xgb,linear,0.06368894096207607
santander,8,brier,lr*gnb,interaction,-0.005008212033303802
santander,8,brier,lr*knn,interaction,-0.025454862702700018
santander,8,brier,lr*rf,interaction,-0.016682793262698094
santander,8,brier,lr*xgb,interaction,-0.009278274615910742
santander,8,brier,gnb*knn,interaction,-0.0316690961187161
santander,8,brier,gnb*rf,interaction,-0.020014501712335382
santander,8,brier,gnb*xgb,interaction,-0.006822590283837082
santander,8,brier,knn*rf,interaction,-0.007435023497833898
santander,8,brier,knn*xgb,interaction,-0.02156961216064743
santander,8,brier,rf*xgb,interaction,-0.01346178651704788
santander,8,pr_auc,lr,linear,0.4949835846930265
santander,8,pr_auc,gnb,linear,0.5717157913347922
santander,8,pr_auc,knn,linear,0.33780411456129217
santander,8,pr_auc,rf,linear,0.4778970180362708
santander,8,pr_auc,xgb,linear,0.549478766795187
santander,8,pr_auc,lr*gnb,interaction,0.06244252046028631
santander,8,pr_auc,lr*knn,interaction,0.3504995108791226
santander,8,pr_auc,lr*rf,interaction,0.20548759119534166
santander,8,pr_auc,lr*xgb,interaction,0.1507609193732795
santander,8,pr_auc,gnb*knn,interaction,0.4898422088342276
santander,8,pr_auc,gnb*rf,interaction,0.23327398785835707
santander,8,pr_auc,gnb*xgb,interaction,0.08147112065384465
santander,8,pr_auc,knn*rf,interaction,0.32103934951803126
santander,8,pr_auc,knn*xgb,interaction,0.4679179799912302
santander,8,pr_auc,rf*xgb,interaction,0.18939106815973217
santander,9,roc_auc,lr,linear,0.8565143447602027
santander,9,roc_auc,gnb,linear,0.8852308767673374
santander,9,roc_auc,knn,linear,0.7558759177534347
santander,9,roc_auc,rf,linear,0.8475725496894414
santander,9,roc_auc,xgb,linear,0.8792977796926462
santander,9,roc_auc,lr*gnb,interaction,0.01867251111097218
santander,9,roc_auc,lr*knn,interaction,0.19727536046433142
santander,9,roc_auc,lr*rf,interaction,0.09367145902195628
santander,9,roc_auc,lr*xgb,interaction,0.04395577570134379
santander,9,roc_auc,gnb*knn,interaction,0.24443157406377392
santander,9,roc_auc,gnb*rf,interaction,0.07735136263974307
santander,9,roc_auc,gnb*xgb,interaction,0.02136607234903376
santander,9,roc_auc,knn*rf,interaction,0.19958236134371932
santander,9,roc_auc,knn*xgb,interaction,0.23327011996030045
santander,9,roc_auc,rf*xgb,interaction,0.05586492430823409
santander,9,log_loss,lr,linear,0.2330969698741979
santander,9,log_loss,gnb,linear,0.21201285055182706
santander,9,log_loss,knn,linear,0.3411671235965595
santander,9,log_loss,rf,linear,0.27527354672027393
santander,9,log_loss,xgb,linear,0.22071619731315237
santander,9,log_loss,lr*gnb,interaction,-0.012954897956384437
santander,9,log_loss,lr*knn,interaction,-0.1477977776351855
santander,9,log_loss,lr*rf,interaction,-0.052960071019358956
santander,9,log_loss,lr*xgb,interaction,-0.029732064010153936
santander,9,log_loss,gnb*knn,interaction,-0.17405983327687968
santander,9,log_loss,gnb*rf,interaction,-0.05736115071081191
santander,9,log_loss,gnb*xgb,interaction,-0.020167080225990786
santander,9,log_loss,knn*rf,interaction,-0.08737919621385987
santander,9,log_loss,knn*xgb,interaction,-0.137095603498876
santander,9,log_loss,rf*xgb,interaction,-0.04138290713334514
santander,9,brier,lr,linear,0.06682344288524895
santander,9,brier,gnb,linear,0.06061247514668003
santander,9,brier,knn,linear,0.09223462517034445
santander,9,brier,rf,linear,0.07948701348294582
santander,9,brier,xgb,linear,0.06360422168150073
santander,9,brier,lr*gnb,interaction,-0.005048081026561228
santander,9,brier,lr*knn,interaction,-0.025600175113479753
santander,9,brier,lr*rf,interaction,-0.016767312830214313
santander,9,brier,lr*xgb,interaction,-0.009382659933197285
santander,9,brier,gnb*knn,interaction,-0.03172889866293019
santander,9,brier,gnb*rf,interaction,-0.020012876559482168
santander,9,brier,gnb*xgb,interaction,-0.006891810691563638
santander,9,brier,knn*rf,interaction,-0.007497717712242308
santander,9,brier,knn*xgb,interaction,-0.021602702867231482
santander,9,brier,rf*xgb,interaction,-0.013484141546130507
santander,9,pr_auc,lr,linear,0.49530367337230957
santander,9,pr_auc,gnb,linear,0.574229205112181
santander,9,pr_auc,knn,linear,0.3366073654854566
santander,9,pr_auc,rf,linear,0.4804657259147333
santander,9,pr_auc,xgb,linear,0.5502450568138573
santander,9,pr_auc,lr*gnb,interaction,0.06423722785527902
santander,9,pr_auc,lr*knn,interaction,0.35492733904091767
santander,9,pr_auc,lr*rf,interaction,0.20683534178857393
santander,9,pr_auc,lr*xgb,interaction,0.15401143146643126
santander,9,pr_auc,gnb*knn,interaction,0.4973763020092037
santander,9,pr_auc,gnb*rf,interaction,0.23598743709534808
santander,9,pr_auc,gnb*xgb,interaction,0.08383837600826038
santander,9,pr_auc,knn*rf,interaction,0.32180959640589624
santander,9,pr_auc,knn*xgb,interaction,0.47089215830433284
santander,9,pr_auc,rf*xgb,interaction,0.1899980429763286
santander,10,roc_auc,lr,linear,0.8593271895248502
santander,10,roc_auc,gnb,linear,0.8872692987857036
santander,10,roc_auc,knn,linear,0.7582674113574284
santander,10,roc_auc,rf,linear,0.8506755501694266
santander,10,roc_auc,xgb,linear,0.8806861222974198
santander,10,roc_auc,lr*gnb,interaction,0.018255789795828925
santander,10,roc_auc,lr*knn,interaction,0.19657710434928194
santander,10,roc_auc,lr*rf,interaction,0.092029935602702
santander,10,roc_auc,lr*xgb,interaction,0.04279039736151402
santander,10,roc_auc,gnb*knn,interaction,0.24146741869619381
santander,10,roc_auc,gnb*rf,interaction,0.07583007709627343
santander,10,roc_auc,gnb*xgb,interaction,0.021417364504209502
santander,10,roc_auc,knn*rf,interaction,0.1979624233569932
santander,10,roc_auc,knn*xgb,interaction,0.22917468747630654
santander,10,roc_auc,rf*xgb,interaction,0.05592449937147492
santander,10,log_loss,lr,linear,0.23141634463838492
santander,10,log_loss,gnb,linear,0.21063475116936337
santander,10,log_loss,knn,linear,0.34052439604402523
santander,10,log_loss,rf,linear,0.2748810518118069
santander,10,log_loss,xgb,linear,0.2193669400268853
santander,10,log_loss,lr*gnb,interaction,-0.012968453593964063
santander,10,log_loss,lr*knn,interaction,-0.14877005671684357
santander,10,log_loss,lr*rf,interaction,-0.053712691085509495
santander,10,log_loss,lr*xgb,interaction,-0.029349175876276834
santander,10,log_loss,gnb*knn,interaction,-0.174919617765671
santander,10,log_loss,gnb*rf,interaction,-0.0584306971237335
santander,10,log_loss,gnb*xgb,interaction,-0.020310315157084424
santander,10,log_loss,knn*rf,interaction,-0.08691324553991964
santander,10,log_loss,knn*xgb,interaction,-0.13755887868859157
santander,10,log_loss,rf*xgb,interaction,-0.04231241318925316
santander,10,brier,lr,linear,0.06637496859553295
santander,10,brier,gnb,linear,0.060241206855569766
santander,10,brier,knn,linear,0.09216289128915632
santander,10,brier,rf,linear,0.07940488644792201
santander,10,brier,xgb,linear,0.06315581253682653
santander,10,brier,lr*gnb,interaction,-0.005046716260889053
santander,10,brier,lr*knn,interaction,-0.02595642263361706
santander,10,brier,lr*rf,interaction,-0.017063881547722835
santander,10,brier,lr*xgb,interaction,-0.009313991928141571
santander,10,brier,gnb*knn,interaction,-0.032184407098370754
santander,10,brier,gnb*rf,interaction,-0.020424180864483388
santander,10,brier,gnb*xgb,interaction,-0.006950919858608413
santander,10,brier,knn*rf,interaction,-0.007433261242857453
santander,10,brier,knn*xgb,interaction,-0.02186955781312586
santander,10,brier,rf*xgb,interaction,-0.013709402952304994
santander,10,pr_auc,lr,linear,0.5012226507334426
santander,10,pr_auc,gnb,linear,0.5785093957316042
santander,10,pr_auc,knn,linear,0.3394558575739448
santander,10,pr_auc,rf,linear,0.48798921588175714
santander,10,pr_auc,xgb,linear,0.5559865637151225
santander,10,pr_auc,lr*gnb,interaction,0.06196695705654848
santander,10,pr_auc,lr*knn,interaction,0.3575864675884591
santander,10,pr_auc,lr*rf,interaction,0.1974072279264314
santander,10,pr_auc,lr*xgb,interaction,0.15013423161810047
santander,10,pr_auc,gnb*knn,interaction,0.4976664993537461
santander,10,pr_auc,gnb*rf,interaction,0.22715542320732562
santander,10,pr_auc,gnb*xgb,interaction,0.083584205526538
santander,10,pr_auc,knn*rf,interaction,0.3253103847828037
santander,10,pr_auc,knn*xgb,interaction,0.4755329044023565
santander,10,pr_auc,rf*xgb,interaction,0.18567152619916705
santander,11,roc_auc,lr,linear,0.8587085340461262
santander,11,roc_auc,gnb,linear,0.8865527076515094
santander,11,roc_auc,knn,linear,0.7573552504055265
santander,11,roc_auc,rf,linear,0.8485913452408136
santander,11,roc_auc,xgb,linear,0.8804789993036769
santander,11,roc_auc,lr*gnb,interaction,0.01808176512860754
santander,11,roc_auc,lr*knn,interaction,0.1961047130809939
santander,11,roc_auc,lr*rf,interaction,0.09430918941209065
santander,11,roc_auc,lr*xgb,interaction,0.044499600669136274
santander,11,roc_auc,gnb*knn,interaction,0.24155376953061403
santander,11,roc_auc,gnb*rf,interaction,0.07667324270233311
santander,11,roc_auc,gnb*xgb,interaction,0.021889943433010983
santander,11,roc_auc,knn*rf,interaction,0.19770216470977497
santander,11,roc_auc,knn*xgb,interaction,0.2304731279784553
santander,11,roc_auc,rf*xgb,interaction,0.056147078019606056
santander,11,log_loss,lr,linear,0.23215159598996155
santander,11,log_loss,gnb,linear,0.21139830434141887
santander,11,log_loss,knn,linear,0.3403030135633371
santander,11,log_loss,rf,linear,0.27509920624900297
santander,11,log_loss,xgb,linear,0.2200209396758267
santander,11,log_loss,lr*gnb,interaction,-0.012929237952138475
santander,11,log_loss,lr*knn,interaction,-0.1472176681324521
santander,11,log_loss,lr*rf,interaction,-0.053256649346110574
santander,11,log_loss,lr*xgb,interaction,-0.029936758890920734
santander,11,log_loss,gnb*knn,interaction,-0.17365272047920088
santander,11,log_loss,gnb*rf,interaction,-0.057985564978409565
santander,11,log_loss,gnb*xgb,interaction,-0.02055183561805496
santander,11,log_loss,knn*rf,interaction,-0.08634148404098857
santander,11,log_loss,knn*xgb,interaction,-0.13661802779734045
santander,11,log_loss,rf*xgb,interaction,-0.04179439272773955
santander,11,brier,lr,linear,0.06667780606376818
santander,11,brier,gnb,linear,0.06051075356818918
santander,11,brier,knn,linear,0.09213982768673333
santander,11,brier,rf,linear,0.0794637625064411
santander,11,brier,xgb,linear,0.06342363442110298
santander,11,brier,lr*gnb,interaction,-0.005072540609470273
santander,11,brier,lr*knn,interaction,-0.025691407464311058
santander,11,brier,lr*rf,interaction,-0.016921659231294003
santander,11,brier,lr*xgb,interaction,-0.009433113314045324
santander,11,brier,gnb*knn,interaction,-0.032009089960805426
santander,11,brier,gnb*rf,interaction,-0.020303583237491124
santander,11,brier,gnb*xgb,interaction,-0.006980406985759004
santander,11,brier,knn*rf,interaction,-0.007440479015843965
santander,11,brier,knn*xgb,interaction,-0.021657822143532797
santander,11,brier,rf*xgb,interaction,-0.013570019282359513
santander,11,pr_auc,lr,linear,0.4968080247433162
santander,11,pr_auc,gnb,linear,0.5748474790852945
santander,11,pr_auc,knn,linear,0.3381357364798923
santander,11,pr_auc,rf,linear,0.4788964245035561
santander,11,pr_auc,xgb,linear,0.5518862596875884
santander,11,pr_auc,lr*gnb,interaction,0.06290555781237012
santander,11,pr_auc,lr*knn,interaction,0.35201076783380336
santander,11,pr_auc,lr*rf,interaction,0.2089703925937988
santander,11,pr_auc,lr*xgb,interaction,0.15321678000330263
santander,11,pr_auc,gnb*knn,interaction,0.4938392097523425
santander,11,pr_auc,gnb*rf,interaction,0.2388732845373337
santander,11,pr_auc,gnb*xgb,interaction,0.08436608414117075
santander,11,pr_auc,knn*rf,interaction,0.32285746145420824
santander,11,pr_auc,knn*xgb,interaction,0.47037797047722263
santander,11,pr_auc,rf*xgb,interaction,0.19528467885327383
santander,12,roc_auc,lr,linear,0.8585268318527979
santander,12,roc_auc,gnb,linear,0.8864084974446801
santander,12,roc_auc,knn,linear,0.7562166181906615
santander,12,roc_auc,rf,linear,0.8501536453704795
santander,12,roc_auc,xgb,linear,0.8807560651738259
santander,12,roc_auc,lr*gnb,interaction,0.018077868751209314
santander,12,roc_auc,lr*knn,interaction,0.19849282879545246
santander,12,roc_auc,lr*rf,interaction,0.09171984233223052
santander,12,roc_auc,lr*xgb,interaction,0.04283267024594717
santander,12,roc_auc,gnb*knn,interaction,0.24351339601469935
santander,12,roc_auc,gnb*rf,interaction,0.07408951733403968
santander,12,roc_auc,gnb*xgb,interaction,0.020849096475381024
santander,12,roc_auc,knn*rf,interaction,0.2010419437839086
santander,12,roc_auc,knn*xgb,interaction,0.23262830716493504
santander,12,roc_auc,rf*xgb,interaction,0.05481209658763797
santander,12,log_loss,lr,linear,0.23205039438510633
santander,12,log_loss,gnb,linear,0.21151332941154183
santander,12,log_loss,knn,linear,0.3412489600896046
santander,12,log_loss,rf,linear,0.27491931516617973
santander,12,log_loss,xgb,linear,0.22016553766942576
santander,12,log_loss,lr*gnb,interaction,-0.012887319206734735
santander,12,log_loss,lr*knn,interaction,-0.14886875135930766
santander,12,log_loss,lr*rf,interaction,-0.053034432088401584
santander,12,log_loss,lr*xgb,interaction,-0.029206665259417675
santander,12,log_loss,gnb*knn,interaction,-0.1750936400437605
santander,12,log_loss,gnb*rf,interaction,-0.05773277210233446
santander,12,log_loss,gnb*xgb,interaction,-0.01997325094825314
santander,12,log_loss,knn*rf,interaction,-0.08784082968177082
santander,12,log_loss,knn*xgb,interaction,-0.13765597247907335
santander,12,log_loss,rf*xgb,interaction,-0.04163166414563946
santander,12,brier,lr,linear,0.06660389788238699
santander,12,brier,gnb,linear,0.06056005160430812
santander,12,brier,knn,linear,0.09222393689173432
santander,12,brier,rf,linear,0.07941563208699684
santander,12,brier,xgb,linear,0.06354629643487855
santander,12,brier,lr*gnb,interaction,-0.00504397164253647
santander,12,brier,lr*knn,interaction,-0.02579355886667672
santander,12,brier,lr*rf,interaction,-0.016872880219025922
santander,12,brier,lr*xgb,interaction,-0.009285654946326397
santander,12,brier,gnb*knn,interaction,-0.03211397482818226
santander,12,brier,gnb*rf,interaction,-0.02029061106618281
santander,12,brier,gnb*xgb,interaction,-0.00684208205420226
santander,12,brier,knn*rf,interaction,-0.007469237028127462
santander,12,brier,knn*xgb,interaction,-0.021755823195228903
santander,12,brier,rf*xgb,interaction,-0.013572126757486452
santander,12,pr_auc,lr,linear,0.4981567498739581
santander,12,pr_auc,gnb,linear,0.5746650296775523
santander,12,pr_auc,knn,linear,0.3375441321356919
santander,12,pr_auc,rf,linear,0.48361366235919384
santander,12,pr_auc,xgb,linear,0.5503269898290741
santander,12,pr_auc,lr*gnb,interaction,0.06260636507566489
santander,12,pr_auc,lr*knn,interaction,0.35420674392094326
santander,12,pr_auc,lr*rf,interaction,0.20123345386242902
santander,12,pr_auc,lr*xgb,interaction,0.14974923373550286
santander,12,pr_auc,gnb*knn,interaction,0.4927662439507059
santander,12,pr_auc,gnb*rf,interaction,0.23038235189647316
santander,12,pr_auc,gnb*xgb,interaction,0.08159561646613334
santander,12,pr_auc,knn*rf,interaction,0.32308424814072534
santander,12,pr_auc,knn*xgb,interaction,0.46594264778561356
santander,12,pr_auc,rf*xgb,interaction,0.18199239684855573
santander,13,roc_auc,lr,linear,0.8573625839440766
santander,13,roc_auc,gnb,linear,0.8856767318730727
santander,13,roc_auc,knn,linear,0.756702139906752
santander,13,roc_auc,rf,linear,0.8488441251546321
santander,13,roc_auc,xgb,linear,0.8800286766251345
santander,13,roc_auc,lr*gnb,interaction,0.018233477040080104
santander,13,roc_auc,lr*knn,interaction,0.19637010533542637
santander,13,roc_auc,lr*rf,interaction,0.09438758609574682
santander,13,roc_auc,lr*xgb,interaction,0.043955420068853446
santander,13,roc_auc,gnb*knn,interaction,0.2420427048929632
santander,13,roc_auc,gnb*rf,interaction,0.07682005975846895
santander,13,roc_auc,gnb*xgb,interaction,0.021046661444063752
santander,13,roc_auc,knn*rf,interaction,0.19875470436239406
santander,13,roc_auc,knn*xgb,interaction,0.23117598326902616
santander,13,roc_auc,rf*xgb,interaction,0.05661733806602598
santander,13,log_loss,lr,linear,0.23265349565645552
santander,13,log_loss,gnb,linear,0.21194965747322736
santander,13,log_loss,knn,linear,0.340521429451337
santander,13,log_loss,rf,linear,0.27526106854098675
santander,13,log_loss,xgb,linear,0.2200496650542229
santander,13,log_loss,lr*gnb,interaction,-0.012944083401524212
santander,13,log_loss,lr*knn,interaction,-0.14702652059933174
santander,13,log_loss,lr*rf,interaction,-0.05338248127788431
santander,13,log_loss,lr*xgb,interaction,-0.029414927261387835
santander,13,log_loss,gnb*knn,interaction,-0.17376043599522495
santander,13,log_loss,gnb*rf,interaction,-0.058273388811860116
santander,13,log_loss,gnb*xgb,interaction,-0.020208124076641132
santander,13,log_loss,knn*rf,interaction,-0.0866423693277491
santander,13,log_loss,knn*xgb,interaction,-0.1366807077514829
santander,13,log_loss,rf*xgb,interaction,-0.042126496858514884
santander,13,brier,lr,linear,0.06673536300067018
santander,13,brier,gnb,linear,0.06064271678234412
santander,13,brier,knn,linear,0.0921705623180959
santander,13,brier,rf,linear,0.07950145323220369
santander,13,brier,xgb,linear,0.06336323587543836
santander,13,brier,lr*gnb,interaction,-0.005042960594052195
santander,13,brier,lr*knn,interaction,-0.025617215685935415
santander,13,brier,lr*rf,interaction,-0.016824886274404448
santander,13,brier,lr*xgb,interaction,-0.009239880486379776
santander,13,brier,gnb*knn,interaction,-0.032013076381448985
santander,13,brier,gnb*rf,interaction,-0.020286128760005448
santander,13,brier,gnb*xgb,interaction,-0.006910723449964212
santander,13,brier,knn*rf,interaction,-0.007435841032775531
santander,13,brier,knn*xgb,interaction,-0.02164634598824937
santander,13,brier,rf*xgb,interaction,-0.013580649342576412
santander,13,pr_auc,lr,linear,0.4968505522692035
santander,13,pr_auc,gnb,linear,0.5737869928280012
santander,13,pr_auc,knn,linear,0.3380891597962429
santander,13,pr_auc,rf,linear,0.4812691215028464
santander,13,pr_auc,xgb,linear,0.552816304527051
santander,13,pr_auc,lr*gnb,interaction,0.06224188449064577
santander,13,pr_auc,lr*knn,interaction,0.35024321577622713
santander,13,pr_auc,lr*rf,interaction,0.20206114266001657
santander,13,pr_auc,lr*xgb,interaction,0.15019982119907593
santander,13,pr_auc,gnb*knn,interaction,0.4916240116954973
santander,13,pr_auc,gnb*rf,interaction,0.2315200814803564
santander,13,pr_auc,gnb*xgb,interaction,0.08283090782494851
santander,13,pr_auc,knn*rf,interaction,0.32255669072673837
santander,13,pr_auc,knn*xgb,interaction,0.472803159089217
santander,13,pr_auc,rf*xgb,interaction,0.19251405757076223
santander,14,roc_auc,lr,linear,0.857995659627413
santander,14,roc_auc,gnb,linear,0.8859290732125817
santander,14,roc_auc,knn,linear,0.7562680502844413
santander,14,roc_auc,rf,linear,0.8489206111020308
santander,14,roc_auc,xgb,linear,0.880200203362523
santander,14,roc_auc,lr*gnb,interaction,0.017403142351304746
santander,14,roc_auc,lr*knn,interaction,0.1970380732290271
santander,14,roc_auc,lr*rf,interaction,0.09241893015668945
santander,14,roc_auc,lr*xgb,interaction,0.042579194682984545
santander,14,roc_auc,gnb*knn,interaction,0.24183478353637877
santander,14,roc_auc,gnb*rf,interaction,0.07658966899515707
santander,14,roc_auc,gnb*xgb,interaction,0.020635893849362152
santander,14,roc_auc,knn*rf,interaction,0.1978647928405377
santander,14,roc_auc,knn*xgb,interaction,0.23119009006381736
santander,14,roc_auc,rf*xgb,interaction,0.057242032550903765
santander,14,log_loss,lr,linear,0.23205960171318404
santander,14,log_loss,gnb,linear,0.2115185660634087
santander,14,log_loss,knn,linear,0.34028365805018507
santander,14,log_loss,rf,linear,0.27536628095851823
santander,14,log_loss,xgb,linear,0.2201669292869377
santander,14,log_loss,lr*gnb,interaction,-0.012721593972372713
santander,14,log_loss,lr*knn,interaction,-0.14746565737577286
santander,14,log_loss,lr*rf,interaction,-0.05360728601870085
santander,14,log_loss,lr*xgb,interaction,-0.029442426359595097
santander,14,log_loss,gnb*knn,interaction,-0.17343557980447566
santander,14,log_loss,gnb*rf,interaction,-0.05855296124194023
santander,14,log_loss,gnb*xgb,interaction,-0.02024665011535637
santander,14,log_loss,knn*rf,interaction,-0.08588771874156731
santander,14,log_loss,knn*xgb,interaction,-0.1360982475846245
santander,14,log_loss,rf*xgb,interaction,-0.04249619680175132
santander,14,brier,lr,linear,0.06648977010322105
santander,14,brier,gnb,linear,0.060430816219252205
santander,14,brier,knn,linear,0.09216120751714248
santander,14,brier,rf,linear,0.07954095404243249
santander,14,brier,xgb,linear,0.06342182633825075
santander,14,brier,lr*gnb,interaction,-0.005020264965017895
santander,14,brier,lr*knn,interaction,-0.025734883296864304
santander,14,brier,lr*rf,interaction,-0.016945385207218312
santander,14,brier,lr*xgb,interaction,-0.009328918294445071
santander,14,brier,gnb*knn,interaction,-0.032004997458586565
santander,14,brier,gnb*rf,interaction,-0.020338510419762396
santander,14,brier,gnb*xgb,interaction,-0.006950168078364592
santander,14,brier,knn*rf,interaction,-0.0074083142047853545
santander,14,brier,knn*xgb,interaction,-0.021658142045554357
santander,14,brier,rf*xgb,interaction,-0.013646315045985374
santander,14,pr_auc,lr,linear,0.4996506513039165
santander,14,pr_auc,gnb,linear,0.5759303390777525
santander,14,pr_auc,knn,linear,0.33897030666393757
santander,14,pr_auc,rf,linear,0.4802643323982356
santander,14,pr_auc,xgb,linear,0.5517403130113081
santander,14,pr_auc,lr*gnb,interaction,0.062438500041580025
santander,14,pr_auc,lr*knn,interaction,0.3560249514048347
santander,14,pr_auc,lr*rf,interaction,0.2083161397036558
santander,14,pr_auc,lr*xgb,interaction,0.15106050631332069
santander,14,pr_auc,gnb*knn,interaction,0.49340259352060367
santander,14,pr_auc,gnb*rf,interaction,0.23645031280947681
santander,14,pr_auc,gnb*xgb,interaction,0.08358103950087747
santander,14,pr_auc,knn*rf,interaction,0.3162931257454943
santander,14,pr_auc,knn*xgb,interaction,0.4668605543362525
santander,14,pr_auc,rf*xgb,interaction,0.1911169415761742
santander,15,roc_auc,lr,linear,0.85788837445759
santander,15,roc_auc,gnb,linear,0.8861845891895223
santander,15,roc_auc,knn,linear,0.7538420089919932
santander,15,roc_auc,rf,linear,0.8491264041925763
santander,15,roc_auc,xgb,linear,0.880071969057907
santander,15,roc_auc,lr*gnb,interaction,0.01830518466038089
santander,15,roc_auc,lr*knn,interaction,0.20017006441871998
santander,15,roc_auc,lr*rf,interaction,0.09144526952921661
santander,15,roc_auc,lr*xgb,interaction,0.04226416522538856
santander,15,roc_auc,gnb*knn,interaction,0.24772219562863773
santander,15,roc_auc,gnb*rf,interaction,0.07571248767821981
santander,15,roc_auc,gnb*xgb,interaction,0.019696044997246642
santander,15,roc_auc,knn*rf,interaction,0.20228584588804166
santander,15,roc_auc,knn*xgb,interaction,0.23484756665272907
santander,15,roc_auc,rf*xgb,interaction,0.05502316075937097
santander,15,log_loss,lr,linear,0.23236070500628436
santander,15,log_loss,gnb,linear,0.21150669350210188
santander,15,log_loss,knn,linear,0.3414228907554799
santander,15,log_loss,rf,linear,0.27511620462274533
santander,15,log_loss,xgb,linear,0.22027916917239398
santander,15,log_loss,lr*gnb,interaction,-0.01304127579467565
santander,15,log_loss,lr*knn,interaction,-0.14823691709437303
santander,15,log_loss,lr*rf,interaction,-0.052836565876961256
santander,15,log_loss,lr*xgb,interaction,-0.02919929608970745
santander,15,log_loss,gnb*knn,interaction,-0.17524689618342992
santander,15,log_loss,gnb*rf,interaction,-0.05779298434580729
santander,15,log_loss,gnb*xgb,interaction,-0.019967863959891058
santander,15,log_loss,knn*rf,interaction,-0.08789488249689142
santander,15,log_loss,knn*xgb,interaction,-0.13700646975484013
santander,15,log_loss,rf*xgb,interaction,-0.04126068810461592
santander,15,brier,lr,linear,0.0666476369345877
santander,15,brier,gnb,linear,0.060484195686455564
santander,15,brier,knn,linear,0.09223907921333376
santander,15,brier,rf,linear,0.07945061686263152
santander,15,brier,xgb,linear,0.06349982677812148
santander,15,brier,lr*gnb,interaction,-0.005072890230186131
santander,15,brier,lr*knn,interaction,-0.02570077859129921
santander,15,brier,lr*rf,interaction,-0.01681789560314994
santander,15,brier,lr*xgb,interaction,-0.009313017382046124
santander,15,brier,gnb*knn,interaction,-0.03200994271820201
santander,15,brier,gnb*rf,interaction,-0.020210394952025944
santander,15,brier,gnb*xgb,interaction,-0.006919530692363188
santander,15,brier,knn*rf,interaction,-0.0074828068552326155
santander,15,brier,knn*xgb,interaction,-0.021520098176543986
santander,15,brier,rf*xgb,interaction,-0.013426786514479344
santander,15,pr_auc,lr,linear,0.4980858766283366
santander,15,pr_auc,gnb,linear,0.575335970298088
santander,15,pr_auc,knn,linear,0.3379624401933282
santander,15,pr_auc,rf,linear,0.48123016183133227
santander,15,pr_auc,xgb,linear,0.5525109648765237
santander,15,pr_auc,lr*gnb,interaction,0.06393901374468364
santander,15,pr_auc,lr*knn,interaction,0.3531966937487156
santander,15,pr_auc,lr*rf,interaction,0.20559595008487808
santander,15,pr_auc,lr*xgb,interaction,0.1515635521406027
santander,15,pr_auc,gnb*knn,interaction,0.4947301489604017
santander,15,pr_auc,gnb*rf,interaction,0.23550591113528674
santander,15,pr_auc,gnb*xgb,interaction,0.08470898244903569
santander,15,pr_auc,knn*rf,interaction,0.3213905711558065
santander,15,pr_auc,knn*xgb,interaction,0.470024846080542
santander,15,pr_auc,rf*xgb,interaction,0.1917547017323631
santander,16,roc_auc,lr,linear,0.8578330634309143
santander,16,roc_auc,gnb,linear,0.8864377595194451
santander,16,roc_auc,knn,linear,0.7575553617543572
santander,16,roc_auc,rf,linear,0.8512496808492878
santander,16,roc_auc,xgb,linear,0.8813969411005902
santander,16,roc_auc,lr*gnb,interaction,0.018086078162680264
santander,16,roc_auc,lr*knn,interaction,0.19473277435531045
santander,16,roc_auc,lr*rf,interaction,0.08912866047418622
santander,16,roc_auc,lr*xgb,interaction,0.04337073164798744
santander,16,roc_auc,gnb*knn,interaction,0.2414015912662011
santander,16,roc_auc,gnb*rf,interaction,0.0728016845370153
santander,16,roc_auc,gnb*xgb,interaction,0.02027313512496498
santander,16,roc_auc,knn*rf,interaction,0.19992400195905824
santander,16,roc_auc,knn*xgb,interaction,0.2314675221624186
santander,16,roc_auc,rf*xgb,interaction,0.054721964958611036
santander,16,log_loss,lr,linear,0.23232444116090475
santander,16,log_loss,gnb,linear,0.21126791048463053
santander,16,log_loss,knn,linear,0.34198250301054
santander,16,log_loss,rf,linear,0.27448650591436097
santander,16,log_loss,xgb,linear,0.21923364312795
santander,16,log_loss,lr*gnb,interaction,-0.012749797620657352
santander,16,log_loss,lr*knn,interaction,-0.1498398086364909
santander,16,log_loss,lr*rf,interaction,-0.05279243079400797
santander,16,log_loss,lr*xgb,interaction,-0.029131133532418307
santander,16,log_loss,gnb*knn,interaction,-0.1770247417511952
santander,16,log_loss,gnb*rf,interaction,-0.05790907317506569
santander,16,log_loss,gnb*xgb,interaction,-0.01969934956640798
santander,16,log_loss,knn*rf,interaction,-0.08962326845657204
santander,16,log_loss,knn*xgb,interaction,-0.14001629501686497
santander,16,log_loss,rf*xgb,interaction,-0.042059101838557544
santander,16,brier,lr,linear,0.06661959266656664
santander,16,brier,gnb,linear,0.060399561757471854
santander,16,brier,knn,linear,0.0922875239356565
santander,16,brier,rf,linear,0.0793146062574985
santander,16,brier,xgb,linear,0.06320614898425829
santander,16,brier,lr*gnb,interaction,-0.00505944315903039
santander,16,brier,lr*knn,interaction,-0.025808589243094752
santander,16,brier,lr*rf,interaction,-0.01678724153494527
santander,16,brier,lr*xgb,interaction,-0.009310943982332273
santander,16,brier,gnb*knn,interaction,-0.03225657628309192
santander,16,brier,gnb*rf,interaction,-0.02028327449452825
santander,16,brier,gnb*xgb,interaction,-0.006854979620506053
santander,16,brier,knn*rf,interaction,-0.007573487621953839
santander,16,brier,knn*xgb,interaction,-0.021986709031761587
santander,16,brier,rf*xgb,interaction,-0.0136681969087733
santander,16,pr_auc,lr,linear,0.49792462040283586
santander,16,pr_auc,gnb,linear,0.5762437548834851
santander,16,pr_auc,knn,linear,0.3402443608598999
santander,16,pr_auc,rf,linear,0.4865623535635235
santander,16,pr_auc,xgb,linear,0.5542084248934258
santander,16,pr_auc,lr*gnb,interaction,0.06261027604496511
santander,16,pr_auc,lr*knn,interaction,0.34931230869355423
santander,16,pr_auc,lr*rf,interaction,0.1961932900463832
santander,16,pr_auc,lr*xgb,interaction,0.15061774843839204
santander,16,pr_auc,gnb*knn,interaction,0.4907429374652581
santander,16,pr_auc,gnb*rf,interaction,0.22613536242868582
santander,16,pr_auc,gnb*xgb,interaction,0.08132012734655103
santander,16,pr_auc,knn*rf,interaction,0.32497944258886935
santander,16,pr_auc,knn*xgb,interaction,0.46954424200105915
santander,16,pr_auc,rf*xgb,interaction,0.18495643660733552
santander,17,roc_auc,lr,linear,0.8571985462381642
santander,17,roc_auc,gnb,linear,0.8859732371805548
santander,17,roc_auc,knn,linear,0.752884158912487
santander,17,roc_auc,rf,linear,0.8502642860799623
santander,17,roc_auc,xgb,linear,0.8790329799457981
santander,17,roc_auc,lr*gnb,interaction,0.01861756770430295
santander,17,roc_auc,lr*knn,interaction,0.20123724854567265
santander,17,roc_auc,lr*rf,interaction,0.09069135959148633
santander,17,roc_auc,lr*xgb,interaction,0.04418129398276993
santander,17,roc_auc,gnb*knn,interaction,0.2487649148265385
santander,17,roc_auc,gnb*rf,interaction,0.07399382979972557
santander,17,roc_auc,gnb*xgb,interaction,0.02099809451226564
santander,17,roc_auc,knn*rf,interaction,0.20377511776591972
santander,17,roc_auc,knn*xgb,interaction,0.23659188191783243
santander,17,roc_auc,rf*xgb,interaction,0.05405571324585923
santander,17,log_loss,lr,linear,0.23265272869447023
santander,17,log_loss,gnb,linear,0.21168446914441783
santander,17,log_loss,knn,linear,0.341585134726421
santander,17,log_loss,rf,linear,0.2754214575787759
santander,17,log_loss,xgb,linear,0.2206739520287528
santander,17,log_loss,lr*gnb,interaction,-0.012976461828864999
santander,17,log_loss,lr*knn,interaction,-0.14850847065572045
santander,17,log_loss,lr*rf,interaction,-0.0532485367942212
santander,17,log_loss,lr*xgb,interaction,-0.029723017634751325
santander,17,log_loss,gnb*knn,interaction,-0.17495043815766287
santander,17,log_loss,gnb*rf,interaction,-0.05788818922603925
santander,17,log_loss,gnb*xgb,interaction,-0.02014809822555741
santander,17,log_loss,knn*rf,interaction,-0.08745084958044003
santander,17,log_loss,knn*xgb,interaction,-0.13775266813535014
santander,17,log_loss,rf*xgb,interaction,-0.04242265174743742
santander,17,brier,lr,linear,0.06668505029298791
santander,17,brier,gnb,linear,0.060552818276399266
santander,17,brier,knn,linear,0.09228046768716694
santander,17,brier,rf,linear,0.07954471229629267
santander,17,brier,xgb,linear,0.06354087561491623
santander,17,brier,lr*gnb,interaction,-0.005023215181320033
santander,17,brier,lr*knn,interaction,-0.025660666525959296
santander,17,brier,lr*rf,interaction,-0.01679388473535577
santander,17,brier,lr*xgb,interaction,-0.009290539798700856
santander,17,brier,gnb*knn,interaction,-0.0319005307409482
santander,17,brier,gnb*rf,interaction,-0.0202097401090698
santander,17,brier,gnb*xgb,interaction,-0.006872505502054718
santander,17,brier,knn*rf,interaction,-0.007423520599461608
santander,17,brier,knn*xgb,interaction,-0.02171872722201229
santander,17,brier,rf*xgb,interaction,-0.01361622529339801
santander,17,pr_auc,lr,linear,0.497256737070537
santander,17,pr_auc,gnb,linear,0.5746520508512968
santander,17,pr_auc,knn,linear,0.333116134564134
santander,17,pr_auc,rf,linear,0.48377581243681744
santander,17,pr_auc,xgb,linear,0.5509008630589571
santander,17,pr_auc,lr*gnb,interaction,0.062473059585151175
santander,17,pr_auc,lr*knn,interaction,0.35966610551315376
santander,17,pr_auc,lr*rf,interaction,0.19722517593498384
santander,17,pr_auc,lr*xgb,interaction,0.1506760696351499
santander,17,pr_auc,gnb*knn,interaction,0.5007480584626187
santander,17,pr_auc,gnb*rf,interaction,0.22961752823571913
santander,17,pr_auc,gnb*xgb,interaction,0.08367199226395328
santander,17,pr_auc,knn*rf,interaction,0.3245116646257561
santander,17,pr_auc,knn*xgb,interaction,0.47598080534252973
santander,17,pr_auc,rf*xgb,interaction,0.18423955107900025
santander,18,roc_auc,lr,linear,0.8578204866404936
santander,18,roc_auc,gnb,linear,0.886330921501759
santander,18,roc_auc,knn,linear,0.7558492242005003
santander,18,roc_auc,rf,linear,0.8496684966620698
santander,18,roc_auc,xgb,linear,0.8793831610706275
santander,18,roc_auc,lr*gnb,interaction,0.018376054071151116
santander,18,roc_auc,lr*knn,interaction,0.19907032642055983
santander,18,roc_auc,lr*rf,interaction,0.09219580937701022
santander,18,roc_auc,lr*xgb,interaction,0.044605211616027374
santander,18,roc_auc,gnb*knn,interaction,0.24488508944634635
santander,18,roc_auc,gnb*rf,interaction,0.07513919628889176
santander,18,roc_auc,gnb*xgb,interaction,0.021530586160319554
santander,18,roc_auc,knn*rf,interaction,0.20090254577677413
santander,18,roc_auc,knn*xgb,interaction,0.23158793071856854
santander,18,roc_auc,rf*xgb,interaction,0.05439397376864186
santander,18,log_loss,lr,linear,0.23223956550467525
santander,18,log_loss,gnb,linear,0.2113009212458981
santander,18,log_loss,knn,linear,0.34062639489667035
santander,18,log_loss,rf,linear,0.27483339567278575
santander,18,log_loss,xgb,linear,0.22060974821689056
santander,18,log_loss,lr*gnb,interaction,-0.013033969292351164
santander,18,log_loss,lr*knn,interaction,-0.14771173742366606
santander,18,log_loss,lr*rf,interaction,-0.053100712709661296
santander,18,log_loss,lr*xgb,interaction,-0.029888622118486752
santander,18,log_loss,gnb*knn,interaction,-0.17421896302439588
santander,18,log_loss,gnb*rf,interaction,-0.057779523171200886
santander,18,log_loss,gnb*xgb,interaction,-0.020490443705992623
santander,18,log_loss,knn*rf,interaction,-0.08673995056637862
santander,18,log_loss,knn*xgb,interaction,-0.135791548557341
santander,18,log_loss,rf*xgb,interaction,-0.041466309820302194
santander,18,brier,lr,linear,0.06659134686737316
santander,18,brier,gnb,linear,0.06045799843542083
santander,18,brier,knn,linear,0.09219098338942117
santander,18,brier,rf,linear,0.07940244378675
santander,18,brier,xgb,linear,0.06359676521978594
santander,18,brier,lr*gnb,interaction,-0.005086285601843155
santander,18,brier,lr*knn,interaction,-0.025739145638233398
santander,18,brier,lr*rf,interaction,-0.016872121170471377
santander,18,brier,lr*xgb,interaction,-0.009336565299502345
santander,18,brier,gnb*knn,interaction,-0.03209585448093735
santander,18,brier,gnb*rf,interaction,-0.02030731923114268
santander,18,brier,gnb*xgb,interaction,-0.006968506483990548
santander,18,brier,knn*rf,interaction,-0.007451647060990829
santander,18,brier,knn*xgb,interaction,-0.02158755877122545
santander,18,brier,rf*xgb,interaction,-0.013494561418386453
santander,18,pr_auc,lr,linear,0.49938916956362656
santander,18,pr_auc,gnb,linear,0.57668614778181
santander,18,pr_auc,knn,linear,0.336487820458391
santander,18,pr_auc,rf,linear,0.48610246067981056
santander,18,pr_auc,xgb,linear,0.5515176981136896
santander,18,pr_auc,lr*gnb,interaction,0.06320743474506796
santander,18,pr_auc,lr*knn,interaction,0.3585059809926918
santander,18,pr_auc,lr*rf,interaction,0.1993876439757155
santander,18,pr_auc,lr*xgb,interaction,0.15050272759555472
santander,18,pr_auc,gnb*knn,interaction,0.4999162517465534
santander,18,pr_auc,gnb*rf,interaction,0.2285602031217362
santander,18,pr_auc,gnb*xgb,interaction,0.08392943506091288
santander,18,pr_auc,knn*rf,interaction,0.3296559624289358
santander,18,pr_auc,knn*xgb,interaction,0.4724107542269018
santander,18,pr_auc,rf*xgb,interaction,0.18201665830377234
santander,19,roc_auc,lr,linear,0.8571460054462106
santander,19,roc_auc,gnb,linear,0.8856780169906784
santander,19,roc_auc,knn,linear,0.756027348156977
santander,19,roc_auc,rf,linear,0.8482850713455689
santander,19,roc_auc,xgb,linear,0.8799686826612598
santander,19,roc_auc,lr*gnb,interaction,0.017898750568898558
santander,19,roc_auc,lr*knn,interaction,0.19610502489139642
santander,19,roc_auc,lr*rf,interaction,0.09219075845331237
santander,19,roc_auc,lr*xgb,interaction,0.04254275910349947
santander,19,roc_auc,gnb*knn,interaction,0.24388563722087753
santander,19,roc_auc,gnb*rf,interaction,0.07630975579189159
santander,19,roc_auc,gnb*xgb,interaction,0.020797474195998422
santander,19,roc_auc,knn*rf,interaction,0.1976698184697414
santander,19,roc_auc,knn*xgb,interaction,0.2324663620203225
santander,19,roc_auc,rf*xgb,interaction,0.05666372642929618
santander,19,log_loss,lr,linear,0.23243293183865474
santander,19,log_loss,gnb,linear,0.2116618367380258
santander,19,log_loss,knn,linear,0.34062392314900164
santander,19,log_loss,rf,linear,0.2751861970896393
santander,19,log_loss,xgb,linear,0.21993041246390035
santander,19,log_loss,lr*gnb,interaction,-0.01280943545959165
santander,19,log_loss,lr*knn,interaction,-0.14746949673933663
santander,19,log_loss,lr*rf,interaction,-0.053246180774547985
santander,19,log_loss,lr*xgb,interaction,-0.02930531624563104
santander,19,log_loss,gnb*knn,interaction,-0.17412027321586532
santander,19,log_loss,gnb*rf,interaction,-0.058011540710024456
santander,19,log_loss,gnb*xgb,interaction,-0.020305169059693595
santander,19,log_loss,knn*rf,interaction,-0.0867131788757089
santander,19,log_loss,knn*xgb,interaction,-0.1368714526116368
santander,19,log_loss,rf*xgb,interaction,-0.04188643778794032
santander,19,brier,lr,linear,0.06656406649167215
santander,19,brier,gnb,linear,0.060498868835178805
santander,19,brier,knn,linear,0.09215650220921648
santander,19,brier,rf,linear,0.07947481366224002
santander,19,brier,xgb,linear,0.06333421997929521
santander,19,brier,lr*gnb,interaction,-0.005037167974343684
santander,19,brier,lr*knn,interaction,-0.02567999963032919
santander,19,brier,lr*rf,interaction,-0.01683742304704773
santander,19,brier,lr*xgb,interaction,-0.009364935707907876
santander,19,brier,gnb*knn,interaction,-0.03200361970095025
santander,19,brier,gnb*rf,interaction,-0.020257003878715985
santander,19,brier,gnb*xgb,interaction,-0.006996061541727772
santander,19,brier,knn*rf,interaction,-0.007465203362697265
santander,19,brier,knn*xgb,interaction,-0.021629882485448747
santander,19,brier,rf*xgb,interaction,-0.01352638576414203
santander,19,pr_auc,lr,linear,0.49916885158475915
santander,19,pr_auc,gnb,linear,0.5756902160540095
santander,19,pr_auc,knn,linear,0.34055732488320634
santander,19,pr_auc,rf,linear,0.4779786751049183
santander,19,pr_auc,xgb,linear,0.5541158809461065
santander,19,pr_auc,lr*gnb,interaction,0.0623273229522571
santander,19,pr_auc,lr*knn,interaction,0.35211325511726294
santander,19,pr_auc,lr*rf,interaction,0.2115174142045611
santander,19,pr_auc,lr*xgb,interaction,0.15099787950864196
santander,19,pr_auc,gnb*knn,interaction,0.49053621673294634
santander,19,pr_auc,gnb*rf,interaction,0.24053151303837617
santander,19,pr_auc,gnb*xgb,interaction,0.08402053386526276
santander,19,pr_auc,knn*rf,interaction,0.32117189766166454
santander,19,pr_auc,knn*xgb,interaction,0.4703432071556821
santander,19,pr_auc,rf*xgb,interaction,0.19912763636011044
santander,20,roc_auc,lr,linear,0.858054148897025
santander,20,roc_auc,gnb,linear,0.8864276910043143
santander,20,roc_auc,knn,linear,0.7550591689773455
santander,20,roc_auc,rf,linear,0.8494334210759367
santander,20,roc_auc,xgb,linear,0.8804502068357747
santander,20,roc_auc,lr*gnb,interaction,0.01884079913899117
santander,20,roc_auc,lr*knn,interaction,0.20016055295848006
santander,20,roc_auc,lr*rf,interaction,0.09359352700305901
santander,20,roc_auc,lr*xgb,interaction,0.044406503705024525
santander,20,roc_auc,gnb*knn,interaction,0.24664986587097726
santander,20,roc_auc,gnb*rf,interaction,0.07736021541441618
santander,20,roc_auc,gnb*xgb,interaction,0.021695626514490862
santander,20,roc_auc,knn*rf,interaction,0.20076548723083754
santander,20,roc_auc,knn*xgb,interaction,0.23324525992195516
santander,20,roc_auc,rf*xgb,interaction,0.05521662278152606
santander,20,log_loss,lr,linear,0.232183501549643
santander,20,log_loss,gnb,linear,0.21123321141103715
santander,20,log_loss,knn,linear,0.3407678826445813
santander,20,log_loss,rf,linear,0.2749207566661794
santander,20,log_loss,xgb,linear,0.21995934903998604
santander,20,log_loss,lr*gnb,interaction,-0.013286176010096518
santander,20,log_loss,lr*knn,interaction,-0.14802127122171022
santander,20,log_loss,lr*rf,interaction,-0.053326146838296035
santander,20,log_loss,lr*xgb,interaction,-0.029998446458895434
santander,20,log_loss,gnb*knn,interaction,-0.17473967610316643
santander,20,log_loss,gnb*rf,interaction,-0.05839374549357845
santander,20,log_loss,gnb*xgb,interaction,-0.02070665459990781
santander,20,log_loss,knn*rf,interaction,-0.08702905375337794
santander,20,log_loss,knn*xgb,interaction,-0.13670706174236993
santander,20,log_loss,rf*xgb,interaction,-0.041727303615174516
santander,20,brier,lr,linear,0.06660539267976642
santander,20,brier,gnb,linear,0.060424199134180526
santander,20,brier,knn,linear,0.09220115664615765
santander,20,brier,rf,linear,0.07943641517011567
santander,20,brier,xgb,linear,0.0634074994641187
santander,20,brier,lr*gnb,interaction,-0.00513226624695564
santander,20,brier,lr*knn,interaction,-0.02580591287449734
santander,20,brier,lr*rf,interaction,-0.016939731849905215
santander,20,brier,lr*xgb,interaction,-0.009426058523570965
santander,20,brier,gnb*knn,interaction,-0.032144134931733875
santander,20,brier,gnb*rf,interaction,-0.020374662915598092
santander,20,brier,gnb*xgb,interaction,-0.0070233161362835
santander,20,brier,knn*rf,interaction,-0.007481577302245024
santander,20,brier,knn*xgb,interaction,-0.02165889098388719
santander,20,brier,rf*xgb,interaction,-0.013545687489693536
santander,20,pr_auc,lr,linear,0.49847984466170964
santander,20,pr_auc,gnb,linear,0.576346352850223
santander,20,pr_auc,knn,linear,0.33746286319890595
santander,20,pr_auc,rf,linear,0.4817658907440416
santander,20,pr_auc,xgb,linear,0.5530553862381107
santander,20,pr_auc,lr*gnb,interaction,0.06413191139674568
santander,20,pr_auc,lr*knn,interaction,0.35567923982082056
santander,20,pr_auc,lr*rf,interaction,0.20471449197001212
santander,20,pr_auc,lr*xgb,interaction,0.15407967956486723
santander,20,pr_auc,gnb*knn,interaction,0.4967955413846803
santander,20,pr_auc,gnb*rf,interaction,0.2352330566810562
santander,20,pr_auc,gnb*xgb,interaction,0.08551734331389194
santander,20,pr_auc,knn*rf,interaction,0.32290930613434377
santander,20,pr_auc,knn*xgb,interaction,0.47316004548510815
santander,20,pr_auc,rf*xgb,interaction,0.19129745936662124
santander,21,roc_auc,lr,linear,0.8583498075971447
santander,21,roc_auc,gnb,linear,0.8863570033619588
santander,21,roc_auc,knn,linear,0.758584482067832
santander,21,roc_auc,rf,linear,0.8494361251112867
santander,21,roc_auc,xgb,linear,0.8805538743043849
santander,21,roc_auc,lr*gnb,interaction,0.01894148517372296
santander,21,roc_auc,lr*knn,interaction,0.19448111978953675
santander,21,roc_auc,lr*rf,interaction,0.09417000441247292
santander,21,roc_auc,lr*xgb,interaction,0.04402897274886808
santander,21,roc_auc,gnb*knn,interaction,0.23960761575363598
santander,21,roc_auc,gnb*rf,interaction,0.0769726524227401
santander,21,roc_auc,gnb*xgb,interaction,0.021252587355560126
santander,21,roc_auc,knn*rf,interaction,0.19786438105110005
santander,21,roc_auc,knn*xgb,interaction,0.23029776419153736
santander,21,roc_auc,rf*xgb,interaction,0.05524525339699382
santander,21,log_loss,lr,linear,0.23184204317475976
santander,21,log_loss,gnb,linear,0.21118716914114896
santander,21,log_loss,knn,linear,0.3394936587931041
santander,21,log_loss,rf,linear,0.2750801877586866
santander,21,log_loss,xgb,linear,0.21984494584018605
santander,21,log_loss,lr*gnb,interaction,-0.013281987653824115
santander,21,log_loss,lr*knn,interaction,-0.14656067070051915
santander,21,log_loss,lr*rf,interaction,-0.053959520053843135
santander,21,log_loss,lr*xgb,interaction,-0.02973523079877305
santander,21,log_loss,gnb*knn,interaction,-0.17234206119736473
santander,21,log_loss,gnb*rf,interaction,-0.058302539293135
santander,21,log_loss,gnb*xgb,interaction,-0.0203276429551624
santander,21,log_loss,knn*rf,interaction,-0.08520105877691103
santander,21,log_loss,knn*xgb,interaction,-0.13538610716483046
santander,21,log_loss,rf*xgb,interaction,-0.04186082009236969
santander,21,brier,lr,linear,0.06642111362245609
santander,21,brier,gnb,linear,0.060343294415233215
santander,21,brier,knn,linear,0.09208841277021844
santander,21,brier,rf,linear,0.07944883438511141
santander,21,brier,xgb,linear,0.0633467766096151
santander,21,brier,lr*gnb,interaction,-0.0050699307150711
santander,21,brier,lr*knn,interaction,-0.02571233788772057
santander,21,brier,lr*rf,interaction,-0.016918412623773263
santander,21,brier,lr*xgb,interaction,-0.009323681143663776
santander,21,brier,gnb*knn,interaction,-0.031863986829741064
santander,21,brier,gnb*rf,interaction,-0.02019442617977054
santander,21,brier,gnb*xgb,interaction,-0.006917851477205646
santander,21,brier,knn*rf,interaction,-0.0073916249412876445
santander,21,brier,knn*xgb,interaction,-0.021579486323832074
santander,21,brier,rf*xgb,interaction,-0.013510464631351693
santander,21,pr_auc,lr,linear,0.5007552252043358
santander,21,pr_auc,gnb,linear,0.5769346730152046
santander,21,pr_auc,knn,linear,0.33957088840223404
santander,21,pr_auc,rf,linear,0.4838508083280848
santander,21,pr_auc,xgb,linear,0.5538660555788759
santander,21,pr_auc,lr*gnb,interaction,0.06396905331300529
santander,21,pr_auc,lr*knn,interaction,0.3559684221667351
santander,21,pr_auc,lr*rf,interaction,0.20414614613524212
santander,21,pr_auc,lr*xgb,interaction,0.15188807417966932
santander,21,pr_auc,gnb*knn,interaction,0.49330801970061877
santander,21,pr_auc,gnb*rf,interaction,0.23165319990239608
santander,21,pr_auc,gnb*xgb,interaction,0.08502867403393077
santander,21,pr_auc,knn*rf,interaction,0.32506020140893876
santander,21,pr_auc,knn*xgb,interaction,0.47053883354766796
santander,21,pr_auc,rf*xgb,interaction,0.18661091962033138
santander,22,roc_auc,lr,linear,0.8580797270390044
santander,22,roc_auc,gnb,linear,0.8861483408008921
santander,22,roc_auc,knn,linear,0.755171996406639
santander,22,roc_auc,rf,linear,0.8501490227985433
santander,22,roc_auc,xgb,linear,0.8803861400818855
santander,22,roc_auc,lr*gnb,interaction,0.017988962882783344
santander,22,roc_auc,lr*knn,interaction,0.198916725857233
santander,22,roc_auc,lr*rf,interaction,0.09294528475009545
santander,22,roc_auc,lr*xgb,interaction,0.0437132236782507
santander,22,roc_auc,gnb*knn,interaction,0.24516396656683614
santander,22,roc_auc,gnb*rf,interaction,0.07546152298072517
santander,22,roc_auc,gnb*xgb,interaction,0.020680382921865248
santander,22,roc_auc,knn*rf,interaction,0.20219967296557995
santander,22,roc_auc,knn*xgb,interaction,0.23381923694854995
santander,22,roc_auc,rf*xgb,interaction,0.055012310024523
santander,22,log_loss,lr,linear,0.23234096648277533
santander,22,log_loss,gnb,linear,0.21161000729411295
santander,22,log_loss,knn,linear,0.3404043268809518
santander,22,log_loss,rf,linear,0.27500198263347286
santander,22,log_loss,xgb,linear,0.21994420711140067
santander,22,log_loss,lr*gnb,interaction,-0.012951562655690654
santander,22,log_loss,lr*knn,interaction,-0.1469364943441255
santander,22,log_loss,lr*rf,interaction,-0.05326607717122847
santander,22,log_loss,lr*xgb,interaction,-0.02970129532583643
santander,22,log_loss,gnb*knn,interaction,-0.17342624699602927
santander,22,log_loss,gnb*rf,interaction,-0.057844516272782115
santander,22,log_loss,gnb*xgb,interaction,-0.020135429300819768
santander,22,log_loss,knn*rf,interaction,-0.08639827759382523
santander,22,log_loss,knn*xgb,interaction,-0.1367491014905322
santander,22,log_loss,rf*xgb,interaction,-0.041743143990161546
santander,22,brier,lr,linear,0.06668104341452827
santander,22,brier,gnb,linear,0.060558276357743954
santander,22,brier,knn,linear,0.09214774341350554
santander,22,brier,rf,linear,0.07945663187847671
santander,22,brier,xgb,linear,0.06339791833689232
santander,22,brier,lr*gnb,interaction,-0.005064899414668873
santander,22,brier,lr*knn,interaction,-0.025606899306694107
santander,22,brier,lr*rf,interaction,-0.016844890953840744
santander,22,brier,lr*xgb,interaction,-0.009367862558899834
santander,22,brier,gnb*knn,interaction,-0.03190693624018909
santander,22,brier,gnb*rf,interaction,-0.020223881308788785
santander,22,brier,gnb*xgb,interaction,-0.006898034672207801
santander,22,brier,knn*rf,interaction,-0.007407726466911596
santander,22,brier,knn*xgb,interaction,-0.021737933054496644
santander,22,brier,rf*xgb,interaction,-0.013582398696393022
santander,22,pr_auc,lr,linear,0.4971101217835549
santander,22,pr_auc,gnb,linear,0.574895582205894
santander,22,pr_auc,knn,linear,0.3369015495112771
santander,22,pr_auc,rf,linear,0.48102381460965904
santander,22,pr_auc,xgb,linear,0.5525376598824316
santander,22,pr_auc,lr*gnb,interaction,0.0632032378253648
santander,22,pr_auc,lr*knn,interaction,0.3541782144078498
santander,22,pr_auc,lr*rf,interaction,0.20552800736638943
santander,22,pr_auc,lr*xgb,interaction,0.15269521511491324
santander,22,pr_auc,gnb*knn,interaction,0.49552210629478566
santander,22,pr_auc,gnb*rf,interaction,0.23473231214205637
santander,22,pr_auc,gnb*xgb,interaction,0.08361775968128482
santander,22,pr_auc,knn*rf,interaction,0.3235140831223742
santander,22,pr_auc,knn*xgb,interaction,0.47529458276428255
santander,22,pr_auc,rf*xgb,interaction,0.19077349167648183
santander,23,roc_auc,lr,linear,0.8570551526900525
santander,23,roc_auc,gnb,linear,0.885858152231992
santander,23,roc_auc,knn,linear,0.7540361293279318
santander,23,roc_auc,rf,linear,0.848184755124423
santander,23,roc_auc,xgb,linear,0.8799289689960534
santander,23,roc_auc,lr*gnb,interaction,0.01840936700691076
santander,23,roc_auc,lr*knn,interaction,0.19992985873683353
santander,23,roc_auc,lr*rf,interaction,0.09378688536864643
santander,23,roc_auc,lr*xgb,interaction,0.04394466284247889
santander,23,roc_auc,gnb*knn,interaction,0.24691123509636714
santander,23,roc_auc,gnb*rf,interaction,0.07634203285147656
santander,23,roc_auc,gnb*xgb,interaction,0.02101516090049471
santander,23,roc_auc,knn*rf,interaction,0.20087874498446223
santander,23,roc_auc,knn*xgb,interaction,0.2347098447141526
santander,23,roc_auc,rf*xgb,interaction,0.054613834811096496
santander,23,log_loss,lr,linear,0.23264892963526387
santander,23,log_loss,gnb,linear,0.2117266333834742
santander,23,log_loss,knn,linear,0.34159211810165907
santander,23,log_loss,rf,linear,0.2750944447738878
santander,23,log_loss,xgb,linear,0.22032844131136817
santander,23,log_loss,lr*gnb,interaction,-0.012914867181906736
santander,23,log_loss,lr*knn,interaction,-0.148577549940627
santander,23,log_loss,lr*rf,interaction,-0.053277926321150276
santander,23,log_loss,lr*xgb,interaction,-0.029613630249498146
santander,23,log_loss,gnb*knn,interaction,-0.17495418059807477
santander,23,log_loss,gnb*rf,interaction,-0.057487128447013286
santander,23,log_loss,gnb*xgb,interaction,-0.01994304029221225
santander,23,log_loss,knn*rf,interaction,-0.08800399804074704
santander,23,log_loss,knn*xgb,interaction,-0.13797250049523438
santander,23,log_loss,rf*xgb,interaction,-0.041481715556519694
santander,23,brier,lr,linear,0.066658703901587
santander,23,brier,gnb,linear,0.060564441795713846
santander,23,brier,knn,linear,0.09224377430360915
santander,23,brier,rf,linear,0.07944120559142168
santander,23,brier,xgb,linear,0.06349137753097717
santander,23,brier,lr*gnb,interaction,-0.005036572011605615
santander,23,brier,lr*knn,interaction,-0.025689517574834075
santander,23,brier,lr*rf,interaction,-0.016802414528871108
santander,23,brier,lr*xgb,interaction,-0.009317849902790581
santander,23,brier,gnb*knn,interaction,-0.03193509612392692
santander,23,brier,gnb*rf,interaction,-0.020130140945371265
santander,23,brier,gnb*xgb,interaction,-0.006835488738876586
santander,23,brier,knn*rf,interaction,-0.007481103930237737
santander,23,brier,knn*xgb,interaction,-0.021757149342747636
santander,23,brier,rf*xgb,interaction,-0.013528435816518414
santander,23,pr_auc,lr,linear,0.4974781668267947
santander,23,pr_auc,gnb,linear,0.5744953553332119
santander,23,pr_auc,knn,linear,0.33558692597715045
santander,23,pr_auc,rf,linear,0.4802014517807135
santander,23,pr_auc,xgb,linear,0.5509953747385032
santander,23,pr_auc,lr*gnb,interaction,0.06286056495568584
santander,23,pr_auc,lr*knn,interaction,0.35897103272610803
santander,23,pr_auc,lr*rf,interaction,0.20730260775361686
santander,23,pr_auc,lr*xgb,interaction,0.1507811479236001
santander,23,pr_auc,gnb*knn,interaction,0.49741100240820546
santander,23,pr_auc,gnb*rf,interaction,0.23425736811751618
santander,23,pr_auc,gnb*xgb,interaction,0.08142664319495785
santander,23,pr_auc,knn*rf,interaction,0.3227993075652926
santander,23,pr_auc,knn*xgb,interaction,0.4726830825376104
santander,23,pr_auc,rf*xgb,interaction,0.18892038134410516
santander,24,roc_auc,lr,linear,0.8594189266642788
santander,24,roc_auc,gnb,linear,0.8873012700434738
santander,24,roc_auc,knn,linear,0.7567474399342643
santander,24,roc_auc,rf,linear,0.8493257971250384
santander,24,roc_auc,xgb,linear,0.881232050534408
santander,24,roc_auc,lr*gnb,interaction,0.01798007914411659
santander,24,roc_auc,lr*knn,interaction,0.19836593501495173
santander,24,roc_auc,lr*rf,interaction,0.09330498949232036
santander,24,roc_auc,lr*xgb,interaction,0.04356410123574084
santander,24,roc_auc,gnb*knn,interaction,0.24367827569463918
santander,24,roc_auc,gnb*rf,interaction,0.07622413190319155
santander,24,roc_auc,gnb*xgb,interaction,0.021026818437740347
santander,24,roc_auc,knn*rf,interaction,0.19958159090576233
santander,24,roc_auc,knn*xgb,interaction,0.2322346545825726
santander,24,roc_auc,rf*xgb,interaction,0.05656855778150183
santander,24,log_loss,lr,linear,0.2314227329134846
santander,24,log_loss,gnb,linear,0.21076028687935172
santander,24,log_loss,knn,linear,0.34001603649811835
santander,24,log_loss,rf,linear,0.2750099808280661
santander,24,log_loss,xgb,linear,0.2194207124111991
santander,24,log_loss,lr*gnb,interaction,-0.012890676312476312
santander,24,log_loss,lr*knn,interaction,-0.1475219520338805
santander,24,log_loss,lr*rf,interaction,-0.05363649033463866
santander,24,log_loss,lr*xgb,interaction,-0.02976308218331125
santander,24,log_loss,gnb*knn,interaction,-0.17310542366117854
santander,24,log_loss,gnb*rf,interaction,-0.057831924474369245
santander,24,log_loss,gnb*xgb,interaction,-0.02011656246799426
santander,24,log_loss,knn*rf,interaction,-0.08584832957954802
santander,24,log_loss,knn*xgb,interaction,-0.13609837813809347
santander,24,log_loss,rf*xgb,interaction,-0.04184162281826165
santander,24,brier,lr,linear,0.06640714063800614
santander,24,brier,gnb,linear,0.060324396402718715
santander,24,brier,knn,linear,0.09214994742596232
santander,24,brier,rf,linear,0.07942144717756709
santander,24,brier,xgb,linear,0.06327578266750644
santander,24,brier,lr*gnb,interaction,-0.005022507472625906
santander,24,brier,lr*knn,interaction,-0.025882974039045475
santander,24,brier,lr*rf,interaction,-0.017041679961901854
santander,24,brier,lr*xgb,interaction,-0.009396527835253077
santander,24,brier,gnb*knn,interaction,-0.03196814030243522
santander,24,brier,gnb*rf,interaction,-0.020277230616957506
santander,24,brier,gnb*xgb,interaction,-0.0068724228184424
santander,24,brier,knn*rf,interaction,-0.007430499500249932
santander,24,brier,knn*xgb,interaction,-0.021657772995350776
santander,24,brier,rf*xgb,interaction,-0.013597038665479455
santander,24,pr_auc,lr,linear,0.5006815522296567
santander,24,pr_auc,gnb,linear,0.5774427733325382
santander,24,pr_auc,knn,linear,0.3364666669766443
santander,24,pr_auc,rf,linear,0.4849416414634737
santander,24,pr_auc,xgb,linear,0.5546160739118107
santander,24,pr_auc,lr*gnb,interaction,0.0619978623102542
santander,24,pr_auc,lr*knn,interaction,0.3603861952483388
santander,24,pr_auc,lr*rf,interaction,0.20316385501044082
santander,24,pr_auc,lr*xgb,interaction,0.15231526197496914
santander,24,pr_auc,gnb*knn,interaction,0.49941329575124493
santander,24,pr_auc,gnb*rf,interaction,0.23267821866369087
santander,24,pr_auc,gnb*xgb,interaction,0.08297017386863703
santander,24,pr_auc,knn*rf,interaction,0.3231741155240019
santander,24,pr_auc,knn*xgb,interaction,0.47722090643775705
santander,24,pr_auc,rf*xgb,interaction,0.18946609464802666
santander,25,roc_auc,lr,linear,0.8577340185828616
santander,25,roc_auc,gnb,linear,0.8861272739518823
santander,25,roc_auc,knn,linear,0.7568886538803525
santander,25,roc_auc,rf,linear,0.8473945176701658
santander,25,roc_auc,xgb,linear,0.8801247901682849
santander,25,roc_auc,lr*gnb,interaction,0.018837341039852296
santander,25,roc_auc,lr*knn,interaction,0.1953591453265372
santander,25,roc_auc,lr*rf,interaction,0.09423841918265163
santander,25,roc_auc,lr*xgb,interaction,0.04288931221356784
santander,25,roc_auc,gnb*knn,interaction,0.24145637353990113
santander,25,roc_auc,gnb*rf,interaction,0.07686592221343724
santander,25,roc_auc,gnb*xgb,interaction,0.020426602340267386
santander,25,roc_auc,knn*rf,interaction,0.19624918467784158
santander,25,roc_auc,knn*xgb,interaction,0.23147168996797635
santander,25,roc_auc,rf*xgb,interaction,0.05590704664356272
santander,25,log_loss,lr,linear,0.23260529473634423
santander,25,log_loss,gnb,linear,0.21162589950195668
santander,25,log_loss,knn,linear,0.3404477514194481
santander,25,log_loss,rf,linear,0.2752217149658357
santander,25,log_loss,xgb,linear,0.22022200189065932
santander,25,log_loss,lr*gnb,interaction,-0.01314682620877998
santander,25,log_loss,lr*knn,interaction,-0.14673671803071933
santander,25,log_loss,lr*rf,interaction,-0.0528949167264324
santander,25,log_loss,lr*xgb,interaction,-0.029280016706397516
santander,25,log_loss,gnb*knn,interaction,-0.17371612814398718
santander,25,log_loss,gnb*rf,interaction,-0.05779490340851795
santander,25,log_loss,gnb*xgb,interaction,-0.020099705992993988
santander,25,log_loss,knn*rf,interaction,-0.08627510926514503
santander,25,log_loss,knn*xgb,interaction,-0.13636526063728732
santander,25,log_loss,rf*xgb,interaction,-0.04150585661094075
santander,25,brier,lr,linear,0.06676434028918235
santander,25,brier,gnb,linear,0.06056354771344949
santander,25,brier,knn,linear,0.09216119262662673
santander,25,brier,rf,linear,0.07946946549466008
santander,25,brier,xgb,linear,0.0634569530626739
santander,25,brier,lr*gnb,interaction,-0.005086912162594631
santander,25,brier,lr*knn,interaction,-0.025608555504848085
santander,25,brier,lr*rf,interaction,-0.016798404567436323
santander,25,brier,lr*xgb,interaction,-0.009300057848742965
santander,25,brier,gnb*knn,interaction,-0.03207111732565787
santander,25,brier,gnb*rf,interaction,-0.020276487547463584
santander,25,brier,gnb*xgb,interaction,-0.006908891827456715
santander,25,brier,knn*rf,interaction,-0.00744472360375284
santander,25,brier,knn*xgb,interaction,-0.02163040513033995
santander,25,brier,rf*xgb,interaction,-0.01351804551748012
santander,25,pr_auc,lr,linear,0.495846380030588
santander,25,pr_auc,gnb,linear,0.5747166079321541
santander,25,pr_auc,knn,linear,0.3393422332882109
santander,25,pr_auc,rf,linear,0.4799156318967903
santander,25,pr_auc,xgb,linear,0.5521839942740701
santander,25,pr_auc,lr*gnb,interaction,0.06330375954904122
santander,25,pr_auc,lr*knn,interaction,0.3475867124152738
santander,25,pr_auc,lr*rf,interaction,0.20456908761338194
santander,25,pr_auc,lr*xgb,interaction,0.1509107189188813
santander,25,pr_auc,gnb*knn,interaction,0.4911852804500123
santander,25,pr_auc,gnb*rf,interaction,0.2345912205848304
santander,25,pr_auc,gnb*xgb,interaction,0.08176709764136048
santander,25,pr_auc,knn*rf,interaction,0.3236123921201678
santander,25,pr_auc,knn*xgb,interaction,0.4685700813725626
santander,25,pr_auc,rf*xgb,interaction,0.19002628297355884
santander,26,roc_auc,lr,linear,0.8581082392626068
santander,26,roc_auc,gnb,linear,0.886003571150938
santander,26,roc_auc,knn,linear,0.7573571392552676
santander,26,roc_auc,rf,linear,0.8488303313999792
santander,26,roc_auc,xgb,linear,0.879571610902383
santander,26,roc_auc,lr*gnb,interaction,0.018383770673696453
santander,26,roc_auc,lr*knn,interaction,0.19573686839339954
santander,26,roc_auc,lr*rf,interaction,0.09235750466266102
santander,26,roc_auc,lr*xgb,interaction,0.043400593438485346
santander,26,roc_auc,gnb*knn,interaction,0.2411947194836408
santander,26,roc_auc,gnb*rf,interaction,0.07539069563006606
santander,26,roc_auc,gnb*xgb,interaction,0.02114430242295784
santander,26,roc_auc,knn*rf,interaction,0.19716328527382876
santander,26,roc_auc,knn*xgb,interaction,0.2295178835234239
santander,26,roc_auc,rf*xgb,interaction,0.054659046182824245
santander,26,log_loss,lr,linear,0.23200746743730813
santander,26,log_loss,gnb,linear,0.21133308056338096
santander,26,log_loss,knn,linear,0.3397339962849999
santander,26,log_loss,rf,linear,0.27501650318934195
santander,26,log_loss,xgb,linear,0.22021972051078192
santander,26,log_loss,lr*gnb,interaction,-0.013089632293074346
santander,26,log_loss,lr*knn,interaction,-0.14658437228135174
santander,26,log_loss,lr*rf,interaction,-0.053243440893720656
santander,26,log_loss,lr*xgb,interaction,-0.029731225348258505
santander,26,log_loss,gnb*knn,interaction,-0.1729162433864626
santander,26,log_loss,gnb*rf,interaction,-0.05790333691832525
santander,26,log_loss,gnb*xgb,interaction,-0.020339442709008698
santander,26,log_loss,knn*rf,interaction,-0.085499273489278
santander,26,log_loss,knn*xgb,interaction,-0.13609786542185887
santander,26,log_loss,rf*xgb,interaction,-0.04231326141989622
santander,26,brier,lr,linear,0.0664812590758241
santander,26,brier,gnb,linear,0.06035098364926837
santander,26,brier,knn,linear,0.09211231799368474
santander,26,brier,rf,linear,0.07941378022948527
santander,26,brier,xgb,linear,0.0633329127203315
santander,26,brier,lr*gnb,interaction,-0.005061654149343092
santander,26,brier,lr*knn,interaction,-0.025672650607400052
santander,26,brier,lr*rf,interaction,-0.016867796745667386
santander,26,brier,lr*xgb,interaction,-0.009395974339092492
santander,26,brier,gnb*knn,interaction,-0.03192667949078101
santander,26,brier,gnb*rf,interaction,-0.02018697138858179
santander,26,brier,gnb*xgb,interaction,-0.006966848939453513
santander,26,brier,knn*rf,interaction,-0.007431188043053649
santander,26,brier,knn*xgb,interaction,-0.02178213800653559
santander,26,brier,rf*xgb,interaction,-0.013659332456994744
santander,26,pr_auc,lr,linear,0.49962107045134996
santander,26,pr_auc,gnb,linear,0.5767364988823572
santander,26,pr_auc,knn,linear,0.33660276215713886
santander,26,pr_auc,rf,linear,0.48250424568819283
santander,26,pr_auc,xgb,linear,0.5522791815677263
santander,26,pr_auc,lr*gnb,interaction,0.06383142212379367
santander,26,pr_auc,lr*knn,interaction,0.3595027654841512
santander,26,pr_auc,lr*rf,interaction,0.20681837939299003
santander,26,pr_auc,lr*xgb,interaction,0.15335258146906983
santander,26,pr_auc,gnb*knn,interaction,0.4993325457873481
santander,26,pr_auc,gnb*rf,interaction,0.23454212626821014
santander,26,pr_auc,gnb*xgb,interaction,0.08447327990060027
santander,26,pr_auc,knn*rf,interaction,0.32363700102504867
santander,26,pr_auc,knn*xgb,interaction,0.4737021878774327
santander,26,pr_auc,rf*xgb,interaction,0.1912862589638782
santander,27,roc_auc,lr,linear,0.8585811845621167
santander,27,roc_auc,gnb,linear,0.8868209386824033
santander,27,roc_auc,knn,linear,0.7575502943753589
santander,27,roc_auc,rf,linear,0.8501478506777865
santander,27,roc_auc,xgb,linear,0.8812799764306509
santander,27,roc_auc,lr*gnb,interaction,0.01786838372252636
santander,27,roc_auc,lr*knn,interaction,0.19697124743195643
santander,27,roc_auc,lr*rf,interaction,0.09178355743877564
santander,27,roc_auc,lr*xgb,interaction,0.043227356826237795
santander,27,roc_auc,gnb*knn,interaction,0.24273884963457615
santander,27,roc_auc,gnb*rf,interaction,0.07568358384634932
santander,27,roc_auc,gnb*xgb,interaction,0.02044009651399592
santander,27,roc_auc,knn*rf,interaction,0.19949505508047616
santander,27,roc_auc,knn*xgb,interaction,0.233142082519956
santander,27,roc_auc,rf*xgb,interaction,0.05463258369103574
santander,27,log_loss,lr,linear,0.23200256454402235
santander,27,log_loss,gnb,linear,0.21118751247960688
santander,27,log_loss,knn,linear,0.34013330563119537
santander,27,log_loss,rf,linear,0.27503014097942957
santander,27,log_loss,xgb,linear,0.21947311770119643
santander,27,log_loss,lr*gnb,interaction,-0.012942253266032905
santander,27,log_loss,lr*knn,interaction,-0.14735181360996774
santander,27,log_loss,lr*rf,interaction,-0.053223634483189286
santander,27,log_loss,lr*xgb,interaction,-0.029502697151408963
santander,27,log_loss,gnb*knn,interaction,-0.17387743648357223
santander,27,log_loss,gnb*rf,interaction,-0.05794291847160002
santander,27,log_loss,gnb*xgb,interaction,-0.020132001874030137
santander,27,log_loss,knn*rf,interaction,-0.08599460249025037
santander,27,log_loss,knn*xgb,interaction,-0.13654603277326388
santander,27,log_loss,rf*xgb,interaction,-0.041485839347424
santander,27,brier,lr,linear,0.06658832834060226
santander,27,brier,gnb,linear,0.060463584579486085
santander,27,brier,knn,linear,0.09216093233795875
santander,27,brier,rf,linear,0.0794511059600008
santander,27,brier,xgb,linear,0.06327820878698318
santander,27,brier,lr*gnb,interaction,-0.005064946772395024
santander,27,brier,lr*knn,interaction,-0.02572806673334366
santander,27,brier,lr*rf,interaction,-0.016910806016343254
santander,27,brier,lr*xgb,interaction,-0.009364034387011042
santander,27,brier,gnb*knn,interaction,-0.0320082160306685
santander,27,brier,gnb*rf,interaction,-0.02027705144029799
santander,27,brier,gnb*xgb,interaction,-0.006940148054948005
santander,27,brier,knn*rf,interaction,-0.007416805813767552
santander,27,brier,knn*xgb,interaction,-0.021573252295375957
santander,27,brier,rf*xgb,interaction,-0.01350897751283564
santander,27,pr_auc,lr,linear,0.49895746983790273
santander,27,pr_auc,gnb,linear,0.5760816924212964
santander,27,pr_auc,knn,linear,0.33745354982436215
santander,27,pr_auc,rf,linear,0.48483817602286916
santander,27,pr_auc,xgb,linear,0.5550746890444661
santander,27,pr_auc,lr*gnb,interaction,0.06292820413561517
santander,27,pr_auc,lr*knn,interaction,0.35612046943993153
santander,27,pr_auc,lr*rf,interaction,0.19953477542209974
santander,27,pr_auc,lr*xgb,interaction,0.15090051014969708
santander,27,pr_auc,gnb*knn,interaction,0.4964363548582915
santander,27,pr_auc,gnb*rf,interaction,0.22920757180100948
santander,27,pr_auc,gnb*xgb,interaction,0.08296626717575029
santander,27,pr_auc,knn*rf,interaction,0.3265886937418442
santander,27,pr_auc,knn*xgb,interaction,0.4768500836591494
santander,27,pr_auc,rf*xgb,interaction,0.18875414299645366
santander,28,roc_auc,lr,linear,0.8580567630199557
santander,28,roc_auc,gnb,linear,0.8863605225359964
santander,28,roc_auc,knn,linear,0.7567801978220552
santander,28,roc_auc,rf,linear,0.8494799150794742
santander,28,roc_auc,xgb,linear,0.8801811818555971
santander,28,roc_auc,lr*gnb,interaction,0.018060284126992787
santander,28,roc_auc,lr*knn,interaction,0.1968641405095241
santander,28,roc_auc,lr*rf,interaction,0.09281243459132416
santander,28,roc_auc,lr*xgb,interaction,0.04500964124605633
santander,28,roc_auc,gnb*knn,interaction,0.24269907985474903
santander,28,roc_auc,gnb*rf,interaction,0.07612285919585404
santander,28,roc_auc,gnb*xgb,interaction,0.021218563981465266
santander,28,roc_auc,knn*rf,interaction,0.19779218893122197
santander,28,roc_auc,knn*xgb,interaction,0.2325607074010977
santander,28,roc_auc,rf*xgb,interaction,0.05512303472383806
santander,28,log_loss,lr,linear,0.23204534507858302
santander,28,log_loss,gnb,linear,0.2112422024310441
santander,28,log_loss,knn,linear,0.3400027379433566
santander,28,log_loss,rf,linear,0.275112597488988
santander,28,log_loss,xgb,linear,0.2198509753901512
santander,28,log_loss,lr*gnb,interaction,-0.012958977830380733
santander,28,log_loss,lr*knn,interaction,-0.14698848205905174
santander,28,log_loss,lr*rf,interaction,-0.05354889817543926
santander,28,log_loss,lr*xgb,interaction,-0.030120731377785204
santander,28,log_loss,gnb*knn,interaction,-0.17349779217941563
santander,28,log_loss,gnb*rf,interaction,-0.058358460032627346
santander,28,log_loss,gnb*xgb,interaction,-0.02031402511787636
santander,28,log_loss,knn*rf,interaction,-0.0858705603244439
santander,28,log_loss,knn*xgb,interaction,-0.13637798305796592
santander,28,log_loss,rf*xgb,interaction,-0.04175421452179695
santander,28,brier,lr,linear,0.06648455217926205
santander,28,brier,gnb,linear,0.06038149177200658
santander,28,brier,knn,linear,0.09209673245896446
santander,28,brier,rf,linear,0.07944581400761537
santander,28,brier,xgb,linear,0.063338355629861
santander,28,brier,lr*gnb,interaction,-0.005063596450807138
santander,28,brier,lr*knn,interaction,-0.025672470511761872
santander,28,brier,lr*rf,interaction,-0.01686720702199427
santander,28,brier,lr*xgb,interaction,-0.00938818448194187
santander,28,brier,gnb*knn,interaction,-0.03203732143652571
santander,28,brier,gnb*rf,interaction,-0.020309148514006746
santander,28,brier,gnb*xgb,interaction,-0.006901759701927718
santander,28,brier,knn*rf,interaction,-0.007380090957724905
santander,28,brier,knn*xgb,interaction,-0.021740139911043888
santander,28,brier,rf*xgb,interaction,-0.013599887133760785
santander,28,pr_auc,lr,linear,0.4994283332105197
santander,28,pr_auc,gnb,linear,0.5766008231013477
santander,28,pr_auc,knn,linear,0.34117166034284974
santander,28,pr_auc,rf,linear,0.48353275095972065
santander,28,pr_auc,xgb,linear,0.5538542943252714
santander,28,pr_auc,lr*gnb,interaction,0.06303979383819877
santander,28,pr_auc,lr*knn,interaction,0.3514877211105744
santander,28,pr_auc,lr*rf,interaction,0.2042761338590563
santander,28,pr_auc,lr*xgb,interaction,0.15474359079902522
santander,28,pr_auc,gnb*knn,interaction,0.49198095224460214
santander,28,pr_auc,gnb*rf,interaction,0.23208969135605484
santander,28,pr_auc,gnb*xgb,interaction,0.08436719159622741
santander,28,pr_auc,knn*rf,interaction,0.3199278086345421
santander,28,pr_auc,knn*xgb,interaction,0.46962993091797667
santander,28,pr_auc,rf*xgb,interaction,0.18862808251855112
santander,29,roc_auc,lr,linear,0.8588044309036131
santander,29,roc_auc,gnb,linear,0.887323963812989
santander,29,roc_auc,knn,linear,0.7560792290542845
santander,29,roc_auc,rf,linear,0.8508765599326797
santander,29,roc_auc,xgb,linear,0.8826418822319846
santander,29,roc_auc,lr*gnb,interaction,0.018222671754069997
santander,29,roc_auc,lr*knn,interaction,0.19953597247974364
santander,29,roc_auc,lr*rf,interaction,0.09276123252167168
santander,29,roc_auc,lr*xgb,interaction,0.043479812202946944
santander,29,roc_auc,gnb*knn,interaction,0.24530945996078524
santander,29,roc_auc,gnb*rf,interaction,0.07573836296166803
santander,29,roc_auc,gnb*xgb,interaction,0.020686624044399804
santander,29,roc_auc,knn*rf,interaction,0.20115352226512306
santander,29,roc_auc,knn*xgb,interaction,0.23656227475236002
santander,29,roc_auc,rf*xgb,interaction,0.05634108412070571
santander,29,log_loss,lr,linear,0.23206118582460605
santander,29,log_loss,gnb,linear,0.21093949627296477
santander,29,log_loss,knn,linear,0.34164270497285454
santander,29,log_loss,rf,linear,0.2747132548361145
santander,29,log_loss,xgb,linear,0.2189308252884427
santander,29,log_loss,lr*gnb,interaction,-0.012970080995064054
santander,29,log_loss,lr*knn,interaction,-0.14988465996844605
santander,29,log_loss,lr*rf,interaction,-0.05351643754223309
santander,29,log_loss,lr*xgb,interaction,-0.0297657528573802
santander,29,log_loss,gnb*knn,interaction,-0.17637894437588397
santander,29,log_loss,gnb*rf,interaction,-0.05797649272823624
santander,29,log_loss,gnb*xgb,interaction,-0.02020100758556223
santander,29,log_loss,knn*rf,interaction,-0.08851080902087066
santander,29,log_loss,knn*xgb,interaction,-0.13921042315642457
santander,29,log_loss,rf*xgb,interaction,-0.041572389541002175
santander,29,brier,lr,linear,0.06660355196135218
santander,29,brier,gnb,linear,0.06038595188241987
santander,29,brier,knn,linear,0.09226820013167725
santander,29,brier,rf,linear,0.0793795127294523
santander,29,brier,xgb,linear,0.06324016339178083
santander,29,brier,lr*gnb,interaction,-0.005091083389516228
santander,29,brier,lr*knn,interaction,-0.025821744191837918
santander,29,brier,lr*rf,interaction,-0.016917242696802094
santander,29,brier,lr*xgb,interaction,-0.009500857125900875
santander,29,brier,gnb*knn,interaction,-0.03206578535294871
santander,29,brier,gnb*rf,interaction,-0.02023787469086273
santander,29,brier,gnb*xgb,interaction,-0.006949983641563712
santander,29,brier,knn*rf,interaction,-0.007509374441290462
santander,29,brier,knn*xgb,interaction,-0.02175350651208009
santander,29,brier,rf*xgb,interaction,-0.013584843779208294
santander,29,pr_auc,lr,linear,0.4973288072028095
santander,29,pr_auc,gnb,linear,0.5758357948680597
santander,29,pr_auc,knn,linear,0.3374100196486019
santander,29,pr_auc,rf,linear,0.48315365686161715
santander,29,pr_auc,xgb,linear,0.5549346326543001
santander,29,pr_auc,lr*gnb,interaction,0.06372696822586343
santander,29,pr_auc,lr*knn,interaction,0.35265061801170505
santander,29,pr_auc,lr*rf,interaction,0.20318455349727788
santander,29,pr_auc,lr*xgb,interaction,0.15247193917971824
santander,29,pr_auc,gnb*knn,interaction,0.49532526293317325
santander,29,pr_auc,gnb*rf,interaction,0.2329981719377463
santander,29,pr_auc,gnb*xgb,interaction,0.08254202998855065
santander,29,pr_auc,knn*rf,interaction,0.32297819827699004
santander,29,pr_auc,knn*xgb,interaction,0.47604937037426287
santander,29,pr_auc,rf*xgb,interaction,0.19120148649175484
bnp,0,roc_auc,lr,linear,0.732942094398592
bnp,0,roc_auc,gnb,linear,0.6289613834288527
bnp,0,roc_auc,knn,linear,0.680708134877814
bnp,0,roc_auc,rf,linear,0.7422686511704342
bnp,0,roc_auc,xgb,linear,0.7472569133301814
bnp,0,roc_auc,lr*gnb,interaction,0.15169294612771445
bnp,0,roc_auc,lr*knn,interaction,0.08538837111358549
bnp,0,roc_auc,lr*rf,interaction,0.009315094596039852
bnp,0,roc_auc,lr*xgb,interaction,0.031117175405648956
bnp,0,roc_auc,gnb*knn,interaction,0.08887086655983722
bnp,0,roc_auc,gnb*rf,interaction,0.1572291274866513
bnp,0,roc_auc,gnb*xgb,interaction,0.16741184107434237
bnp,0,roc_auc,knn*rf,interaction,0.06095000001981554
bnp,0,roc_auc,knn*xgb,interaction,0.11467224781042332
bnp,0,roc_auc,rf*xgb,interaction,0.019346209778990264
bnp,0,log_loss,lr,linear,0.4403772045431394
bnp,0,log_loss,gnb,linear,3.2118657190752797
bnp,0,log_loss,knn,linear,0.4686857451864025
bnp,0,log_loss,rf,linear,0.43838319686485805
bnp,0,log_loss,xgb,linear,0.42897937011325415
bnp,0,log_loss,lr*gnb,interaction,-4.131319817246782
bnp,0,log_loss,lr*knn,interaction,0.37987020374446684
bnp,0,log_loss,lr*rf,interaction,0.39540381151227844
bnp,0,log_loss,lr*xgb,interaction,0.3786408843553146
bnp,0,log_loss,gnb*knn,interaction,-4.140589340516914
bnp,0,log_loss,gnb*rf,interaction,-4.14785240405093
bnp,0,log_loss,gnb*xgb,interaction,-4.180635856966486
bnp,0,log_loss,knn*rf,interaction,0.39748175359233706
bnp,0,log_loss,knn*xgb,interaction,0.3588066033656356
bnp,0,log_loss,rf*xgb,interaction,0.3839577271710104
bnp,0,brier,lr,linear,0.1586958666793646
bnp,0,brier,gnb,linear,0.590619665273226
bnp,0,brier,knn,linear,0.16899592278267853
bnp,0,brier,rf,linear,0.157372373552042
bnp,0,brier,xgb,linear,0.15444203238984283
bnp,0,brier,lr*gnb,interaction,-0.4307209070014326
bnp,0,brier,lr*knn,interaction,-0.012587763083657517
bnp,0,brier,lr*rf,interaction,-0.005728685661932381
bnp,0,brier,lr*xgb,interaction,-0.012038791368762458
bnp,0,brier,gnb*knn,interaction,-0.4246105365940154
bnp,0,brier,gnb*rf,interaction,-0.43142065948762076
bnp,0,brier,gnb*xgb,interaction,-0.45377174986228863
bnp,0,brier,knn*rf,interaction,-0.00650847857128159
bnp,0,brier,knn*xgb,interaction,-0.021707384342945793
bnp,0,brier,rf*xgb,interaction,-0.01034888435098813
bnp,0,pr_auc,lr,linear,0.8930892902256892
bnp,0,pr_auc,gnb,linear,0.8432908892699724
bnp,0,pr_auc,knn,linear,0.8692500698567888
bnp,0,pr_auc,rf,linear,0.8964323062372668
bnp,0,pr_auc,xgb,linear,0.9003840985857797
bnp,0,pr_auc,lr*gnb,interaction,0.047131059381812335
bnp,0,pr_auc,lr*knn,interaction,0.033413040920064974
bnp,0,pr_auc,lr*rf,interaction,0.005777914217391378
bnp,0,pr_auc,lr*xgb,interaction,0.014211834325556394
bnp,0,pr_auc,gnb*knn,interaction,0.028778104333916588
bnp,0,pr_auc,gnb*rf,interaction,0.04940680256886276
bnp,0,pr_auc,gnb*xgb,interaction,0.05439314089754188
bnp,0,pr_auc,knn*rf,interaction,0.021356978143488803
bnp,0,pr_auc,knn*xgb,interaction,0.044417916055875
bnp,0,pr_auc,rf*xgb,interaction,0.008702469427716686
bnp,1,roc_auc,lr,linear,0.7339840443100275
bnp,1,roc_auc,gnb,linear,0.6275296608345676
bnp,1,roc_auc,knn,linear,0.6800554336996747
bnp,1,roc_auc,rf,linear,0.7413994408855117
bnp,1,roc_auc,xgb,linear,0.7447831609651545
bnp,1,roc_auc,lr*gnb,interaction,0.15852360655830927
bnp,1,roc_auc,lr*knn,interaction,0.08630713266211099
bnp,1,roc_auc,lr*rf,interaction,0.009432888575163334
bnp,1,roc_auc,lr*xgb,interaction,0.03159631958780307
bnp,1,roc_auc,gnb*knn,interaction,0.09687281808360404
bnp,1,roc_auc,gnb*rf,interaction,0.16381253180972755
bnp,1,roc_auc,gnb*xgb,interaction,0.17411582505138057
bnp,1,roc_auc,knn*rf,interaction,0.06033103272697593
bnp,1,roc_auc,knn*xgb,interaction,0.11206441276052366
bnp,1,roc_auc,rf*xgb,interaction,0.018410978968555813
bnp,1,log_loss,lr,linear,0.4396421194577419
bnp,1,log_loss,gnb,linear,3.2232839105084965
bnp,1,log_loss,knn,linear,0.46873006102163606
bnp,1,log_loss,rf,linear,0.4387671249554157
bnp,1,log_loss,xgb,linear,0.4301659857816005
bnp,1,log_loss,lr*gnb,interaction,-4.151589096933842
bnp,1,log_loss,lr*knn,interaction,0.3820530848693957
bnp,1,log_loss,lr*rf,interaction,0.39733816532221156
bnp,1,log_loss,lr*xgb,interaction,0.3805765086075079
bnp,1,log_loss,gnb*knn,interaction,-4.160343467398224
bnp,1,log_loss,gnb*rf,interaction,-4.169781023714919
bnp,1,log_loss,gnb*xgb,interaction,-4.2035412737593
bnp,1,log_loss,knn*rf,interaction,0.3996284132797015
bnp,1,log_loss,knn*xgb,interaction,0.3615811625280853
bnp,1,log_loss,rf*xgb,interaction,0.38634170170409177
bnp,1,brier,lr,linear,0.1585885046042086
bnp,1,brier,gnb,linear,0.5922390334418455
bnp,1,brier,knn,linear,0.16910188865107928
bnp,1,brier,rf,linear,0.15765494703371136
bnp,1,brier,xgb,linear,0.15489985916271598
bnp,1,brier,lr*gnb,interaction,-0.43309280222261554
bnp,1,brier,lr*knn,interaction,-0.012490403585044385
bnp,1,brier,lr*rf,interaction,-0.00565621850184439
bnp,1,brier,lr*xgb,interaction,-0.011809125512611873
bnp,1,brier,gnb*knn,interaction,-0.42716738329676207
bnp,1,brier,gnb*rf,interaction,-0.43460143580444277
bnp,1,brier,gnb*xgb,interaction,-0.4567722996443949
bnp,1,brier,knn*rf,interaction,-0.006470034692352411
bnp,1,brier,knn*xgb,interaction,-0.02145006841221997
bnp,1,brier,rf*xgb,interaction,-0.010242127223944242
bnp,1,pr_auc,lr,linear,0.8937599669995169
bnp,1,pr_auc,gnb,linear,0.8444890433952936
bnp,1,pr_auc,knn,linear,0.8689096156964476
bnp,1,pr_auc,rf,linear,0.8961671739299233
bnp,1,pr_auc,xgb,linear,0.899409445454969
bnp,1,pr_auc,lr*gnb,interaction,0.04769490189223552
bnp,1,pr_auc,lr*knn,interaction,0.03453188349157177
bnp,1,pr_auc,lr*rf,interaction,0.006654073103276703
bnp,1,pr_auc,lr*xgb,interaction,0.0152347135154971
bnp,1,pr_auc,gnb*knn,interaction,0.02878150474473662
bnp,1,pr_auc,gnb*rf,interaction,0.05039037924618439
bnp,1,pr_auc,gnb*xgb,interaction,0.055916038520023914
bnp,1,pr_auc,knn*rf,interaction,0.021274530852236406
bnp,1,pr_auc,knn*xgb,interaction,0.042498787976636254
bnp,1,pr_auc,rf*xgb,interaction,0.007930857918981626
bnp,2,roc_auc,lr,linear,0.7351308377655738
bnp,2,roc_auc,gnb,linear,0.64529557646832
bnp,2,roc_auc,knn,linear,0.6814655748916693
bnp,2,roc_auc,rf,linear,0.7433018464142116
bnp,2,roc_auc,xgb,linear,0.7460558134882405
bnp,2,roc_auc,lr*gnb,interaction,0.11227063120264225
bnp,2,roc_auc,lr*knn,interaction,0.08599799592068319
bnp,2,roc_auc,lr*rf,interaction,0.011167060364991599
bnp,2,roc_auc,lr*xgb,interaction,0.03213502547135483
bnp,2,roc_auc,gnb*knn,interaction,0.06453092085716716
bnp,2,roc_auc,gnb*rf,interaction,0.11843832077976901
bnp,2,roc_auc,gnb*xgb,interaction,0.12581215093378062
bnp,2,roc_auc,knn*rf,interaction,0.061763451645057366
bnp,2,roc_auc,knn*xgb,interaction,0.1126704720358793
bnp,2,roc_auc,rf*xgb,interaction,0.019296592818061953
bnp,2,log_loss,lr,linear,0.44449732828200444
bnp,2,log_loss,gnb,linear,2.8845040406983076
bnp,2,log_loss,knn,linear,0.4742656133641997
bnp,2,log_loss,rf,linear,0.44318954565760316
bnp,2,log_loss,xgb,linear,0.4355231442495637
bnp,2,log_loss,lr*gnb,interaction,-3.649005415057238
bnp,2,log_loss,lr*knn,interaction,0.3304425243361393
bnp,2,log_loss,lr*rf,interaction,0.3459158448337546
bnp,2,log_loss,lr*xgb,interaction,0.32890718483284065
bnp,2,log_loss,gnb*knn,interaction,-3.669530639718121
bnp,2,log_loss,gnb*rf,interaction,-3.672215647427028
bnp,2,log_loss,gnb*xgb,interaction,-3.698825570824949
bnp,2,log_loss,knn*rf,interaction,0.3479890484269393
bnp,2,log_loss,knn*xgb,interaction,0.30851944663696296
bnp,2,log_loss,rf*xgb,interaction,0.3342140115531498
bnp,2,brier,lr,linear,0.15836561955979173
bnp,2,brier,gnb,linear,0.533642802449549
bnp,2,brier,knn,linear,0.1690331143637031
bnp,2,brier,rf,linear,0.15723094744939506
bnp,2,brier,xgb,linear,0.15476495940970297
bnp,2,brier,lr*gnb,interaction,-0.37437007237716585
bnp,2,brier,lr*knn,interaction,-0.012643458697999679
bnp,2,brier,lr*rf,interaction,-0.005675946649939645
bnp,2,brier,lr*xgb,interaction,-0.011923758108553784
bnp,2,brier,gnb*knn,interaction,-0.37411817840504835
bnp,2,brier,gnb*rf,interaction,-0.37815970762740403
bnp,2,brier,gnb*xgb,interaction,-0.39767114213631594
bnp,2,brier,knn*rf,interaction,-0.006596790906824329
bnp,2,brier,knn*xgb,interaction,-0.021756801478454366
bnp,2,brier,rf*xgb,interaction,-0.010264776189528702
bnp,2,pr_auc,lr,linear,0.8944195688309682
bnp,2,pr_auc,gnb,linear,0.8506822826813791
bnp,2,pr_auc,knn,linear,0.8693415607915865
bnp,2,pr_auc,rf,linear,0.8969023867510251
bnp,2,pr_auc,xgb,linear,0.8997389759271119
bnp,2,pr_auc,lr*gnb,interaction,0.040186148411768374
bnp,2,pr_auc,lr*knn,interaction,0.03332432500814997
bnp,2,pr_auc,lr*rf,interaction,0.006825827199788748
bnp,2,pr_auc,lr*xgb,interaction,0.014436045236779549
bnp,2,pr_auc,gnb*knn,interaction,0.024650352564411726
bnp,2,pr_auc,gnb*rf,interaction,0.041037418650444746
bnp,2,pr_auc,gnb*xgb,interaction,0.046737939874790246
bnp,2,pr_auc,knn*rf,interaction,0.021325295950325174
bnp,2,pr_auc,knn*xgb,interaction,0.04260976386384077
bnp,2,pr_auc,rf*xgb,interaction,0.008148710074388887
bnp,3,roc_auc,lr,linear,0.7357851439671824
bnp,3,roc_auc,gnb,linear,0.6429888946247213
bnp,3,roc_auc,knn,linear,0.684771419420088
bnp,3,roc_auc,rf,linear,0.7447423060260969
bnp,3,roc_auc,xgb,linear,0.7493241319901933
bnp,3,roc_auc,lr*gnb,interaction,0.11573938607042888
bnp,3,roc_auc,lr*knn,interaction,0.08537723356199256
bnp,3,roc_auc,lr*rf,interaction,0.010202097430944357
bnp,3,roc_auc,lr*xgb,interaction,0.03289532431240838
bnp,3,roc_auc,gnb*knn,interaction,0.0668261407065387
bnp,3,roc_auc,gnb*rf,interaction,0.11998773332667756
bnp,3,roc_auc,gnb*xgb,interaction,0.12968528823073067
bnp,3,roc_auc,knn*rf,interaction,0.06168762441141151
bnp,3,roc_auc,knn*xgb,interaction,0.11374224619979402
bnp,3,roc_auc,rf*xgb,interaction,0.019451065466601136
bnp,3,log_loss,lr,linear,0.4437703986891293
bnp,3,log_loss,gnb,linear,2.913841718241196
bnp,3,log_loss,knn,linear,0.4723355457244431
bnp,3,log_loss,rf,linear,0.44198090383162936
bnp,3,log_loss,xgb,linear,0.43273957253888873
bnp,3,log_loss,lr*gnb,interaction,-3.6904430055759283
bnp,3,log_loss,lr*knn,interaction,0.3341983256031317
bnp,3,log_loss,lr*rf,interaction,0.3500275868290852
bnp,3,log_loss,lr*xgb,interaction,0.33299855355963837
bnp,3,log_loss,gnb*knn,interaction,-3.7104262402514228
bnp,3,log_loss,gnb*rf,interaction,-3.7123990854720934
bnp,3,log_loss,gnb*xgb,interaction,-3.7403491687759245
bnp,3,log_loss,knn*rf,interaction,0.3521766980448643
bnp,3,log_loss,knn*xgb,interaction,0.3131038911487946
bnp,3,log_loss,rf*xgb,interaction,0.3387485501958518
bnp,3,brier,lr,linear,0.1581787885849219
bnp,3,brier,gnb,linear,0.5389806429563223
bnp,3,brier,knn,linear,0.1685492010477821
bnp,3,brier,rf,linear,0.15694961238940655
bnp,3,brier,xgb,linear,0.15388287403411144
bnp,3,brier,lr*gnb,interaction,-0.37966738777383446
bnp,3,brier,lr*knn,interaction,-0.012717624380368844
bnp,3,brier,lr*rf,interaction,-0.005765610041371494
bnp,3,brier,lr*xgb,interaction,-0.0120180503125345
bnp,3,brier,gnb*knn,interaction,-0.37870197921382165
bnp,3,brier,gnb*rf,interaction,-0.38270010086193396
bnp,3,brier,gnb*xgb,interaction,-0.40261554445220604
bnp,3,brier,knn*rf,interaction,-0.006636186237375885
bnp,3,brier,knn*xgb,interaction,-0.021716442256130813
bnp,3,brier,rf*xgb,interaction,-0.010268350433503715
bnp,3,pr_auc,lr,linear,0.8943362984806832
bnp,3,pr_auc,gnb,linear,0.8497210830685559
bnp,3,pr_auc,knn,linear,0.8712966818635579
bnp,3,pr_auc,rf,linear,0.8975218882084852
bnp,3,pr_auc,xgb,linear,0.9010262396923966
bnp,3,pr_auc,lr*gnb,interaction,0.03873696280489508
bnp,3,pr_auc,lr*knn,interaction,0.03365968946122691
bnp,3,pr_auc,lr*rf,interaction,0.006679060312073548
bnp,3,pr_auc,lr*xgb,interaction,0.014939827150378004
bnp,3,pr_auc,gnb*knn,interaction,0.024336060975072016
bnp,3,pr_auc,gnb*rf,interaction,0.04003183127002463
bnp,3,pr_auc,gnb*xgb,interaction,0.04630517241588983
bnp,3,pr_auc,knn*rf,interaction,0.02165912767593392
bnp,3,pr_auc,knn*xgb,interaction,0.043179695711997035
bnp,3,pr_auc,rf*xgb,interaction,0.008603256238816304
bnp,4,roc_auc,lr,linear,0.7345306267028037
bnp,4,roc_auc,gnb,linear,0.6272284812186293
bnp,4,roc_auc,knn,linear,0.6837325648698858
bnp,4,roc_auc,rf,linear,0.7439931707228667
bnp,4,roc_auc,xgb,linear,0.7479783062237969
bnp,4,roc_auc,lr*gnb,interaction,0.15904241494722782
bnp,4,roc_auc,lr*knn,interaction,0.08511748496010715
bnp,4,roc_auc,lr*rf,interaction,0.009332718294134068
bnp,4,roc_auc,lr*xgb,interaction,0.03335709483674831
bnp,4,roc_auc,gnb*knn,interaction,0.099160015863899
bnp,4,roc_auc,gnb*rf,interaction,0.16553169866602946
bnp,4,roc_auc,gnb*xgb,interaction,0.1775302806332436
bnp,4,roc_auc,knn*rf,interaction,0.06158642100900513
bnp,4,roc_auc,knn*xgb,interaction,0.11434235025675236
bnp,4,roc_auc,rf*xgb,interaction,0.01943638917839019
bnp,4,log_loss,lr,linear,0.4390363993082401
bnp,4,log_loss,gnb,linear,3.2379668516090025
bnp,4,log_loss,knn,linear,0.46744785449854065
bnp,4,log_loss,rf,linear,0.4373827200128131
bnp,4,log_loss,xgb,linear,0.4275570972411791
bnp,4,log_loss,lr*gnb,interaction,-4.172148349772042
bnp,4,log_loss,lr*knn,interaction,0.3840065852747477
bnp,4,log_loss,lr*rf,interaction,0.3993516304562229
bnp,4,log_loss,lr*xgb,interaction,0.38238075535605
bnp,4,log_loss,gnb*knn,interaction,-4.177362063057863
bnp,4,log_loss,gnb*rf,interaction,-4.187726628778546
bnp,4,log_loss,gnb*xgb,interaction,-4.2213851034449545
bnp,4,log_loss,knn*rf,interaction,0.40153187068542906
bnp,4,log_loss,knn*xgb,interaction,0.36278352921091467
bnp,4,log_loss,rf*xgb,interaction,0.38794649655895963
bnp,4,brier,lr,linear,0.15831695736003001
bnp,4,brier,gnb,linear,0.5958150678416481
bnp,4,brier,knn,linear,0.16867736983046044
bnp,4,brier,rf,linear,0.15716260388252967
bnp,4,brier,xgb,linear,0.1539020274122221
bnp,4,brier,lr*gnb,interaction,-0.4368902775638057
bnp,4,brier,lr*knn,interaction,-0.012571701128256067
bnp,4,brier,lr*rf,interaction,-0.005688390696217932
bnp,4,brier,lr*xgb,interaction,-0.012034414644642444
bnp,4,brier,gnb*knn,interaction,-0.4296746589598984
bnp,4,brier,gnb*rf,interaction,-0.43770717620186217
bnp,4,brier,gnb*xgb,interaction,-0.4598850297330084
bnp,4,brier,knn*rf,interaction,-0.0065095573778176374
bnp,4,brier,knn*xgb,interaction,-0.021705715493909233
bnp,4,brier,rf*xgb,interaction,-0.010379959442762043
bnp,4,pr_auc,lr,linear,0.8936408196542565
bnp,4,pr_auc,gnb,linear,0.8436936600863564
bnp,4,pr_auc,knn,linear,0.8705125709817394
bnp,4,pr_auc,rf,linear,0.8970511728258239
bnp,4,pr_auc,xgb,linear,0.9004198361245742
bnp,4,pr_auc,lr*gnb,interaction,0.048161823418544025
bnp,4,pr_auc,lr*knn,interaction,0.032783310637251095
bnp,4,pr_auc,lr*rf,interaction,0.00612035563508595
bnp,4,pr_auc,lr*xgb,interaction,0.015427944147072603
bnp,4,pr_auc,gnb*knn,interaction,0.029809428346333267
bnp,4,pr_auc,gnb*rf,interaction,0.050506991870849505
bnp,4,pr_auc,gnb*xgb,interaction,0.05704939558093913
bnp,4,pr_auc,knn*rf,interaction,0.021490298931939433
bnp,4,pr_auc,knn*xgb,interaction,0.04360101143678213
bnp,4,pr_auc,rf*xgb,interaction,0.008585319056308105
bnp,5,roc_auc,lr,linear,0.7343739333639908
bnp,5,roc_auc,gnb,linear,0.6420297153737089
bnp,5,roc_auc,knn,linear,0.6820993292296094
bnp,5,roc_auc,rf,linear,0.7431341137105001
bnp,5,roc_auc,xgb,linear,0.7472808528585742
bnp,5,roc_auc,lr*gnb,interaction,0.12227874699365304
bnp,5,roc_auc,lr*knn,interaction,0.08676459673027667
bnp,5,roc_auc,lr*rf,interaction,0.010387346661743124
bnp,5,roc_auc,lr*xgb,interaction,0.03292272926844397
bnp,5,roc_auc,gnb*knn,interaction,0.07451960576461003
bnp,5,roc_auc,gnb*rf,interaction,0.12898445927315372
bnp,5,roc_auc,gnb*xgb,interaction,0.1383775662644282
bnp,5,roc_auc,knn*rf,interaction,0.06329931550836676
bnp,5,roc_auc,knn*xgb,interaction,0.11436526898283589
bnp,5,roc_auc,rf*xgb,interaction,0.01926281530196361
bnp,5,log_loss,lr,linear,0.44423409270129144
bnp,5,log_loss,gnb,linear,2.9458237176041893
bnp,5,log_loss,knn,linear,0.4728202956874857
bnp,5,log_loss,rf,linear,0.4423546496333129
bnp,5,log_loss,xgb,linear,0.43348720952767694
bnp,5,log_loss,lr*gnb,interaction,-3.740253159555273
bnp,5,log_loss,lr*knn,interaction,0.3388386814889524
bnp,5,log_loss,lr*rf,interaction,0.35466007864355376
bnp,5,log_loss,lr*xgb,interaction,0.33754800151032527
bnp,5,log_loss,gnb*knn,interaction,-3.7622043876376026
bnp,5,log_loss,gnb*rf,interaction,-3.761121875171562
bnp,5,log_loss,gnb*xgb,interaction,-3.78846438312264
bnp,5,log_loss,knn*rf,interaction,0.35702402965976926
bnp,5,log_loss,knn*xgb,interaction,0.3184945307467953
bnp,5,log_loss,rf*xgb,interaction,0.34436513632175103
bnp,5,brier,lr,linear,0.15842700963665007
bnp,5,brier,gnb,linear,0.544268434243177
bnp,5,brier,knn,linear,0.16890245935936155
bnp,5,brier,rf,linear,0.1572215543617772
bnp,5,brier,xgb,linear,0.15444965745787376
bnp,5,brier,lr*gnb,interaction,-0.3852738164372811
bnp,5,brier,lr*knn,interaction,-0.012614347956522526
bnp,5,brier,lr*rf,interaction,-0.0056689115938157175
bnp,5,brier,lr*xgb,interaction,-0.012011161330488462
bnp,5,brier,gnb*knn,interaction,-0.3855040531130185
bnp,5,brier,gnb*rf,interaction,-0.3879750264062293
bnp,5,brier,gnb*xgb,interaction,-0.40743014096161806
bnp,5,brier,knn*rf,interaction,-0.0065629973262882335
bnp,5,brier,knn*xgb,interaction,-0.021594587951730568
bnp,5,brier,rf*xgb,interaction,-0.0101768501302536
bnp,5,pr_auc,lr,linear,0.8930847206919882
bnp,5,pr_auc,gnb,linear,0.8497918476260162
bnp,5,pr_auc,knn,linear,0.8697341342008986
bnp,5,pr_auc,rf,linear,0.8962394843096486
bnp,5,pr_auc,xgb,linear,0.9000648814270324
bnp,5,pr_auc,lr*gnb,interaction,0.04074681321923179
bnp,5,pr_auc,lr*knn,interaction,0.03539507426532776
bnp,5,pr_auc,lr*rf,interaction,0.00822896433924547
bnp,5,pr_auc,lr*xgb,interaction,0.016949970640827594
bnp,5,pr_auc,gnb*knn,interaction,0.02682959257181894
bnp,5,pr_auc,gnb*rf,interaction,0.043219423971435966
bnp,5,pr_auc,gnb*xgb,interaction,0.04983421132496102
bnp,5,pr_auc,knn*rf,interaction,0.022854872572996898
bnp,5,pr_auc,knn*xgb,interaction,0.04442037716127192
bnp,5,pr_auc,rf*xgb,interaction,0.00871378101907716
bnp,6,roc_auc,lr,linear,0.733495670168586
bnp,6,roc_auc,gnb,linear,0.6288710218024366
bnp,6,roc_auc,knn,linear,0.6817303002329457
bnp,6,roc_auc,rf,linear,0.7420987358146436
bnp,6,roc_auc,xgb,linear,0.7467196093323755
bnp,6,roc_auc,lr*gnb,interaction,0.15519969850922555
bnp,6,roc_auc,lr*knn,interaction,0.08675189910893533
bnp,6,roc_auc,lr*rf,interaction,0.01111613056304761
bnp,6,roc_auc,lr*xgb,interaction,0.03371615318093424
bnp,6,roc_auc,gnb*knn,interaction,0.0945907474094132
bnp,6,roc_auc,gnb*rf,interaction,0.15976763577380504
bnp,6,roc_auc,gnb*xgb,interaction,0.17216525820001483
bnp,6,roc_auc,knn*rf,interaction,0.06168340310749132
bnp,6,roc_auc,knn*xgb,interaction,0.11361572463397104
bnp,6,roc_auc,rf*xgb,interaction,0.019165958323144494
bnp,6,log_loss,lr,linear,0.4399919506228498
bnp,6,log_loss,gnb,linear,3.219065415927987
bnp,6,log_loss,knn,linear,0.4684828075269046
bnp,6,log_loss,rf,linear,0.43836127303858863
bnp,6,log_loss,xgb,linear,0.4294789722802691
bnp,6,log_loss,lr*gnb,interaction,-4.141594459760514
bnp,6,log_loss,lr*knn,interaction,0.3807733658996645
bnp,6,log_loss,lr*rf,interaction,0.39594252778223016
bnp,6,log_loss,lr*xgb,interaction,0.3788314327402248
bnp,6,log_loss,gnb*knn,interaction,-4.148869689730433
bnp,6,log_loss,gnb*rf,interaction,-4.159340769271991
bnp,6,log_loss,gnb*xgb,interaction,-4.192287128852151
bnp,6,log_loss,knn*rf,interaction,0.3981549010467552
bnp,6,log_loss,knn*xgb,interaction,0.3601827322213792
bnp,6,log_loss,rf*xgb,interaction,0.38542050133054473
bnp,6,brier,lr,linear,0.15854403367767114
bnp,6,brier,gnb,linear,0.5928018387829032
bnp,6,brier,knn,linear,0.16891385628859057
bnp,6,brier,rf,linear,0.15738802089255635
bnp,6,brier,xgb,linear,0.15453473630365008
bnp,6,brier,lr*gnb,interaction,-0.43329689362336327
bnp,6,brier,lr*knn,interaction,-0.012599892808163843
bnp,6,brier,lr*rf,interaction,-0.005820392805504809
bnp,6,brier,lr*xgb,interaction,-0.012112914717448353
bnp,6,brier,gnb*knn,interaction,-0.42689801474481814
bnp,6,brier,gnb*rf,interaction,-0.4348179766028187
bnp,6,brier,gnb*xgb,interaction,-0.45707563899274756
bnp,6,brier,knn*rf,interaction,-0.0065733492419915995
bnp,6,brier,knn*xgb,interaction,-0.02145226572148791
bnp,6,brier,rf*xgb,interaction,-0.010136646453288711
bnp,6,pr_auc,lr,linear,0.8931167897315809
bnp,6,pr_auc,gnb,linear,0.8442624568186632
bnp,6,pr_auc,knn,linear,0.8694483345672596
bnp,6,pr_auc,rf,linear,0.8961547084249352
bnp,6,pr_auc,xgb,linear,0.8998456994964028
bnp,6,pr_auc,lr*gnb,interaction,0.04704428945620304
bnp,6,pr_auc,lr*knn,interaction,0.033106584486328694
bnp,6,pr_auc,lr*rf,interaction,0.006698076508398598
bnp,6,pr_auc,lr*xgb,interaction,0.015718660701489418
bnp,6,pr_auc,gnb*knn,interaction,0.02792799901678844
bnp,6,pr_auc,gnb*rf,interaction,0.04847824285751956
bnp,6,pr_auc,gnb*xgb,interaction,0.05519667924995042
bnp,6,pr_auc,knn*rf,interaction,0.021012282427630202
bnp,6,pr_auc,knn*xgb,interaction,0.04267277497834357
bnp,6,pr_auc,rf*xgb,interaction,0.00823616074820066
bnp,7,roc_auc,lr,linear,0.7340673833928406
bnp,7,roc_auc,gnb,linear,0.6262535236405452
bnp,7,roc_auc,knn,linear,0.6825558560066605
bnp,7,roc_auc,rf,linear,0.7425232003821738
bnp,7,roc_auc,xgb,linear,0.7461879599379768
bnp,7,roc_auc,lr*gnb,interaction,0.1624482747161738
bnp,7,roc_auc,lr*knn,interaction,0.08678893466100832
bnp,7,roc_auc,lr*rf,interaction,0.010163972001511534
bnp,7,roc_auc,lr*xgb,interaction,0.032580708911372325
bnp,7,roc_auc,gnb*knn,interaction,0.10185485308570041
bnp,7,roc_auc,gnb*rf,interaction,0.16858475513402293
bnp,7,roc_auc,gnb*xgb,interaction,0.17970816321218508
bnp,7,roc_auc,knn*rf,interaction,0.06115602656678831
bnp,7,roc_auc,knn*xgb,interaction,0.11307503011536148
bnp,7,roc_auc,rf*xgb,interaction,0.01889720839151865
bnp,7,log_loss,lr,linear,0.43921386153159003
bnp,7,log_loss,gnb,linear,3.239470052816442
bnp,7,log_loss,knn,linear,0.4676471388563844
bnp,7,log_loss,rf,linear,0.43794843657485405
bnp,7,log_loss,xgb,linear,0.42947211982755124
bnp,7,log_loss,lr*gnb,interaction,-4.1747530364838354
bnp,7,log_loss,lr*knn,interaction,0.3841042145378901
bnp,7,log_loss,lr*rf,interaction,0.3996990196583401
bnp,7,log_loss,lr*xgb,interaction,0.38249477108865104
bnp,7,log_loss,gnb*knn,interaction,-4.186087675757005
bnp,7,log_loss,gnb*rf,interaction,-4.192488552576066
bnp,7,log_loss,gnb*xgb,interaction,-4.224640928028443
bnp,7,log_loss,knn*rf,interaction,0.40206512682823226
bnp,7,log_loss,knn*xgb,interaction,0.36321194032007853
bnp,7,log_loss,rf*xgb,interaction,0.3882109163981933
bnp,7,brier,lr,linear,0.1584825643279427
bnp,7,brier,gnb,linear,0.595299425198715
bnp,7,brier,knn,linear,0.16878648570394134
bnp,7,brier,rf,linear,0.1574331225413914
bnp,7,brier,xgb,linear,0.15472343183682827
bnp,7,brier,lr*gnb,interaction,-0.4363238715364224
bnp,7,brier,lr*knn,interaction,-0.012755920397575629
bnp,7,brier,lr*rf,interaction,-0.005792450229731294
bnp,7,brier,lr*xgb,interaction,-0.01199954849722723
bnp,7,brier,gnb*knn,interaction,-0.43122004438303974
bnp,7,brier,gnb*rf,interaction,-0.43773853547791497
bnp,7,brier,gnb*xgb,interaction,-0.4597019978761948
bnp,7,brier,knn*rf,interaction,-0.0065012814399025565
bnp,7,brier,knn*xgb,interaction,-0.02156282862619127
bnp,7,brier,rf*xgb,interaction,-0.010330893531200314
bnp,7,pr_auc,lr,linear,0.8937221472583339
bnp,7,pr_auc,gnb,linear,0.8439851060828822
bnp,7,pr_auc,knn,linear,0.8701199522743486
bnp,7,pr_auc,rf,linear,0.8966719675680781
bnp,7,pr_auc,xgb,linear,0.8997864219848465
bnp,7,pr_auc,lr*gnb,interaction,0.048679005475682546
bnp,7,pr_auc,lr*knn,interaction,0.033626314693409376
bnp,7,pr_auc,lr*rf,interaction,0.006036914057913956
bnp,7,pr_auc,lr*xgb,interaction,0.015397451198110756
bnp,7,pr_auc,gnb*knn,interaction,0.030002051419982134
bnp,7,pr_auc,gnb*rf,interaction,0.05050536727363675
bnp,7,pr_auc,gnb*xgb,interaction,0.057009748990531905
bnp,7,pr_auc,knn*rf,interaction,0.021385486190794722
bnp,7,pr_auc,knn*xgb,interaction,0.043713103025771916
bnp,7,pr_auc,rf*xgb,interaction,0.00861413622061713
bnp,8,roc_auc,lr,linear,0.7339243221532863
bnp,8,roc_auc,gnb,linear,0.6268504140456652
bnp,8,roc_auc,knn,linear,0.6824344658059331
bnp,8,roc_auc,rf,linear,0.7425586697413947
bnp,8,roc_auc,xgb,linear,0.7446680799199207
bnp,8,roc_auc,lr*gnb,interaction,0.15969561463592297
bnp,8,roc_auc,lr*knn,interaction,0.08465091487647722
bnp,8,roc_auc,lr*rf,interaction,0.009507903761376224
bnp,8,roc_auc,lr*xgb,interaction,0.030858673253428393
bnp,8,roc_auc,gnb*knn,interaction,0.09950842358659373
bnp,8,roc_auc,gnb*rf,interaction,0.16617601017988282
bnp,8,roc_auc,gnb*xgb,interaction,0.17536220559956306
bnp,8,roc_auc,knn*rf,interaction,0.06093847134728203
bnp,8,roc_auc,knn*xgb,interaction,0.1096331520611989
bnp,8,roc_auc,rf*xgb,interaction,0.017470761949836877
bnp,8,log_loss,lr,linear,0.43946624033989096
bnp,8,log_loss,gnb,linear,3.2292875196738775
bnp,8,log_loss,knn,linear,0.46776911002275945
bnp,8,log_loss,rf,linear,0.4379047934308073
bnp,8,log_loss,xgb,linear,0.43059824767070565
bnp,8,log_loss,lr*gnb,interaction,-4.16176157761546
bnp,8,log_loss,lr*knn,interaction,0.3831527156496543
bnp,8,log_loss,lr*rf,interaction,0.3984971729975587
bnp,8,log_loss,lr*xgb,interaction,0.38218142023268364
bnp,8,log_loss,gnb*knn,interaction,-4.169524095611237
bnp,8,log_loss,gnb*rf,interaction,-4.177837801204629
bnp,8,log_loss,gnb*xgb,interaction,-4.208654840311341
bnp,8,log_loss,knn*rf,interaction,0.40023353613689727
bnp,8,log_loss,knn*xgb,interaction,0.36235052277088975
bnp,8,log_loss,rf*xgb,interaction,0.3873276371946295
bnp,8,brier,lr,linear,0.15847441317487887
bnp,8,brier,gnb,linear,0.5931841496308394
bnp,8,brier,knn,linear,0.16870599899141298
bnp,8,brier,rf,linear,0.1572772372965817
bnp,8,brier,xgb,linear,0.15508406886325105
bnp,8,brier,lr*gnb,interaction,-0.4345741602594554
bnp,8,brier,lr*knn,interaction,-0.012479919233407657
bnp,8,brier,lr*rf,interaction,-0.0056415877552832006
bnp,8,brier,lr*xgb,interaction,-0.011766838274034908
bnp,8,brier,gnb*knn,interaction,-0.4282465849376127
bnp,8,brier,gnb*rf,interaction,-0.43540116647479676
bnp,8,brier,gnb*xgb,interaction,-0.45712849145036427
bnp,8,brier,knn*rf,interaction,-0.006548137809403803
bnp,8,brier,knn*xgb,interaction,-0.021384297023030074
bnp,8,brier,rf*xgb,interaction,-0.010109748371005756
bnp,8,pr_auc,lr,linear,0.8935459660055731
bnp,8,pr_auc,gnb,linear,0.8432905444783785
bnp,8,pr_auc,knn,linear,0.8696808741381655
bnp,8,pr_auc,rf,linear,0.8962043653350558
bnp,8,pr_auc,xgb,linear,0.8991890595086891
bnp,8,pr_auc,lr*gnb,interaction,0.04940315665973721
bnp,8,pr_auc,lr*knn,interaction,0.03284108580336259
bnp,8,pr_auc,lr*rf,interaction,0.0060438012179189204
bnp,8,pr_auc,lr*xgb,interaction,0.01373491528284787
bnp,8,pr_auc,gnb*knn,interaction,0.030849042024017503
bnp,8,pr_auc,gnb*rf,interaction,0.051786044167078105
bnp,8,pr_auc,gnb*xgb,interaction,0.056885430940886716
bnp,8,pr_auc,knn*rf,interaction,0.021273416821123048
bnp,8,pr_auc,knn*xgb,interaction,0.041280127147307694
bnp,8,pr_auc,rf*xgb,interaction,0.007734892689871931
bnp,9,roc_auc,lr,linear,0.7332345396714652
bnp,9,roc_auc,gnb,linear,0.6425799882686345
bnp,9,roc_auc,knn,linear,0.6832515552712015
bnp,9,roc_auc,rf,linear,0.7434023694780644
bnp,9,roc_auc,xgb,linear,0.7482666004187827
bnp,9,roc_auc,lr*gnb,interaction,0.11582174138797774
bnp,9,roc_auc,lr*knn,interaction,0.08450728009292069
bnp,9,roc_auc,lr*rf,interaction,0.010567973925685759
bnp,9,roc_auc,lr*xgb,interaction,0.03400397164525093
bnp,9,roc_auc,gnb*knn,interaction,0.0709841462519154
bnp,9,roc_auc,gnb*rf,interaction,0.12364815919846228
bnp,9,roc_auc,gnb*xgb,interaction,0.13153018547902184
bnp,9,roc_auc,knn*rf,interaction,0.06119015382164106
bnp,9,roc_auc,knn*xgb,interaction,0.11373855751265848
bnp,9,roc_auc,rf*xgb,interaction,0.01951639483106904
bnp,9,log_loss,lr,linear,0.44478693940247066
bnp,9,log_loss,gnb,linear,2.9381990008673826
bnp,9,log_loss,knn,linear,0.47266640116085934
bnp,9,log_loss,rf,linear,0.44268214928216115
bnp,9,log_loss,xgb,linear,0.43275742691972613
bnp,9,log_loss,lr*gnb,interaction,-3.7262498868531986
bnp,9,log_loss,lr*knn,interaction,0.3381293676138468
bnp,9,log_loss,lr*rf,interaction,0.353464734865084
bnp,9,log_loss,lr*xgb,interaction,0.3365077820600494
bnp,9,log_loss,gnb*knn,interaction,-3.744991050132373
bnp,9,log_loss,gnb*rf,interaction,-3.748366221533734
bnp,9,log_loss,gnb*xgb,interaction,-3.7734167517923236
bnp,9,log_loss,knn*rf,interaction,0.35594572303656813
bnp,9,log_loss,knn*xgb,interaction,0.31740164849129426
bnp,9,log_loss,rf*xgb,interaction,0.3426869453155654
bnp,9,brier,lr,linear,0.1587593174867814
bnp,9,brier,gnb,linear,0.5435903215697978
bnp,9,brier,knn,linear,0.168795954839142
bnp,9,brier,rf,linear,0.15734847340395314
bnp,9,brier,xgb,linear,0.1541902447200725
bnp,9,brier,lr*gnb,interaction,-0.38404704097641906
bnp,9,brier,lr*knn,interaction,-0.012625641624107776
bnp,9,brier,lr*rf,interaction,-0.005753697168756761
bnp,9,brier,lr*xgb,interaction,-0.0120334705672549
bnp,9,brier,gnb*knn,interaction,-0.3828883648158887
bnp,9,brier,gnb*rf,interaction,-0.38706663142847586
bnp,9,brier,gnb*xgb,interaction,-0.40526185302808637
bnp,9,brier,knn*rf,interaction,-0.006506869172385021
bnp,9,brier,knn*xgb,interaction,-0.02159515362314328
bnp,9,brier,rf*xgb,interaction,-0.010248178716802725
bnp,9,pr_auc,lr,linear,0.8934073736661291
bnp,9,pr_auc,gnb,linear,0.8499780789350853
bnp,9,pr_auc,knn,linear,0.8702046512257213
bnp,9,pr_auc,rf,linear,0.8968639293916306
bnp,9,pr_auc,xgb,linear,0.9007414287796432
bnp,9,pr_auc,lr*gnb,interaction,0.038584363757150075
bnp,9,pr_auc,lr*knn,interaction,0.033560576800175435
bnp,9,pr_auc,lr*rf,interaction,0.0074181183331017975
bnp,9,pr_auc,lr*xgb,interaction,0.016496648954569926
bnp,9,pr_auc,gnb*knn,interaction,0.02537495538286505
bnp,9,pr_auc,gnb*rf,interaction,0.041061939634976063
bnp,9,pr_auc,gnb*xgb,interaction,0.047152492035377636
bnp,9,pr_auc,knn*rf,interaction,0.02179146302402013
bnp,9,pr_auc,knn*xgb,interaction,0.0444795829907276
bnp,9,pr_auc,rf*xgb,interaction,0.009362556459780791
bnp,10,roc_auc,lr,linear,0.734792053423682
bnp,10,roc_auc,gnb,linear,0.6437019306216275
bnp,10,roc_auc,knn,linear,0.6821503156435335
bnp,10,roc_auc,rf,linear,0.7421314182516221
bnp,10,roc_auc,xgb,linear,0.7462986861799377
bnp,10,roc_auc,lr*gnb,interaction,0.11405970621552614
bnp,10,roc_auc,lr*knn,interaction,0.08561109266762001
bnp,10,roc_auc,lr*rf,interaction,0.010982045537053287
bnp,10,roc_auc,lr*xgb,interaction,0.03225769845687454
bnp,10,roc_auc,gnb*knn,interaction,0.06814804267570773
bnp,10,roc_auc,gnb*rf,interaction,0.11789215378480689
bnp,10,roc_auc,gnb*xgb,interaction,0.12483778949492397
bnp,10,roc_auc,knn*rf,interaction,0.059434905729409904
bnp,10,roc_auc,knn*xgb,interaction,0.11110222037760291
bnp,10,roc_auc,rf*xgb,interaction,0.0195877149854895
bnp,10,log_loss,lr,linear,0.44452969693615774
bnp,10,log_loss,gnb,linear,2.9050282561062377
bnp,10,log_loss,knn,linear,0.47349412232699517
bnp,10,log_loss,rf,linear,0.44357648132833927
bnp,10,log_loss,xgb,linear,0.4352249881666916
bnp,10,log_loss,lr*gnb,interaction,-3.6761815027360947
bnp,10,log_loss,lr*knn,interaction,0.3328567213750986
bnp,10,log_loss,lr*rf,interaction,0.3481606360140016
bnp,10,log_loss,lr*xgb,interaction,0.331032006694467
bnp,10,log_loss,gnb*knn,interaction,-3.6999933474432583
bnp,10,log_loss,gnb*rf,interaction,-3.698337946600761
bnp,10,log_loss,gnb*xgb,interaction,-3.728272640949976
bnp,10,log_loss,knn*rf,interaction,0.35084349447743446
bnp,10,log_loss,knn*xgb,interaction,0.31135668137883454
bnp,10,log_loss,rf*xgb,interaction,0.3368536175088557
bnp,10,brier,lr,linear,0.1584245137238212
bnp,10,brier,gnb,linear,0.537779149901678
bnp,10,brier,knn,linear,0.16882583985717625
bnp,10,brier,rf,linear,0.15751526870706994
bnp,10,brier,xgb,linear,0.15482563560811083
bnp,10,brier,lr*gnb,interaction,-0.37823421205312274
bnp,10,brier,lr*knn,interaction,-0.012605698310836886
bnp,10,brier,lr*rf,interaction,-0.005744046275748177
bnp,10,brier,lr*xgb,interaction,-0.011904422699669959
bnp,10,brier,gnb*knn,interaction,-0.3789329201639905
bnp,10,brier,gnb*rf,interaction,-0.3812380692285485
bnp,10,brier,gnb*xgb,interaction,-0.40165804134578553
bnp,10,brier,knn*rf,interaction,-0.0064671025084912515
bnp,10,brier,knn*xgb,interaction,-0.02153759819875095
bnp,10,brier,rf*xgb,interaction,-0.010220905334169306
bnp,10,pr_auc,lr,linear,0.8939853552882959
bnp,10,pr_auc,gnb,linear,0.8491536745427231
bnp,10,pr_auc,knn,linear,0.8695196657127249
bnp,10,pr_auc,rf,linear,0.8965659334928746
bnp,10,pr_auc,xgb,linear,0.9001455378164979
bnp,10,pr_auc,lr*gnb,interaction,0.0399510969725686
bnp,10,pr_auc,lr*knn,interaction,0.033840790470926474
bnp,10,pr_auc,lr*rf,interaction,0.007245560628309944
bnp,10,pr_auc,lr*xgb,interaction,0.015232404483358719
bnp,10,pr_auc,gnb*knn,interaction,0.026393726080445212
bnp,10,pr_auc,gnb*rf,interaction,0.04127838389932048
bnp,10,pr_auc,gnb*xgb,interaction,0.04764576355625716
bnp,10,pr_auc,knn*rf,interaction,0.02106013010973884
bnp,10,pr_auc,knn*xgb,interaction,0.04360745495637866
bnp,10,pr_auc,rf*xgb,interaction,0.008867261989810693
bnp,11,roc_auc,lr,linear,0.7324392481652319
bnp,11,roc_auc,gnb,linear,0.6245053578598607
bnp,11,roc_auc,knn,linear,0.6805007121521647
bnp,11,roc_auc,rf,linear,0.7407520154578864
bnp,11,roc_auc,xgb,linear,0.7451212628866347
bnp,11,roc_auc,lr*gnb,interaction,0.16587155579673063
bnp,11,roc_auc,lr*knn,interaction,0.0860678306560021
bnp,11,roc_auc,lr*rf,interaction,0.009667880021322905
bnp,11,roc_auc,lr*xgb,interaction,0.033064254498675894
bnp,11,roc_auc,gnb*knn,interaction,0.10352214394264059
bnp,11,roc_auc,gnb*rf,interaction,0.1710410552722459
bnp,11,roc_auc,gnb*xgb,interaction,0.1805861806149316
bnp,11,roc_auc,knn*rf,interaction,0.06098957120382931
bnp,11,roc_auc,knn*xgb,interaction,0.11417907790636307
bnp,11,roc_auc,rf*xgb,interaction,0.01976505384628302
bnp,11,log_loss,lr,linear,0.44006384525090586
bnp,11,log_loss,gnb,linear,3.2458812642482595
bnp,11,log_loss,knn,linear,0.4679867687155723
bnp,11,log_loss,rf,linear,0.43865879737905794
bnp,11,log_loss,xgb,linear,0.42943147374931134
bnp,11,log_loss,lr*gnb,interaction,-4.18451135410721
bnp,11,log_loss,lr*knn,interaction,0.3860640972795877
bnp,11,log_loss,lr*rf,interaction,0.4010233507520783
bnp,11,log_loss,lr*xgb,interaction,0.3833362756545581
bnp,11,log_loss,gnb*knn,interaction,-4.193234432467805
bnp,11,log_loss,gnb*rf,interaction,-4.202631277866132
bnp,11,log_loss,gnb*xgb,interaction,-4.238396441710952
bnp,11,log_loss,knn*rf,interaction,0.4033753372677323
bnp,11,log_loss,knn*xgb,interaction,0.36489766371496474
bnp,11,log_loss,rf*xgb,interaction,0.38958689049512696
bnp,11,brier,lr,linear,0.15879078415133324
bnp,11,brier,gnb,linear,0.5962384263957142
bnp,11,brier,knn,linear,0.16897220229354737
bnp,11,brier,rf,linear,0.15769326364248276
bnp,11,brier,xgb,linear,0.15475414453242198
bnp,11,brier,lr*gnb,interaction,-0.43683057168001427
bnp,11,brier,lr*knn,interaction,-0.01235861514018911
bnp,11,brier,lr*rf,interaction,-0.005605615749821463
bnp,11,brier,lr*xgb,interaction,-0.012034811441949622
bnp,11,brier,gnb*knn,interaction,-0.4307363697077672
bnp,11,brier,gnb*rf,interaction,-0.4384923564098655
bnp,11,brier,gnb*xgb,interaction,-0.4612281189629613
bnp,11,brier,knn*rf,interaction,-0.006385146427401872
bnp,11,brier,knn*xgb,interaction,-0.02158666227026433
bnp,11,brier,rf*xgb,interaction,-0.01034638347980843
bnp,11,pr_auc,lr,linear,0.892746927044915
bnp,11,pr_auc,gnb,linear,0.8444794453734092
bnp,11,pr_auc,knn,linear,0.8693884620894083
bnp,11,pr_auc,rf,linear,0.8955855916881906
bnp,11,pr_auc,xgb,linear,0.8995991452804061
bnp,11,pr_auc,lr*gnb,interaction,0.048449540516031286
bnp,11,pr_auc,lr*knn,interaction,0.03329747990223453
bnp,11,pr_auc,lr*rf,interaction,0.006696325542547732
bnp,11,pr_auc,lr*xgb,interaction,0.01644760060767414
bnp,11,pr_auc,gnb*knn,interaction,0.029598886870346952
bnp,11,pr_auc,gnb*rf,interaction,0.050051940064776534
bnp,11,pr_auc,gnb*xgb,interaction,0.056417891978096546
bnp,11,pr_auc,knn*rf,interaction,0.021105215701883173
bnp,11,pr_auc,knn*xgb,interaction,0.042984634476700645
bnp,11,pr_auc,rf*xgb,interaction,0.009086427467114966
bnp,12,roc_auc,lr,linear,0.7347400009153275
bnp,12,roc_auc,gnb,linear,0.6288550740730512
bnp,12,roc_auc,knn,linear,0.6819564040177577
bnp,12,roc_auc,rf,linear,0.7430152177651028
bnp,12,roc_auc,xgb,linear,0.7471717049053984
bnp,12,roc_auc,lr*gnb,interaction,0.15987373739835287
bnp,12,roc_auc,lr*knn,interaction,0.08772826621028099
bnp,12,roc_auc,lr*rf,interaction,0.010506924181375887
bnp,12,roc_auc,lr*xgb,interaction,0.032557041729329717
bnp,12,roc_auc,gnb*knn,interaction,0.0960179710930884
bnp,12,roc_auc,gnb*rf,interaction,0.1653632465725382
bnp,12,roc_auc,gnb*xgb,interaction,0.1771596843742923
bnp,12,roc_auc,knn*rf,interaction,0.06367710581221853
bnp,12,roc_auc,knn*xgb,interaction,0.11496302760241313
bnp,12,roc_auc,rf*xgb,interaction,0.018860266091383693
bnp,12,log_loss,lr,linear,0.43890079413862193
bnp,12,log_loss,gnb,linear,3.2229458928464627
bnp,12,log_loss,knn,linear,0.4681405164514293
bnp,12,log_loss,rf,linear,0.4373666914983281
bnp,12,log_loss,xgb,linear,0.42833883638274894
bnp,12,log_loss,lr*gnb,interaction,-4.153520651669729
bnp,12,log_loss,lr*knn,interaction,0.3819572877576072
bnp,12,log_loss,lr*rf,interaction,0.39756402412761516
bnp,12,log_loss,lr*xgb,interaction,0.3804043525465961
bnp,12,log_loss,gnb*knn,interaction,-4.1641314737545825
bnp,12,log_loss,gnb*rf,interaction,-4.169924435237933
bnp,12,log_loss,gnb*xgb,interaction,-4.202722881647213
bnp,12,log_loss,knn*rf,interaction,0.39931605336445974
bnp,12,log_loss,knn*xgb,interaction,0.36104488915208455
bnp,12,log_loss,rf*xgb,interaction,0.38696922999727024
bnp,12,brier,lr,linear,0.1582462193863821
bnp,12,brier,gnb,linear,0.5915593944891381
bnp,12,brier,knn,linear,0.16892132000955673
bnp,12,brier,rf,linear,0.15708206019800644
bnp,12,brier,xgb,linear,0.15424786914820002
bnp,12,brier,lr*gnb,interaction,-0.4331668639697958
bnp,12,brier,lr*knn,interaction,-0.012701478188176234
bnp,12,brier,lr*rf,interaction,-0.005814577832311901
bnp,12,brier,lr*xgb,interaction,-0.012192039045887837
bnp,12,brier,gnb*knn,interaction,-0.42803032174347533
bnp,12,brier,gnb*rf,interaction,-0.4340099618425159
bnp,12,brier,gnb*xgb,interaction,-0.4560256486574493
bnp,12,brier,knn*rf,interaction,-0.006722490505562229
bnp,12,brier,knn*xgb,interaction,-0.021805366916700625
bnp,12,brier,rf*xgb,interaction,-0.010183437319294941
bnp,12,pr_auc,lr,linear,0.8940171241469874
bnp,12,pr_auc,gnb,linear,0.8441375558871284
bnp,12,pr_auc,knn,linear,0.8699707180683891
bnp,12,pr_auc,rf,linear,0.8968236442205806
bnp,12,pr_auc,xgb,linear,0.9003869830207765
bnp,12,pr_auc,lr*gnb,interaction,0.0495977663820833
bnp,12,pr_auc,lr*knn,interaction,0.033779641843578845
bnp,12,pr_auc,lr*rf,interaction,0.006062904657748058
bnp,12,pr_auc,lr*xgb,interaction,0.015052339302686235
bnp,12,pr_auc,gnb*knn,interaction,0.03016314097256867
bnp,12,pr_auc,gnb*rf,interaction,0.051929769479558185
bnp,12,pr_auc,gnb*xgb,interaction,0.058394778856169394
bnp,12,pr_auc,knn*rf,interaction,0.021792416900507927
bnp,12,pr_auc,knn*xgb,interaction,0.043852160067272467
bnp,12,pr_auc,rf*xgb,interaction,0.008060713835601696
bnp,13,roc_auc,lr,linear,0.7345359816371605
bnp,13,roc_auc,gnb,linear,0.6403617707241723
bnp,13,roc_auc,knn,linear,0.6811572997732191
bnp,13,roc_auc,rf,linear,0.7427617365649417
bnp,13,roc_auc,xgb,linear,0.7451350184597416
bnp,13,roc_auc,lr*gnb,interaction,0.12475554106556169
bnp,13,roc_auc,lr*knn,interaction,0.08627285952333741
bnp,13,roc_auc,lr*rf,interaction,0.010391857052683084
bnp,13,roc_auc,lr*xgb,interaction,0.029886288961675334
bnp,13,roc_auc,gnb*knn,interaction,0.071897335146619
bnp,13,roc_auc,gnb*rf,interaction,0.12819060564493423
bnp,13,roc_auc,gnb*xgb,interaction,0.134839280540214
bnp,13,roc_auc,knn*rf,interaction,0.06124371521475647
bnp,13,roc_auc,knn*xgb,interaction,0.11032505162824614
bnp,13,roc_auc,rf*xgb,interaction,0.0176987723055948
bnp,13,log_loss,lr,linear,0.44376705823022544
bnp,13,log_loss,gnb,linear,2.960304402017584
bnp,13,log_loss,knn,linear,0.472821259945651
bnp,13,log_loss,rf,linear,0.4423334312297047
bnp,13,log_loss,xgb,linear,0.43492172447548216
bnp,13,log_loss,lr*gnb,interaction,-3.759975919739637
bnp,13,log_loss,lr*knn,interaction,0.3416763194122512
bnp,13,log_loss,lr*rf,interaction,0.3572429514106197
bnp,13,log_loss,lr*xgb,interaction,0.3407518742502812
bnp,13,log_loss,gnb*knn,interaction,-3.7821039763159097
bnp,13,log_loss,gnb*rf,interaction,-3.7815045426629217
bnp,13,log_loss,gnb*xgb,interaction,-3.807511488040449
bnp,13,log_loss,knn*rf,interaction,0.35923416581396983
bnp,13,log_loss,knn*xgb,interaction,0.32084487868683675
bnp,13,log_loss,rf*xgb,interaction,0.3462253030225868
bnp,13,brier,lr,linear,0.15840674117153228
bnp,13,brier,gnb,linear,0.5471536564529271
bnp,13,brier,knn,linear,0.16896442989874147
bnp,13,brier,rf,linear,0.15731498517567466
bnp,13,brier,xgb,linear,0.15508494719091526
bnp,13,brier,lr*gnb,interaction,-0.38773616174048375
bnp,13,brier,lr*knn,interaction,-0.012502623584458143
bnp,13,brier,lr*rf,interaction,-0.005676312482614743
bnp,13,brier,lr*xgb,interaction,-0.011727055458397528
bnp,13,brier,gnb*knn,interaction,-0.38766021890285673
bnp,13,brier,gnb*rf,interaction,-0.3905914389059863
bnp,13,brier,gnb*xgb,interaction,-0.40958608665893514
bnp,13,brier,knn*rf,interaction,-0.006549460072773017
bnp,13,brier,knn*xgb,interaction,-0.021489629853827283
bnp,13,brier,rf*xgb,interaction,-0.010160205001384481
bnp,13,pr_auc,lr,linear,0.8936391121674333
bnp,13,pr_auc,gnb,linear,0.8482314180530401
bnp,13,pr_auc,knn,linear,0.8693959924095128
bnp,13,pr_auc,rf,linear,0.896430741391055
bnp,13,pr_auc,xgb,linear,0.8993393016773223
bnp,13,pr_auc,lr*gnb,interaction,0.04292552163626129
bnp,13,pr_auc,lr*knn,interaction,0.03391723415889941
bnp,13,pr_auc,lr*rf,interaction,0.006514696598002523
bnp,13,pr_auc,lr*xgb,interaction,0.014403130079827742
bnp,13,pr_auc,gnb*knn,interaction,0.027268110439635507
bnp,13,pr_auc,gnb*rf,interaction,0.04355427673726897
bnp,13,pr_auc,gnb*xgb,interaction,0.04930437409347699
bnp,13,pr_auc,knn*rf,interaction,0.02211642591857066
bnp,13,pr_auc,knn*xgb,interaction,0.04258207876976888
bnp,13,pr_auc,rf*xgb,interaction,0.008012221400357067
bnp,14,roc_auc,lr,linear,0.7349015577329006
bnp,14,roc_auc,gnb,linear,0.6434993800511686
bnp,14,roc_auc,knn,linear,0.6821649834328776
bnp,14,roc_auc,rf,linear,0.7444198026059824
bnp,14,roc_auc,xgb,linear,0.7477731920383489
bnp,14,roc_auc,lr*gnb,interaction,0.11801529855377624
bnp,14,roc_auc,lr*knn,interaction,0.08645609999030776
bnp,14,roc_auc,lr*rf,interaction,0.009567310446307653
bnp,14,roc_auc,lr*xgb,interaction,0.03056813253052071
bnp,14,roc_auc,gnb*knn,interaction,0.0696646179819762
bnp,14,roc_auc,gnb*rf,interaction,0.12471008288900143
bnp,14,roc_auc,gnb*xgb,interaction,0.13015839998442646
bnp,14,roc_auc,knn*rf,interaction,0.06174475052471573
bnp,14,roc_auc,knn*xgb,interaction,0.11157001970212185
bnp,14,roc_auc,rf*xgb,interaction,0.01749896895208103
bnp,14,log_loss,lr,linear,0.4442421487228154
bnp,14,log_loss,gnb,linear,2.9148851293880216
bnp,14,log_loss,knn,linear,0.4730044650747256
bnp,14,log_loss,rf,linear,0.441970201575715
bnp,14,log_loss,xgb,linear,0.4338320455845503
bnp,14,log_loss,lr*gnb,interaction,-3.694517532583405
bnp,14,log_loss,lr*knn,interaction,0.3345999196122491
bnp,14,log_loss,lr*rf,interaction,0.35052419523140543
bnp,14,log_loss,lr*xgb,interaction,0.33412010685801874
bnp,14,log_loss,gnb*knn,interaction,-3.7155826601134803
bnp,14,log_loss,gnb*rf,interaction,-3.7170281767302535
bnp,14,log_loss,gnb*xgb,interaction,-3.742401704636963
bnp,14,log_loss,knn*rf,interaction,0.35278973119565804
bnp,14,log_loss,knn*xgb,interaction,0.31426909306365747
bnp,14,log_loss,rf*xgb,interaction,0.33990004089266423
bnp,14,brier,lr,linear,0.15832382350198218
bnp,14,brier,gnb,linear,0.5382478722506995
bnp,14,brier,knn,linear,0.1688070888490311
bnp,14,brier,rf,linear,0.15695845087806548
bnp,14,brier,xgb,linear,0.15449318008390112
bnp,14,brier,lr*gnb,interaction,-0.37919480183315984
bnp,14,brier,lr*knn,interaction,-0.012688349312122125
bnp,14,brier,lr*rf,interaction,-0.005697442335330621
bnp,14,brier,lr*xgb,interaction,-0.01176689296914385
bnp,14,brier,gnb*knn,interaction,-0.3786484677850085
bnp,14,brier,gnb*rf,interaction,-0.3821899659302238
bnp,14,brier,gnb*xgb,interaction,-0.40092030248791455
bnp,14,brier,knn*rf,interaction,-0.0065650750188366025
bnp,14,brier,knn*xgb,interaction,-0.021517564315506887
bnp,14,brier,rf*xgb,interaction,-0.010079948219592572
bnp,14,pr_auc,lr,linear,0.8938219240759301
bnp,14,pr_auc,gnb,linear,0.8510698125861685
bnp,14,pr_auc,knn,linear,0.8699887343372102
bnp,14,pr_auc,rf,linear,0.8973775692492201
bnp,14,pr_auc,xgb,linear,0.9007142080369368
bnp,14,pr_auc,lr*gnb,interaction,0.038291561232760674
bnp,14,pr_auc,lr*knn,interaction,0.0343644229165431
bnp,14,pr_auc,lr*rf,interaction,0.006604716560315582
bnp,14,pr_auc,lr*xgb,interaction,0.014851991107643903
bnp,14,pr_auc,gnb*knn,interaction,0.024263622932524598
bnp,14,pr_auc,gnb*rf,interaction,0.040769894669772766
bnp,14,pr_auc,gnb*xgb,interaction,0.04611450655509952
bnp,14,pr_auc,knn*rf,interaction,0.02216304114043921
bnp,14,pr_auc,knn*xgb,interaction,0.0438150547701005
bnp,14,pr_auc,rf*xgb,interaction,0.008314467000466674
bnp,15,roc_auc,lr,linear,0.7344755196806102
bnp,15,roc_auc,gnb,linear,0.6430324904104645
bnp,15,roc_auc,knn,linear,0.6840250207168014
bnp,15,roc_auc,rf,linear,0.7427196565954515
bnp,15,roc_auc,xgb,linear,0.7469891032719624
bnp,15,roc_auc,lr*gnb,interaction,0.11744942449438445
bnp,15,roc_auc,lr*knn,interaction,0.08245832217145999
bnp,15,roc_auc,lr*rf,interaction,0.01106936556177418
bnp,15,roc_auc,lr*xgb,interaction,0.03197506686555629
bnp,15,roc_auc,gnb*knn,interaction,0.07392512544767138
bnp,15,roc_auc,gnb*rf,interaction,0.12343668097600213
bnp,15,roc_auc,gnb*xgb,interaction,0.13018796559504664
bnp,15,roc_auc,knn*rf,interaction,0.05861770275753919
bnp,15,roc_auc,knn*xgb,interaction,0.10862694847013117
bnp,15,roc_auc,rf*xgb,interaction,0.019569864067685572
bnp,15,log_loss,lr,linear,0.44437899253628654
bnp,15,log_loss,gnb,linear,2.9202610983205224
bnp,15,log_loss,knn,linear,0.4724809410315141
bnp,15,log_loss,rf,linear,0.44288254506796965
bnp,15,log_loss,xgb,linear,0.43457974982648856
bnp,15,log_loss,lr*gnb,interaction,-3.7040968723021144
bnp,15,log_loss,lr*knn,interaction,0.33635127363438616
bnp,15,log_loss,lr*rf,interaction,0.35114304908283445
bnp,15,log_loss,lr*xgb,interaction,0.3343309317927946
bnp,15,log_loss,gnb*knn,interaction,-3.724874804980103
bnp,15,log_loss,gnb*rf,interaction,-3.7260260848791105
bnp,15,log_loss,gnb*xgb,interaction,-3.7540946001087265
bnp,15,log_loss,knn*rf,interaction,0.3539645743177485
bnp,15,log_loss,knn*xgb,interaction,0.31530098169185633
bnp,15,log_loss,rf*xgb,interaction,0.33993146831633947
bnp,15,brier,lr,linear,0.1584904849497177
bnp,15,brier,gnb,linear,0.5397215377036536
bnp,15,brier,knn,linear,0.16862038476479138
bnp,15,brier,rf,linear,0.15735733895901774
bnp,15,brier,xgb,linear,0.15480554532826377
bnp,15,brier,lr*gnb,interaction,-0.3808492415975917
bnp,15,brier,lr*knn,interaction,-0.01244101004587999
bnp,15,brier,lr*rf,interaction,-0.0057680719817086445
bnp,15,brier,lr*xgb,interaction,-0.011972346790260269
bnp,15,brier,gnb*knn,interaction,-0.38114971451242596
bnp,15,brier,gnb*rf,interaction,-0.38409861606814677
bnp,15,brier,gnb*xgb,interaction,-0.4038344622820759
bnp,15,brier,knn*rf,interaction,-0.006423834188311078
bnp,15,brier,knn*xgb,interaction,-0.021391375493568815
bnp,15,brier,rf*xgb,interaction,-0.010293503791147907
bnp,15,pr_auc,lr,linear,0.8938393993972915
bnp,15,pr_auc,gnb,linear,0.8506467423825984
bnp,15,pr_auc,knn,linear,0.8706693310673045
bnp,15,pr_auc,rf,linear,0.8966094592907832
bnp,15,pr_auc,xgb,linear,0.9003783802455031
bnp,15,pr_auc,lr*gnb,interaction,0.04025608983071066
bnp,15,pr_auc,lr*knn,interaction,0.03258862844004928
bnp,15,pr_auc,lr*rf,interaction,0.007356245858499255
bnp,15,pr_auc,lr*xgb,interaction,0.015176874798104034
bnp,15,pr_auc,gnb*knn,interaction,0.02571943502288976
bnp,15,pr_auc,gnb*rf,interaction,0.04165287686215269
bnp,15,pr_auc,gnb*xgb,interaction,0.04760894230403401
bnp,15,pr_auc,knn*rf,interaction,0.020684240877875792
bnp,15,pr_auc,knn*xgb,interaction,0.04212787048023295
bnp,15,pr_auc,rf*xgb,interaction,0.009152976269302115
bnp,16,roc_auc,lr,linear,0.7333530492409304
bnp,16,roc_auc,gnb,linear,0.6438404767091737
bnp,16,roc_auc,knn,linear,0.6823576559914658
bnp,16,roc_auc,rf,linear,0.742974137359671
bnp,16,roc_auc,xgb,linear,0.7473187926713261
bnp,16,roc_auc,lr*gnb,interaction,0.10944691035055154
bnp,16,roc_auc,lr*knn,interaction,0.0831530577770796
bnp,16,roc_auc,lr*rf,interaction,0.010833783036977906
bnp,16,roc_auc,lr*xgb,interaction,0.032785940867567254
bnp,16,roc_auc,gnb*knn,interaction,0.06325163461987171
bnp,16,roc_auc,gnb*rf,interaction,0.11498930055585688
bnp,16,roc_auc,gnb*xgb,interaction,0.12361480020300375
bnp,16,roc_auc,knn*rf,interaction,0.060568985618155935
bnp,16,roc_auc,knn*xgb,interaction,0.11011206976010318
bnp,16,roc_auc,rf*xgb,interaction,0.01831882645272831
bnp,16,log_loss,lr,linear,0.44522363242549856
bnp,16,log_loss,gnb,linear,2.9123349653226414
bnp,16,log_loss,knn,linear,0.47340243538503046
bnp,16,log_loss,rf,linear,0.4427624734293072
bnp,16,log_loss,xgb,linear,0.4342225516841922
bnp,16,log_loss,lr*gnb,interaction,-3.6845999614890044
bnp,16,log_loss,lr*knn,interaction,0.33422410180450257
bnp,16,log_loss,lr*rf,interaction,0.3491642332188081
bnp,16,log_loss,lr*xgb,interaction,0.3318966209146149
bnp,16,log_loss,gnb*knn,interaction,-3.705737615194578
bnp,16,log_loss,gnb*rf,interaction,-3.706885255228718
bnp,16,log_loss,gnb*xgb,interaction,-3.7350699400397773
bnp,16,log_loss,knn*rf,interaction,0.3512571949373916
bnp,16,log_loss,knn*xgb,interaction,0.3133127511190172
bnp,16,log_loss,rf*xgb,interaction,0.33880825537073944
bnp,16,brier,lr,linear,0.15865777168202036
bnp,16,brier,gnb,linear,0.5398902444033286
bnp,16,brier,knn,linear,0.1688800865458242
bnp,16,brier,rf,linear,0.15716151059940817
bnp,16,brier,xgb,linear,0.15452202169239568
bnp,16,brier,lr*gnb,interaction,-0.37975957885831535
bnp,16,brier,lr*knn,interaction,-0.012462796153049335
bnp,16,brier,lr*rf,interaction,-0.005778491643697897
bnp,16,brier,lr*xgb,interaction,-0.012083504625092778
bnp,16,brier,gnb*knn,interaction,-0.37968360623516184
bnp,16,brier,gnb*rf,interaction,-0.38303797969488684
bnp,16,brier,gnb*xgb,interaction,-0.4029201133442433
bnp,16,brier,knn*rf,interaction,-0.006650945559826094
bnp,16,brier,knn*xgb,interaction,-0.021467414561926704
bnp,16,brier,rf*xgb,interaction,-0.010021290013047857
bnp,16,pr_auc,lr,linear,0.8931810469055899
bnp,16,pr_auc,gnb,linear,0.8494825352492725
bnp,16,pr_auc,knn,linear,0.8697603035699532
bnp,16,pr_auc,rf,linear,0.8967519685679075
bnp,16,pr_auc,xgb,linear,0.9004082155755981
bnp,16,pr_auc,lr*gnb,interaction,0.037352709000238515
bnp,16,pr_auc,lr*knn,interaction,0.032328673922845164
bnp,16,pr_auc,lr*rf,interaction,0.006610010731551097
bnp,16,pr_auc,lr*xgb,interaction,0.01568771544548908
bnp,16,pr_auc,gnb*knn,interaction,0.023584644323107362
bnp,16,pr_auc,gnb*rf,interaction,0.03889510824729592
bnp,16,pr_auc,gnb*xgb,interaction,0.04525497133818723
bnp,16,pr_auc,knn*rf,interaction,0.021268230288243206
bnp,16,pr_auc,knn*xgb,interaction,0.04237405084067644
bnp,16,pr_auc,rf*xgb,interaction,0.008029813121886775
bnp,17,roc_auc,lr,linear,0.7345138377349206
bnp,17,roc_auc,gnb,linear,0.6448432958269472
bnp,17,roc_auc,knn,linear,0.683338377930392
bnp,17,roc_auc,rf,linear,0.7438253217223431
bnp,17,roc_auc,xgb,linear,0.7496643978849028
bnp,17,roc_auc,lr*gnb,interaction,0.11249368567534007
bnp,17,roc_auc,lr*knn,interaction,0.08526016378916121
bnp,17,roc_auc,lr*rf,interaction,0.010845051381018767
bnp,17,roc_auc,lr*xgb,interaction,0.03291659476336206
bnp,17,roc_auc,gnb*knn,interaction,0.06723293123730589
bnp,17,roc_auc,gnb*rf,interaction,0.11857473183564515
bnp,17,roc_auc,gnb*xgb,interaction,0.12732599735545636
bnp,17,roc_auc,knn*rf,interaction,0.060633701120327066
bnp,17,roc_auc,knn*xgb,interaction,0.1136464368937737
bnp,17,roc_auc,rf*xgb,interaction,0.02009771223524437
bnp,17,log_loss,lr,linear,0.4447401916566097
bnp,17,log_loss,gnb,linear,2.8907319597523085
bnp,17,log_loss,knn,linear,0.4733248925957296
bnp,17,log_loss,rf,linear,0.44319787305836134
bnp,17,log_loss,xgb,linear,0.4329284809319937
bnp,17,log_loss,lr*gnb,interaction,-3.657729715951808
bnp,17,log_loss,lr*knn,interaction,0.331101116115995
bnp,17,log_loss,lr*rf,interaction,0.3466689272572253
bnp,17,log_loss,lr*xgb,interaction,0.33008394022931664
bnp,17,log_loss,gnb*knn,interaction,-3.680207640455135
bnp,17,log_loss,gnb*rf,interaction,-3.6801478068143125
bnp,17,log_loss,gnb*xgb,interaction,-3.7079618496639073
bnp,17,log_loss,knn*rf,interaction,0.34932161660747507
bnp,17,log_loss,knn*xgb,interaction,0.31047443554951426
bnp,17,log_loss,rf*xgb,interaction,0.33578308161959036
bnp,17,brier,lr,linear,0.15846443677675293
bnp,17,brier,gnb,linear,0.5346255361721235
bnp,17,brier,knn,linear,0.16874597322753573
bnp,17,brier,rf,linear,0.15726782946576368
bnp,17,brier,xgb,linear,0.15393941066774755
bnp,17,brier,lr*gnb,interaction,-0.37570010072945115
bnp,17,brier,lr*knn,interaction,-0.012693034125003801
bnp,17,brier,lr*rf,interaction,-0.005849492387266925
bnp,17,brier,lr*xgb,interaction,-0.011915257964418557
bnp,17,brier,gnb*knn,interaction,-0.3760677489969657
bnp,17,brier,gnb*rf,interaction,-0.37885881921732567
bnp,17,brier,gnb*xgb,interaction,-0.3983665637645148
bnp,17,brier,knn*rf,interaction,-0.006468203481398177
bnp,17,brier,knn*xgb,interaction,-0.021588905642307907
bnp,17,brier,rf*xgb,interaction,-0.010298517051504863
bnp,17,pr_auc,lr,linear,0.8940007286370097
bnp,17,pr_auc,gnb,linear,0.8493201951282668
bnp,17,pr_auc,knn,linear,0.8702135034101279
bnp,17,pr_auc,rf,linear,0.8971140382600326
bnp,17,pr_auc,xgb,linear,0.9014866622134168
bnp,17,pr_auc,lr*gnb,interaction,0.040337067218722544
bnp,17,pr_auc,lr*knn,interaction,0.033770561089578044
bnp,17,pr_auc,lr*rf,interaction,0.006284694603658214
bnp,17,pr_auc,lr*xgb,interaction,0.014683911272079797
bnp,17,pr_auc,gnb*knn,interaction,0.026631087949230636
bnp,17,pr_auc,gnb*rf,interaction,0.04191298034403235
bnp,17,pr_auc,gnb*xgb,interaction,0.04857363163998629
bnp,17,pr_auc,knn*rf,interaction,0.020953478174521756
bnp,17,pr_auc,knn*xgb,interaction,0.043827086129944154
bnp,17,pr_auc,rf*xgb,interaction,0.008254261594503376
bnp,18,roc_auc,lr,linear,0.7346087812341483
bnp,18,roc_auc,gnb,linear,0.6453851945084222
bnp,18,roc_auc,knn,linear,0.6814796468598102
bnp,18,roc_auc,rf,linear,0.7427111149586112
bnp,18,roc_auc,xgb,linear,0.7484862274570248
bnp,18,roc_auc,lr*gnb,interaction,0.1047422541363523
bnp,18,roc_auc,lr*knn,interaction,0.08656065765845053
bnp,18,roc_auc,lr*rf,interaction,0.011049996129474327
bnp,18,roc_auc,lr*xgb,interaction,0.03229189991991288
bnp,18,roc_auc,gnb*knn,interaction,0.06033108484473293
bnp,18,roc_auc,gnb*rf,interaction,0.10911976464014206
bnp,18,roc_auc,gnb*xgb,interaction,0.11902975887253209
bnp,18,roc_auc,knn*rf,interaction,0.06077044795540232
bnp,18,roc_auc,knn*xgb,interaction,0.1145056737276083
bnp,18,roc_auc,rf*xgb,interaction,0.020597456121963287
bnp,18,log_loss,lr,linear,0.44574486355132653
bnp,18,log_loss,gnb,linear,2.8462170386383474
bnp,18,log_loss,knn,linear,0.4747429330152088
bnp,18,log_loss,rf,linear,0.4443227442300547
bnp,18,log_loss,xgb,linear,0.43468085312559956
bnp,18,log_loss,lr*gnb,interaction,-3.586449700761145
bnp,18,log_loss,lr*knn,interaction,0.3234250672546406
bnp,18,log_loss,lr*rf,interaction,0.33895221286243804
bnp,18,log_loss,lr*xgb,interaction,0.3223233310065231
bnp,18,log_loss,gnb*knn,interaction,-3.609939793991881
bnp,18,log_loss,gnb*rf,interaction,-3.609741732433613
bnp,18,log_loss,gnb*xgb,interaction,-3.6385481013770438
bnp,18,log_loss,knn*rf,interaction,0.341421562537932
bnp,18,log_loss,knn*xgb,interaction,0.3026855937793471
bnp,18,log_loss,rf*xgb,interaction,0.3280847022303619
bnp,18,brier,lr,linear,0.1584577120659829
bnp,18,brier,gnb,linear,0.5282546284156492
bnp,18,brier,knn,linear,0.16894562506986985
bnp,18,brier,rf,linear,0.15733200207475798
bnp,18,brier,xgb,linear,0.15427238301512977
bnp,18,brier,lr*gnb,interaction,-0.3686543264024727
bnp,18,brier,lr*knn,interaction,-0.012754868167250254
bnp,18,brier,lr*rf,interaction,-0.005813909869833739
bnp,18,brier,lr*xgb,interaction,-0.011982514757411966
bnp,18,brier,gnb*knn,interaction,-0.3692843877358658
bnp,18,brier,gnb*rf,interaction,-0.37190709113422016
bnp,18,brier,gnb*xgb,interaction,-0.39193465125978266
bnp,18,brier,knn*rf,interaction,-0.006541905331370279
bnp,18,brier,knn*xgb,interaction,-0.02164548664537784
bnp,18,brier,rf*xgb,interaction,-0.01030186902045227
bnp,18,pr_auc,lr,linear,0.893718773737033
bnp,18,pr_auc,gnb,linear,0.8497970966348731
bnp,18,pr_auc,knn,linear,0.8693589330950446
bnp,18,pr_auc,rf,linear,0.8964513530601137
bnp,18,pr_auc,xgb,linear,0.9006834591675736
bnp,18,pr_auc,lr*gnb,interaction,0.0369420746463025
bnp,18,pr_auc,lr*knn,interaction,0.033415314427345494
bnp,18,pr_auc,lr*rf,interaction,0.006935225173995585
bnp,18,pr_auc,lr*xgb,interaction,0.015319819944416668
bnp,18,pr_auc,gnb*knn,interaction,0.023859734228529383
bnp,18,pr_auc,gnb*rf,interaction,0.03810017029541979
bnp,18,pr_auc,gnb*xgb,interaction,0.04548214165511788
bnp,18,pr_auc,knn*rf,interaction,0.02152083504743718
bnp,18,pr_auc,knn*xgb,interaction,0.04419303951974726
bnp,18,pr_auc,rf*xgb,interaction,0.009310143196093357
bnp,19,roc_auc,lr,linear,0.7341240443763886
bnp,19,roc_auc,gnb,linear,0.6291499216424417
bnp,19,roc_auc,knn,linear,0.6816264685932868
bnp,19,roc_auc,rf,linear,0.7426982456442381
bnp,19,roc_auc,xgb,linear,0.7469971676379075
bnp,19,roc_auc,lr*gnb,interaction,0.16129541436312655
bnp,19,roc_auc,lr*knn,interaction,0.08643948578301422
bnp,19,roc_auc,lr*rf,interaction,0.00962409906849715
bnp,19,roc_auc,lr*xgb,interaction,0.03052490203741476
bnp,19,roc_auc,gnb*knn,interaction,0.09919639810119363
bnp,19,roc_auc,gnb*rf,interaction,0.16925679205463295
bnp,19,roc_auc,gnb*xgb,interaction,0.17826835737779045
bnp,19,roc_auc,knn*rf,interaction,0.061465616866257955
bnp,19,roc_auc,knn*xgb,interaction,0.1125075129226867
bnp,19,roc_auc,rf*xgb,interaction,0.01821188110265748
bnp,19,log_loss,lr,linear,0.43948395386399874
bnp,19,log_loss,gnb,linear,3.216271994490991
bnp,19,log_loss,knn,linear,0.4683714080628246
bnp,19,log_loss,rf,linear,0.4380768150094499
bnp,19,log_loss,xgb,linear,0.4293472698995031
bnp,19,log_loss,lr*gnb,interaction,-4.141580242191318
bnp,19,log_loss,lr*knn,interaction,0.38093811065067046
bnp,19,log_loss,lr*rf,interaction,0.3962639620057393
bnp,19,log_loss,lr*xgb,interaction,0.37965180459434544
bnp,19,log_loss,gnb*knn,interaction,-4.150131090102051
bnp,19,log_loss,gnb*rf,interaction,-4.157289990133934
bnp,19,log_loss,gnb*xgb,interaction,-4.189488610176683
bnp,19,log_loss,knn*rf,interaction,0.39838019436950917
bnp,19,log_loss,knn*xgb,interaction,0.3598656304495677
bnp,19,log_loss,rf*xgb,interaction,0.38501209010058113
bnp,19,brier,lr,linear,0.15851834888346988
bnp,19,brier,gnb,linear,0.591572582347906
bnp,19,brier,knn,linear,0.16894903709279052
bnp,19,brier,rf,linear,0.1573197552118017
bnp,19,brier,xgb,linear,0.15456460593904564
bnp,19,brier,lr*gnb,interaction,-0.43297796753969936
bnp,19,brier,lr*knn,interaction,-0.012709402170470358
bnp,19,brier,lr*rf,interaction,-0.005728898626335632
bnp,19,brier,lr*xgb,interaction,-0.01172173007741567
bnp,19,brier,gnb*knn,interaction,-0.427089990296161
bnp,19,brier,gnb*rf,interaction,-0.43359129146607955
bnp,19,brier,gnb*xgb,interaction,-0.4553937824504246
bnp,19,brier,knn*rf,interaction,-0.006521691130241952
bnp,19,brier,knn*xgb,interaction,-0.021513367388474536
bnp,19,brier,rf*xgb,interaction,-0.010111400613218913
bnp,19,pr_auc,lr,linear,0.8941206356948115
bnp,19,pr_auc,gnb,linear,0.845453947939673
bnp,19,pr_auc,knn,linear,0.8698677353722273
bnp,19,pr_auc,rf,linear,0.8966610655425646
bnp,19,pr_auc,xgb,linear,0.9002125511551993
bnp,19,pr_auc,lr*gnb,interaction,0.04945778908059445
bnp,19,pr_auc,lr*knn,interaction,0.03262107709675907
bnp,19,pr_auc,lr*rf,interaction,0.006168041147071368
bnp,19,pr_auc,lr*xgb,interaction,0.014564934523842554
bnp,19,pr_auc,gnb*knn,interaction,0.030410207496586406
bnp,19,pr_auc,gnb*rf,interaction,0.05257539755731366
bnp,19,pr_auc,gnb*xgb,interaction,0.05817247337698017
bnp,19,pr_auc,knn*rf,interaction,0.020884561066988327
bnp,19,pr_auc,knn*xgb,interaction,0.04328091443402249
bnp,19,pr_auc,rf*xgb,interaction,0.008752546870515854
bnp,20,roc_auc,lr,linear,0.7340286685189494
bnp,20,roc_auc,gnb,linear,0.6432649456453963
bnp,20,roc_auc,knn,linear,0.6822425785205031
bnp,20,roc_auc,rf,linear,0.7429261476494697
bnp,20,roc_auc,xgb,linear,0.7477633226145921
bnp,20,roc_auc,lr*gnb,interaction,0.1178720427422093
bnp,20,roc_auc,lr*knn,interaction,0.08490316433242051
bnp,20,roc_auc,lr*rf,interaction,0.009496778136225403
bnp,20,roc_auc,lr*xgb,interaction,0.031149422865975218
bnp,20,roc_auc,gnb*knn,interaction,0.07231851915184717
bnp,20,roc_auc,gnb*rf,interaction,0.12505892272049923
bnp,20,roc_auc,gnb*xgb,interaction,0.13303111298658643
bnp,20,roc_auc,knn*rf,interaction,0.06231718811446396
bnp,20,roc_auc,knn*xgb,interaction,0.11273620978698276
bnp,20,roc_auc,rf*xgb,interaction,0.01831767557739772
bnp,20,log_loss,lr,linear,0.4448416657779761
bnp,20,log_loss,gnb,linear,2.9153783293455318
bnp,20,log_loss,knn,linear,0.47327839701286534
bnp,20,log_loss,rf,linear,0.4429568724676909
bnp,20,log_loss,xgb,linear,0.433727391848412
bnp,20,log_loss,lr*gnb,interaction,-3.6961769897035746
bnp,20,log_loss,lr*knn,interaction,0.33495712934475474
bnp,20,log_loss,lr*rf,interaction,0.35088030916237556
bnp,20,log_loss,lr*xgb,interaction,0.3337879572804031
bnp,20,log_loss,gnb*knn,interaction,-3.720442032370829
bnp,20,log_loss,gnb*rf,interaction,-3.7179094517779463
bnp,20,log_loss,gnb*xgb,interaction,-3.7395039395283005
bnp,20,log_loss,knn*rf,interaction,0.35281939445948685
bnp,20,log_loss,knn*xgb,interaction,0.3143536388221566
bnp,20,log_loss,rf*xgb,interaction,0.3400239173755579
bnp,20,brier,lr,linear,0.1585578012125093
bnp,20,brier,gnb,linear,0.5384691479697479
bnp,20,brier,knn,linear,0.16886553972085444
bnp,20,brier,rf,linear,0.1572823983438997
bnp,20,brier,xgb,linear,0.15442347599335773
bnp,20,brier,lr*gnb,interaction,-0.3795196978764063
bnp,20,brier,lr*knn,interaction,-0.012561130789246071
bnp,20,brier,lr*rf,interaction,-0.005604000087316985
bnp,20,brier,lr*xgb,interaction,-0.011968997616968124
bnp,20,brier,gnb*knn,interaction,-0.3806766512393004
bnp,20,brier,gnb*rf,interaction,-0.3824771299562469
bnp,20,brier,gnb*xgb,interaction,-0.3999864327014236
bnp,20,brier,knn*rf,interaction,-0.006537463721939918
bnp,20,brier,knn*xgb,interaction,-0.021686068055624785
bnp,20,brier,rf*xgb,interaction,-0.010263849722546237
bnp,20,pr_auc,lr,linear,0.8933562251363435
bnp,20,pr_auc,gnb,linear,0.8505782132335479
bnp,20,pr_auc,knn,linear,0.8697718968943635
bnp,20,pr_auc,rf,linear,0.8964650688633764
bnp,20,pr_auc,xgb,linear,0.9005249582371244
bnp,20,pr_auc,lr*gnb,interaction,0.03986447606495702
bnp,20,pr_auc,lr*knn,interaction,0.03411884107928828
bnp,20,pr_auc,lr*rf,interaction,0.006838463135134032
bnp,20,pr_auc,lr*xgb,interaction,0.015326960294319791
bnp,20,pr_auc,gnb*knn,interaction,0.02621283030722177
bnp,20,pr_auc,gnb*rf,interaction,0.04214427404626564
bnp,20,pr_auc,gnb*xgb,interaction,0.047050895630182055
bnp,20,pr_auc,knn*rf,interaction,0.02226585177582474
bnp,20,pr_auc,knn*xgb,interaction,0.043384951480940015
bnp,20,pr_auc,rf*xgb,interaction,0.008183004071022904
bnp,21,roc_auc,lr,linear,0.7350272931939756
bnp,21,roc_auc,gnb,linear,0.625595774906507
bnp,21,roc_auc,knn,linear,0.682590015471177
bnp,21,roc_auc,rf,linear,0.7427758878618644
bnp,21,roc_auc,xgb,linear,0.7471862982778776
bnp,21,roc_auc,lr*gnb,interaction,0.17113475298759945
bnp,21,roc_auc,lr*knn,interaction,0.08658018073704574
bnp,21,roc_auc,lr*rf,interaction,0.009657418134051743
bnp,21,roc_auc,lr*xgb,interaction,0.031664210537355464
bnp,21,roc_auc,gnb*knn,interaction,0.10737721501226871
bnp,21,roc_auc,gnb*rf,interaction,0.17698303440861007
bnp,21,roc_auc,gnb*xgb,interaction,0.18889467382300773
bnp,21,roc_auc,knn*rf,interaction,0.061287225192118155
bnp,21,roc_auc,knn*xgb,interaction,0.1127500428062138
bnp,21,roc_auc,rf*xgb,interaction,0.01828565550743999
bnp,21,log_loss,lr,linear,0.4379777743592431
bnp,21,log_loss,gnb,linear,3.2773221190801523
bnp,21,log_loss,knn,linear,0.46677116603359914
bnp,21,log_loss,rf,linear,0.43687339818370075
bnp,21,log_loss,xgb,linear,0.4279843864846522
bnp,21,log_loss,lr*gnb,interaction,-4.232621942205585
bnp,21,log_loss,lr*knn,interaction,0.3898401365655354
bnp,21,log_loss,lr*rf,interaction,0.40551398902720814
bnp,21,log_loss,lr*xgb,interaction,0.38886668303507044
bnp,21,log_loss,gnb*knn,interaction,-4.240690205328072
bnp,21,log_loss,gnb*rf,interaction,-4.248380812383667
bnp,21,log_loss,gnb*xgb,interaction,-4.279550831264739
bnp,21,log_loss,knn*rf,interaction,0.4077914729741947
bnp,21,log_loss,knn*xgb,interaction,0.36924256107785713
bnp,21,log_loss,rf*xgb,interaction,0.3946135754182696
bnp,21,brier,lr,linear,0.15825153646183276
bnp,21,brier,gnb,linear,0.6014751757992874
bnp,21,brier,knn,linear,0.16873649870766785
bnp,21,brier,rf,linear,0.15722072969572576
bnp,21,brier,xgb,linear,0.15442765198052233
bnp,21,brier,lr*gnb,interaction,-0.44323210315319306
bnp,21,brier,lr*knn,interaction,-0.01275149193878626
bnp,21,brier,lr*rf,interaction,-0.0058197337240863956
bnp,21,brier,lr*xgb,interaction,-0.011993793779814577
bnp,21,brier,gnb*knn,interaction,-0.43673160253087584
bnp,21,brier,gnb*rf,interaction,-0.4437043029876311
bnp,21,brier,gnb*xgb,interaction,-0.4657389470360144
bnp,21,brier,knn*rf,interaction,-0.00656809400629621
bnp,21,brier,knn*xgb,interaction,-0.02164069634144908
bnp,21,brier,rf*xgb,interaction,-0.010196879949425863
bnp,21,pr_auc,lr,linear,0.8942130947914746
bnp,21,pr_auc,gnb,linear,0.8435932905350119
bnp,21,pr_auc,knn,linear,0.8704553175040083
bnp,21,pr_auc,rf,linear,0.8965717579375885
bnp,21,pr_auc,xgb,linear,0.9001899001079687
bnp,21,pr_auc,lr*gnb,interaction,0.051726227203961805
bnp,21,pr_auc,lr*knn,interaction,0.03366930399921331
bnp,21,pr_auc,lr*rf,interaction,0.0056877485376747305
bnp,21,pr_auc,lr*xgb,interaction,0.014195210374340572
bnp,21,pr_auc,gnb*knn,interaction,0.03192456757209383
bnp,21,pr_auc,gnb*rf,interaction,0.05365816402524648
bnp,21,pr_auc,gnb*xgb,interaction,0.059078892108411774
bnp,21,pr_auc,knn*rf,interaction,0.020904113123595636
bnp,21,pr_auc,knn*xgb,interaction,0.04304743345937201
bnp,21,pr_auc,rf*xgb,interaction,0.007992225420152987
bnp,22,roc_auc,lr,linear,0.7344224523698433
bnp,22,roc_auc,gnb,linear,0.6428730219949134
bnp,22,roc_auc,knn,linear,0.6818312228159745
bnp,22,roc_auc,rf,linear,0.74315930717021
bnp,22,roc_auc,xgb,linear,0.7468759874303972
bnp,22,roc_auc,lr*gnb,interaction,0.11365496073023368
bnp,22,roc_auc,lr*knn,interaction,0.08535822225305092
bnp,22,roc_auc,lr*rf,interaction,0.010406899852872797
bnp,22,roc_auc,lr*xgb,interaction,0.03077036218162177
bnp,22,roc_auc,gnb*knn,interaction,0.06527011153803808
bnp,22,roc_auc,gnb*rf,interaction,0.12017901393128594
bnp,22,roc_auc,gnb*xgb,interaction,0.1264943661629333
bnp,22,roc_auc,knn*rf,interaction,0.0614720798987467
bnp,22,roc_auc,knn*xgb,interaction,0.11107007342289761
bnp,22,roc_auc,rf*xgb,interaction,0.01735608613966999
bnp,22,log_loss,lr,linear,0.44433416626697575
bnp,22,log_loss,gnb,linear,2.9387000850679863
bnp,22,log_loss,knn,linear,0.4729866974086406
bnp,22,log_loss,rf,linear,0.44268539654472816
bnp,22,log_loss,xgb,linear,0.43448457096182647
bnp,22,log_loss,lr*gnb,interaction,-3.7246174640202967
bnp,22,log_loss,lr*knn,interaction,0.3379237343532169
bnp,22,log_loss,lr*rf,interaction,0.3531748247446864
bnp,22,log_loss,lr*xgb,interaction,0.33673230587228253
bnp,22,log_loss,gnb*knn,interaction,-3.7432722813935717
bnp,22,log_loss,gnb*rf,interaction,-3.7454736860001416
bnp,22,log_loss,gnb*xgb,interaction,-3.771288379524016
bnp,22,log_loss,knn*rf,interaction,0.3555940484377388
bnp,22,log_loss,knn*xgb,interaction,0.3169896241151725
bnp,22,log_loss,rf*xgb,interaction,0.34261267289926534
bnp,22,brier,lr,linear,0.15849847743824197
bnp,22,brier,gnb,linear,0.5438630937886426
bnp,22,brier,knn,linear,0.16886659809912818
bnp,22,brier,rf,linear,0.15728402526669413
bnp,22,brier,xgb,linear,0.154684681916408
bnp,22,brier,lr*gnb,interaction,-0.3836671940380283
bnp,22,brier,lr*knn,interaction,-0.012532124540522997
bnp,22,brier,lr*rf,interaction,-0.005800902552257903
bnp,22,brier,lr*xgb,interaction,-0.011828693007333857
bnp,22,brier,gnb*knn,interaction,-0.38230877704983446
bnp,22,brier,gnb*rf,interaction,-0.38635532289929986
bnp,22,brier,gnb*xgb,interaction,-0.40538759086235043
bnp,22,brier,knn*rf,interaction,-0.006576423816588517
bnp,22,brier,knn*xgb,interaction,-0.0214340961769873
bnp,22,brier,rf*xgb,interaction,-0.010002945093865234
bnp,22,pr_auc,lr,linear,0.8935603975409685
bnp,22,pr_auc,gnb,linear,0.8487118155846713
bnp,22,pr_auc,knn,linear,0.869504712118215
bnp,22,pr_auc,rf,linear,0.8963670825248158
bnp,22,pr_auc,xgb,linear,0.8997581272739367
bnp,22,pr_auc,lr*gnb,interaction,0.0394373272958195
bnp,22,pr_auc,lr*knn,interaction,0.03406132787920371
bnp,22,pr_auc,lr*rf,interaction,0.007149010240313669
bnp,22,pr_auc,lr*xgb,interaction,0.014575640399548506
bnp,22,pr_auc,gnb*knn,interaction,0.024851836180314724
bnp,22,pr_auc,gnb*rf,interaction,0.041566746726052095
bnp,22,pr_auc,gnb*xgb,interaction,0.046548589643799376
bnp,22,pr_auc,knn*rf,interaction,0.021580587254528716
bnp,22,pr_auc,knn*xgb,interaction,0.04294805216694564
bnp,22,pr_auc,rf*xgb,interaction,0.008075198003362871
bnp,23,roc_auc,lr,linear,0.7335574110055951
bnp,23,roc_auc,gnb,linear,0.6279098317197058
bnp,23,roc_auc,knn,linear,0.6794634511825112
bnp,23,roc_auc,rf,linear,0.7428257781732464
bnp,23,roc_auc,xgb,linear,0.74665903736772
bnp,23,roc_auc,lr*gnb,interaction,0.1623692570986508
bnp,23,roc_auc,lr*knn,interaction,0.08710134803789121
bnp,23,roc_auc,lr*rf,interaction,0.010160940996296497
bnp,23,roc_auc,lr*xgb,interaction,0.03491052303122766
bnp,23,roc_auc,gnb*knn,interaction,0.09827234254234285
bnp,23,roc_auc,gnb*rf,interaction,0.16876858774996717
bnp,23,roc_auc,gnb*xgb,interaction,0.18038815202536762
bnp,23,roc_auc,knn*rf,interaction,0.06427277957436739
bnp,23,roc_auc,knn*xgb,interaction,0.11750434705466832
bnp,23,roc_auc,rf*xgb,interaction,0.019484176817654575
bnp,23,log_loss,lr,linear,0.4395360729520139
bnp,23,log_loss,gnb,linear,3.2317134120345226
bnp,23,log_loss,knn,linear,0.46896038284052977
bnp,23,log_loss,rf,linear,0.43760042156632717
bnp,23,log_loss,xgb,linear,0.42916762605913167
bnp,23,log_loss,lr*gnb,interaction,-4.164523985811844
bnp,23,log_loss,lr*knn,interaction,0.38323329037947407
bnp,23,log_loss,lr*rf,interaction,0.3985963424555642
bnp,23,log_loss,lr*xgb,interaction,0.38046256117457544
bnp,23,log_loss,gnb*knn,interaction,-4.172165610828547
bnp,23,log_loss,gnb*rf,interaction,-4.181350117392548
bnp,23,log_loss,gnb*xgb,interaction,-4.213433323303894
bnp,23,log_loss,knn*rf,interaction,0.3999288615449879
bnp,23,log_loss,knn*xgb,interaction,0.36121801910094387
bnp,23,log_loss,rf*xgb,interaction,0.3873069045386961
bnp,23,brier,lr,linear,0.15857445090297545
bnp,23,brier,gnb,linear,0.5942957916017896
bnp,23,brier,knn,linear,0.1692078727561393
bnp,23,brier,rf,linear,0.1572022148006463
bnp,23,brier,xgb,linear,0.15451025190431159
bnp,23,brier,lr*gnb,interaction,-0.43552796080085504
bnp,23,brier,lr*knn,interaction,-0.012540790484246469
bnp,23,brier,lr*rf,interaction,-0.0056970711558685105
bnp,23,brier,lr*xgb,interaction,-0.012208136891298793
bnp,23,brier,gnb*knn,interaction,-0.4293169294990259
bnp,23,brier,gnb*rf,interaction,-0.43668240014809345
bnp,23,brier,gnb*xgb,interaction,-0.4585759351615286
bnp,23,brier,knn*rf,interaction,-0.006787914566299957
bnp,23,brier,knn*xgb,interaction,-0.021822793322750653
bnp,23,brier,rf*xgb,interaction,-0.01012257780917658
bnp,23,pr_auc,lr,linear,0.8935920044745067
bnp,23,pr_auc,gnb,linear,0.8449676268074734
bnp,23,pr_auc,knn,linear,0.8684416952419785
bnp,23,pr_auc,rf,linear,0.8965269367488515
bnp,23,pr_auc,xgb,linear,0.8998056375776287
bnp,23,pr_auc,lr*gnb,interaction,0.04941985784073355
bnp,23,pr_auc,lr*knn,interaction,0.034428630946438554
bnp,23,pr_auc,lr*rf,interaction,0.0066052477515662344
bnp,23,pr_auc,lr*xgb,interaction,0.0168055662365032
bnp,23,pr_auc,gnb*knn,interaction,0.02942663751890562
bnp,23,pr_auc,gnb*rf,interaction,0.05180810478230313
bnp,23,pr_auc,gnb*xgb,interaction,0.05809272976766444
bnp,23,pr_auc,knn*rf,interaction,0.022959649145939842
bnp,23,pr_auc,knn*xgb,interaction,0.045571664017586666
bnp,23,pr_auc,rf*xgb,interaction,0.0090017751928535
bnp,24,roc_auc,lr,linear,0.7358009471702317
bnp,24,roc_auc,gnb,linear,0.6440128066610716
bnp,24,roc_auc,knn,linear,0.6838796899279509
bnp,24,roc_auc,rf,linear,0.7447414203862586
bnp,24,roc_auc,xgb,linear,0.7507325065625853
bnp,24,roc_auc,lr*gnb,interaction,0.11795062770126602
bnp,24,roc_auc,lr*knn,interaction,0.08577963928297963
bnp,24,roc_auc,lr*rf,interaction,0.010462081430989367
bnp,24,roc_auc,lr*xgb,interaction,0.033484662508582064
bnp,24,roc_auc,gnb*knn,interaction,0.07089238835461087
bnp,24,roc_auc,gnb*rf,interaction,0.12393117670547216
bnp,24,roc_auc,gnb*xgb,interaction,0.1339416593002123
bnp,24,roc_auc,knn*rf,interaction,0.06166471807203888
bnp,24,roc_auc,knn*xgb,interaction,0.11530059360740659
bnp,24,roc_auc,rf*xgb,interaction,0.021103819877453578
bnp,24,log_loss,lr,linear,0.44397614480140213
bnp,24,log_loss,gnb,linear,2.9081717010423405
bnp,24,log_loss,knn,linear,0.47304350164954373
bnp,24,log_loss,rf,linear,0.4422245997942599
bnp,24,log_loss,xgb,linear,0.43209908473964054
bnp,24,log_loss,lr*gnb,interaction,-3.6836705328300883
bnp,24,log_loss,lr*knn,interaction,0.3334141189748371
bnp,24,log_loss,lr*rf,interaction,0.34915210195641233
bnp,24,log_loss,lr*xgb,interaction,0.33146053670535747
bnp,24,log_loss,gnb*knn,interaction,-3.704046715576641
bnp,24,log_loss,gnb*rf,interaction,-3.7063333284271884
bnp,24,log_loss,gnb*xgb,interaction,-3.7386316694669954
bnp,24,log_loss,knn*rf,interaction,0.3515829500236699
bnp,24,log_loss,knn*xgb,interaction,0.312022719552163
bnp,24,log_loss,rf*xgb,interaction,0.3378542692872375
bnp,24,brier,lr,linear,0.15809597797353353
bnp,24,brier,gnb,linear,0.537613963479068
bnp,24,brier,knn,linear,0.16871323823649612
bnp,24,brier,rf,linear,0.15695652156792642
bnp,24,brier,xgb,linear,0.15369180656462955
bnp,24,brier,lr*gnb,interaction,-0.3787763053608083
bnp,24,brier,lr*knn,interaction,-0.012779741275484105
bnp,24,brier,lr*rf,interaction,-0.005724412993832195
bnp,24,brier,lr*xgb,interaction,-0.01212755749929234
bnp,24,brier,gnb*knn,interaction,-0.378153410120011
bnp,24,brier,gnb*rf,interaction,-0.38202112877672667
bnp,24,brier,gnb*xgb,interaction,-0.40344871231664614
bnp,24,brier,knn*rf,interaction,-0.006629616183502884
bnp,24,brier,knn*xgb,interaction,-0.021999353397654256
bnp,24,brier,rf*xgb,interaction,-0.010433355419838142
bnp,24,pr_auc,lr,linear,0.8937777150872738
bnp,24,pr_auc,gnb,linear,0.8497539176629016
bnp,24,pr_auc,knn,linear,0.8700445837143245
bnp,24,pr_auc,rf,linear,0.8970782691357222
bnp,24,pr_auc,xgb,linear,0.9015457014589956
bnp,24,pr_auc,lr*gnb,interaction,0.040535353175438604
bnp,24,pr_auc,lr*knn,interaction,0.03363503523401862
bnp,24,pr_auc,lr*rf,interaction,0.007292895091277063
bnp,24,pr_auc,lr*xgb,interaction,0.016842566135436776
bnp,24,pr_auc,gnb*knn,interaction,0.026768877763348353
bnp,24,pr_auc,gnb*rf,interaction,0.04284141847502343
bnp,24,pr_auc,gnb*xgb,interaction,0.04951126660005922
bnp,24,pr_auc,knn*rf,interaction,0.021521372723417587
bnp,24,pr_auc,knn*xgb,interaction,0.04480905903576554
bnp,24,pr_auc,rf*xgb,interaction,0.009593656822301622
bnp,25,roc_auc,lr,linear,0.7336866220961303
bnp,25,roc_auc,gnb,linear,0.6425731131750115
bnp,25,roc_auc,knn,linear,0.6800258743963377
bnp,25,roc_auc,rf,linear,0.7426858334374702
bnp,25,roc_auc,xgb,linear,0.7467533072847994
bnp,25,roc_auc,lr*gnb,interaction,0.11085186405635006
bnp,25,roc_auc,lr*knn,interaction,0.08831542881860166
bnp,25,roc_auc,lr*rf,interaction,0.011279723706145828
bnp,25,roc_auc,lr*xgb,interaction,0.034277690037930464
bnp,25,roc_auc,gnb*knn,interaction,0.061161224159133276
bnp,25,roc_auc,gnb*rf,interaction,0.11496377917685852
bnp,25,roc_auc,gnb*xgb,interaction,0.12461561319738523
bnp,25,roc_auc,knn*rf,interaction,0.06313565649234976
bnp,25,roc_auc,knn*xgb,interaction,0.11633564551951062
bnp,25,roc_auc,rf*xgb,interaction,0.020704647185686653
bnp,25,log_loss,lr,linear,0.44510868461754893
bnp,25,log_loss,gnb,linear,2.894605863943522
bnp,25,log_loss,knn,linear,0.4745388560137265
bnp,25,log_loss,rf,linear,0.4438681036185169
bnp,25,log_loss,xgb,linear,0.43453125367781364
bnp,25,log_loss,lr*gnb,interaction,-3.6613294907599574
bnp,25,log_loss,lr*knn,interaction,0.3312433233489986
bnp,25,log_loss,lr*rf,interaction,0.3468082534283542
bnp,25,log_loss,lr*xgb,interaction,0.32891216473461027
bnp,25,log_loss,gnb*knn,interaction,-3.683174697950726
bnp,25,log_loss,gnb*rf,interaction,-3.6826678150639713
bnp,25,log_loss,gnb*xgb,interaction,-3.715051502305119
bnp,25,log_loss,knn*rf,interaction,0.3494880703847998
bnp,25,log_loss,knn*xgb,interaction,0.3093996783982107
bnp,25,log_loss,rf*xgb,interaction,0.3348438660843729
bnp,25,brier,lr,linear,0.1585501938113224
bnp,25,brier,gnb,linear,0.5360715052413464
bnp,25,brier,knn,linear,0.16921371716951442
bnp,25,brier,rf,linear,0.15745545727882815
bnp,25,brier,xgb,linear,0.15443342648286895
bnp,25,brier,lr*gnb,interaction,-0.37658192522286393
bnp,25,brier,lr*knn,interaction,-0.012676926694432527
bnp,25,brier,lr*rf,interaction,-0.0057816506555476155
bnp,25,brier,lr*xgb,interaction,-0.01228403875522277
bnp,25,brier,gnb*knn,interaction,-0.3767140237507173
bnp,25,brier,gnb*rf,interaction,-0.3793493383298955
bnp,25,brier,gnb*xgb,interaction,-0.4007765772708417
bnp,25,brier,knn*rf,interaction,-0.006419893831617368
bnp,25,brier,knn*xgb,interaction,-0.021997310049692298
bnp,25,brier,rf*xgb,interaction,-0.010615832254465496
bnp,25,pr_auc,lr,linear,0.8934297731427527
bnp,25,pr_auc,gnb,linear,0.8495394409484706
bnp,25,pr_auc,knn,linear,0.8688469622323972
bnp,25,pr_auc,rf,linear,0.8960333768683846
bnp,25,pr_auc,xgb,linear,0.9000689939283262
bnp,25,pr_auc,lr*gnb,interaction,0.03779374198249619
bnp,25,pr_auc,lr*knn,interaction,0.03476821039871347
bnp,25,pr_auc,lr*rf,interaction,0.007326015487668647
bnp,25,pr_auc,lr*xgb,interaction,0.016139118011067932
bnp,25,pr_auc,gnb*knn,interaction,0.023514276422684777
bnp,25,pr_auc,gnb*rf,interaction,0.03892953443097036
bnp,25,pr_auc,gnb*xgb,interaction,0.04574266832171692
bnp,25,pr_auc,knn*rf,interaction,0.021984848808445534
bnp,25,pr_auc,knn*xgb,interaction,0.044218118015262875
bnp,25,pr_auc,rf*xgb,interaction,0.009038328937482465
bnp,26,roc_auc,lr,linear,0.7328639070614196
bnp,26,roc_auc,gnb,linear,0.6271918584700213
bnp,26,roc_auc,knn,linear,0.679261562433437
bnp,26,roc_auc,rf,linear,0.7419013349630066
bnp,26,roc_auc,xgb,linear,0.7450100447798036
bnp,26,roc_auc,lr*gnb,interaction,0.16315696119627587
bnp,26,roc_auc,lr*knn,interaction,0.08854458222222769
bnp,26,roc_auc,lr*rf,interaction,0.011639343014670955
bnp,26,roc_auc,lr*xgb,interaction,0.03358498946034927
bnp,26,roc_auc,gnb*knn,interaction,0.10032652609401937
bnp,26,roc_auc,gnb*rf,interaction,0.17008973776973368
bnp,26,roc_auc,gnb*xgb,interaction,0.18133726622739732
bnp,26,roc_auc,knn*rf,interaction,0.06331623509129236
bnp,26,roc_auc,knn*xgb,interaction,0.11571394221875508
bnp,26,roc_auc,rf*xgb,interaction,0.019572996406583165
bnp,26,log_loss,lr,linear,0.4399080692444957
bnp,26,log_loss,gnb,linear,3.2445149644321734
bnp,26,log_loss,knn,linear,0.4687631855492923
bnp,26,log_loss,rf,linear,0.4380903673668526
bnp,26,log_loss,xgb,linear,0.4300327378132185
bnp,26,log_loss,lr*gnb,interaction,-4.182232304943803
bnp,26,log_loss,lr*knn,interaction,0.38482152833188255
bnp,26,log_loss,lr*rf,interaction,0.3999066580643801
bnp,26,log_loss,lr*xgb,interaction,0.38306248988450187
bnp,26,log_loss,gnb*knn,interaction,-4.192867676380815
bnp,26,log_loss,gnb*rf,interaction,-4.200400633026155
bnp,26,log_loss,gnb*xgb,interaction,-4.2347836900919935
bnp,26,log_loss,knn*rf,interaction,0.40243758295599874
bnp,26,log_loss,knn*xgb,interaction,0.36391774102025404
bnp,26,log_loss,rf*xgb,interaction,0.3890006455747572
bnp,26,brier,lr,linear,0.15875320070359908
bnp,26,brier,gnb,linear,0.5965186773237281
bnp,26,brier,knn,linear,0.16920510673946024
bnp,26,brier,rf,linear,0.15747511149168625
bnp,26,brier,xgb,linear,0.1550037608200375
bnp,26,brier,lr*gnb,interaction,-0.4375993792413183
bnp,26,brier,lr*knn,interaction,-0.012683231806230447
bnp,26,brier,lr*rf,interaction,-0.005873663748238583
bnp,26,brier,lr*xgb,interaction,-0.012143438955685981
bnp,26,brier,gnb*knn,interaction,-0.43223885236338033
bnp,26,brier,gnb*rf,interaction,-0.439129599458723
bnp,26,brier,gnb*xgb,interaction,-0.4623109666010492
bnp,26,brier,knn*rf,interaction,-0.006549501868539032
bnp,26,brier,knn*xgb,interaction,-0.021628475757302146
bnp,26,brier,rf*xgb,interaction,-0.010271315625848265
bnp,26,pr_auc,lr,linear,0.8930734829535699
bnp,26,pr_auc,gnb,linear,0.8433366996776568
bnp,26,pr_auc,knn,linear,0.8683494374003298
bnp,26,pr_auc,rf,linear,0.8962729649466854
bnp,26,pr_auc,xgb,linear,0.8993720881580176
bnp,26,pr_auc,lr*gnb,interaction,0.051707882389971094
bnp,26,pr_auc,lr*knn,interaction,0.0345821154874264
bnp,26,pr_auc,lr*rf,interaction,0.007322796740187543
bnp,26,pr_auc,lr*xgb,interaction,0.015376107476220646
bnp,26,pr_auc,gnb*knn,interaction,0.03274445188809194
bnp,26,pr_auc,gnb*rf,interaction,0.05405035897047605
bnp,26,pr_auc,gnb*xgb,interaction,0.05972098317691554
bnp,26,pr_auc,knn*rf,interaction,0.022466425182331662
bnp,26,pr_auc,knn*xgb,interaction,0.04444469691889516
bnp,26,pr_auc,rf*xgb,interaction,0.008957732099085902
bnp,27,roc_auc,lr,linear,0.735369487966827
bnp,27,roc_auc,gnb,linear,0.6452057335260515
bnp,27,roc_auc,knn,linear,0.6822448072055803
bnp,27,roc_auc,rf,linear,0.7435975405197347
bnp,27,roc_auc,xgb,linear,0.7475471875791412
bnp,27,roc_auc,lr*gnb,interaction,0.1159757897851309
bnp,27,roc_auc,lr*knn,interaction,0.08788348272242771
bnp,27,roc_auc,lr*rf,interaction,0.01033535069039404
bnp,27,roc_auc,lr*xgb,interaction,0.03211737689311911
bnp,27,roc_auc,gnb*knn,interaction,0.06671470811143942
bnp,27,roc_auc,gnb*rf,interaction,0.1203672045759916
bnp,27,roc_auc,gnb*xgb,interaction,0.12700497916047448
bnp,27,roc_auc,knn*rf,interaction,0.06311581458962046
bnp,27,roc_auc,knn*xgb,interaction,0.1128750780960473
bnp,27,roc_auc,rf*xgb,interaction,0.019105530447890207
bnp,27,log_loss,lr,linear,0.4442231432256556
bnp,27,log_loss,gnb,linear,2.9035141293036433
bnp,27,log_loss,knn,linear,0.4736892139921748
bnp,27,log_loss,rf,linear,0.4429943194942735
bnp,27,log_loss,xgb,linear,0.4343736243157992
bnp,27,log_loss,lr*gnb,interaction,-3.6752585717705366
bnp,27,log_loss,lr*knn,interaction,0.3319653040270741
bnp,27,log_loss,lr*rf,interaction,0.34828784146193315
bnp,27,log_loss,lr*xgb,interaction,0.3310099078066806
bnp,27,log_loss,gnb*knn,interaction,-3.6956262452105317
bnp,27,log_loss,gnb*rf,interaction,-3.697112459198371
bnp,27,log_loss,gnb*xgb,interaction,-3.727095860151846
bnp,27,log_loss,knn*rf,interaction,0.3501320328997174
bnp,27,log_loss,knn*xgb,interaction,0.3108369616251435
bnp,27,log_loss,rf*xgb,interaction,0.3366361098505757
bnp,27,brier,lr,linear,0.15820918055237532
bnp,27,brier,gnb,linear,0.5380738864601639
bnp,27,brier,knn,linear,0.16894604738457253
bnp,27,brier,rf,linear,0.15722372665914303
bnp,27,brier,xgb,linear,0.15445152915962665
bnp,27,brier,lr*gnb,interaction,-0.37938309968761263
bnp,27,brier,lr*knn,interaction,-0.012811613022414615
bnp,27,brier,lr*rf,interaction,-0.005640969858312306
bnp,27,brier,lr*xgb,interaction,-0.011947561656299788
bnp,27,brier,gnb*knn,interaction,-0.37870533669707174
bnp,27,brier,gnb*rf,interaction,-0.38240502984079316
bnp,27,brier,gnb*xgb,interaction,-0.4031229191391495
bnp,27,brier,knn*rf,interaction,-0.006597736971320767
bnp,27,brier,knn*xgb,interaction,-0.02177993762797019
bnp,27,brier,rf*xgb,interaction,-0.010294097340420638
bnp,27,pr_auc,lr,linear,0.89393814172654
bnp,27,pr_auc,gnb,linear,0.8498098646793725
bnp,27,pr_auc,knn,linear,0.8699603493518439
bnp,27,pr_auc,rf,linear,0.8969085596429337
bnp,27,pr_auc,xgb,linear,0.900281125281609
bnp,27,pr_auc,lr*gnb,interaction,0.04100465289934829
bnp,27,pr_auc,lr*knn,interaction,0.03423183205441138
bnp,27,pr_auc,lr*rf,interaction,0.006642788233465646
bnp,27,pr_auc,lr*xgb,interaction,0.015083857778327658
bnp,27,pr_auc,gnb*knn,interaction,0.02635890245987005
bnp,27,pr_auc,gnb*rf,interaction,0.04211955932104017
bnp,27,pr_auc,gnb*xgb,interaction,0.04763697932181421
bnp,27,pr_auc,knn*rf,interaction,0.02195205783081766
bnp,27,pr_auc,knn*xgb,interaction,0.043034675193606015
bnp,27,pr_auc,rf*xgb,interaction,0.00856072276566966
bnp,28,roc_auc,lr,linear,0.7334594796438815
bnp,28,roc_auc,gnb,linear,0.6446901083059748
bnp,28,roc_auc,knn,linear,0.6810468832145278
bnp,28,roc_auc,rf,linear,0.7422462731790698
bnp,28,roc_auc,xgb,linear,0.7462009343687109
bnp,28,roc_auc,lr*gnb,interaction,0.10388379065046743
bnp,28,roc_auc,lr*knn,interaction,0.08534064683352807
bnp,28,roc_auc,lr*rf,interaction,0.011108139503379633
bnp,28,roc_auc,lr*xgb,interaction,0.0329135251077024
bnp,28,roc_auc,gnb*knn,interaction,0.05751881356231037
bnp,28,roc_auc,gnb*rf,interaction,0.10904205808498457
bnp,28,roc_auc,gnb*xgb,interaction,0.11523177982011434
bnp,28,roc_auc,knn*rf,interaction,0.06283693746406982
bnp,28,roc_auc,knn*xgb,interaction,0.11185267479868988
bnp,28,roc_auc,rf*xgb,interaction,0.01883317084787972
bnp,28,log_loss,lr,linear,0.44710272361596215
bnp,28,log_loss,gnb,linear,2.8226408324023406
bnp,28,log_loss,knn,linear,0.4757036000044805
bnp,28,log_loss,rf,linear,0.44503425663959684
bnp,28,log_loss,xgb,linear,0.43684835624921103
bnp,28,log_loss,lr*gnb,interaction,-3.5484996263939457
bnp,28,log_loss,lr*knn,interaction,0.3198973319383026
bnp,28,log_loss,lr*rf,interaction,0.3350944302387038
bnp,28,log_loss,lr*xgb,interaction,0.31756365395199637
bnp,28,log_loss,gnb*knn,interaction,-3.574582997921968
bnp,28,log_loss,gnb*rf,interaction,-3.5724094737000907
bnp,28,log_loss,gnb*xgb,interaction,-3.5992761587435482
bnp,28,log_loss,knn*rf,interaction,0.33727003454266546
bnp,28,log_loss,knn*xgb,interaction,0.2986567223738088
bnp,28,log_loss,rf*xgb,interaction,0.32436556165913677
bnp,28,brier,lr,linear,0.15869244619028638
bnp,28,brier,gnb,linear,0.524693012882261
bnp,28,brier,knn,linear,0.16915075327271284
bnp,28,brier,rf,linear,0.1574143982194314
bnp,28,brier,xgb,linear,0.15487204540021285
bnp,28,brier,lr*gnb,interaction,-0.3644734167514777
bnp,28,brier,lr*knn,interaction,-0.01245834856054897
bnp,28,brier,lr*rf,interaction,-0.005733462549693619
bnp,28,brier,lr*xgb,interaction,-0.012059322156944718
bnp,28,brier,gnb*knn,interaction,-0.3664328108531354
bnp,28,brier,gnb*rf,interaction,-0.368327023064718
bnp,28,brier,gnb*xgb,interaction,-0.38769720880741787
bnp,28,brier,knn*rf,interaction,-0.006653260153690804
bnp,28,brier,knn*xgb,interaction,-0.021595837769491213
bnp,28,brier,rf*xgb,interaction,-0.010138489795585182
bnp,28,pr_auc,lr,linear,0.8926010013208854
bnp,28,pr_auc,gnb,linear,0.8502367499829981
bnp,28,pr_auc,knn,linear,0.8689346252480112
bnp,28,pr_auc,rf,linear,0.8959261041755324
bnp,28,pr_auc,xgb,linear,0.8995305822012167
bnp,28,pr_auc,lr*gnb,interaction,0.035105929449211315
bnp,28,pr_auc,lr*knn,interaction,0.033694572941553924
bnp,28,pr_auc,lr*rf,interaction,0.00763385563983765
bnp,28,pr_auc,lr*xgb,interaction,0.016504562926267452
bnp,28,pr_auc,gnb*knn,interaction,0.020729771543961384
bnp,28,pr_auc,gnb*rf,interaction,0.036387968890011946
bnp,28,pr_auc,gnb*xgb,interaction,0.041978133621611846
bnp,28,pr_auc,knn*rf,interaction,0.021753993208132538
bnp,28,pr_auc,knn*xgb,interaction,0.04335243950822054
bnp,28,pr_auc,rf*xgb,interaction,0.009078170176406886
bnp,29,roc_auc,lr,linear,0.7359444250685233
bnp,29,roc_auc,gnb,linear,0.6461639469198335
bnp,29,roc_auc,knn,linear,0.6840437829903738
bnp,29,roc_auc,rf,linear,0.7444607231943418
bnp,29,roc_auc,xgb,linear,0.7494879633985316
bnp,29,roc_auc,lr*gnb,interaction,0.11092792048210887
bnp,29,roc_auc,lr*knn,interaction,0.0854733590783891
bnp,29,roc_auc,lr*rf,interaction,0.011802594950598766
bnp,29,roc_auc,lr*xgb,interaction,0.03397611250263011
bnp,29,roc_auc,gnb*knn,interaction,0.06406974050311343
bnp,29,roc_auc,gnb*rf,interaction,0.11345425370970597
bnp,29,roc_auc,gnb*xgb,interaction,0.12425017555090778
bnp,29,roc_auc,knn*rf,interaction,0.06135868806528899
bnp,29,roc_auc,knn*xgb,interaction,0.11370597497059172
bnp,29,roc_auc,rf*xgb,interaction,0.020321212966387225
bnp,29,log_loss,lr,linear,0.44484170040360366
bnp,29,log_loss,gnb,linear,2.850993889480255
bnp,29,log_loss,knn,linear,0.47388711553743607
bnp,29,log_loss,rf,linear,0.44318440987456564
bnp,29,log_loss,xgb,linear,0.4339357011946636
bnp,29,log_loss,lr*gnb,interaction,-3.596237476625502
bnp,29,log_loss,lr*knn,interaction,0.32449646983824976
bnp,29,log_loss,lr*rf,interaction,0.33992286444487907
bnp,29,log_loss,lr*xgb,interaction,0.3224175550363665
bnp,29,log_loss,gnb*knn,interaction,-3.620246594097096
bnp,29,log_loss,gnb*rf,interaction,-3.620621905079916
bnp,29,log_loss,gnb*xgb,interaction,-3.645869070944025
bnp,29,log_loss,knn*rf,interaction,0.3423705955083929
bnp,29,log_loss,knn*xgb,interaction,0.3027034223292997
bnp,29,log_loss,rf*xgb,interaction,0.32877678709244895
bnp,29,brier,lr,linear,0.15805937188168656
bnp,29,brier,gnb,linear,0.5283955026920559
bnp,29,brier,knn,linear,0.16862133271059243
bnp,29,brier,rf,linear,0.15695441572469288
bnp,29,brier,xgb,linear,0.15392092162189125
bnp,29,brier,lr*gnb,interaction,-0.36968182746295647
bnp,29,brier,lr*knn,interaction,-0.012668442671996877
bnp,29,brier,lr*rf,interaction,-0.005841255089086117
bnp,29,brier,lr*xgb,interaction,-0.012219848735944006
bnp,29,brier,gnb*knn,interaction,-0.3703406106017876
bnp,29,brier,gnb*rf,interaction,-0.3732956598053876
bnp,29,brier,gnb*xgb,interaction,-0.39200933574712415
bnp,29,brier,knn*rf,interaction,-0.006643833856565806
bnp,29,brier,knn*xgb,interaction,-0.02201254116751461
bnp,29,brier,rf*xgb,interaction,-0.010419315026053422
bnp,29,pr_auc,lr,linear,0.8939045048630809
bnp,29,pr_auc,gnb,linear,0.8507342859717465
bnp,29,pr_auc,knn,linear,0.8703129795521525
bnp,29,pr_auc,rf,linear,0.897031178867008
bnp,29,pr_auc,xgb,linear,0.9007789822462173
bnp,29,pr_auc,lr*gnb,interaction,0.038130970398061126
bnp,29,pr_auc,lr*knn,interaction,0.0333249439567726
bnp,29,pr_auc,lr*rf,interaction,0.007596183447901139
bnp,29,pr_auc,lr*xgb,interaction,0.016293522994198062
bnp,29,pr_auc,gnb*knn,interaction,0.023282269916802267
bnp,29,pr_auc,gnb*rf,interaction,0.03877296605652425
bnp,29,pr_auc,gnb*xgb,interaction,0.046351337858269615
bnp,29,pr_auc,knn*rf,interaction,0.02133037598150289
bnp,29,pr_auc,knn*xgb,interaction,0.043913503405827364
bnp,29,pr_auc,rf*xgb,interaction,0.009291012726831749
porto,0,roc_auc,lr,linear,0.6198703850321918
porto,0,roc_auc,gnb,linear,0.5917210550763169
porto,0,roc_auc,knn,linear,0.5662307240339023
porto,0,roc_auc,rf,linear,0.6150701113937711
porto,0,roc_auc,xgb,linear,0.5839031909733436
porto,0,roc_auc,lr*gnb,interaction,0.013259894710684728
porto,0,roc_auc,lr*knn,interaction,0.06519280432612773
porto,0,roc_auc,lr*rf,interaction,0.02165705543451446
porto,0,roc_auc,lr*xgb,interaction,0.04623661574445592
porto,0,roc_auc,gnb*knn,interaction,0.08408544740755697
porto,0,roc_auc,gnb*rf,interaction,0.02476158309302412
porto,0,roc_auc,gnb*xgb,interaction,0.06422759238346809
porto,0,roc_auc,knn*rf,interaction,0.054863826411340355
porto,0,roc_auc,knn*xgb,interaction,0.06705317931748096
porto,0,roc_auc,rf*xgb,interaction,0.04304685022652466
porto,0,log_loss,lr,linear,0.13550364475051768
porto,0,log_loss,gnb,linear,1.4644459569598063
porto,0,log_loss,knn,linear,0.14252819455331073
porto,0,log_loss,rf,linear,0.13591779404252197
porto,0,log_loss,xgb,linear,0.1413835815851664
porto,0,log_loss,lr*gnb,interaction,-1.7901662031902177
porto,0,log_loss,lr*knn,interaction,0.15478758466551923
porto,0,log_loss,lr*rf,interaction,0.1650022386435775
porto,0,log_loss,lr*xgb,interaction,0.15792707038445758
porto,0,log_loss,gnb*knn,interaction,-1.8107657327620108
porto,0,log_loss,gnb*rf,interaction,-1.7964618494440319
porto,0,log_loss,gnb*xgb,interaction,-1.8029678430470464
porto,0,log_loss,knn*rf,interaction,0.15551024252417095
porto,0,log_loss,knn*xgb,interaction,0.15192550544842917
porto,0,log_loss,rf*xgb,interaction,0.15797880422108945
porto,0,brier,lr,linear,0.034839296663053805
porto,0,brier,gnb,linear,0.30532231301086643
porto,0,brier,knn,linear,0.035190960025080535
porto,0,brier,rf,linear,0.034880017282397716
porto,0,brier,xgb,linear,0.03537271257719595
porto,0,brier,lr*gnb,interaction,-0.269744728619606
porto,0,brier,lr*knn,interaction,-0.000502908906844372
porto,0,brier,lr*rf,interaction,-0.00016183305805782255
porto,0,brier,lr*xgb,interaction,-0.0006690683886544369
porto,0,brier,gnb*knn,interaction,-0.27707565190846567
porto,0,brier,gnb*rf,interaction,-0.2714741809435816
porto,0,brier,gnb*xgb,interaction,-0.27466597657174074
porto,0,brier,knn*rf,interaction,-0.0003949748922903902
porto,0,brier,knn*xgb,interaction,-0.0008990920623799734
porto,0,brier,rf*xgb,interaction,-0.0006306480317846974
porto,0,pr_auc,lr,linear,0.06136801196142734
porto,0,pr_auc,gnb,linear,0.05069842117902541
porto,0,pr_auc,knn,linear,0.047376623875718823
porto,0,pr_auc,rf,linear,0.058772963099736786
porto,0,pr_auc,xgb,linear,0.0502153447708518
porto,0,pr_auc,lr*gnb,interaction,0.016347447478496476
porto,0,pr_auc,lr*knn,interaction,0.020745826432929434
porto,0,pr_auc,lr*rf,interaction,0.010736866115460049
porto,0,pr_auc,lr*xgb,interaction,0.008034488949755267
porto,0,pr_auc,gnb*knn,interaction,0.01876951280004585
porto,0,pr_auc,gnb*rf,interaction,0.01443492457072238
porto,0,pr_auc,gnb*xgb,interaction,0.016819649494198334
porto,0,pr_auc,knn*rf,interaction,0.010532350836832807
porto,0,pr_auc,knn*xgb,interaction,0.01625349528916272
porto,0,pr_auc,rf*xgb,interaction,0.004502880321882924
porto,1,roc_auc,lr,linear,0.6246714853926543
porto,1,roc_auc,gnb,linear,0.5911758140773791
porto,1,roc_auc,knn,linear,0.565278435996404
porto,1,roc_auc,rf,linear,0.6172388858171542
porto,1,roc_auc,xgb,linear,0.5866526374316607
porto,1,roc_auc,lr*gnb,interaction,0.00010631537953698089
porto,1,roc_auc,lr*knn,interaction,0.05949854983370456
porto,1,roc_auc,lr*rf,interaction,0.01834079163871516
porto,1,roc_auc,lr*xgb,interaction,0.04233443212926602
porto,1,roc_auc,gnb*knn,interaction,0.07091833936137304
porto,1,roc_auc,gnb*rf,interaction,0.004823896040411557
porto,1,roc_auc,gnb*xgb,interaction,0.04911777323202371
porto,1,roc_auc,knn*rf,interaction,0.04690351719677499
porto,1,roc_auc,knn*xgb,interaction,0.05986496151729409
porto,1,roc_auc,rf*xgb,interaction,0.038547618156663965
porto,1,log_loss,lr,linear,0.1327270359819191
porto,1,log_loss,gnb,linear,1.6537404251696721
porto,1,log_loss,knn,linear,0.14035005908221201
porto,1,log_loss,rf,linear,0.13330887787350773
porto,1,log_loss,xgb,linear,0.1384705462446515
porto,1,log_loss,lr*gnb,interaction,-2.0383018512712887
porto,1,log_loss,lr*knn,interaction,0.1780372179131773
porto,1,log_loss,lr*rf,interaction,0.18856622682034757
porto,1,log_loss,lr*xgb,interaction,0.1815873006999278
porto,1,log_loss,gnb*knn,interaction,-2.0607862278851665
porto,1,log_loss,gnb*rf,interaction,-2.0441625797665877
porto,1,log_loss,gnb*xgb,interaction,-2.0526693224939474
porto,1,log_loss,knn*rf,interaction,0.17881491844271213
porto,1,log_loss,knn*xgb,interaction,0.17522963753251342
porto,1,log_loss,rf*xgb,interaction,0.18157172016070133
porto,1,brier,lr,linear,0.03482259282466509
porto,1,brier,gnb,linear,0.3483599932703064
porto,1,brier,knn,linear,0.035212591768884284
porto,1,brier,rf,linear,0.03487262960797896
porto,1,brier,xgb,linear,0.035313467714591346
porto,1,brier,lr*gnb,interaction,-0.3122906613015537
porto,1,brier,lr*knn,interaction,-0.0005071984076313917
porto,1,brier,lr*rf,interaction,-0.00016011920747287245
porto,1,brier,lr*xgb,interaction,-0.0006575199387115482
porto,1,brier,gnb*knn,interaction,-0.32014150939348407
porto,1,brier,gnb*rf,interaction,-0.3139901806259884
porto,1,brier,gnb*xgb,interaction,-0.31789006876892506
porto,1,brier,knn*rf,interaction,-0.0003959543668992406
porto,1,brier,knn*xgb,interaction,-0.0008882270073904269
porto,1,brier,rf*xgb,interaction,-0.0006186888561005022
porto,1,pr_auc,lr,linear,0.062195685232682735
porto,1,pr_auc,gnb,linear,0.04962899117274586
porto,1,pr_auc,knn,linear,0.046042359876072296
porto,1,pr_auc,rf,linear,0.05890079565090159
porto,1,pr_auc,xgb,linear,0.05130299998217318
porto,1,pr_auc,lr*gnb,interaction,0.01809754714769793
porto,1,pr_auc,lr*knn,interaction,0.02071590093327064
porto,1,pr_auc,lr*rf,interaction,0.010955286028339152
porto,1,pr_auc,lr*xgb,interaction,0.010425196376722484
porto,1,pr_auc,gnb*knn,interaction,0.01632195209148013
porto,1,pr_auc,gnb*rf,interaction,0.012083965871078683
porto,1,pr_auc,gnb*xgb,interaction,0.01765564676526543
porto,1,pr_auc,knn*rf,interaction,0.010103289900477347
porto,1,pr_auc,knn*xgb,interaction,0.0199959966002231
porto,1,pr_auc,rf*xgb,interaction,0.00758281418010881
porto,2,roc_auc,lr,linear,0.6273305955923107
porto,2,roc_auc,gnb,linear,0.5947817888068271
porto,2,roc_auc,knn,linear,0.5674845018601333
porto,2,roc_auc,rf,linear,0.6201906777822717
porto,2,roc_auc,xgb,linear,0.5943393664345742
porto,2,roc_auc,lr*gnb,interaction,0.0034938012561129272
porto,2,roc_auc,lr*knn,interaction,0.060567573951611886
porto,2,roc_auc,lr*rf,interaction,0.0217176862030658
porto,2,roc_auc,lr*xgb,interaction,0.0436527220485835
porto,2,roc_auc,gnb*knn,interaction,0.08017088473316458
porto,2,roc_auc,gnb*rf,interaction,0.013437975048983919
porto,2,roc_auc,gnb*xgb,interaction,0.052496433804665954
porto,2,roc_auc,knn*rf,interaction,0.05131615552430446
porto,2,roc_auc,knn*xgb,interaction,0.06286548442193016
porto,2,roc_auc,rf*xgb,interaction,0.042441036545776356
porto,2,log_loss,lr,linear,0.1336760757631709
porto,2,log_loss,gnb,linear,1.5780916647504983
porto,2,log_loss,knn,linear,0.14108103788415566
porto,2,log_loss,rf,linear,0.1341747079266799
porto,2,log_loss,xgb,linear,0.13919587601383152
porto,2,log_loss,lr*gnb,interaction,-1.9417800193121697
porto,2,log_loss,lr*knn,interaction,0.16896735008686004
porto,2,log_loss,lr*rf,interaction,0.17898006063545197
porto,2,log_loss,lr*xgb,interaction,0.17206003863861696
porto,2,log_loss,gnb*knn,interaction,-1.9645577183367906
porto,2,log_loss,gnb*rf,interaction,-1.948089095327215
porto,2,log_loss,gnb*xgb,interaction,-1.9560618477050657
porto,2,log_loss,knn*rf,interaction,0.16979270479193176
porto,2,log_loss,knn*xgb,interaction,0.16586218705435177
porto,2,log_loss,rf*xgb,interaction,0.172211233931587
porto,2,brier,lr,linear,0.034827916883359046
porto,2,brier,gnb,linear,0.3307621107028534
porto,2,brier,knn,linear,0.03520087089855075
porto,2,brier,rf,linear,0.03486217534161947
porto,2,brier,xgb,linear,0.035332417023355274
porto,2,brier,lr*gnb,interaction,-0.2951609124160503
porto,2,brier,lr*knn,interaction,-0.0005178053069650962
porto,2,brier,lr*rf,interaction,-0.00017758420825682297
porto,2,brier,lr*xgb,interaction,-0.0007044963488121447
porto,2,brier,gnb*knn,interaction,-0.3031120659145217
porto,2,brier,gnb*rf,interaction,-0.29703235844199505
porto,2,brier,gnb*xgb,interaction,-0.3007062518948771
porto,2,brier,knn*rf,interaction,-0.0003949624068520681
porto,2,brier,knn*xgb,interaction,-0.0009257509200625708
porto,2,brier,rf*xgb,interaction,-0.0006564904319773246
porto,2,pr_auc,lr,linear,0.06192228826383539
porto,2,pr_auc,gnb,linear,0.05029055361598983
porto,2,pr_auc,knn,linear,0.046707720680589065
porto,2,pr_auc,rf,linear,0.05940169509493938
porto,2,pr_auc,xgb,linear,0.051945768153911526
porto,2,pr_auc,lr*gnb,interaction,0.016309383547924126
porto,2,pr_auc,lr*knn,interaction,0.020812230685763385
porto,2,pr_auc,lr*rf,interaction,0.010665303833311268
porto,2,pr_auc,lr*xgb,interaction,0.010068565147078282
porto,2,pr_auc,gnb*knn,interaction,0.01629728426184443
porto,2,pr_auc,gnb*rf,interaction,0.012395563094162926
porto,2,pr_auc,gnb*xgb,interaction,0.017429077690302164
porto,2,pr_auc,knn*rf,interaction,0.009497079334635214
porto,2,pr_auc,knn*xgb,interaction,0.018326535401214702
porto,2,pr_auc,rf*xgb,interaction,0.006679297107630766
porto,3,roc_auc,lr,linear,0.6272022210961807
porto,3,roc_auc,gnb,linear,0.5971149066405667
porto,3,roc_auc,knn,linear,0.5713867689635695
porto,3,roc_auc,rf,linear,0.6207002930269723
porto,3,roc_auc,xgb,linear,0.593567458981879
porto,3,roc_auc,lr*gnb,interaction,-0.012854737790923942
porto,3,roc_auc,lr*knn,interaction,0.06193647959447121
porto,3,roc_auc,lr*rf,interaction,0.0161473975555555
porto,3,roc_auc,lr*xgb,interaction,0.039927469262866944
porto,3,roc_auc,gnb*knn,interaction,0.054573108601275955
porto,3,roc_auc,gnb*rf,interaction,-0.005187810221470857
porto,3,roc_auc,gnb*xgb,interaction,0.033798193206451166
porto,3,roc_auc,knn*rf,interaction,0.05126621194189329
porto,3,roc_auc,knn*xgb,interaction,0.07124287504895627
porto,3,roc_auc,rf*xgb,interaction,0.038881358543710665
porto,3,log_loss,lr,linear,0.1329127030134034
porto,3,log_loss,gnb,linear,1.6489303822884909
porto,3,log_loss,knn,linear,0.14037622718335985
porto,3,log_loss,rf,linear,0.1333713711104728
porto,3,log_loss,xgb,linear,0.1384082549253159
porto,3,log_loss,lr*gnb,interaction,-2.0247525630730294
porto,3,log_loss,lr*knn,interaction,0.1755751820037282
porto,3,log_loss,lr*rf,interaction,0.1863532040639701
porto,3,log_loss,lr*xgb,interaction,0.17945900414899507
porto,3,log_loss,gnb*knn,interaction,-2.0469837716895114
porto,3,log_loss,gnb*rf,interaction,-2.0304252798737004
porto,3,log_loss,gnb*xgb,interaction,-2.0385724079912477
porto,3,log_loss,knn*rf,interaction,0.17634250950570293
porto,3,log_loss,knn*xgb,interaction,0.17240844773758437
porto,3,log_loss,rf*xgb,interaction,0.17943128113162254
porto,3,brier,lr,linear,0.03482538260425741
porto,3,brier,gnb,linear,0.35025067513750985
porto,3,brier,knn,linear,0.03518676800536694
porto,3,brier,rf,linear,0.0348635163823592
porto,3,brier,xgb,linear,0.03532887197446809
porto,3,brier,lr*gnb,interaction,-0.3142048603742824
porto,3,brier,lr*knn,interaction,-0.0005211557189369427
porto,3,brier,lr*rf,interaction,-0.00017209208510125806
porto,3,brier,lr*xgb,interaction,-0.0006885186415148542
porto,3,brier,gnb*knn,interaction,-0.32227442880241297
porto,3,brier,gnb*rf,interaction,-0.31579909524247424
porto,3,brier,gnb*xgb,interaction,-0.31965595210237385
porto,3,brier,knn*rf,interaction,-0.00040041900254702764
porto,3,brier,knn*xgb,interaction,-0.0009282922214449013
porto,3,brier,rf*xgb,interaction,-0.0006490335037604156
porto,3,pr_auc,lr,linear,0.06214035472566995
porto,3,pr_auc,gnb,linear,0.05104182975379263
porto,3,pr_auc,knn,linear,0.04705112935849704
porto,3,pr_auc,rf,linear,0.0593853665107075
porto,3,pr_auc,xgb,linear,0.05209882721617979
porto,3,pr_auc,lr*gnb,interaction,0.015247198275910152
porto,3,pr_auc,lr*knn,interaction,0.020203343097011987
porto,3,pr_auc,lr*rf,interaction,0.01062238486517049
porto,3,pr_auc,lr*xgb,interaction,0.009139667164451429
porto,3,pr_auc,gnb*knn,interaction,0.01483821709463748
porto,3,pr_auc,gnb*rf,interaction,0.010973677571857215
porto,3,pr_auc,gnb*xgb,interaction,0.013947777219824674
porto,3,pr_auc,knn*rf,interaction,0.009389324498305901
porto,3,pr_auc,knn*xgb,interaction,0.017647563568665498
porto,3,pr_auc,rf*xgb,interaction,0.005539505633489483
porto,4,roc_auc,lr,linear,0.627293351907735
porto,4,roc_auc,gnb,linear,0.5965004074824293
porto,4,roc_auc,knn,linear,0.572104397655471
porto,4,roc_auc,rf,linear,0.6238967760853171
porto,4,roc_auc,xgb,linear,0.5935016385849172
porto,4,roc_auc,lr*gnb,interaction,0.002515929433508368
porto,4,roc_auc,lr*knn,interaction,0.06581062406899393
porto,4,roc_auc,lr*rf,interaction,0.019166225421903715
porto,4,roc_auc,lr*xgb,interaction,0.04695212713558283
porto,4,roc_auc,gnb*knn,interaction,0.07446686939497238
porto,4,roc_auc,gnb*rf,interaction,0.004529431172558329
porto,4,roc_auc,gnb*xgb,interaction,0.04949252839644103
porto,4,roc_auc,knn*rf,interaction,0.05342989736166237
porto,4,roc_auc,knn*xgb,interaction,0.07254025990876008
porto,4,roc_auc,rf*xgb,interaction,0.04185175593458279
porto,4,log_loss,lr,linear,0.13462623541104268
porto,4,log_loss,gnb,linear,1.503189214825338
porto,4,log_loss,knn,linear,0.14192024803969078
porto,4,log_loss,rf,linear,0.13496779879697762
porto,4,log_loss,xgb,linear,0.14012312995941803
porto,4,log_loss,lr*gnb,interaction,-1.840886559578885
porto,4,log_loss,lr*knn,interaction,0.15893521837314833
porto,4,log_loss,lr*rf,interaction,0.16941091817446452
porto,4,log_loss,lr*xgb,interaction,0.16235810553326407
porto,4,log_loss,gnb*knn,interaction,-1.863032783104785
porto,4,log_loss,gnb*rf,interaction,-1.8477572887987725
porto,4,log_loss,gnb*xgb,interaction,-1.8543479334907658
porto,4,log_loss,knn*rf,interaction,0.15969142430464126
porto,4,log_loss,knn*xgb,interaction,0.15552860040532057
porto,4,log_loss,rf*xgb,interaction,0.1624284525557692
porto,4,brier,lr,linear,0.03480703345403587
porto,4,brier,gnb,linear,0.31456417930992897
porto,4,brier,knn,linear,0.03517111991111425
porto,4,brier,rf,linear,0.03483925221378799
porto,4,brier,xgb,linear,0.035307842072852993
porto,4,brier,lr*gnb,interaction,-0.27917902580340836
porto,4,brier,lr*knn,interaction,-0.0005196043903773146
porto,4,brier,lr*rf,interaction,-0.00017518214429532164
porto,4,brier,lr*xgb,interaction,-0.0007063103582975738
porto,4,brier,gnb*knn,interaction,-0.28706543374375926
porto,4,brier,gnb*rf,interaction,-0.2810985653958731
porto,4,brier,gnb*xgb,interaction,-0.2845561709110885
porto,4,brier,knn*rf,interaction,-0.00039763062643453223
porto,4,brier,knn*xgb,interaction,-0.0009287294556923134
porto,4,brier,rf*xgb,interaction,-0.0006597258265057526
porto,4,pr_auc,lr,linear,0.06314378861443208
porto,4,pr_auc,gnb,linear,0.05141724166340472
porto,4,pr_auc,knn,linear,0.047716059667466816
porto,4,pr_auc,rf,linear,0.060813227540615813
porto,4,pr_auc,xgb,linear,0.05276412823011143
porto,4,pr_auc,lr*gnb,interaction,0.018197622039444233
porto,4,pr_auc,lr*knn,interaction,0.023113555445269916
porto,4,pr_auc,lr*rf,interaction,0.011958016228656693
porto,4,pr_auc,lr*xgb,interaction,0.010906277963701722
porto,4,pr_auc,gnb*knn,interaction,0.01812068421609289
porto,4,pr_auc,gnb*rf,interaction,0.011611050390088681
porto,4,pr_auc,gnb*xgb,interaction,0.018849736931218664
porto,4,pr_auc,knn*rf,interaction,0.011755469114746508
porto,4,pr_auc,knn*xgb,interaction,0.019690644908431976
porto,4,pr_auc,rf*xgb,interaction,0.007393047744956666
porto,5,roc_auc,lr,linear,0.6260335465389536
porto,5,roc_auc,gnb,linear,0.5957138503024554
porto,5,roc_auc,knn,linear,0.5697620585121784
porto,5,roc_auc,rf,linear,0.6261096545766296
porto,5,roc_auc,xgb,linear,0.5971218574867129
porto,5,roc_auc,lr*gnb,interaction,-0.0034145995750201608
porto,5,roc_auc,lr*knn,interaction,0.0626334408988797
porto,5,roc_auc,lr*rf,interaction,0.019440437473786543
porto,5,roc_auc,lr*xgb,interaction,0.04637430863844261
porto,5,roc_auc,gnb*knn,interaction,0.06373907600243234
porto,5,roc_auc,gnb*rf,interaction,0.0033886037029793314
porto,5,roc_auc,gnb*xgb,interaction,0.044700770173405346
porto,5,roc_auc,knn*rf,interaction,0.05128923816622677
porto,5,roc_auc,knn*xgb,interaction,0.06576606097336801
porto,5,roc_auc,rf*xgb,interaction,0.04290952485718158
porto,5,log_loss,lr,linear,0.13419291547791953
porto,5,log_loss,gnb,linear,1.5505972590917498
porto,5,log_loss,knn,linear,0.14140547814933613
porto,5,log_loss,rf,linear,0.13432662861783992
porto,5,log_loss,xgb,linear,0.13941286263102604
porto,5,log_loss,lr*gnb,interaction,-1.8985104217310242
porto,5,log_loss,lr*knn,interaction,0.16445538168008805
porto,5,log_loss,lr*rf,interaction,0.1745558495495374
porto,5,log_loss,lr*xgb,interaction,0.16761109629981463
porto,5,log_loss,gnb*knn,interaction,-1.919930379226012
porto,5,log_loss,gnb*rf,interaction,-1.9050521794581723
porto,5,log_loss,gnb*xgb,interaction,-1.9125034767867977
porto,5,log_loss,knn*rf,interaction,0.16521438428524293
porto,5,log_loss,knn*xgb,interaction,0.16154295018819506
porto,5,log_loss,rf*xgb,interaction,0.16761558673254573
porto,5,brier,lr,linear,0.034834198686892276
porto,5,brier,gnb,linear,0.3266239469152372
porto,5,brier,knn,linear,0.03518612607045613
porto,5,brier,rf,linear,0.03483705083645717
porto,5,brier,xgb,linear,0.03532976376307362
porto,5,brier,lr*gnb,interaction,-0.2909513161596765
porto,5,brier,lr*knn,interaction,-0.0005157101413924654
porto,5,brier,lr*rf,interaction,-0.0001708759627830625
porto,5,brier,lr*xgb,interaction,-0.0007066271682619613
porto,5,brier,gnb*knn,interaction,-0.29874824812721484
porto,5,brier,gnb*rf,interaction,-0.29279517629925866
porto,5,brier,gnb*xgb,interaction,-0.296402425597849
porto,5,brier,knn*rf,interaction,-0.00039794151358718555
porto,5,brier,knn*xgb,interaction,-0.0009247439611379873
porto,5,brier,rf*xgb,interaction,-0.0006546210576340861
porto,5,pr_auc,lr,linear,0.061675032356213286
porto,5,pr_auc,gnb,linear,0.05093553741397195
porto,5,pr_auc,knn,linear,0.047280896396660506
porto,5,pr_auc,rf,linear,0.060689897059740136
porto,5,pr_auc,xgb,linear,0.052462547884195604
porto,5,pr_auc,lr*gnb,interaction,0.011972361323720575
porto,5,pr_auc,lr*knn,interaction,0.019220367884555084
porto,5,pr_auc,lr*rf,interaction,0.008860155035176301
porto,5,pr_auc,lr*xgb,interaction,0.009070043448004786
porto,5,pr_auc,gnb*knn,interaction,0.015210813312236227
porto,5,pr_auc,gnb*rf,interaction,0.009984361602338052
porto,5,pr_auc,gnb*xgb,interaction,0.016434306528456927
porto,5,pr_auc,knn*rf,interaction,0.01096529691877074
porto,5,pr_auc,knn*xgb,interaction,0.01731739312220005
porto,5,pr_auc,rf*xgb,interaction,0.005219770995168543
porto,6,roc_auc,lr,linear,0.6238259401599671
porto,6,roc_auc,gnb,linear,0.5961039419052261
porto,6,roc_auc,knn,linear,0.5695306362271886
porto,6,roc_auc,rf,linear,0.6185008988942465
porto,6,roc_auc,xgb,linear,0.5891557252153503
porto,6,roc_auc,lr*gnb,interaction,-0.0005892725931034848
porto,6,roc_auc,lr*knn,interaction,0.060346517112911224
porto,6,roc_auc,lr*rf,interaction,0.02291920508572265
porto,6,roc_auc,lr*xgb,interaction,0.05008004084637385
porto,6,roc_auc,gnb*knn,interaction,0.07302482880617145
porto,6,roc_auc,gnb*rf,interaction,0.012263062164145078
porto,6,roc_auc,gnb*xgb,interaction,0.05238856916534662
porto,6,roc_auc,knn*rf,interaction,0.05140396741740394
porto,6,roc_auc,knn*xgb,interaction,0.06495542022973161
porto,6,roc_auc,rf*xgb,interaction,0.04310802341879816
porto,6,log_loss,lr,linear,0.13429748435968897
porto,6,log_loss,gnb,linear,1.5431822486232738
porto,6,log_loss,knn,linear,0.14164851158589112
porto,6,log_loss,rf,linear,0.13469474881227722
porto,6,log_loss,xgb,linear,0.1399464929685767
porto,6,log_loss,lr*gnb,interaction,-1.8962694854862716
porto,6,log_loss,lr*knn,interaction,0.16470077812137002
porto,6,log_loss,lr*rf,interaction,0.175068952485546
porto,6,log_loss,lr*xgb,interaction,0.1680113739182464
porto,6,log_loss,gnb*knn,interaction,-1.918967828119658
porto,6,log_loss,gnb*rf,interaction,-1.9024739936494344
porto,6,log_loss,gnb*xgb,interaction,-1.9106202529341831
porto,6,log_loss,knn*rf,interaction,0.16523582096438616
porto,6,log_loss,knn*xgb,interaction,0.16173205283277103
porto,6,log_loss,rf*xgb,interaction,0.16822853199874
porto,6,brier,lr,linear,0.034839873796266824
porto,6,brier,gnb,linear,0.3221669808480999
porto,6,brier,knn,linear,0.03519592623424289
porto,6,brier,rf,linear,0.034870906950477294
porto,6,brier,xgb,linear,0.03536960787512059
porto,6,brier,lr*gnb,interaction,-0.2865818324014277
porto,6,brier,lr*knn,interaction,-0.0005020789474908468
porto,6,brier,lr*rf,interaction,-0.00016615780862652696
porto,6,brier,lr*xgb,interaction,-0.0006830148382896695
porto,6,brier,gnb*knn,interaction,-0.29426139582826916
porto,6,brier,gnb*rf,interaction,-0.2881263983499383
porto,6,brier,gnb*xgb,interaction,-0.2917918175292481
porto,6,brier,knn*rf,interaction,-0.0003965840663593609
porto,6,brier,knn*xgb,interaction,-0.0009007017590612898
porto,6,brier,rf*xgb,interaction,-0.000634530659406024
porto,6,pr_auc,lr,linear,0.06145652934420895
porto,6,pr_auc,gnb,linear,0.050888175060826324
porto,6,pr_auc,knn,linear,0.04697931243248663
porto,6,pr_auc,rf,linear,0.05902881342745306
porto,6,pr_auc,xgb,linear,0.05080092976873299
porto,6,pr_auc,lr*gnb,interaction,0.013811587957896169
porto,6,pr_auc,lr*knn,interaction,0.017795136133810237
porto,6,pr_auc,lr*rf,interaction,0.008675393191082445
porto,6,pr_auc,lr*xgb,interaction,0.00636187679039199
porto,6,pr_auc,gnb*knn,interaction,0.016828111330306483
porto,6,pr_auc,gnb*rf,interaction,0.0106873210666584
porto,6,pr_auc,gnb*xgb,interaction,0.012650262247721089
porto,6,pr_auc,knn*rf,interaction,0.009673899477651807
porto,6,pr_auc,knn*xgb,interaction,0.014999963878224403
porto,6,pr_auc,rf*xgb,interaction,0.003298951923514676
porto,7,roc_auc,lr,linear,0.6236599488730984
porto,7,roc_auc,gnb,linear,0.5944634052903431
porto,7,roc_auc,knn,linear,0.5674041201729864
porto,7,roc_auc,rf,linear,0.619649520734452
porto,7,roc_auc,xgb,linear,0.5959080861183312
porto,7,roc_auc,lr*gnb,interaction,-0.00025197704945978394
porto,7,roc_auc,lr*knn,interaction,0.062293963450619105
porto,7,roc_auc,lr*rf,interaction,0.02115934433241018
porto,7,roc_auc,lr*xgb,interaction,0.04576426070109474
porto,7,roc_auc,gnb*knn,interaction,0.07045223133157696
porto,7,roc_auc,gnb*rf,interaction,0.0069176877711778495
porto,7,roc_auc,gnb*xgb,interaction,0.046187721134315574
porto,7,roc_auc,knn*rf,interaction,0.054095759375438535
porto,7,roc_auc,knn*xgb,interaction,0.0721932308952775
porto,7,roc_auc,rf*xgb,interaction,0.043285576817948535
porto,7,log_loss,lr,linear,0.13462601296304427
porto,7,log_loss,gnb,linear,1.5208638042063305
porto,7,log_loss,knn,linear,0.14204747121978328
porto,7,log_loss,rf,linear,0.13499062209353732
porto,7,log_loss,xgb,linear,0.13964799259607008
porto,7,log_loss,lr*gnb,interaction,-1.8637139464947075
porto,7,log_loss,lr*knn,interaction,0.16123047161595483
porto,7,log_loss,lr*rf,interaction,0.1717090505250572
porto,7,log_loss,lr*xgb,interaction,0.16485038957656517
porto,7,log_loss,gnb*knn,interaction,-1.8849532369549227
porto,7,log_loss,gnb*rf,interaction,-1.8697685777046003
porto,7,log_loss,gnb*xgb,interaction,-1.876728257694927
porto,7,log_loss,knn*rf,interaction,0.16204087270467782
porto,7,log_loss,knn*xgb,interaction,0.1583433848126995
porto,7,log_loss,rf*xgb,interaction,0.16487581438383614
porto,7,brier,lr,linear,0.034835570535491654
porto,7,brier,gnb,linear,0.31838221736435884
porto,7,brier,knn,linear,0.03519632022594502
porto,7,brier,rf,linear,0.03487078838901056
porto,7,brier,xgb,linear,0.035281586712848756
porto,7,brier,lr*gnb,interaction,-0.28273835542446957
porto,7,brier,lr*knn,interaction,-0.000511329903059667
porto,7,brier,lr*rf,interaction,-0.0001692634427491041
porto,7,brier,lr*xgb,interaction,-0.0006897709054604767
porto,7,brier,gnb*knn,interaction,-0.2902891455996357
porto,7,brier,gnb*rf,interaction,-0.2844756408660468
porto,7,brier,gnb*xgb,interaction,-0.28808416452616126
porto,7,brier,knn*rf,interaction,-0.00039703819201181156
porto,7,brier,knn*xgb,interaction,-0.0009075603890455128
porto,7,brier,rf*xgb,interaction,-0.0006384497791627197
porto,7,pr_auc,lr,linear,0.06151319483982583
porto,7,pr_auc,gnb,linear,0.0507769262048214
porto,7,pr_auc,knn,linear,0.04676328671434923
porto,7,pr_auc,rf,linear,0.058553978023402745
porto,7,pr_auc,xgb,linear,0.05275147900692841
porto,7,pr_auc,lr*gnb,interaction,0.014786659782255084
porto,7,pr_auc,lr*knn,interaction,0.021377478009455417
porto,7,pr_auc,lr*rf,interaction,0.011588598824642235
porto,7,pr_auc,lr*xgb,interaction,0.012647492353093426
porto,7,pr_auc,gnb*knn,interaction,0.014981280427732113
porto,7,pr_auc,gnb*rf,interaction,0.008998512046668045
porto,7,pr_auc,gnb*xgb,interaction,0.018511463251936672
porto,7,pr_auc,knn*rf,interaction,0.010389237116401537
porto,7,pr_auc,knn*xgb,interaction,0.020544623333678545
porto,7,pr_auc,rf*xgb,interaction,0.009554133350942684
porto,8,roc_auc,lr,linear,0.6203585458511452
porto,8,roc_auc,gnb,linear,0.5916116054401674
porto,8,roc_auc,knn,linear,0.567172306708982
porto,8,roc_auc,rf,linear,0.6169055788268505
porto,8,roc_auc,xgb,linear,0.5913934848171043
porto,8,roc_auc,lr*gnb,interaction,0.003119833661922311
porto,8,roc_auc,lr*knn,interaction,0.059171398607069686
porto,8,roc_auc,lr*rf,interaction,0.019037246938550245
porto,8,roc_auc,lr*xgb,interaction,0.04465115297068445
porto,8,roc_auc,gnb*knn,interaction,0.06630554706160519
porto,8,roc_auc,gnb*rf,interaction,0.007814280777747817
porto,8,roc_auc,gnb*xgb,interaction,0.04755230517905218
porto,8,roc_auc,knn*rf,interaction,0.04974888188006321
porto,8,roc_auc,knn*xgb,interaction,0.06615019154983431
porto,8,roc_auc,rf*xgb,interaction,0.04068317852597181
porto,8,log_loss,lr,linear,0.13568867795214892
porto,8,log_loss,gnb,linear,1.4601996669254897
porto,8,log_loss,knn,linear,0.14291741153927318
porto,8,log_loss,rf,linear,0.1360016138077325
porto,8,log_loss,xgb,linear,0.1409771296940713
porto,8,log_loss,lr*gnb,interaction,-1.780613624004556
porto,8,log_loss,lr*knn,interaction,0.1533552206527908
porto,8,log_loss,lr*rf,interaction,0.1637559690506401
porto,8,log_loss,lr*xgb,interaction,0.15679850838464038
porto,8,log_loss,gnb*knn,interaction,-1.7993635657583327
porto,8,log_loss,gnb*rf,interaction,-1.7860121250602448
porto,8,log_loss,gnb*xgb,interaction,-1.7929734154896542
porto,8,log_loss,knn*rf,interaction,0.15406028401570618
porto,8,log_loss,knn*xgb,interaction,0.15050354867297341
porto,8,log_loss,rf*xgb,interaction,0.1568239266901914
porto,8,brier,lr,linear,0.03484733787063987
porto,8,brier,gnb,linear,0.3053146698129389
porto,8,brier,knn,linear,0.035205504366734336
porto,8,brier,rf,linear,0.03487652110648254
porto,8,brier,xgb,linear,0.03534856262094817
porto,8,brier,lr*gnb,interaction,-0.26970705283374047
porto,8,brier,lr*knn,interaction,-0.0005002202551026651
porto,8,brier,lr*rf,interaction,-0.00015717126771314094
porto,8,brier,lr*xgb,interaction,-0.0006796056748718665
porto,8,brier,gnb*knn,interaction,-0.27675496760866874
porto,8,brier,gnb*rf,interaction,-0.27122637002516625
porto,8,brier,gnb*xgb,interaction,-0.27476617513009416
porto,8,brier,knn*rf,interaction,-0.00039578321016279366
porto,8,brier,knn*xgb,interaction,-0.0008990961779056852
porto,8,brier,rf*xgb,interaction,-0.0006323081310451728
porto,8,pr_auc,lr,linear,0.06112675610919317
porto,8,pr_auc,gnb,linear,0.050545551661186246
porto,8,pr_auc,knn,linear,0.04644466953661966
porto,8,pr_auc,rf,linear,0.058830870763146914
porto,8,pr_auc,xgb,linear,0.05110720808743825
porto,8,pr_auc,lr*gnb,interaction,0.014787205645530689
porto,8,pr_auc,lr*knn,interaction,0.019031927150035485
porto,8,pr_auc,lr*rf,interaction,0.009881414416621062
porto,8,pr_auc,lr*xgb,interaction,0.007582698540725616
porto,8,pr_auc,gnb*knn,interaction,0.014944310739384375
porto,8,pr_auc,gnb*rf,interaction,0.010857924283590961
porto,8,pr_auc,gnb*xgb,interaction,0.013773215041183923
porto,8,pr_auc,knn*rf,interaction,0.008721742817119113
porto,8,pr_auc,knn*xgb,interaction,0.016195851714015375
porto,8,pr_auc,rf*xgb,interaction,0.004231914997626374
porto,9,roc_auc,lr,linear,0.6270026446565534
porto,9,roc_auc,gnb,linear,0.5976744875309878
porto,9,roc_auc,knn,linear,0.5706646265558639
porto,9,roc_auc,rf,linear,0.6218976690785476
porto,9,roc_auc,xgb,linear,0.5919729845503214
porto,9,roc_auc,lr*gnb,interaction,-5.609529727002016e-06
porto,9,roc_auc,lr*knn,interaction,0.06645398714374232
porto,9,roc_auc,lr*rf,interaction,0.021401299554065
porto,9,roc_auc,lr*xgb,interaction,0.046732015106598856
porto,9,roc_auc,gnb*knn,interaction,0.07633024184966253
porto,9,roc_auc,gnb*rf,interaction,0.008683938862275142
porto,9,roc_auc,gnb*xgb,interaction,0.05182497350761106
porto,9,roc_auc,knn*rf,interaction,0.055190749123707805
porto,9,roc_auc,knn*xgb,interaction,0.07321382867378902
porto,9,roc_auc,rf*xgb,interaction,0.04126542240993647
porto,9,log_loss,lr,linear,0.13338896285346574
porto,9,log_loss,gnb,linear,1.5950661186513064
porto,9,log_loss,knn,linear,0.14028902548804864
porto,9,log_loss,rf,linear,0.13382478281911572
porto,9,log_loss,xgb,linear,0.1390035620247415
porto,9,log_loss,lr*gnb,interaction,-1.964222417014971
porto,9,log_loss,lr*knn,interaction,0.17188975969565823
porto,9,log_loss,lr*rf,interaction,0.18153067941202328
porto,9,log_loss,lr*xgb,interaction,0.17463372990566028
porto,9,log_loss,gnb*knn,interaction,-1.9871573093680108
porto,9,log_loss,gnb*rf,interaction,-1.970733562680861
porto,9,log_loss,gnb*xgb,interaction,-1.9784229242324192
porto,9,log_loss,knn*rf,interaction,0.17261635188397492
porto,9,log_loss,knn*xgb,interaction,0.16861396377196558
porto,9,log_loss,rf*xgb,interaction,0.1747621458930001
porto,9,brier,lr,linear,0.034826084889704685
porto,9,brier,gnb,linear,0.33430911441068534
porto,9,brier,knn,linear,0.03519468972712233
porto,9,brier,rf,linear,0.03486154183949767
porto,9,brier,xgb,linear,0.035347477388434786
porto,9,brier,lr*gnb,interaction,-0.29849657312859207
porto,9,brier,lr*knn,interaction,-0.000505282098766882
porto,9,brier,lr*rf,interaction,-0.0001623144909370794
porto,9,brier,lr*xgb,interaction,-0.0006693382831026162
porto,9,brier,gnb*knn,interaction,-0.3064570892859581
porto,9,brier,gnb*rf,interaction,-0.30034771565600155
porto,9,brier,gnb*xgb,interaction,-0.30398790673986265
porto,9,brier,knn*rf,interaction,-0.00039531537977946507
porto,9,brier,knn*xgb,interaction,-0.0008941575495404752
porto,9,brier,rf*xgb,interaction,-0.0006279531841310582
porto,9,pr_auc,lr,linear,0.061918908219396634
porto,9,pr_auc,gnb,linear,0.05124027646419465
porto,9,pr_auc,knn,linear,0.04640792870399557
porto,9,pr_auc,rf,linear,0.058907274157920506
porto,9,pr_auc,xgb,linear,0.051257441487969554
porto,9,pr_auc,lr*gnb,interaction,0.014196117889074156
porto,9,pr_auc,lr*knn,interaction,0.017131034099719764
porto,9,pr_auc,lr*rf,interaction,0.00889715873101183
porto,9,pr_auc,lr*xgb,interaction,0.0072954185792673265
porto,9,pr_auc,gnb*knn,interaction,0.017558848442590064
porto,9,pr_auc,gnb*rf,interaction,0.010791057188236572
porto,9,pr_auc,gnb*xgb,interaction,0.015233523556183001
porto,9,pr_auc,knn*rf,interaction,0.009434635070430658
porto,9,pr_auc,knn*xgb,interaction,0.015652198280245663
porto,9,pr_auc,rf*xgb,interaction,0.005560888809352849
porto,10,roc_auc,lr,linear,0.6269415267268343
porto,10,roc_auc,gnb,linear,0.5937361237943618
porto,10,roc_auc,knn,linear,0.5712489177988018
porto,10,roc_auc,rf,linear,0.622248058669759
porto,10,roc_auc,xgb,linear,0.5935998825570185
porto,10,roc_auc,lr*gnb,interaction,-0.0020625188637420355
porto,10,roc_auc,lr*knn,interaction,0.05975864323496802
porto,10,roc_auc,lr*rf,interaction,0.020059169513451547
porto,10,roc_auc,lr*xgb,interaction,0.04272832778043534
porto,10,roc_auc,gnb*knn,interaction,0.06265522199239659
porto,10,roc_auc,gnb*rf,interaction,0.005283263343479838
porto,10,roc_auc,gnb*xgb,interaction,0.041879146415445656
porto,10,roc_auc,knn*rf,interaction,0.04665711089864122
porto,10,roc_auc,knn*xgb,interaction,0.06812713649965792
porto,10,roc_auc,rf*xgb,interaction,0.03862508625517336
porto,10,log_loss,lr,linear,0.13099397447780167
porto,10,log_loss,gnb,linear,1.7742922495686078
porto,10,log_loss,knn,linear,0.13828102974020373
porto,10,log_loss,rf,linear,0.13138706165608832
porto,10,log_loss,xgb,linear,0.13656586310837707
porto,10,log_loss,lr*gnb,interaction,-2.2054273799727597
porto,10,log_loss,lr*knn,interaction,0.19390303826609012
porto,10,log_loss,lr*rf,interaction,0.20400578016490117
porto,10,log_loss,lr*xgb,interaction,0.19720122930235118
porto,10,log_loss,gnb*knn,interaction,-2.2276098027648414
porto,10,log_loss,gnb*rf,interaction,-2.211453358163671
porto,10,log_loss,gnb*xgb,interaction,-2.22065459852052
porto,10,log_loss,knn*rf,interaction,0.194566896610021
porto,10,log_loss,knn*xgb,interaction,0.19075454041223688
porto,10,log_loss,rf*xgb,interaction,0.1972893548828084
porto,10,brier,lr,linear,0.034823200605198376
porto,10,brier,gnb,linear,0.37299584009334835
porto,10,brier,knn,linear,0.03519489064427823
porto,10,brier,rf,linear,0.03485970451052503
porto,10,brier,xgb,linear,0.035342195834488804
porto,10,brier,lr*gnb,interaction,-0.33738324216297966
porto,10,brier,lr*knn,interaction,-0.0005150968175241929
porto,10,brier,lr*rf,interaction,-0.0001727355436182132
porto,10,brier,lr*xgb,interaction,-0.0006821476474593857
porto,10,brier,gnb*knn,interaction,-0.3455021771405729
porto,10,brier,gnb*rf,interaction,-0.33904116332444484
porto,10,brier,gnb*xgb,interaction,-0.3429462396032842
porto,10,brier,knn*rf,interaction,-0.00039557026284091704
porto,10,brier,knn*xgb,interaction,-0.0009082951273209072
porto,10,brier,rf*xgb,interaction,-0.0006371796160050958
porto,10,pr_auc,lr,linear,0.062281116709983764
porto,10,pr_auc,gnb,linear,0.05075383708632755
porto,10,pr_auc,knn,linear,0.04647374864885388
porto,10,pr_auc,rf,linear,0.05919306056870614
porto,10,pr_auc,xgb,linear,0.051342467809699345
porto,10,pr_auc,lr*gnb,interaction,0.017312721923760172
porto,10,pr_auc,lr*knn,interaction,0.020278145434350886
porto,10,pr_auc,lr*rf,interaction,0.010713841739738807
porto,10,pr_auc,lr*xgb,interaction,0.00809036260770922
porto,10,pr_auc,gnb*knn,interaction,0.015344637982376036
porto,10,pr_auc,gnb*rf,interaction,0.011731285892219973
porto,10,pr_auc,gnb*xgb,interaction,0.012975369179325257
porto,10,pr_auc,knn*rf,interaction,0.010036691312585999
porto,10,pr_auc,knn*xgb,interaction,0.01697779897767449
porto,10,pr_auc,rf*xgb,interaction,0.005348050573557556
porto,11,roc_auc,lr,linear,0.6280012173507618
porto,11,roc_auc,gnb,linear,0.5963857614102136
porto,11,roc_auc,knn,linear,0.5706530990445801
porto,11,roc_auc,rf,linear,0.6224963634056775
porto,11,roc_auc,xgb,linear,0.5941662466130347
porto,11,roc_auc,lr*gnb,interaction,0.003683808678215994
porto,11,roc_auc,lr*knn,interaction,0.06262638750392577
porto,11,roc_auc,lr*rf,interaction,0.01932981354148544
porto,11,roc_auc,lr*xgb,interaction,0.042452677862881205
porto,11,roc_auc,gnb*knn,interaction,0.07250795514801545
porto,11,roc_auc,gnb*rf,interaction,0.010453232363796361
porto,11,roc_auc,gnb*xgb,interaction,0.04777678051582179
porto,11,roc_auc,knn*rf,interaction,0.051631256580827345
porto,11,roc_auc,knn*xgb,interaction,0.06807608038298148
porto,11,roc_auc,rf*xgb,interaction,0.0416317183390853
porto,11,log_loss,lr,linear,0.1333958138921875
porto,11,log_loss,gnb,linear,1.588742210867498
porto,11,log_loss,knn,linear,0.14089371555408542
porto,11,log_loss,rf,linear,0.13376783003363227
porto,11,log_loss,xgb,linear,0.13893319204358306
porto,11,log_loss,lr*gnb,interaction,-1.9598187552886897
porto,11,log_loss,lr*knn,interaction,0.17077514897773843
porto,11,log_loss,lr*rf,interaction,0.18135010654454553
porto,11,log_loss,lr*xgb,interaction,0.17453549354992354
porto,11,log_loss,gnb*knn,interaction,-1.9808233934982515
porto,11,log_loss,gnb*rf,interaction,-1.9658598617195946
porto,11,log_loss,gnb*xgb,interaction,-1.972488046483851
porto,11,log_loss,knn*rf,interaction,0.1713045671042309
porto,11,log_loss,knn*xgb,interaction,0.16766833832650102
porto,11,log_loss,rf*xgb,interaction,0.17454504387352898
porto,11,brier,lr,linear,0.03482421070221734
porto,11,brier,gnb,linear,0.3317918136328983
porto,11,brier,knn,linear,0.03518165203802824
porto,11,brier,rf,linear,0.03484989380202557
porto,11,brier,xgb,linear,0.0353314467277423
porto,11,brier,lr*gnb,interaction,-0.2961020310927197
porto,11,brier,lr*knn,interaction,-0.0005096420790453964
porto,11,brier,lr*rf,interaction,-0.00016884334440452065
porto,11,brier,lr*xgb,interaction,-0.0006871508211247906
porto,11,brier,gnb*knn,interaction,-0.3039852480762533
porto,11,brier,gnb*rf,interaction,-0.29792773591065846
porto,11,brier,gnb*xgb,interaction,-0.3013573736518189
porto,11,brier,knn*rf,interaction,-0.0003978938402643545
porto,11,brier,knn*xgb,interaction,-0.0009128486715387005
porto,11,brier,rf*xgb,interaction,-0.0006430458803446393
porto,11,pr_auc,lr,linear,0.06201665636930506
porto,11,pr_auc,gnb,linear,0.052074761410617613
porto,11,pr_auc,knn,linear,0.04778218283653624
porto,11,pr_auc,rf,linear,0.06020145351959197
porto,11,pr_auc,xgb,linear,0.05201392876832172
porto,11,pr_auc,lr*gnb,interaction,0.013464911773939645
porto,11,pr_auc,lr*knn,interaction,0.02031456208236378
porto,11,pr_auc,lr*rf,interaction,0.010273468536903425
porto,11,pr_auc,lr*xgb,interaction,0.009245441003246258
porto,11,pr_auc,gnb*knn,interaction,0.01623955607965344
porto,11,pr_auc,gnb*rf,interaction,0.010637405262879901
porto,11,pr_auc,gnb*xgb,interaction,0.015153948919700871
porto,11,pr_auc,knn*rf,interaction,0.011523965681633427
porto,11,pr_auc,knn*xgb,interaction,0.017107081498252755
porto,11,pr_auc,rf*xgb,interaction,0.005487632244267404
porto,12,roc_auc,lr,linear,0.6260109441405295
porto,12,roc_auc,gnb,linear,0.5936439121412173
porto,12,roc_auc,knn,linear,0.5714030637690958
porto,12,roc_auc,rf,linear,0.6203063203552764
porto,12,roc_auc,xgb,linear,0.5922492397732727
porto,12,roc_auc,lr*gnb,interaction,-0.006484167182625344
porto,12,roc_auc,lr*knn,interaction,0.06315433242194401
porto,12,roc_auc,lr*rf,interaction,0.01584375007297234
porto,12,roc_auc,lr*xgb,interaction,0.043557250228919986
porto,12,roc_auc,gnb*knn,interaction,0.0637733092071715
porto,12,roc_auc,gnb*rf,interaction,0.0020274015638528375
porto,12,roc_auc,gnb*xgb,interaction,0.037584917963742526
porto,12,roc_auc,knn*rf,interaction,0.05139371422166694
porto,12,roc_auc,knn*xgb,interaction,0.07157890119755506
porto,12,roc_auc,rf*xgb,interaction,0.039835342700784704
porto,12,log_loss,lr,linear,0.13513654900730293
porto,12,log_loss,gnb,linear,1.4638513571125245
porto,12,log_loss,knn,linear,0.1424650753670499
porto,12,log_loss,rf,linear,0.13559653857806508
porto,12,log_loss,xgb,linear,0.14061647806715472
porto,12,log_loss,lr*gnb,interaction,-1.7894075960977036
porto,12,log_loss,lr*knn,interaction,0.15496366088732888
porto,12,log_loss,lr*rf,interaction,0.16563332626773108
porto,12,log_loss,lr*xgb,interaction,0.15851994882966514
porto,12,log_loss,gnb*knn,interaction,-1.810468882751696
porto,12,log_loss,gnb*rf,interaction,-1.795782111075558
porto,12,log_loss,gnb*xgb,interaction,-1.801920176124608
porto,12,log_loss,knn*rf,interaction,0.15569182797332404
porto,12,log_loss,knn*xgb,interaction,0.15178547735856796
porto,12,log_loss,rf*xgb,interaction,0.15861009947870497
porto,12,brier,lr,linear,0.03481757330710358
porto,12,brier,gnb,linear,0.304052412066399
porto,12,brier,knn,linear,0.035181186694978314
porto,12,brier,rf,linear,0.034857963565191774
porto,12,brier,xgb,linear,0.03530135594626689
porto,12,brier,lr*gnb,interaction,-0.26802185789612804
porto,12,brier,lr*knn,interaction,-0.0005157561801656936
porto,12,brier,lr*rf,interaction,-0.00016713319966180085
porto,12,brier,lr*xgb,interaction,-0.00068942908695456
porto,12,brier,gnb*knn,interaction,-0.2757871690025079
porto,12,brier,gnb*rf,interaction,-0.26986464598081805
porto,12,brier,gnb*xgb,interaction,-0.27323834107980083
porto,12,brier,knn*rf,interaction,-0.0003989932553166084
porto,12,brier,knn*xgb,interaction,-0.0009171907181720201
porto,12,brier,rf*xgb,interaction,-0.0006430618234957997
porto,12,pr_auc,lr,linear,0.06264250421022541
porto,12,pr_auc,gnb,linear,0.051264323677995896
porto,12,pr_auc,knn,linear,0.04734463854204952
porto,12,pr_auc,rf,linear,0.06007343266308583
porto,12,pr_auc,xgb,linear,0.0526043891786839
porto,12,pr_auc,lr*gnb,interaction,0.014272774684678725
porto,12,pr_auc,lr*knn,interaction,0.021456690837749814
porto,12,pr_auc,lr*rf,interaction,0.0108187447603241
porto,12,pr_auc,lr*xgb,interaction,0.010927704017885065
porto,12,pr_auc,gnb*knn,interaction,0.016214411425441694
porto,12,pr_auc,gnb*rf,interaction,0.010606887258769584
porto,12,pr_auc,gnb*xgb,interaction,0.01688303352071374
porto,12,pr_auc,knn*rf,interaction,0.011481282550975039
porto,12,pr_auc,knn*xgb,interaction,0.020238688113216247
porto,12,pr_auc,rf*xgb,interaction,0.0074307301574962625
porto,13,roc_auc,lr,linear,0.6257663102851231
porto,13,roc_auc,gnb,linear,0.5904950790918161
porto,13,roc_auc,knn,linear,0.5691857413468502
porto,13,roc_auc,rf,linear,0.6210000653685898
porto,13,roc_auc,xgb,linear,0.5949919677815132
porto,13,roc_auc,lr*gnb,interaction,0.018471243681093152
porto,13,roc_auc,lr*knn,interaction,0.06452065712880478
porto,13,roc_auc,lr*rf,interaction,0.020982851105767142
porto,13,roc_auc,lr*xgb,interaction,0.045738386802305686
porto,13,roc_auc,gnb*knn,interaction,0.06948793520828755
porto,13,roc_auc,gnb*rf,interaction,0.020449296056312072
porto,13,roc_auc,gnb*xgb,interaction,0.0495856322253293
porto,13,roc_auc,knn*rf,interaction,0.05408918436532617
porto,13,roc_auc,knn*xgb,interaction,0.06993635627695954
porto,13,roc_auc,rf*xgb,interaction,0.042397046452319564
porto,13,log_loss,lr,linear,0.13884735146205135
porto,13,log_loss,gnb,linear,1.1876445265579822
porto,13,log_loss,knn,linear,0.14619751948363846
porto,13,log_loss,rf,linear,0.1392180680201744
porto,13,log_loss,xgb,linear,0.14421572525599713
porto,13,log_loss,lr*gnb,interaction,-1.4235225265108244
porto,13,log_loss,lr*knn,interaction,0.12081613743128485
porto,13,log_loss,lr*rf,interaction,0.1312783957402826
porto,13,log_loss,lr*xgb,interaction,0.12441876459049112
porto,13,log_loss,gnb*knn,interaction,-1.4394710326974618
porto,13,log_loss,gnb*rf,interaction,-1.4299053498683585
porto,13,log_loss,gnb*xgb,interaction,-1.4323541711063905
porto,13,log_loss,knn*rf,interaction,0.12166909560263728
porto,13,log_loss,knn*xgb,interaction,0.1177201613459522
porto,13,log_loss,rf*xgb,interaction,0.12456888983622161
porto,13,brier,lr,linear,0.03482573213720272
porto,13,brier,gnb,linear,0.24203437227928593
porto,13,brier,knn,linear,0.035192193785380035
porto,13,brier,rf,linear,0.03485412642109408
porto,13,brier,xgb,linear,0.03532888129537716
porto,13,brier,lr*gnb,interaction,-0.2061955969595927
porto,13,brier,lr*knn,interaction,-0.0005126516883959436
porto,13,brier,lr*rf,interaction,-0.00016983185229811626
porto,13,brier,lr*xgb,interaction,-0.0006800636477270472
porto,13,brier,gnb*knn,interaction,-0.21282074925942765
porto,13,brier,gnb*rf,interaction,-0.20805412081667418
porto,13,brier,gnb*xgb,interaction,-0.21069085861686718
porto,13,brier,knn*rf,interaction,-0.00039279647893337294
porto,13,brier,knn*xgb,interaction,-0.0009045851315889822
porto,13,brier,rf*xgb,interaction,-0.0006357495147630843
porto,13,pr_auc,lr,linear,0.06218598789831193
porto,13,pr_auc,gnb,linear,0.050806240005226745
porto,13,pr_auc,knn,linear,0.04664101226362584
porto,13,pr_auc,rf,linear,0.06038838311695324
porto,13,pr_auc,xgb,linear,0.05198678792718898
porto,13,pr_auc,lr*gnb,interaction,0.012081955687453662
porto,13,pr_auc,lr*knn,interaction,0.020803605875354216
porto,13,pr_auc,lr*rf,interaction,0.009942612783289569
porto,13,pr_auc,lr*xgb,interaction,0.007319904772771377
porto,13,pr_auc,gnb*knn,interaction,0.014098509582207652
porto,13,pr_auc,gnb*rf,interaction,0.008979996894955045
porto,13,pr_auc,gnb*xgb,interaction,0.013323603949812912
porto,13,pr_auc,knn*rf,interaction,0.0097348481530765
porto,13,pr_auc,knn*xgb,interaction,0.01649133268096723
porto,13,pr_auc,rf*xgb,interaction,0.0035586987796538405
porto,14,roc_auc,lr,linear,0.6301811366049386
porto,14,roc_auc,gnb,linear,0.5957153841788371
porto,14,roc_auc,knn,linear,0.5724884393071641
porto,14,roc_auc,rf,linear,0.624403038315384
porto,14,roc_auc,xgb,linear,0.5989112075027887
porto,14,roc_auc,lr*gnb,interaction,-0.0024117432824467544
porto,14,roc_auc,lr*knn,interaction,0.0635054413307106
porto,14,roc_auc,lr*rf,interaction,0.019118671746760074
porto,14,roc_auc,lr*xgb,interaction,0.04884229916062233
porto,14,roc_auc,gnb*knn,interaction,0.06882038282802161
porto,14,roc_auc,gnb*rf,interaction,0.0076362888361583
porto,14,roc_auc,gnb*xgb,interaction,0.046582578874855285
porto,14,roc_auc,knn*rf,interaction,0.05272966690559411
porto,14,roc_auc,knn*xgb,interaction,0.06712745009406201
porto,14,roc_auc,rf*xgb,interaction,0.04040168609274941
porto,14,log_loss,lr,linear,0.13365714034179288
porto,14,log_loss,gnb,linear,1.562450167357461
porto,14,log_loss,knn,linear,0.14117680454202977
porto,14,log_loss,rf,linear,0.13404972315928135
porto,14,log_loss,xgb,linear,0.1389700775577022
porto,14,log_loss,lr*gnb,interaction,-1.920224576171707
porto,14,log_loss,lr*knn,interaction,0.16668627317128681
porto,14,log_loss,lr*rf,interaction,0.17743180782726875
porto,14,log_loss,lr*xgb,interaction,0.17033352910901428
porto,14,log_loss,gnb*knn,interaction,-1.943512586055475
porto,14,log_loss,gnb*rf,interaction,-1.926442306021397
porto,14,log_loss,gnb*xgb,interaction,-1.935047686617122
porto,14,log_loss,knn*rf,interaction,0.16754764993048607
porto,14,log_loss,knn*xgb,interaction,0.16406757997215685
porto,14,log_loss,rf*xgb,interaction,0.17065728431529803
porto,14,brier,lr,linear,0.03481005025078355
porto,14,brier,gnb,linear,0.32665753901447026
porto,14,brier,knn,linear,0.03518318960170645
porto,14,brier,rf,linear,0.03483939088206954
porto,14,brier,xgb,linear,0.0353163386604115
porto,14,brier,lr*gnb,interaction,-0.2907731641392014
porto,14,brier,lr*knn,interaction,-0.0005198893673306986
porto,14,brier,lr*rf,interaction,-0.00016833844337289794
porto,14,brier,lr*xgb,interaction,-0.0006946822448881673
porto,14,brier,gnb*knn,interaction,-0.2987768160185226
porto,14,brier,gnb*rf,interaction,-0.29253648722312897
porto,14,brier,gnb*xgb,interaction,-0.2962614874758143
porto,14,brier,knn*rf,interaction,-0.0004048726631150322
porto,14,brier,knn*xgb,interaction,-0.0009243437839835042
porto,14,brier,rf*xgb,interaction,-0.0006460292415327307
porto,14,pr_auc,lr,linear,0.06283806826201258
porto,14,pr_auc,gnb,linear,0.05149562125194039
porto,14,pr_auc,knn,linear,0.04738875513909068
porto,14,pr_auc,rf,linear,0.060724611066561456
porto,14,pr_auc,xgb,linear,0.05257941609487352
porto,14,pr_auc,lr*gnb,interaction,0.01386724708160806
porto,14,pr_auc,lr*knn,interaction,0.019516906973753093
porto,14,pr_auc,lr*rf,interaction,0.009517054821926711
porto,14,pr_auc,lr*xgb,interaction,0.0084709101197884
porto,14,pr_auc,gnb*knn,interaction,0.013840825864161493
porto,14,pr_auc,gnb*rf,interaction,0.011111269258753928
porto,14,pr_auc,gnb*xgb,interaction,0.013138135267238116
porto,14,pr_auc,knn*rf,interaction,0.010270566510530585
porto,14,pr_auc,knn*xgb,interaction,0.01771364886605963
porto,14,pr_auc,rf*xgb,interaction,0.005324004374786889
porto,15,roc_auc,lr,linear,0.62177431896793
porto,15,roc_auc,gnb,linear,0.5927102150275856
porto,15,roc_auc,knn,linear,0.5652176398870936
porto,15,roc_auc,rf,linear,0.6181550168546285
porto,15,roc_auc,xgb,linear,0.593704740630022
porto,15,roc_auc,lr*gnb,interaction,-0.0023621205486880625
porto,15,roc_auc,lr*knn,interaction,0.061580175861651015
porto,15,roc_auc,lr*rf,interaction,0.021815302229635347
porto,15,roc_auc,lr*xgb,interaction,0.04361125595725013
porto,15,roc_auc,gnb*knn,interaction,0.08075969997746979
porto,15,roc_auc,gnb*rf,interaction,0.0028655628019330637
porto,15,roc_auc,gnb*xgb,interaction,0.04297300520519076
porto,15,roc_auc,knn*rf,interaction,0.05075074082739184
porto,15,roc_auc,knn*xgb,interaction,0.06988229813472328
porto,15,roc_auc,rf*xgb,interaction,0.040935915539680234
porto,15,log_loss,lr,linear,0.13419860862556948
porto,15,log_loss,gnb,linear,1.5739095415052322
porto,15,log_loss,knn,linear,0.14138593780170328
porto,15,log_loss,rf,linear,0.13452955943836628
porto,15,log_loss,xgb,linear,0.1391473707724155
porto,15,log_loss,lr*gnb,interaction,-1.9216204827042866
porto,15,log_loss,lr*knn,interaction,0.16600320711367175
porto,15,log_loss,lr*rf,interaction,0.17604828352659746
porto,15,log_loss,lr*xgb,interaction,0.16937683644307616
porto,15,log_loss,gnb*knn,interaction,-1.9457417807086523
porto,15,log_loss,gnb*rf,interaction,-1.9278634030947215
porto,15,log_loss,gnb*xgb,interaction,-1.9359565557506433
porto,15,log_loss,knn*rf,interaction,0.16662507292989137
porto,15,log_loss,knn*xgb,interaction,0.16287933299794596
porto,15,log_loss,rf*xgb,interaction,0.16937903336447868
porto,15,brier,lr,linear,0.03483478924109508
porto,15,brier,gnb,linear,0.3351776158204447
porto,15,brier,knn,linear,0.03519687149946105
porto,15,brier,rf,linear,0.03486750965973156
porto,15,brier,xgb,linear,0.035260838039821836
porto,15,brier,lr*gnb,interaction,-0.2993152677672448
porto,15,brier,lr*knn,interaction,-0.0005094231099262007
porto,15,brier,lr*rf,interaction,-0.00017134875312754816
porto,15,brier,lr*xgb,interaction,-0.0006676237881174246
porto,15,brier,gnb*knn,interaction,-0.3073183726697564
porto,15,brier,gnb*rf,interaction,-0.301068826173227
porto,15,brier,gnb*xgb,interaction,-0.3048646103888007
porto,15,brier,knn*rf,interaction,-0.0003948637636721243
porto,15,brier,knn*xgb,interaction,-0.0008872289098082256
porto,15,brier,rf*xgb,interaction,-0.0006198712218305757
porto,15,pr_auc,lr,linear,0.061450719581753965
porto,15,pr_auc,gnb,linear,0.05039140602600683
porto,15,pr_auc,knn,linear,0.04723037114761023
porto,15,pr_auc,rf,linear,0.05902127479088143
porto,15,pr_auc,xgb,linear,0.052735155589623675
porto,15,pr_auc,lr*gnb,interaction,0.015933174724444166
porto,15,pr_auc,lr*knn,interaction,0.022158735198661343
porto,15,pr_auc,lr*rf,interaction,0.011950333281991243
porto,15,pr_auc,lr*xgb,interaction,0.013795379641226388
porto,15,pr_auc,gnb*knn,interaction,0.019360597816639985
porto,15,pr_auc,gnb*rf,interaction,0.00975778528291811
porto,15,pr_auc,gnb*xgb,interaction,0.01722292249693185
porto,15,pr_auc,knn*rf,interaction,0.011522003192295877
porto,15,pr_auc,knn*xgb,interaction,0.019861613708963936
porto,15,pr_auc,rf*xgb,interaction,0.009587996269374954
porto,16,roc_auc,lr,linear,0.6300947850051796
porto,16,roc_auc,gnb,linear,0.594920399734804
porto,16,roc_auc,knn,linear,0.5712545598260371
porto,16,roc_auc,rf,linear,0.6277498712221412
porto,16,roc_auc,xgb,linear,0.6000136478529136
porto,16,roc_auc,lr*gnb,interaction,-0.009301143863694072
porto,16,roc_auc,lr*knn,interaction,0.06365773058725213
porto,16,roc_auc,lr*rf,interaction,0.017395194372316958
porto,16,roc_auc,lr*xgb,interaction,0.043871692829609454
porto,16,roc_auc,gnb*knn,interaction,0.05927063900293117
porto,16,roc_auc,gnb*rf,interaction,-0.001745181966431364
porto,16,roc_auc,gnb*xgb,interaction,0.03630241398575473
porto,16,roc_auc,knn*rf,interaction,0.05018679114941349
porto,16,roc_auc,knn*xgb,interaction,0.06948913176987517
porto,16,roc_auc,rf*xgb,interaction,0.03827908595642793
porto,16,log_loss,lr,linear,0.1266354221767503
porto,16,log_loss,gnb,linear,2.0236684964465983
porto,16,log_loss,knn,linear,0.13386407785247256
porto,16,log_loss,rf,linear,0.1268555292788401
porto,16,log_loss,xgb,linear,0.13171563156209665
porto,16,log_loss,lr*gnb,interaction,-2.5727235333822938
porto,16,log_loss,lr*knn,interaction,0.23339041026310253
porto,16,log_loss,lr*rf,interaction,0.2433677567721675
porto,16,log_loss,lr*xgb,interaction,0.23636142775905483
porto,16,log_loss,gnb*knn,interaction,-2.5981293119670306
porto,16,log_loss,gnb*rf,interaction,-2.579137594916919
porto,16,log_loss,gnb*xgb,interaction,-2.58942439223075
porto,16,log_loss,knn*rf,interaction,0.2340243457549255
porto,16,log_loss,knn*xgb,interaction,0.23023450592339276
porto,16,log_loss,rf*xgb,interaction,0.2365105849643463
porto,16,brier,lr,linear,0.034818040542855894
porto,16,brier,gnb,linear,0.4133830557122885
porto,16,brier,knn,linear,0.035186188866584395
porto,16,brier,rf,linear,0.0348315204001888
porto,16,brier,xgb,linear,0.03527960577563832
porto,16,brier,lr*gnb,interaction,-0.3777151258939161
porto,16,brier,lr*knn,interaction,-0.0005180370741711083
porto,16,brier,lr*rf,interaction,-0.00017306265736881377
porto,16,brier,lr*xgb,interaction,-0.0007096349717046618
porto,16,brier,gnb*knn,interaction,-0.3863907087443385
porto,16,brier,gnb*rf,interaction,-0.3795227977799854
porto,16,brier,gnb*xgb,interaction,-0.3836171075329342
porto,16,brier,knn*rf,interaction,-0.0003994552780538438
porto,16,brier,knn*xgb,interaction,-0.000937816560114213
porto,16,brier,rf*xgb,interaction,-0.0006571499570659223
porto,16,pr_auc,lr,linear,0.06220484309232142
porto,16,pr_auc,gnb,linear,0.049598271759189544
porto,16,pr_auc,knn,linear,0.04733124652538453
porto,16,pr_auc,rf,linear,0.060990709708875185
porto,16,pr_auc,xgb,linear,0.05385342743907952
porto,16,pr_auc,lr*gnb,interaction,0.017870082574486724
porto,16,pr_auc,lr*knn,interaction,0.0198573811086436
porto,16,pr_auc,lr*rf,interaction,0.009531165163419328
porto,16,pr_auc,lr*xgb,interaction,0.01066479854485454
porto,16,pr_auc,gnb*knn,interaction,0.017845969672226902
porto,16,pr_auc,gnb*rf,interaction,0.015161476093663168
porto,16,pr_auc,gnb*xgb,interaction,0.015054763281016945
porto,16,pr_auc,knn*rf,interaction,0.010377376841345515
porto,16,pr_auc,knn*xgb,interaction,0.01880405960267654
porto,16,pr_auc,rf*xgb,interaction,0.006522176139734159
porto,17,roc_auc,lr,linear,0.6262660180330237
porto,17,roc_auc,gnb,linear,0.5931165430691899
porto,17,roc_auc,knn,linear,0.5721919627120416
porto,17,roc_auc,rf,linear,0.6240458363149151
porto,17,roc_auc,xgb,linear,0.5920939179971454
porto,17,roc_auc,lr*gnb,interaction,-0.00957295745354625
porto,17,roc_auc,lr*knn,interaction,0.05762266094184437
porto,17,roc_auc,lr*rf,interaction,0.015994736539624688
porto,17,roc_auc,lr*xgb,interaction,0.036756708189133014
porto,17,roc_auc,gnb*knn,interaction,0.059464020024944775
porto,17,roc_auc,gnb*rf,interaction,-0.002937739965860775
porto,17,roc_auc,gnb*xgb,interaction,0.03380285880410039
porto,17,roc_auc,knn*rf,interaction,0.04770463316005247
porto,17,roc_auc,knn*xgb,interaction,0.06091317788317967
porto,17,roc_auc,rf*xgb,interaction,0.0336224760334507
porto,17,log_loss,lr,linear,0.13141557522704433
porto,17,log_loss,gnb,linear,1.7370569502316344
porto,17,log_loss,knn,linear,0.1384704936681901
porto,17,log_loss,rf,linear,0.13164994443451705
porto,17,log_loss,xgb,linear,0.13708204845866323
porto,17,log_loss,lr*gnb,interaction,-2.1577924960496855
porto,17,log_loss,lr*knn,interaction,0.19054774213762796
porto,17,log_loss,lr*rf,interaction,0.20057451288521277
porto,17,log_loss,lr*xgb,interaction,0.1938616596378453
porto,17,log_loss,gnb*knn,interaction,-2.180675775607899
porto,17,log_loss,gnb*rf,interaction,-2.16371565057362
porto,17,log_loss,gnb*xgb,interaction,-2.171855016851729
porto,17,log_loss,knn*rf,interaction,0.1912343600395326
porto,17,log_loss,knn*xgb,interaction,0.1874262032358278
porto,17,log_loss,rf*xgb,interaction,0.19384463915817252
porto,17,brier,lr,linear,0.03482645335808918
porto,17,brier,gnb,linear,0.3631639068447581
porto,17,brier,knn,linear,0.03517436922731196
porto,17,brier,rf,linear,0.0348437344802996
porto,17,brier,xgb,linear,0.03535213459191571
porto,17,brier,lr*gnb,interaction,-0.3271292520489979
porto,17,brier,lr*knn,interaction,-0.0005153508077376965
porto,17,brier,lr*rf,interaction,-0.000171735700085468
porto,17,brier,lr*xgb,interaction,-0.0006872208290359394
porto,17,brier,gnb*knn,interaction,-0.3353038961453287
porto,17,brier,gnb*rf,interaction,-0.32885106704663014
porto,17,brier,gnb*xgb,interaction,-0.3326737036919436
porto,17,brier,knn*rf,interaction,-0.00039524356045652145
porto,17,brier,knn*xgb,interaction,-0.0009158850086081541
porto,17,brier,rf*xgb,interaction,-0.0006468943917619097
porto,17,pr_auc,lr,linear,0.061984614174606684
porto,17,pr_auc,gnb,linear,0.05016056722245505
porto,17,pr_auc,knn,linear,0.04747778937387124
porto,17,pr_auc,rf,linear,0.060879956876132776
porto,17,pr_auc,xgb,linear,0.05127289589992489
porto,17,pr_auc,lr*gnb,interaction,0.0157995144670726
porto,17,pr_auc,lr*knn,interaction,0.022590982951858303
porto,17,pr_auc,lr*rf,interaction,0.009663134753824111
porto,17,pr_auc,lr*xgb,interaction,0.008881827542482887
porto,17,pr_auc,gnb*knn,interaction,0.015059388485905018
porto,17,pr_auc,gnb*rf,interaction,0.012814419729596106
porto,17,pr_auc,gnb*xgb,interaction,0.014934460707592162
porto,17,pr_auc,knn*rf,interaction,0.011490293793133294
porto,17,pr_auc,knn*xgb,interaction,0.01722357721201419
porto,17,pr_auc,rf*xgb,interaction,0.0037499897692328255
porto,18,roc_auc,lr,linear,0.6280939758620597
porto,18,roc_auc,gnb,linear,0.5946436129329737
porto,18,roc_auc,knn,linear,0.5680131968674537
porto,18,roc_auc,rf,linear,0.624873416458514
porto,18,roc_auc,xgb,linear,0.5962457178961434
porto,18,roc_auc,lr*gnb,interaction,0.004420500091189328
porto,18,roc_auc,lr*knn,interaction,0.06530128680066219
porto,18,roc_auc,lr*rf,interaction,0.019277752311530505
porto,18,roc_auc,lr*xgb,interaction,0.04449555615407985
porto,18,roc_auc,gnb*knn,interaction,0.07247339111512896
porto,18,roc_auc,gnb*rf,interaction,0.00772365859399915
porto,18,roc_auc,gnb*xgb,interaction,0.047637342671810634
porto,18,roc_auc,knn*rf,interaction,0.053187837470352606
porto,18,roc_auc,knn*xgb,interaction,0.06941402685501795
porto,18,roc_auc,rf*xgb,interaction,0.04133265348903903
porto,18,log_loss,lr,linear,0.135725063654831
porto,18,log_loss,gnb,linear,1.422207765112808
porto,18,log_loss,knn,linear,0.14330006933052564
porto,18,log_loss,rf,linear,0.136030724163664
porto,18,log_loss,xgb,linear,0.14121948250373362
porto,18,log_loss,lr*gnb,interaction,-1.7311175681367743
porto,18,log_loss,lr*knn,interaction,0.1484600722314879
porto,18,log_loss,lr*rf,interaction,0.1591792284284475
porto,18,log_loss,lr*xgb,interaction,0.1521466091131432
porto,18,log_loss,gnb*knn,interaction,-1.7517884863711055
porto,18,log_loss,gnb*rf,interaction,-1.737114564741943
porto,18,log_loss,gnb*xgb,interaction,-1.7428296199688975
porto,18,log_loss,knn*rf,interaction,0.14933852392008445
porto,18,log_loss,knn*xgb,interaction,0.1454255749211291
porto,18,log_loss,rf*xgb,interaction,0.15223637189418204
porto,18,brier,lr,linear,0.03481601096883261
porto,18,brier,gnb,linear,0.29679382940547466
porto,18,brier,knn,linear,0.03519856327256547
porto,18,brier,rf,linear,0.03484456091108019
porto,18,brier,xgb,linear,0.03532431750812439
porto,18,brier,lr*gnb,interaction,-0.26116425641629026
porto,18,brier,lr*knn,interaction,-0.0005187831025262486
porto,18,brier,lr*rf,interaction,-0.0001666890370003865
porto,18,brier,lr*xgb,interaction,-0.0006916306114024967
porto,18,brier,gnb*knn,interaction,-0.26881169398730925
porto,18,brier,gnb*rf,interaction,-0.262970150526169
porto,18,brier,gnb*xgb,interaction,-0.266169084007638
porto,18,brier,knn*rf,interaction,-0.00040227944283618977
porto,18,brier,knn*xgb,interaction,-0.0009275255107465893
porto,18,brier,rf*xgb,interaction,-0.0006499359166101948
porto,18,pr_auc,lr,linear,0.06248549274084121
porto,18,pr_auc,gnb,linear,0.051144341380840945
porto,18,pr_auc,knn,linear,0.046319720778755305
porto,18,pr_auc,rf,linear,0.060087884576612655
porto,18,pr_auc,xgb,linear,0.05215254689583304
porto,18,pr_auc,lr*gnb,interaction,0.013925892600555878
porto,18,pr_auc,lr*knn,interaction,0.020426036839869016
porto,18,pr_auc,lr*rf,interaction,0.010550414131203063
porto,18,pr_auc,lr*xgb,interaction,0.009812813321541422
porto,18,pr_auc,gnb*knn,interaction,0.013531719941641651
porto,18,pr_auc,gnb*rf,interaction,0.00996133514454571
porto,18,pr_auc,gnb*xgb,interaction,0.016942488414890898
porto,18,pr_auc,knn*rf,interaction,0.01064471037781145
porto,18,pr_auc,knn*xgb,interaction,0.018977910094702455
porto,18,pr_auc,rf*xgb,interaction,0.006674269239146935
porto,19,roc_auc,lr,linear,0.6208295425702709
porto,19,roc_auc,gnb,linear,0.5931221382667958
porto,19,roc_auc,knn,linear,0.5668699428091808
porto,19,roc_auc,rf,linear,0.6206633646036387
porto,19,roc_auc,xgb,linear,0.5926421452320899
porto,19,roc_auc,lr*gnb,interaction,0.001204922910114259
porto,19,roc_auc,lr*knn,interaction,0.06314460797183163
porto,19,roc_auc,lr*rf,interaction,0.020132221860696742
porto,19,roc_auc,lr*xgb,interaction,0.04803635184956645
porto,19,roc_auc,gnb*knn,interaction,0.07461549747234475
porto,19,roc_auc,gnb*rf,interaction,0.0054413666274030215
porto,19,roc_auc,gnb*xgb,interaction,0.05028795251235674
porto,19,roc_auc,knn*rf,interaction,0.04974912431398726
porto,19,roc_auc,knn*xgb,interaction,0.06422187153360495
porto,19,roc_auc,rf*xgb,interaction,0.042552042517928435
porto,19,log_loss,lr,linear,0.1344775530402053
porto,19,log_loss,gnb,linear,1.5408486242668604
porto,19,log_loss,knn,linear,0.14163417568920877
porto,19,log_loss,rf,linear,0.13455433611756418
porto,19,log_loss,xgb,linear,0.13950401752702252
porto,19,log_loss,lr*gnb,interaction,-1.8933894614190698
porto,19,log_loss,lr*knn,interaction,0.1644567833360271
porto,19,log_loss,lr*rf,interaction,0.17477615305378186
porto,19,log_loss,lr*xgb,interaction,0.16785324507222432
porto,19,log_loss,gnb*knn,interaction,-1.9153773639191445
porto,19,log_loss,gnb*rf,interaction,-1.8988091857599965
porto,19,log_loss,gnb*xgb,interaction,-1.9065726431512615
porto,19,log_loss,knn*rf,interaction,0.16514103708374725
porto,19,log_loss,knn*xgb,interaction,0.16160454444650552
porto,19,log_loss,rf*xgb,interaction,0.1680786657942478
porto,19,brier,lr,linear,0.03484690447954174
porto,19,brier,gnb,linear,0.321469334622056
porto,19,brier,knn,linear,0.035195783286851995
porto,19,brier,rf,linear,0.03485288670694342
porto,19,brier,xgb,linear,0.035281789869913135
porto,19,brier,lr*gnb,interaction,-0.28591582900277884
porto,19,brier,lr*knn,interaction,-0.0005047727406234401
porto,19,brier,lr*rf,interaction,-0.00016201544765542808
porto,19,brier,lr*xgb,interaction,-0.000660352330505376
porto,19,brier,gnb*knn,interaction,-0.29393779666759373
porto,19,brier,gnb*rf,interaction,-0.28758128206124633
porto,19,brier,gnb*xgb,interaction,-0.2912980946509544
porto,19,brier,knn*rf,interaction,-0.00039615436169157525
porto,19,brier,knn*xgb,interaction,-0.0008762333997592228
porto,19,brier,rf*xgb,interaction,-0.0006082827971914395
porto,19,pr_auc,lr,linear,0.06071432623375948
porto,19,pr_auc,gnb,linear,0.050835085942556105
porto,19,pr_auc,knn,linear,0.04686945966396263
porto,19,pr_auc,rf,linear,0.06048657582872811
porto,19,pr_auc,xgb,linear,0.05225163840524202
porto,19,pr_auc,lr*gnb,interaction,0.013617077194909462
porto,19,pr_auc,lr*knn,interaction,0.020093693772688107
porto,19,pr_auc,lr*rf,interaction,0.00922162895724854
porto,19,pr_auc,lr*xgb,interaction,0.011858940311236812
porto,19,pr_auc,gnb*knn,interaction,0.016379795096175598
porto,19,pr_auc,gnb*rf,interaction,0.013187813935555723
porto,19,pr_auc,gnb*xgb,interaction,0.01797212108506456
porto,19,pr_auc,knn*rf,interaction,0.011221073089668104
porto,19,pr_auc,knn*xgb,interaction,0.020181933042691894
porto,19,pr_auc,rf*xgb,interaction,0.006631405070971319
porto,20,roc_auc,lr,linear,0.6268896492279624
porto,20,roc_auc,gnb,linear,0.5963957847446766
porto,20,roc_auc,knn,linear,0.5676926192587066
porto,20,roc_auc,rf,linear,0.6234304061252082
porto,20,roc_auc,xgb,linear,0.5905916164428638
porto,20,roc_auc,lr*gnb,interaction,-0.004595754221531023
porto,20,roc_auc,lr*knn,interaction,0.06319698424664794
porto,20,roc_auc,lr*rf,interaction,0.018276735634147
porto,20,roc_auc,lr*xgb,interaction,0.044384631170737765
porto,20,roc_auc,gnb*knn,interaction,0.06754718711540253
porto,20,roc_auc,gnb*rf,interaction,-0.0025875540656535856
porto,20,roc_auc,gnb*xgb,interaction,0.040097153289187504
porto,20,roc_auc,knn*rf,interaction,0.05216429831358771
porto,20,roc_auc,knn*xgb,interaction,0.06803700284343273
porto,20,roc_auc,rf*xgb,interaction,0.039203976087511805
porto,20,log_loss,lr,linear,0.134249378261505
porto,20,log_loss,gnb,linear,1.539215575172205
porto,20,log_loss,knn,linear,0.141600162315029
porto,20,log_loss,rf,linear,0.13462373755941182
porto,20,log_loss,xgb,linear,0.14008837859118928
porto,20,log_loss,lr*gnb,interaction,-1.8843830450601367
porto,20,log_loss,lr*knn,interaction,0.1632879057262779
porto,20,log_loss,lr*rf,interaction,0.17356598222096625
porto,20,log_loss,lr*xgb,interaction,0.16632248778839664
porto,20,log_loss,gnb*knn,interaction,-1.9069185056348763
porto,20,log_loss,gnb*rf,interaction,-1.8903468050949106
porto,20,log_loss,gnb*xgb,interaction,-1.8968358204057894
porto,20,log_loss,knn*rf,interaction,0.16390441454029644
porto,20,log_loss,knn*xgb,interaction,0.15987565221811464
porto,20,log_loss,rf*xgb,interaction,0.16644072196088988
porto,20,brier,lr,linear,0.03482657450028191
porto,20,brier,gnb,linear,0.32388334378409556
porto,20,brier,knn,linear,0.035198223235000485
porto,20,brier,rf,linear,0.034856927380432924
porto,20,brier,xgb,linear,0.035345973253197965
porto,20,brier,lr*gnb,interaction,-0.2880508082186007
porto,20,brier,lr*knn,interaction,-0.0005133634702718399
porto,20,brier,lr*rf,interaction,-0.00016296946018079517
porto,20,brier,lr*xgb,interaction,-0.0006876201012296634
porto,20,brier,gnb*knn,interaction,-0.2961320334402774
porto,20,brier,gnb*rf,interaction,-0.2898122200521208
porto,20,brier,gnb*xgb,interaction,-0.2932279186032802
porto,20,brier,knn*rf,interaction,-0.0004030043607039027
porto,20,brier,knn*xgb,interaction,-0.0009212893872087569
porto,20,brier,rf*xgb,interaction,-0.0006426673589957077
porto,20,pr_auc,lr,linear,0.061864658816897844
porto,20,pr_auc,gnb,linear,0.05089100238803502
porto,20,pr_auc,knn,linear,0.04633818465088852
porto,20,pr_auc,rf,linear,0.05906466690407612
porto,20,pr_auc,xgb,linear,0.05157801515569786
porto,20,pr_auc,lr*gnb,interaction,0.012822596735015884
porto,20,pr_auc,lr*knn,interaction,0.019474800188913517
porto,20,pr_auc,lr*rf,interaction,0.009171110031759182
porto,20,pr_auc,lr*xgb,interaction,0.008376168933216271
porto,20,pr_auc,gnb*knn,interaction,0.014767980500977523
porto,20,pr_auc,gnb*rf,interaction,0.008103273160341859
porto,20,pr_auc,gnb*xgb,interaction,0.014935253904842814
porto,20,pr_auc,knn*rf,interaction,0.010301590011016687
porto,20,pr_auc,knn*xgb,interaction,0.017882905410558172
porto,20,pr_auc,rf*xgb,interaction,0.006411194052139357
porto,21,roc_auc,lr,linear,0.6260874480024812
porto,21,roc_auc,gnb,linear,0.594505993094448
porto,21,roc_auc,knn,linear,0.5624753196151161
porto,21,roc_auc,rf,linear,0.6215419023974916
porto,21,roc_auc,xgb,linear,0.5930149368265417
porto,21,roc_auc,lr*gnb,interaction,0.01870926975780446
porto,21,roc_auc,lr*knn,interaction,0.0662748211807124
porto,21,roc_auc,lr*rf,interaction,0.024093499435583032
porto,21,roc_auc,lr*xgb,interaction,0.0481992914678574
porto,21,roc_auc,gnb*knn,interaction,0.08475506682026035
porto,21,roc_auc,gnb*rf,interaction,0.024247508681845775
porto,21,roc_auc,gnb*xgb,interaction,0.06312731026206586
porto,21,roc_auc,knn*rf,interaction,0.053072465676849756
porto,21,roc_auc,knn*xgb,interaction,0.07069127137211792
porto,21,roc_auc,rf*xgb,interaction,0.04963793311780096
porto,21,log_loss,lr,linear,0.1384942503583696
porto,21,log_loss,gnb,linear,1.205809003616419
porto,21,log_loss,knn,linear,0.1466732960737808
porto,21,log_loss,rf,linear,0.13890947727799172
porto,21,log_loss,xgb,linear,0.1437802377832315
porto,21,log_loss,lr*gnb,interaction,-1.4516802000393974
porto,21,log_loss,lr*knn,interaction,0.12238767422569793
porto,21,log_loss,lr*rf,interaction,0.13373773062608002
porto,21,log_loss,lr*xgb,interaction,0.12684804602395922
porto,21,log_loss,gnb*knn,interaction,-1.469895971136976
porto,21,log_loss,gnb*rf,interaction,-1.4580427915554013
porto,21,log_loss,gnb*xgb,interaction,-1.4610711603944773
porto,21,log_loss,knn*rf,interaction,0.12324431566077887
porto,21,log_loss,knn*xgb,interaction,0.11965109001443462
porto,21,log_loss,rf*xgb,interaction,0.1268594669909131
porto,21,brier,lr,linear,0.03481223970757086
porto,21,brier,gnb,linear,0.24545332195162597
porto,21,brier,knn,linear,0.035219593953350135
porto,21,brier,rf,linear,0.03485073921065013
porto,21,brier,xgb,linear,0.03529064377083791
porto,21,brier,lr*gnb,interaction,-0.21005969714246664
porto,21,brier,lr*knn,interaction,-0.000520616993013395
porto,21,brier,lr*rf,interaction,-0.00016804590096759775
porto,21,brier,lr*xgb,interaction,-0.0006803853642092378
porto,21,brier,gnb*knn,interaction,-0.21733846999259523
porto,21,brier,gnb*rf,interaction,-0.21186378305313386
porto,21,brier,gnb*xgb,interaction,-0.21457244960392038
porto,21,brier,knn*rf,interaction,-0.00040290162241810035
porto,21,brier,knn*xgb,interaction,-0.0009145234344097794
porto,21,brier,rf*xgb,interaction,-0.0006364155363309532
porto,21,pr_auc,lr,linear,0.0628073284180876
porto,21,pr_auc,gnb,linear,0.050990546244028406
porto,21,pr_auc,knn,linear,0.04608125853711102
porto,21,pr_auc,rf,linear,0.0603584169526279
porto,21,pr_auc,xgb,linear,0.05252307668463155
porto,21,pr_auc,lr*gnb,interaction,0.015182248028759934
porto,21,pr_auc,lr*knn,interaction,0.021137954103459297
porto,21,pr_auc,lr*rf,interaction,0.010932100349917415
porto,21,pr_auc,lr*xgb,interaction,0.011892472130206222
porto,21,pr_auc,gnb*knn,interaction,0.01770929493425155
porto,21,pr_auc,gnb*rf,interaction,0.013007368363334812
porto,21,pr_auc,gnb*xgb,interaction,0.021414772547743266
porto,21,pr_auc,knn*rf,interaction,0.010840741636406762
porto,21,pr_auc,knn*xgb,interaction,0.020382865136141216
porto,21,pr_auc,rf*xgb,interaction,0.0073994005684015485
porto,22,roc_auc,lr,linear,0.623794753751831
porto,22,roc_auc,gnb,linear,0.5900391513151414
porto,22,roc_auc,knn,linear,0.5657685193993105
porto,22,roc_auc,rf,linear,0.6203605011972458
porto,22,roc_auc,xgb,linear,0.5892652433943812
porto,22,roc_auc,lr*gnb,interaction,0.023225393218588353
porto,22,roc_auc,lr*knn,interaction,0.0640591177277359
porto,22,roc_auc,lr*rf,interaction,0.023712216789828044
porto,22,roc_auc,lr*xgb,interaction,0.04499651399719773
porto,22,roc_auc,gnb*knn,interaction,0.07302240770181756
porto,22,roc_auc,gnb*rf,interaction,0.02793618183808033
porto,22,roc_auc,gnb*xgb,interaction,0.06155986916837275
porto,22,roc_auc,knn*rf,interaction,0.0527003682162791
porto,22,roc_auc,knn*xgb,interaction,0.0657387564230169
porto,22,roc_auc,rf*xgb,interaction,0.043177894755656254
porto,22,log_loss,lr,linear,0.1381960301564818
porto,22,log_loss,gnb,linear,1.2290908781351222
porto,22,log_loss,knn,linear,0.14591485300822946
porto,22,log_loss,rf,linear,0.13852219895813986
porto,22,log_loss,xgb,linear,0.1438587959823872
porto,22,log_loss,lr*gnb,interaction,-1.486299074895976
porto,22,log_loss,lr*knn,interaction,0.12691788447873015
porto,22,log_loss,lr*rf,interaction,0.13766975574904422
porto,22,log_loss,lr*xgb,interaction,0.13056521315810865
porto,22,log_loss,gnb*knn,interaction,-1.5016129126456836
porto,22,log_loss,gnb*rf,interaction,-1.4928433915226509
porto,22,log_loss,gnb*xgb,interaction,-1.4948546774697282
porto,22,log_loss,knn*rf,interaction,0.1274507302652297
porto,22,log_loss,knn*xgb,interaction,0.12403224680175101
porto,22,log_loss,rf*xgb,interaction,0.13059532943745045
porto,22,brier,lr,linear,0.034821584553096654
porto,22,brier,gnb,linear,0.24878600156242348
porto,22,brier,knn,linear,0.0352145624519934
porto,22,brier,rf,linear,0.034854035223214536
porto,22,brier,xgb,linear,0.03532390334746451
porto,22,brier,lr*gnb,interaction,-0.2132121025865711
porto,22,brier,lr*knn,interaction,-0.000508338776722126
porto,22,brier,lr*rf,interaction,-0.00016874389130072664
porto,22,brier,lr*xgb,interaction,-0.000679621087146115
porto,22,brier,gnb*knn,interaction,-0.21998017748587187
porto,22,brier,gnb*rf,interaction,-0.2150683283970906
porto,22,brier,gnb*xgb,interaction,-0.21769645846150754
porto,22,brier,knn*rf,interaction,-0.00039545487131759094
porto,22,brier,knn*xgb,interaction,-0.0009048064352812357
porto,22,brier,rf*xgb,interaction,-0.0006308396614761735
porto,22,pr_auc,lr,linear,0.0622675775071241
porto,22,pr_auc,gnb,linear,0.05125873995138093
porto,22,pr_auc,knn,linear,0.04582621256978553
porto,22,pr_auc,rf,linear,0.06046682966581084
porto,22,pr_auc,xgb,linear,0.051472783250664456
porto,22,pr_auc,lr*gnb,interaction,0.015674463943408275
porto,22,pr_auc,lr*knn,interaction,0.022079778233008794
porto,22,pr_auc,lr*rf,interaction,0.011340059066314072
porto,22,pr_auc,lr*xgb,interaction,0.010639125453059645
porto,22,pr_auc,gnb*knn,interaction,0.01706004665927713
porto,22,pr_auc,gnb*rf,interaction,0.012749876864125001
porto,22,pr_auc,gnb*xgb,interaction,0.020365280001607852
porto,22,pr_auc,knn*rf,interaction,0.010214356538657751
porto,22,pr_auc,knn*xgb,interaction,0.019559881261028082
porto,22,pr_auc,rf*xgb,interaction,0.005277325410238148
porto,23,roc_auc,lr,linear,0.6248824563890609
porto,23,roc_auc,gnb,linear,0.5903757376416121
porto,23,roc_auc,knn,linear,0.5763236703139806
porto,23,roc_auc,rf,linear,0.6221785617663209
porto,23,roc_auc,xgb,linear,0.5931647537627248
porto,23,roc_auc,lr*gnb,interaction,-0.006065639378640741
porto,23,roc_auc,lr*knn,interaction,0.06235564535326191
porto,23,roc_auc,lr*rf,interaction,0.015390463619794903
porto,23,roc_auc,lr*xgb,interaction,0.03545563938952101
porto,23,roc_auc,gnb*knn,interaction,0.05354584400323059
porto,23,roc_auc,gnb*rf,interaction,-0.0030396970935883116
porto,23,roc_auc,gnb*xgb,interaction,0.03334686524061148
porto,23,roc_auc,knn*rf,interaction,0.05347455782151922
porto,23,roc_auc,knn*xgb,interaction,0.06603690106992202
porto,23,roc_auc,rf*xgb,interaction,0.033919128729719805
porto,23,log_loss,lr,linear,0.13506565763661027
porto,23,log_loss,gnb,linear,1.4951843468397314
porto,23,log_loss,knn,linear,0.14187102620632674
porto,23,log_loss,rf,linear,0.135317467804086
porto,23,log_loss,xgb,linear,0.14065549638701852
porto,23,log_loss,lr*gnb,interaction,-1.819582765804733
porto,23,log_loss,lr*knn,interaction,0.15692828811188236
porto,23,log_loss,lr*rf,interaction,0.1672121467833752
porto,23,log_loss,lr*xgb,interaction,0.16037763916913278
porto,23,log_loss,gnb*knn,interaction,-1.8394899379647869
porto,23,log_loss,gnb*rf,interaction,-1.8252297283307821
porto,23,log_loss,gnb*xgb,interaction,-1.8322047972465807
porto,23,log_loss,knn*rf,interaction,0.15763209654709145
porto,23,log_loss,knn*xgb,interaction,0.15366544848160701
porto,23,log_loss,rf*xgb,interaction,0.1603859059946865
porto,23,brier,lr,linear,0.03483316929600154
porto,23,brier,gnb,linear,0.3154368434631957
porto,23,brier,knn,linear,0.03515768465250705
porto,23,brier,rf,linear,0.03485317448045608
porto,23,brier,xgb,linear,0.03535496960024387
porto,23,brier,lr*gnb,interaction,-0.27924215726900553
porto,23,brier,lr*knn,interaction,-0.0005012024778839194
porto,23,brier,lr*rf,interaction,-0.00016357749997762683
porto,23,brier,lr*xgb,interaction,-0.0006981598975115688
porto,23,brier,gnb*knn,interaction,-0.2865707513409855
porto,23,brier,gnb*rf,interaction,-0.2808533641985903
porto,23,brier,gnb*xgb,interaction,-0.28450689601650514
porto,23,brier,knn*rf,interaction,-0.00039465539808366396
porto,23,brier,knn*xgb,interaction,-0.0009188998127435469
porto,23,brier,rf*xgb,interaction,-0.0006533688989140696
porto,23,pr_auc,lr,linear,0.06186368541593382
porto,23,pr_auc,gnb,linear,0.05051629577656192
porto,23,pr_auc,knn,linear,0.04821376411634701
porto,23,pr_auc,rf,linear,0.06027290595102692
porto,23,pr_auc,xgb,linear,0.05149082792838999
porto,23,pr_auc,lr*gnb,interaction,0.012200513382226785
porto,23,pr_auc,lr*knn,interaction,0.020636748461048078
porto,23,pr_auc,lr*rf,interaction,0.00966241723963561
porto,23,pr_auc,lr*xgb,interaction,0.007815447018586955
porto,23,pr_auc,gnb*knn,interaction,0.01242591116579883
porto,23,pr_auc,gnb*rf,interaction,0.00833910889705812
porto,23,pr_auc,gnb*xgb,interaction,0.011409303368118406
porto,23,pr_auc,knn*rf,interaction,0.010001622807748911
porto,23,pr_auc,knn*xgb,interaction,0.016178338556156968
porto,23,pr_auc,rf*xgb,interaction,0.003907863961587654
porto,24,roc_auc,lr,linear,0.6240247355402273
porto,24,roc_auc,gnb,linear,0.5929481177213028
porto,24,roc_auc,knn,linear,0.5657670219672993
porto,24,roc_auc,rf,linear,0.6178466690326221
porto,24,roc_auc,xgb,linear,0.5892191644551477
porto,24,roc_auc,lr*gnb,interaction,-0.008065159843264447
porto,24,roc_auc,lr*knn,interaction,0.05838747870623823
porto,24,roc_auc,lr*rf,interaction,0.01897458465712598
porto,24,roc_auc,lr*xgb,interaction,0.03967920935163338
porto,24,roc_auc,gnb*knn,interaction,0.06885490606386635
porto,24,roc_auc,gnb*rf,interaction,0.005289332084774889
porto,24,roc_auc,gnb*xgb,interaction,0.04312787912471516
porto,24,roc_auc,knn*rf,interaction,0.046618366753202745
porto,24,roc_auc,knn*xgb,interaction,0.06299650428830081
porto,24,roc_auc,rf*xgb,interaction,0.036593585861721234
porto,24,log_loss,lr,linear,0.13327752581983923
porto,24,log_loss,gnb,linear,1.6396492994618892
porto,24,log_loss,knn,linear,0.14084566173468066
porto,24,log_loss,rf,linear,0.13371028839476684
porto,24,log_loss,xgb,linear,0.13891483555252795
porto,24,log_loss,lr*gnb,interaction,-2.0104480790782917
porto,24,log_loss,lr*knn,interaction,0.1741402928957539
porto,24,log_loss,lr*rf,interaction,0.18456015532194397
porto,24,log_loss,lr*xgb,interaction,0.1777351156926537
porto,24,log_loss,gnb*knn,interaction,-2.0336932200064344
porto,24,log_loss,gnb*rf,interaction,-2.016879609153386
porto,24,log_loss,gnb*xgb,interaction,-2.024925404981523
porto,24,log_loss,knn*rf,interaction,0.1749251769270006
porto,24,log_loss,knn*xgb,interaction,0.17160461767387047
porto,24,log_loss,rf*xgb,interaction,0.1779028370390492
porto,24,brier,lr,linear,0.03483852046825976
porto,24,brier,gnb,linear,0.34871609528489655
porto,24,brier,knn,linear,0.035217988300133764
porto,24,brier,rf,linear,0.03487840997891853
porto,24,brier,xgb,linear,0.03535574991092285
porto,24,brier,lr*gnb,interaction,-0.3128336861220924
porto,24,brier,lr*knn,interaction,-0.0005055449506672139
porto,24,brier,lr*rf,interaction,-0.00016518634125234355
porto,24,brier,lr*xgb,interaction,-0.0006697433968052696
porto,24,brier,gnb*knn,interaction,-0.3209205349987788
porto,24,brier,gnb*rf,interaction,-0.3146388245388762
porto,24,brier,gnb*xgb,interaction,-0.318222635239088
porto,24,brier,knn*rf,interaction,-0.0003917821439303089
porto,24,brier,knn*xgb,interaction,-0.0008916204446524564
porto,24,brier,rf*xgb,interaction,-0.0006243726982324005
porto,24,pr_auc,lr,linear,0.06155583722711679
porto,24,pr_auc,gnb,linear,0.050518877358130605
porto,24,pr_auc,knn,linear,0.045581441764581884
porto,24,pr_auc,rf,linear,0.05818302359018919
porto,24,pr_auc,xgb,linear,0.05076312719844941
porto,24,pr_auc,lr*gnb,interaction,0.01454377040771053
porto,24,pr_auc,lr*knn,interaction,0.018747032089460918
porto,24,pr_auc,lr*rf,interaction,0.010428696435409779
porto,24,pr_auc,lr*xgb,interaction,0.006999954103725642
porto,24,pr_auc,gnb*knn,interaction,0.014531562718139018
porto,24,pr_auc,gnb*rf,interaction,0.011346242385412153
porto,24,pr_auc,gnb*xgb,interaction,0.014601734222552717
porto,24,pr_auc,knn*rf,interaction,0.009028167711616311
porto,24,pr_auc,knn*xgb,interaction,0.017060949585334287
porto,24,pr_auc,rf*xgb,interaction,0.005170186348002037
porto,25,roc_auc,lr,linear,0.6271903963722054
porto,25,roc_auc,gnb,linear,0.5943151898917085
porto,25,roc_auc,knn,linear,0.5672539925056835
porto,25,roc_auc,rf,linear,0.6239870526551361
porto,25,roc_auc,xgb,linear,0.592764157101331
porto,25,roc_auc,lr*gnb,interaction,0.012551759740694113
porto,25,roc_auc,lr*knn,interaction,0.06300590423861202
porto,25,roc_auc,lr*rf,interaction,0.021620799542727664
porto,25,roc_auc,lr*xgb,interaction,0.04364920198406619
porto,25,roc_auc,gnb*knn,interaction,0.08066570216832969
porto,25,roc_auc,gnb*rf,interaction,0.020380803982021467
porto,25,roc_auc,gnb*xgb,interaction,0.05629053099913062
porto,25,roc_auc,knn*rf,interaction,0.05179353884472193
porto,25,roc_auc,knn*xgb,interaction,0.07143619261042831
porto,25,roc_auc,rf*xgb,interaction,0.042739307924264835
porto,25,log_loss,lr,linear,0.13401361603022083
porto,25,log_loss,gnb,linear,1.5436166475749282
porto,25,log_loss,knn,linear,0.14173840426378875
porto,25,log_loss,rf,linear,0.13435228629393917
porto,25,log_loss,xgb,linear,0.13974311574570344
porto,25,log_loss,lr*gnb,interaction,-1.8989197793212425
porto,25,log_loss,lr*knn,interaction,0.16438339175273786
porto,25,log_loss,lr*rf,interaction,0.17501452392658345
porto,25,log_loss,lr*xgb,interaction,0.16809259836082324
porto,25,log_loss,gnb*knn,interaction,-1.920370135486872
porto,25,log_loss,gnb*rf,interaction,-1.905356598127672
porto,25,log_loss,gnb*xgb,interaction,-1.9122921672848636
porto,25,log_loss,knn*rf,interaction,0.16501989688490018
porto,25,log_loss,knn*xgb,interaction,0.1614071036207374
porto,25,log_loss,rf*xgb,interaction,0.16804190748696013
porto,25,brier,lr,linear,0.0348128331467037
porto,25,brier,gnb,linear,0.32240208611730325
porto,25,brier,knn,linear,0.035194809942237476
porto,25,brier,rf,linear,0.03483942437697076
porto,25,brier,xgb,linear,0.03533905189718868
porto,25,brier,lr*gnb,interaction,-0.28707618411868535
porto,25,brier,lr*knn,interaction,-0.0005209208912780477
porto,25,brier,lr*rf,interaction,-0.00017142650042185903
porto,25,brier,lr*xgb,interaction,-0.0006984830851134161
porto,25,brier,gnb*knn,interaction,-0.2950085958950321
porto,25,brier,gnb*rf,interaction,-0.28879592189134506
porto,25,brier,gnb*xgb,interaction,-0.29262714824784475
porto,25,brier,knn*rf,interaction,-0.00040055449090064393
porto,25,brier,knn*xgb,interaction,-0.0009218458726610521
porto,25,brier,rf*xgb,interaction,-0.0006528041275661034
porto,25,pr_auc,lr,linear,0.0628443450095064
porto,25,pr_auc,gnb,linear,0.05166666693321162
porto,25,pr_auc,knn,linear,0.04714034913461603
porto,25,pr_auc,rf,linear,0.060814902688165376
porto,25,pr_auc,xgb,linear,0.05179777319429084
porto,25,pr_auc,lr*gnb,interaction,0.01698220331030678
porto,25,pr_auc,lr*knn,interaction,0.02174041689081724
porto,25,pr_auc,lr*rf,interaction,0.010901027079220665
porto,25,pr_auc,lr*xgb,interaction,0.00966382267365734
porto,25,pr_auc,gnb*knn,interaction,0.01985014818218217
porto,25,pr_auc,gnb*rf,interaction,0.012573915197213292
porto,25,pr_auc,gnb*xgb,interaction,0.01721913050256097
porto,25,pr_auc,knn*rf,interaction,0.011289464758904008
porto,25,pr_auc,knn*xgb,interaction,0.017821520927887843
porto,25,pr_auc,rf*xgb,interaction,0.00591927231885736
porto,26,roc_auc,lr,linear,0.6257166085303271
porto,26,roc_auc,gnb,linear,0.5935025625725517
porto,26,roc_auc,knn,linear,0.5647687160875108
porto,26,roc_auc,rf,linear,0.6205730539078367
porto,26,roc_auc,xgb,linear,0.5902679634842876
porto,26,roc_auc,lr*gnb,interaction,0.0071762327000423065
porto,26,roc_auc,lr*knn,interaction,0.060155315523042874
porto,26,roc_auc,lr*rf,interaction,0.021854628339089133
porto,26,roc_auc,lr*xgb,interaction,0.04712345406866614
porto,26,roc_auc,gnb*knn,interaction,0.0752498195235829
porto,26,roc_auc,gnb*rf,interaction,0.010546578257596306
porto,26,roc_auc,gnb*xgb,interaction,0.055516620826205454
porto,26,roc_auc,knn*rf,interaction,0.0524365830334248
porto,26,roc_auc,knn*xgb,interaction,0.06807300507000014
porto,26,roc_auc,rf*xgb,interaction,0.04227428245311016
porto,26,log_loss,lr,linear,0.1357840614391991
porto,26,log_loss,gnb,linear,1.4292007534277256
porto,26,log_loss,knn,linear,0.1435172153907347
porto,26,log_loss,rf,linear,0.13617957788654178
porto,26,log_loss,xgb,linear,0.14153692827085723
porto,26,log_loss,lr*gnb,interaction,-1.736274361599972
porto,26,log_loss,lr*knn,interaction,0.14904401603783954
porto,26,log_loss,lr*rf,interaction,0.15948534685234345
porto,26,log_loss,lr*xgb,interaction,0.15242247582820517
porto,26,log_loss,gnb*knn,interaction,-1.756277085320587
porto,26,log_loss,gnb*rf,interaction,-1.7426365372841148
porto,26,log_loss,gnb*xgb,interaction,-1.7496353295539597
porto,26,log_loss,knn*rf,interaction,0.14978780714225412
porto,26,log_loss,knn*xgb,interaction,0.14607821239937477
porto,26,log_loss,rf*xgb,interaction,0.15254587329727176
porto,26,brier,lr,linear,0.03481859153760975
porto,26,brier,gnb,linear,0.29936970188040923
porto,26,brier,knn,linear,0.035216901919640484
porto,26,brier,rf,linear,0.03485097372978903
porto,26,brier,xgb,linear,0.035351982857997725
porto,26,brier,lr*gnb,interaction,-0.26344341394675147
porto,26,brier,lr*knn,interaction,-0.0005151692534793571
porto,26,brier,lr*rf,interaction,-0.0001743038059941887
porto,26,brier,lr*xgb,interaction,-0.0006916451725350048
porto,26,brier,gnb*knn,interaction,-0.27076336713321747
porto,26,brier,gnb*rf,interaction,-0.2652588497287701
porto,26,brier,gnb*xgb,interaction,-0.2685770653195887
porto,26,brier,knn*rf,interaction,-0.0004006426644576483
porto,26,brier,knn*xgb,interaction,-0.0009186786491876958
porto,26,brier,rf*xgb,interaction,-0.0006428809665985913
porto,26,pr_auc,lr,linear,0.06244415481764502
porto,26,pr_auc,gnb,linear,0.05115288187129022
porto,26,pr_auc,knn,linear,0.04574206331449074
porto,26,pr_auc,rf,linear,0.06026878614368658
porto,26,pr_auc,xgb,linear,0.051128193906676125
porto,26,pr_auc,lr*gnb,interaction,0.016635166978990416
porto,26,pr_auc,lr*knn,interaction,0.021371563892631215
porto,26,pr_auc,lr*rf,interaction,0.01142671308952023
porto,26,pr_auc,lr*xgb,interaction,0.00971391355673544
porto,26,pr_auc,gnb*knn,interaction,0.017056542788817908
porto,26,pr_auc,gnb*rf,interaction,0.011740421161089643
porto,26,pr_auc,gnb*xgb,interaction,0.016474842103465344
porto,26,pr_auc,knn*rf,interaction,0.010670222745798028
porto,26,pr_auc,knn*xgb,interaction,0.018375177804340937
porto,26,pr_auc,rf*xgb,interaction,0.004967264546762384
porto,27,roc_auc,lr,linear,0.6269305124982492
porto,27,roc_auc,gnb,linear,0.5948784957789149
porto,27,roc_auc,knn,linear,0.5701609249866897
porto,27,roc_auc,rf,linear,0.6207143476682605
porto,27,roc_auc,xgb,linear,0.5915970094305564
porto,27,roc_auc,lr*gnb,interaction,0.011241034238426706
porto,27,roc_auc,lr*knn,interaction,0.07066148070308653
porto,27,roc_auc,lr*rf,interaction,0.02322056538106554
porto,27,roc_auc,lr*xgb,interaction,0.04782591740180819
porto,27,roc_auc,gnb*knn,interaction,0.08011588764455602
porto,27,roc_auc,gnb*rf,interaction,0.015980932607820297
porto,27,roc_auc,gnb*xgb,interaction,0.05463589692300208
porto,27,roc_auc,knn*rf,interaction,0.05691542770699165
porto,27,roc_auc,knn*xgb,interaction,0.07016242393291151
porto,27,roc_auc,rf*xgb,interaction,0.04431796023908996
porto,27,log_loss,lr,linear,0.13763360963692153
porto,27,log_loss,gnb,linear,1.2699790776316167
porto,27,log_loss,knn,linear,0.14496778130751753
porto,27,log_loss,rf,linear,0.13812754439575867
porto,27,log_loss,xgb,linear,0.14340998049201853
porto,27,log_loss,lr*gnb,interaction,-1.536091169875795
porto,27,log_loss,lr*knn,interaction,0.13104810864348934
porto,27,log_loss,lr*rf,interaction,0.14163034905561073
porto,27,log_loss,lr*xgb,interaction,0.1344074701115039
porto,27,log_loss,gnb*knn,interaction,-1.555168458426604
porto,27,log_loss,gnb*rf,interaction,-1.5429221784621787
porto,27,log_loss,gnb*xgb,interaction,-1.5467437011570833
porto,27,log_loss,knn*rf,interaction,0.13172467263874102
porto,27,log_loss,knn*xgb,interaction,0.12810791364683988
porto,27,log_loss,rf*xgb,interaction,0.13455788357612442
porto,27,brier,lr,linear,0.03480797232596178
porto,27,brier,gnb,linear,0.2597805236544685
porto,27,brier,knn,linear,0.035188553455558144
porto,27,brier,rf,linear,0.034854391200509705
porto,27,brier,xgb,linear,0.03532656412866875
porto,27,brier,lr*gnb,interaction,-0.224161271047107
porto,27,brier,lr*knn,interaction,-0.0005253548173620175
porto,27,brier,lr*rf,interaction,-0.0001730839022234948
porto,27,brier,lr*xgb,interaction,-0.000689346539562985
porto,27,brier,gnb*knn,interaction,-0.23143557108712595
porto,27,brier,gnb*rf,interaction,-0.22612501672673316
porto,27,brier,gnb*xgb,interaction,-0.22905727368109863
porto,27,brier,knn*rf,interaction,-0.0004033807077017809
porto,27,brier,knn*xgb,interaction,-0.0009260128629236114
porto,27,brier,rf*xgb,interaction,-0.0006461895238581983
porto,27,pr_auc,lr,linear,0.06322099382820895
porto,27,pr_auc,gnb,linear,0.052247099357567835
porto,27,pr_auc,knn,linear,0.04749039312095889
porto,27,pr_auc,rf,linear,0.06012056537268644
porto,27,pr_auc,xgb,linear,0.05211353436701792
porto,27,pr_auc,lr*gnb,interaction,0.012935943107416425
porto,27,pr_auc,lr*knn,interaction,0.021271248544927214
porto,27,pr_auc,lr*rf,interaction,0.01113542168756479
porto,27,pr_auc,lr*xgb,interaction,0.009327335068644305
porto,27,pr_auc,gnb*knn,interaction,0.017681805122074457
porto,27,pr_auc,gnb*rf,interaction,0.009209429303033673
porto,27,pr_auc,gnb*xgb,interaction,0.015300775035863926
porto,27,pr_auc,knn*rf,interaction,0.009529611711065214
porto,27,pr_auc,knn*xgb,interaction,0.018182455089380514
porto,27,pr_auc,rf*xgb,interaction,0.006081228041919656
porto,28,roc_auc,lr,linear,0.6225087616095077
porto,28,roc_auc,gnb,linear,0.5939376122031452
porto,28,roc_auc,knn,linear,0.5698730186131532
porto,28,roc_auc,rf,linear,0.6196193841323536
porto,28,roc_auc,xgb,linear,0.5904632375341229
porto,28,roc_auc,lr*gnb,interaction,-0.003119979436506437
porto,28,roc_auc,lr*knn,interaction,0.06363081142110255
porto,28,roc_auc,lr*rf,interaction,0.019301621247078682
porto,28,roc_auc,lr*xgb,interaction,0.044581942619332904
porto,28,roc_auc,gnb*knn,interaction,0.07266523789609924
porto,28,roc_auc,gnb*rf,interaction,0.005194062497763219
porto,28,roc_auc,gnb*xgb,interaction,0.049606854753165064
porto,28,roc_auc,knn*rf,interaction,0.05125972925162725
porto,28,roc_auc,knn*xgb,interaction,0.06867362898228009
porto,28,roc_auc,rf*xgb,interaction,0.04132022650922362
porto,28,log_loss,lr,linear,0.13344726234341311
porto,28,log_loss,gnb,linear,1.6130197274672389
porto,28,log_loss,knn,linear,0.14028948104299216
porto,28,log_loss,rf,linear,0.13371179674401498
porto,28,log_loss,xgb,linear,0.13890179755195495
porto,28,log_loss,lr*gnb,interaction,-1.985431130819091
porto,28,log_loss,lr*knn,interaction,0.17361017772673512
porto,28,log_loss,lr*rf,interaction,0.18347903074314825
porto,28,log_loss,lr*xgb,interaction,0.1764172904260754
porto,28,log_loss,gnb*knn,interaction,-2.008136120910795
porto,28,log_loss,gnb*rf,interaction,-1.9911875323850463
porto,28,log_loss,gnb*xgb,interaction,-1.999115176831981
porto,28,log_loss,knn*rf,interaction,0.17427702256051208
porto,28,log_loss,knn*xgb,interaction,0.17014337424533482
porto,28,log_loss,rf*xgb,interaction,0.17649836092948767
porto,28,brier,lr,linear,0.034842152059502904
porto,28,brier,gnb,linear,0.3389801576003518
porto,28,brier,knn,linear,0.03519465481914134
porto,28,brier,rf,linear,0.03486040305168127
porto,28,brier,xgb,linear,0.035356806899105725
porto,28,brier,lr*gnb,interaction,-0.3032518050790193
porto,28,brier,lr*knn,interaction,-0.0005057546781581297
porto,28,brier,lr*rf,interaction,-0.00015712093018861728
porto,28,brier,lr*xgb,interaction,-0.0007053010062918058
porto,28,brier,gnb*knn,interaction,-0.31100547578498405
porto,28,brier,gnb*rf,interaction,-0.30486125133920206
porto,28,brier,gnb*xgb,interaction,-0.30845347762989356
porto,28,brier,knn*rf,interaction,-0.0003991726163620375
porto,28,brier,knn*xgb,interaction,-0.0009399085719478881
porto,28,brier,rf*xgb,interaction,-0.0006600478973840807
porto,28,pr_auc,lr,linear,0.06113388669767491
porto,28,pr_auc,gnb,linear,0.0505789241769628
porto,28,pr_auc,knn,linear,0.046186695189109436
porto,28,pr_auc,rf,linear,0.059628269536392095
porto,28,pr_auc,xgb,linear,0.05163685169193232
porto,28,pr_auc,lr*gnb,interaction,0.015619516569308219
porto,28,pr_auc,lr*knn,interaction,0.020312715994455145
porto,28,pr_auc,lr*rf,interaction,0.01000635003889662
porto,28,pr_auc,lr*xgb,interaction,0.008545729483900227
porto,28,pr_auc,gnb*knn,interaction,0.01747485271503016
porto,28,pr_auc,gnb*rf,interaction,0.012370091390548801
porto,28,pr_auc,gnb*xgb,interaction,0.018427957430017884
porto,28,pr_auc,knn*rf,interaction,0.010833569430524673
porto,28,pr_auc,knn*xgb,interaction,0.018598003521584874
porto,28,pr_auc,rf*xgb,interaction,0.005577978118143534
porto,29,roc_auc,lr,linear,0.6246775075827016
porto,29,roc_auc,gnb,linear,0.589878549598491
porto,29,roc_auc,knn,linear,0.5634252576412493
porto,29,roc_auc,rf,linear,0.6233634536777758
porto,29,roc_auc,xgb,linear,0.597108311830562
porto,29,roc_auc,lr*gnb,interaction,-0.008399029212255937
porto,29,roc_auc,lr*knn,interaction,0.06309090887738693
porto,29,roc_auc,lr*rf,interaction,0.017448624448874184
porto,29,roc_auc,lr*xgb,interaction,0.04594383988370476
porto,29,roc_auc,gnb*knn,interaction,0.06603389632433188
porto,29,roc_auc,gnb*rf,interaction,-0.0014669990957099088
porto,29,roc_auc,gnb*xgb,interaction,0.03380117733040011
porto,29,roc_auc,knn*rf,interaction,0.0525338532262557
porto,29,roc_auc,knn*xgb,interaction,0.07033056205860679
porto,29,roc_auc,rf*xgb,interaction,0.04182773572894005
porto,29,log_loss,lr,linear,0.1332926757810338
porto,29,log_loss,gnb,linear,1.6047585242817786
porto,29,log_loss,knn,linear,0.14092879488837332
porto,29,log_loss,rf,linear,0.13351452222596336
porto,29,log_loss,xgb,linear,0.13830252786598618
porto,29,log_loss,lr*gnb,interaction,-1.9791590064386997
porto,29,log_loss,lr*knn,interaction,0.17303203216649418
porto,29,log_loss,lr*rf,interaction,0.18357597579582718
porto,29,log_loss,lr*xgb,interaction,0.17688461248227427
porto,29,log_loss,gnb*knn,interaction,-2.0021773269878915
porto,29,log_loss,gnb*rf,interaction,-1.985302411619202
porto,29,log_loss,gnb*xgb,interaction,-1.9933019425075078
porto,29,log_loss,knn*rf,interaction,0.1737095944217042
porto,29,log_loss,knn*xgb,interaction,0.17020285926088166
porto,29,log_loss,rf*xgb,interaction,0.176958101782278
porto,29,brier,lr,linear,0.03482912668535392
porto,29,brier,gnb,linear,0.334263523594053
porto,29,brier,knn,linear,0.03521262635642598
porto,29,brier,rf,linear,0.03484607654652853
porto,29,brier,xgb,linear,0.035309097122532315
porto,29,brier,lr*gnb,interaction,-0.2982403109772322
porto,29,brier,lr*knn,interaction,-0.0005228344812045118
porto,29,brier,lr*rf,interaction,-0.00017292166346882798
porto,29,brier,lr*xgb,interaction,-0.000681723059782896
porto,29,brier,gnb*knn,interaction,-0.3065526500688089
porto,29,brier,gnb*rf,interaction,-0.29994952616906073
porto,29,brier,gnb*xgb,interaction,-0.3036780775748957
porto,29,brier,knn*rf,interaction,-0.0004048481235535556
porto,29,brier,knn*xgb,interaction,-0.0009133494089983499
porto,29,brier,rf*xgb,interaction,-0.000631892671048212
porto,29,pr_auc,lr,linear,0.062159177553731515
porto,29,pr_auc,gnb,linear,0.0500735890465151
porto,29,pr_auc,knn,linear,0.046305923982864115
porto,29,pr_auc,rf,linear,0.06050607508964885
porto,29,pr_auc,xgb,linear,0.052546456270740796
porto,29,pr_auc,lr*gnb,interaction,0.013556437326974369
porto,29,pr_auc,lr*knn,interaction,0.02007942923436208
porto,29,pr_auc,lr*rf,interaction,0.00960830699108188
porto,29,pr_auc,lr*xgb,interaction,0.008742942863607772
porto,29,pr_auc,gnb*knn,interaction,0.015590173995836759
porto,29,pr_auc,gnb*rf,interaction,0.00985558722751946
porto,29,pr_auc,gnb*xgb,interaction,0.011596908669948294
porto,29,pr_auc,knn*rf,interaction,0.010203355583470727
porto,29,pr_auc,knn*xgb,interaction,0.01669207598603506
porto,29,pr_auc,rf*xgb,interaction,0.0046526502008611414
uci_credit,0,roc_auc,lr,linear,0.7215548439175092
uci_credit,0,roc_auc,gnb,linear,0.6582783363471298
uci_credit,0,roc_auc,knn,linear,0.7599217408935819
uci_credit,0,roc_auc,rf,linear,0.7848491945086034
uci_credit,0,roc_auc,xgb,linear,0.7646480147806538
uci_credit,0,roc_auc,lr*gnb,interaction,0.08273299815142598
uci_credit,0,roc_auc,lr*knn,interaction,0.05689183668871439
uci_credit,0,roc_auc,lr*rf,interaction,0.07438200910777348
uci_credit,0,roc_auc,lr*xgb,interaction,0.09282555393130676
uci_credit,0,roc_auc,gnb*knn,interaction,0.07774851201202981
uci_credit,0,roc_auc,gnb*rf,interaction,0.1106446077832759
uci_credit,0,roc_auc,gnb*xgb,interaction,0.13826366617487817
uci_credit,0,roc_auc,knn*rf,interaction,0.036460797763071984
uci_credit,0,roc_auc,knn*xgb,interaction,0.06006569538386189
uci_credit,0,roc_auc,rf*xgb,interaction,0.02677442807802377
uci_credit,0,log_loss,lr,linear,0.4616119364094125
uci_credit,0,log_loss,gnb,linear,1.2479213102318027
uci_credit,0,log_loss,knn,linear,0.4398703987892083
uci_credit,0,log_loss,rf,linear,0.4232244989123046
uci_credit,0,log_loss,xgb,linear,0.44827065465140503
uci_credit,0,log_loss,lr*gnb,interaction,-0.8433574278773172
uci_credit,0,log_loss,lr*knn,interaction,-0.004303923626851988
uci_credit,0,log_loss,lr*rf,interaction,-0.006571454660945775
uci_credit,0,log_loss,lr*xgb,interaction,-0.04926794918592681
uci_credit,0,log_loss,gnb*knn,interaction,-0.8848143554570942
uci_credit,0,log_loss,gnb*rf,interaction,-0.8601767054498978
uci_credit,0,log_loss,gnb*xgb,interaction,-0.9103829578204308
uci_credit,0,log_loss,knn*rf,interaction,0.01211393824958884
uci_credit,0,log_loss,knn*xgb,interaction,-0.0304707388049143
uci_credit,0,log_loss,rf*xgb,interaction,-0.009550632492597355
uci_credit,0,brier,lr,linear,0.14498458814019308
uci_credit,0,brier,gnb,linear,0.45532117141208767
uci_credit,0,brier,knn,linear,0.13993384755271074
uci_credit,0,brier,rf,linear,0.13382277909602786
uci_credit,0,brier,xgb,linear,0.13996100689756932
uci_credit,0,brier,lr*gnb,interaction,-0.3052698936331191
uci_credit,0,brier,lr*knn,interaction,-0.010248686542528515
uci_credit,0,brier,lr*rf,interaction,-0.011005957032339475
uci_credit,0,brier,lr*xgb,interaction,-0.022921919955839976
uci_credit,0,brier,gnb*knn,interaction,-0.33185533221141394
uci_credit,0,brier,gnb*rf,interaction,-0.32021149866362075
uci_credit,0,brier,gnb*xgb,interaction,-0.3440809135692647
uci_credit,0,brier,knn*rf,interaction,-0.006180623220850001
uci_credit,0,brier,knn*xgb,interaction,-0.016875872882641557
uci_credit,0,brier,rf*xgb,interaction,-0.00931991674711763
uci_credit,0,pr_auc,lr,linear,0.5011931090771465
uci_credit,0,pr_auc,gnb,linear,0.38987021569074515
uci_credit,0,pr_auc,knn,linear,0.5248241738163105
uci_credit,0,pr_auc,rf,linear,0.5590159023925242
uci_credit,0,pr_auc,xgb,linear,0.5343955686215724
uci_credit,0,pr_auc,lr*gnb,interaction,0.156961431547671
uci_credit,0,pr_auc,lr*knn,interaction,0.043951565059907355
uci_credit,0,pr_auc,lr*rf,interaction,0.05285929154114183
uci_credit,0,pr_auc,lr*xgb,interaction,0.09178359056500984
uci_credit,0,pr_auc,gnb*knn,interaction,0.18728993305253216
uci_credit,0,pr_auc,gnb*rf,interaction,0.22799430220833294
uci_credit,0,pr_auc,gnb*xgb,interaction,0.24265028349554052
uci_credit,0,pr_auc,knn*rf,interaction,0.03273031638742929
uci_credit,0,pr_auc,knn*xgb,interaction,0.07415160838487003
uci_credit,0,pr_auc,rf*xgb,interaction,0.03479223461957126
uci_credit,1,roc_auc,lr,linear,0.722333945430323
uci_credit,1,roc_auc,gnb,linear,0.6650791032929163
uci_credit,1,roc_auc,knn,linear,0.7569658158976308
uci_credit,1,roc_auc,rf,linear,0.7832250692257733
uci_credit,1,roc_auc,xgb,linear,0.7624473409466215
uci_credit,1,roc_auc,lr*gnb,interaction,0.07791781023986727
uci_credit,1,roc_auc,lr*knn,interaction,0.05605515875823086
uci_credit,1,roc_auc,lr*rf,interaction,0.07308017773289543
uci_credit,1,roc_auc,lr*xgb,interaction,0.08898003323027259
uci_credit,1,roc_auc,gnb*knn,interaction,0.0758889499584301
uci_credit,1,roc_auc,gnb*rf,interaction,0.10408237709241308
uci_credit,1,roc_auc,gnb*xgb,interaction,0.13349618484045922
uci_credit,1,roc_auc,knn*rf,interaction,0.037676953192357754
uci_credit,1,roc_auc,knn*xgb,interaction,0.06006042936139194
uci_credit,1,roc_auc,rf*xgb,interaction,0.027782970356718284
uci_credit,1,log_loss,lr,linear,0.46333773918211313
uci_credit,1,log_loss,gnb,linear,1.110961361534336
uci_credit,1,log_loss,knn,linear,0.44308759406935827
uci_credit,1,log_loss,rf,linear,0.4261942647568225
uci_credit,1,log_loss,xgb,linear,0.4523687032777416
uci_credit,1,log_loss,lr*gnb,interaction,-0.675138036756897
uci_credit,1,log_loss,lr*knn,interaction,-0.015958643893589072
uci_credit,1,log_loss,lr*rf,interaction,-0.018309066749164105
uci_credit,1,log_loss,lr*xgb,interaction,-0.06170573216932873
uci_credit,1,log_loss,gnb*knn,interaction,-0.7141156910907587
uci_credit,1,log_loss,gnb*rf,interaction,-0.6914382352859585
uci_credit,1,log_loss,gnb*xgb,interaction,-0.7406202886391076
uci_credit,1,log_loss,knn*rf,interaction,0.000577145555768932
uci_credit,1,log_loss,knn*xgb,interaction,-0.04203545099235123
uci_credit,1,log_loss,rf*xgb,interaction,-0.02253486522505499
uci_credit,1,brier,lr,linear,0.14525933824048376
uci_credit,1,brier,gnb,linear,0.41225717020366287
uci_credit,1,brier,knn,linear,0.14049372577132274
uci_credit,1,brier,rf,linear,0.13444643102201922
uci_credit,1,brier,xgb,linear,0.14071045316533012
uci_credit,1,brier,lr*gnb,interaction,-0.26355014698398227
uci_credit,1,brier,lr*knn,interaction,-0.01014294389967128
uci_credit,1,brier,lr*rf,interaction,-0.010879484931026084
uci_credit,1,brier,lr*xgb,interaction,-0.022740992550402295
uci_credit,1,brier,gnb*knn,interaction,-0.2880325268713333
uci_credit,1,brier,gnb*rf,interaction,-0.2773796997163381
uci_credit,1,brier,gnb*xgb,interaction,-0.29953504177608936
uci_credit,1,brier,knn*rf,interaction,-0.005984828701489114
uci_credit,1,brier,knn*xgb,interaction,-0.016888803954961278
uci_credit,1,brier,rf*xgb,interaction,-0.009377846149593916
uci_credit,1,pr_auc,lr,linear,0.49719851087686434
uci_credit,1,pr_auc,gnb,linear,0.40314455843706337
uci_credit,1,pr_auc,knn,linear,0.5171506753364482
uci_credit,1,pr_auc,rf,linear,0.5505114215564186
uci_credit,1,pr_auc,xgb,linear,0.5272192937856774
uci_credit,1,pr_auc,lr*gnb,interaction,0.11845190578461559
uci_credit,1,pr_auc,lr*knn,interaction,0.04799919563896318
uci_credit,1,pr_auc,lr*rf,interaction,0.056884266965778196
uci_credit,1,pr_auc,lr*xgb,interaction,0.10134358474241445
uci_credit,1,pr_auc,gnb*knn,interaction,0.154101974398146
uci_credit,1,pr_auc,gnb*rf,interaction,0.18462841223706183
uci_credit,1,pr_auc,gnb*xgb,interaction,0.2107609099496754
uci_credit,1,pr_auc,knn*rf,interaction,0.041910961990879625
uci_credit,1,pr_auc,knn*xgb,interaction,0.08377578602167846
uci_credit,1,pr_auc,rf*xgb,interaction,0.03922476615991588
uci_credit,2,roc_auc,lr,linear,0.722095036461639
uci_credit,2,roc_auc,gnb,linear,0.6589506063084157
uci_credit,2,roc_auc,knn,linear,0.7584657514089919
uci_credit,2,roc_auc,rf,linear,0.783147662307208
uci_credit,2,roc_auc,xgb,linear,0.7631678176883336
uci_credit,2,roc_auc,lr*gnb,interaction,0.09173451767395635
uci_credit,2,roc_auc,lr*knn,interaction,0.055686186011974975
uci_credit,2,roc_auc,lr*rf,interaction,0.07257371252775702
uci_credit,2,roc_auc,lr*xgb,interaction,0.08960964070738786
uci_credit,2,roc_auc,gnb*knn,interaction,0.08492827612970077
uci_credit,2,roc_auc,gnb*rf,interaction,0.11047798695037403
uci_credit,2,roc_auc,gnb*xgb,interaction,0.14207584232218295
uci_credit,2,roc_auc,knn*rf,interaction,0.04069162293791195
uci_credit,2,roc_auc,knn*xgb,interaction,0.06223819542064325
uci_credit,2,roc_auc,rf*xgb,interaction,0.02957470922868799
uci_credit,2,log_loss,lr,linear,0.46330761915577556
uci_credit,2,log_loss,gnb,linear,1.0057767029474236
uci_credit,2,log_loss,knn,linear,0.44313259449040077
uci_credit,2,log_loss,rf,linear,0.4265971867832203
uci_credit,2,log_loss,xgb,linear,0.45230059375780657
uci_credit,2,log_loss,lr*gnb,interaction,-0.5498374413169285
uci_credit,2,log_loss,lr*knn,interaction,-0.02347381032084149
uci_credit,2,log_loss,lr*rf,interaction,-0.025616439528600377
uci_credit,2,log_loss,lr*xgb,interaction,-0.06813948852228324
uci_credit,2,log_loss,gnb*knn,interaction,-0.5827474910745398
uci_credit,2,log_loss,gnb*rf,interaction,-0.5637957173115397
uci_credit,2,log_loss,gnb*xgb,interaction,-0.6180661941988952
uci_credit,2,log_loss,knn*rf,interaction,-0.007294998227588501
uci_credit,2,log_loss,knn*xgb,interaction,-0.05099342954803024
uci_credit,2,log_loss,rf*xgb,interaction,-0.029932126986788488
uci_credit,2,brier,lr,linear,0.14464343762196946
uci_credit,2,brier,gnb,linear,0.37525005898230335
uci_credit,2,brier,knn,linear,0.14024915493439477
uci_credit,2,brier,rf,linear,0.1341250294799229
uci_credit,2,brier,xgb,linear,0.13999562747338248
uci_credit,2,brier,lr*gnb,interaction,-0.2271911909104712
uci_credit,2,brier,lr*knn,interaction,-0.010153164048160246
uci_credit,2,brier,lr*rf,interaction,-0.010679473520790489
uci_credit,2,brier,lr*xgb,interaction,-0.022193643264776075
uci_credit,2,brier,gnb*knn,interaction,-0.24902687941518342
uci_credit,2,brier,gnb*rf,interaction,-0.23968537022549158
uci_credit,2,brier,gnb*xgb,interaction,-0.2619239415345355
uci_credit,2,brier,knn*rf,interaction,-0.006207860259732606
uci_credit,2,brier,knn*xgb,interaction,-0.016830984832851913
uci_credit,2,brier,rf*xgb,interaction,-0.00927751528632137
uci_credit,2,pr_auc,lr,linear,0.5043553646338689
uci_credit,2,pr_auc,gnb,linear,0.3922766532442417
uci_credit,2,pr_auc,knn,linear,0.522285860309749
uci_credit,2,pr_auc,rf,linear,0.5568171833352724
uci_credit,2,pr_auc,xgb,linear,0.5313073606438846
uci_credit,2,pr_auc,lr*gnb,interaction,0.13870395744904337
uci_credit,2,pr_auc,lr*knn,interaction,0.04564181564245487
uci_credit,2,pr_auc,lr*rf,interaction,0.0525573370284218
uci_credit,2,pr_auc,lr*xgb,interaction,0.09155034666616635
uci_credit,2,pr_auc,gnb*knn,interaction,0.16759172831610258
uci_credit,2,pr_auc,gnb*rf,interaction,0.1982509568158355
uci_credit,2,pr_auc,gnb*xgb,interaction,0.22347075139377148
uci_credit,2,pr_auc,knn*rf,interaction,0.04118203956270705
uci_credit,2,pr_auc,knn*xgb,interaction,0.08497683535510978
uci_credit,2,pr_auc,rf*xgb,interaction,0.03774796174132833
uci_credit,3,roc_auc,lr,linear,0.7237010846603055
uci_credit,3,roc_auc,gnb,linear,0.6598841125522451
uci_credit,3,roc_auc,knn,linear,0.7566590852392594
uci_credit,3,roc_auc,rf,linear,0.7859592564177605
uci_credit,3,roc_auc,xgb,linear,0.7674850372482815
uci_credit,3,roc_auc,lr*gnb,interaction,0.0683418931298273
uci_credit,3,roc_auc,lr*knn,interaction,0.060995204531917424
uci_credit,3,roc_auc,lr*rf,interaction,0.07547351806260882
uci_credit,3,roc_auc,lr*xgb,interaction,0.09030542537751085
uci_credit,3,roc_auc,gnb*knn,interaction,0.07372619067252262
uci_credit,3,roc_auc,gnb*rf,interaction,0.09950191046515167
uci_credit,3,roc_auc,gnb*xgb,interaction,0.12660856538286513
uci_credit,3,roc_auc,knn*rf,interaction,0.040256846294272064
uci_credit,3,roc_auc,knn*xgb,interaction,0.06199372944914687
uci_credit,3,roc_auc,rf*xgb,interaction,0.028231441602915464
uci_credit,3,log_loss,lr,linear,0.4602636382079575
uci_credit,3,log_loss,gnb,linear,1.226515986353474
uci_credit,3,log_loss,knn,linear,0.44133414062241755
uci_credit,3,log_loss,rf,linear,0.4221701754044436
uci_credit,3,log_loss,xgb,linear,0.44561125593797296
uci_credit,3,log_loss,lr*gnb,interaction,-0.8158215593436832
uci_credit,3,log_loss,lr*knn,interaction,-0.0069722362097289076
uci_credit,3,log_loss,lr*rf,interaction,-0.007844916225563159
uci_credit,3,log_loss,lr*xgb,interaction,-0.048558147208786595
uci_credit,3,log_loss,gnb*knn,interaction,-0.8605820868414757
uci_credit,3,log_loss,gnb*rf,interaction,-0.8350182238368804
uci_credit,3,log_loss,gnb*xgb,interaction,-0.8882151558118319
uci_credit,3,log_loss,knn*rf,interaction,0.009788603663014595
uci_credit,3,log_loss,knn*xgb,interaction,-0.030633836635280492
uci_credit,3,log_loss,rf*xgb,interaction,-0.009751809033562653
uci_credit,3,brier,lr,linear,0.1444796925537943
uci_credit,3,brier,gnb,linear,0.4478570123151858
uci_credit,3,brier,knn,linear,0.14013318008561643
uci_credit,3,brier,rf,linear,0.13340977809117907
uci_credit,3,brier,xgb,linear,0.13925735404846756
uci_credit,3,brier,lr*gnb,interaction,-0.2970633710856301
uci_credit,3,brier,lr*knn,interaction,-0.010286080445341485
uci_credit,3,brier,lr*rf,interaction,-0.011018789127346634
uci_credit,3,brier,lr*xgb,interaction,-0.0223963786464757
uci_credit,3,brier,gnb*knn,interaction,-0.32375684451840114
uci_credit,3,brier,gnb*rf,interaction,-0.31242591836233397
uci_credit,3,brier,gnb*xgb,interaction,-0.33659000028162717
uci_credit,3,brier,knn*rf,interaction,-0.006317968820006847
uci_credit,3,brier,knn*xgb,interaction,-0.016657625683053914
uci_credit,3,brier,rf*xgb,interaction,-0.009082035309105008
uci_credit,3,pr_auc,lr,linear,0.5050929188411554
uci_credit,3,pr_auc,gnb,linear,0.3989119518531401
uci_credit,3,pr_auc,knn,linear,0.5203299915646395
uci_credit,3,pr_auc,rf,linear,0.5599261963409714
uci_credit,3,pr_auc,xgb,linear,0.5387562464675899
uci_credit,3,pr_auc,lr*gnb,interaction,0.12452654005380434
uci_credit,3,pr_auc,lr*knn,interaction,0.048024798951897985
uci_credit,3,pr_auc,lr*rf,interaction,0.05451856207441019
uci_credit,3,pr_auc,lr*xgb,interaction,0.08771706471147589
uci_credit,3,pr_auc,gnb*knn,interaction,0.15575938338183226
uci_credit,3,pr_auc,gnb*rf,interaction,0.19540702359350037
uci_credit,3,pr_auc,gnb*xgb,interaction,0.21502937836240732
uci_credit,3,pr_auc,knn*rf,interaction,0.04196939125748966
uci_credit,3,pr_auc,knn*xgb,interaction,0.082252958415739
uci_credit,3,pr_auc,rf*xgb,interaction,0.03755472693459727
uci_credit,4,roc_auc,lr,linear,0.7194454786851131
uci_credit,4,roc_auc,gnb,linear,0.6664184554414372
uci_credit,4,roc_auc,knn,linear,0.7549951056186505
uci_credit,4,roc_auc,rf,linear,0.7812164159290842
uci_credit,4,roc_auc,xgb,linear,0.7604065731799151
uci_credit,4,roc_auc,lr*gnb,interaction,0.07329204914206044
uci_credit,4,roc_auc,lr*knn,interaction,0.056306358060143724
uci_credit,4,roc_auc,lr*rf,interaction,0.07317818136919607
uci_credit,4,roc_auc,lr*xgb,interaction,0.08667855647450251
uci_credit,4,roc_auc,gnb*knn,interaction,0.06968345198586023
uci_credit,4,roc_auc,gnb*rf,interaction,0.09352204770973782
uci_credit,4,roc_auc,gnb*xgb,interaction,0.12236763796721561
uci_credit,4,roc_auc,knn*rf,interaction,0.038690357795601704
uci_credit,4,roc_auc,knn*xgb,interaction,0.058798808753660586
uci_credit,4,roc_auc,rf*xgb,interaction,0.027116548232385185
uci_credit,4,log_loss,lr,linear,0.4655228364951664
uci_credit,4,log_loss,gnb,linear,0.9811299707438044
uci_credit,4,log_loss,knn,linear,0.44593207384138983
uci_credit,4,log_loss,rf,linear,0.4282843342764694
uci_credit,4,log_loss,xgb,linear,0.45552872369829805
uci_credit,4,log_loss,lr*gnb,interaction,-0.5195388981832451
uci_credit,4,log_loss,lr*knn,interaction,-0.02508218911630193
uci_credit,4,log_loss,lr*rf,interaction,-0.02729076448955725
uci_credit,4,log_loss,lr*xgb,interaction,-0.07047396641347003
uci_credit,4,log_loss,gnb*knn,interaction,-0.5534035022465922
uci_credit,4,log_loss,gnb*rf,interaction,-0.5346802841344467
uci_credit,4,log_loss,gnb*xgb,interaction,-0.584950750546587
uci_credit,4,log_loss,knn*rf,interaction,-0.009388857227167646
uci_credit,4,log_loss,knn*xgb,interaction,-0.05194481134199924
uci_credit,4,log_loss,rf*xgb,interaction,-0.031865618893582415
uci_credit,4,brier,lr,linear,0.1455903626934182
uci_credit,4,brier,gnb,linear,0.3665233892414023
uci_credit,4,brier,knn,linear,0.14116856714868076
uci_credit,4,brier,rf,linear,0.1348015610273146
uci_credit,4,brier,xgb,linear,0.14158507747688537
uci_credit,4,brier,lr*gnb,interaction,-0.2177969594639907
uci_credit,4,brier,lr*knn,interaction,-0.009916585590845343
uci_credit,4,brier,lr*rf,interaction,-0.010809602716577354
uci_credit,4,brier,lr*xgb,interaction,-0.022526265617574037
uci_credit,4,brier,gnb*knn,interaction,-0.239964539397459
uci_credit,4,brier,gnb*rf,interaction,-0.23065833826682772
uci_credit,4,brier,gnb*xgb,interaction,-0.2518747902537152
uci_credit,4,brier,knn*rf,interaction,-0.006289996943044857
uci_credit,4,brier,knn*xgb,interaction,-0.016942167738842946
uci_credit,4,brier,rf*xgb,interaction,-0.009217795311265986
uci_credit,4,pr_auc,lr,linear,0.49767143173664197
uci_credit,4,pr_auc,gnb,linear,0.3969555636728205
uci_credit,4,pr_auc,knn,linear,0.5130736012335069
uci_credit,4,pr_auc,rf,linear,0.5536730863359887
uci_credit,4,pr_auc,xgb,linear,0.5217320803005209
uci_credit,4,pr_auc,lr*gnb,interaction,0.1304085976913412
uci_credit,4,pr_auc,lr*knn,interaction,0.04923117704571006
uci_credit,4,pr_auc,lr*rf,interaction,0.05518034760094015
uci_credit,4,pr_auc,lr*xgb,interaction,0.10451809356996355
uci_credit,4,pr_auc,gnb*knn,interaction,0.15182409726668133
uci_credit,4,pr_auc,gnb*rf,interaction,0.1893430889424117
uci_credit,4,pr_auc,gnb*xgb,interaction,0.22096296325341314
uci_credit,4,pr_auc,knn*rf,interaction,0.04250511840722293
uci_credit,4,pr_auc,knn*xgb,interaction,0.09205125851977254
uci_credit,4,pr_auc,rf*xgb,interaction,0.04035705576011961
uci_credit,5,roc_auc,lr,linear,0.7216404976916726
uci_credit,5,roc_auc,gnb,linear,0.6736113084264507
uci_credit,5,roc_auc,knn,linear,0.7523459427552985
uci_credit,5,roc_auc,rf,linear,0.7813005810023899
uci_credit,5,roc_auc,xgb,linear,0.7611692348642798
uci_credit,5,roc_auc,lr*gnb,interaction,0.07108552386658706
uci_credit,5,roc_auc,lr*knn,interaction,0.05511963568037387
uci_credit,5,roc_auc,lr*rf,interaction,0.0725815852038777
uci_credit,5,roc_auc,lr*xgb,interaction,0.08733774231703628
uci_credit,5,roc_auc,gnb*knn,interaction,0.06784767842096429
uci_credit,5,roc_auc,gnb*rf,interaction,0.09571192777139526
uci_credit,5,roc_auc,gnb*xgb,interaction,0.11703480088820517
uci_credit,5,roc_auc,knn*rf,interaction,0.04019919019925511
uci_credit,5,roc_auc,knn*xgb,interaction,0.06030910166502998
uci_credit,5,roc_auc,rf*xgb,interaction,0.02682555099641526
uci_credit,5,log_loss,lr,linear,0.46323765548542856
uci_credit,5,log_loss,gnb,linear,1.1135269719984973
uci_credit,5,log_loss,knn,linear,0.44567874928381823
uci_credit,5,log_loss,rf,linear,0.42676101237854325
uci_credit,5,log_loss,xgb,linear,0.45348875907482167
uci_credit,5,log_loss,lr*gnb,interaction,-0.6731400037153006
uci_credit,5,log_loss,lr*knn,interaction,-0.01656304447305125
uci_credit,5,log_loss,lr*rf,interaction,-0.01849732095910428
uci_credit,5,log_loss,lr*xgb,interaction,-0.06168172128341198
uci_credit,5,log_loss,gnb*knn,interaction,-0.713071533106516
uci_credit,5,log_loss,gnb*rf,interaction,-0.6879642617835856
uci_credit,5,log_loss,gnb*xgb,interaction,-0.7407843408863428
uci_credit,5,log_loss,knn*rf,interaction,-0.001795531926229721
uci_credit,5,log_loss,knn*xgb,interaction,-0.04373405223947427
uci_credit,5,log_loss,rf*xgb,interaction,-0.022350544349872825
uci_credit,5,brier,lr,linear,0.14515948825002514
uci_credit,5,brier,gnb,linear,0.41553770141943225
uci_credit,5,brier,knn,linear,0.14143290551070528
uci_credit,5,brier,rf,linear,0.13451661747466104
uci_credit,5,brier,xgb,linear,0.14119873199642202
uci_credit,5,brier,lr*gnb,interaction,-0.2667761686964373
uci_credit,5,brier,lr*knn,interaction,-0.00989903630687232
uci_credit,5,brier,lr*rf,interaction,-0.01075534686411378
uci_credit,5,brier,lr*xgb,interaction,-0.022540295867989862
uci_credit,5,brier,gnb*knn,interaction,-0.2913586273646023
uci_credit,5,brier,gnb*rf,interaction,-0.28026825024544577
uci_credit,5,brier,gnb*xgb,interaction,-0.3027760709204811
uci_credit,5,brier,knn*rf,interaction,-0.006426538127304815
uci_credit,5,brier,knn*xgb,interaction,-0.01709612847965846
uci_credit,5,brier,rf*xgb,interaction,-0.009212809090535456
uci_credit,5,pr_auc,lr,linear,0.5010203517213829
uci_credit,5,pr_auc,gnb,linear,0.41115856104888177
uci_credit,5,pr_auc,knn,linear,0.5141231146437963
uci_credit,5,pr_auc,rf,linear,0.5527394777799706
uci_credit,5,pr_auc,xgb,linear,0.5280574003758468
uci_credit,5,pr_auc,lr*gnb,interaction,0.1219969668452166
uci_credit,5,pr_auc,lr*knn,interaction,0.04212426471220315
uci_credit,5,pr_auc,lr*rf,interaction,0.04978712156339121
uci_credit,5,pr_auc,lr*xgb,interaction,0.08933470848687186
uci_credit,5,pr_auc,gnb*knn,interaction,0.14416824402580541
uci_credit,5,pr_auc,gnb*rf,interaction,0.1826011444024791
uci_credit,5,pr_auc,gnb*xgb,interaction,0.20631126888353857
uci_credit,5,pr_auc,knn*rf,interaction,0.03981872396163233
uci_credit,5,pr_auc,knn*xgb,interaction,0.08744416987509687
uci_credit,5,pr_auc,rf*xgb,interaction,0.03795109463504276
uci_credit,6,roc_auc,lr,linear,0.722054670352582
uci_credit,6,roc_auc,gnb,linear,0.6695608023216382
uci_credit,6,roc_auc,knn,linear,0.7583707430810457
uci_credit,6,roc_auc,rf,linear,0.7835256988555962
uci_credit,6,roc_auc,xgb,linear,0.762905227408704
uci_credit,6,roc_auc,lr*gnb,interaction,0.06563241448501561
uci_credit,6,roc_auc,lr*knn,interaction,0.06105866964131307
uci_credit,6,roc_auc,lr*rf,interaction,0.07739877242992965
uci_credit,6,roc_auc,lr*xgb,interaction,0.08995691714938703
uci_credit,6,roc_auc,gnb*knn,interaction,0.06726757241823256
uci_credit,6,roc_auc,gnb*rf,interaction,0.10024096913712266
uci_credit,6,roc_auc,gnb*xgb,interaction,0.1250429053821529
uci_credit,6,roc_auc,knn*rf,interaction,0.04051230117931759
uci_credit,6,roc_auc,knn*xgb,interaction,0.05997033302453687
uci_credit,6,roc_auc,rf*xgb,interaction,0.02655611372259159
uci_credit,6,log_loss,lr,linear,0.46189676799837587
uci_credit,6,log_loss,gnb,linear,1.1769837753591132
uci_credit,6,log_loss,knn,linear,0.44126862755985286
uci_credit,6,log_loss,rf,linear,0.423781044209309
uci_credit,6,log_loss,xgb,linear,0.4495804016551304
uci_credit,6,log_loss,lr*gnb,interaction,-0.7518680116496237
uci_credit,6,log_loss,lr*knn,interaction,-0.013169065372500705
uci_credit,6,log_loss,lr*rf,interaction,-0.014355815802121641
uci_credit,6,log_loss,lr*xgb,interaction,-0.05656458231276029
uci_credit,6,log_loss,gnb*knn,interaction,-0.7937142238734349
uci_credit,6,log_loss,gnb*rf,interaction,-0.7693774906675783
uci_credit,6,log_loss,gnb*xgb,interaction,-0.8182750483156206
uci_credit,6,log_loss,knn*rf,interaction,0.004103986584211072
uci_credit,6,log_loss,knn*xgb,interaction,-0.038596353020640406
uci_credit,6,log_loss,rf*xgb,interaction,-0.016573826633517585
uci_credit,6,brier,lr,linear,0.144739840635631
uci_credit,6,brier,gnb,linear,0.435741443970134
uci_credit,6,brier,knn,linear,0.1400417764288708
uci_credit,6,brier,rf,linear,0.13357481677535502
uci_credit,6,brier,xgb,linear,0.1399494900671241
uci_credit,6,brier,lr*gnb,interaction,-0.2859343776797071
uci_credit,6,brier,lr*knn,interaction,-0.010436471271862275
uci_credit,6,brier,lr*rf,interaction,-0.011158650902037964
uci_credit,6,brier,lr*xgb,interaction,-0.02330796760617343
uci_credit,6,brier,gnb*knn,interaction,-0.31261942742730076
uci_credit,6,brier,gnb*rf,interaction,-0.30107058481625565
uci_credit,6,brier,gnb*xgb,interaction,-0.32322400265925366
uci_credit,6,brier,knn*rf,interaction,-0.006385722207151029
uci_credit,6,brier,knn*xgb,interaction,-0.017257873891331488
uci_credit,6,brier,rf*xgb,interaction,-0.009264900872724025
uci_credit,6,pr_auc,lr,linear,0.5021870058077668
uci_credit,6,pr_auc,gnb,linear,0.4156609234371512
uci_credit,6,pr_auc,knn,linear,0.5220981541615201
uci_credit,6,pr_auc,rf,linear,0.5592440247813854
uci_credit,6,pr_auc,xgb,linear,0.5347903258865473
uci_credit,6,pr_auc,lr*gnb,interaction,0.10414969504080512
uci_credit,6,pr_auc,lr*knn,interaction,0.050030910659513844
uci_credit,6,pr_auc,lr*rf,interaction,0.05592022654890899
uci_credit,6,pr_auc,lr*xgb,interaction,0.09425905905864862
uci_credit,6,pr_auc,gnb*knn,interaction,0.14131169210350958
uci_credit,6,pr_auc,gnb*rf,interaction,0.17901197213160291
uci_credit,6,pr_auc,gnb*xgb,interaction,0.19886902645352628
uci_credit,6,pr_auc,knn*rf,interaction,0.042599540021151405
uci_credit,6,pr_auc,knn*xgb,interaction,0.08130603516507331
uci_credit,6,pr_auc,rf*xgb,interaction,0.038645129154222246
uci_credit,7,roc_auc,lr,linear,0.7243860077791887
uci_credit,7,roc_auc,gnb,linear,0.6642391538224639
uci_credit,7,roc_auc,knn,linear,0.760735343179271
uci_credit,7,roc_auc,rf,linear,0.7843988873141915
uci_credit,7,roc_auc,xgb,linear,0.766617418604705
uci_credit,7,roc_auc,lr*gnb,interaction,0.0916017763259655
uci_credit,7,roc_auc,lr*knn,interaction,0.05187990607159709
uci_credit,7,roc_auc,lr*rf,interaction,0.06839130981215036
uci_credit,7,roc_auc,lr*xgb,interaction,0.07810158439465953
uci_credit,7,roc_auc,gnb*knn,interaction,0.0851031615309692
uci_credit,7,roc_auc,gnb*rf,interaction,0.11185846000667499
uci_credit,7,roc_auc,gnb*xgb,interaction,0.1347700921022087
uci_credit,7,roc_auc,knn*rf,interaction,0.036340549742493566
uci_credit,7,roc_auc,knn*xgb,interaction,0.053395747600799015
uci_credit,7,roc_auc,rf*xgb,interaction,0.024235604189277726
uci_credit,7,log_loss,lr,linear,0.4626806058380993
uci_credit,7,log_loss,gnb,linear,0.988355552004982
uci_credit,7,log_loss,knn,linear,0.4420579030962424
uci_credit,7,log_loss,rf,linear,0.42492734051756387
uci_credit,7,log_loss,xgb,linear,0.44860103013571867
uci_credit,7,log_loss,lr*gnb,interaction,-0.5330216513469087
uci_credit,7,log_loss,lr*knn,interaction,-0.02513889632871824
uci_credit,7,log_loss,lr*rf,interaction,-0.026914479503057476
uci_credit,7,log_loss,lr*xgb,interaction,-0.0665170878867466
uci_credit,7,log_loss,gnb*knn,interaction,-0.5682489626481821
uci_credit,7,log_loss,gnb*rf,interaction,-0.5478254049530275
uci_credit,7,log_loss,gnb*xgb,interaction,-0.5972664123267306
uci_credit,7,log_loss,knn*rf,interaction,-0.008494603683703916
uci_credit,7,log_loss,knn*xgb,interaction,-0.04825708757594466
uci_credit,7,log_loss,rf*xgb,interaction,-0.027958847128541464
uci_credit,7,brier,lr,linear,0.14443064160478455
uci_credit,7,brier,gnb,linear,0.3689811926654535
uci_credit,7,brier,knn,linear,0.13968145456305786
uci_credit,7,brier,rf,linear,0.1334592934242547
uci_credit,7,brier,xgb,linear,0.13926934812459574
uci_credit,7,brier,lr*gnb,interaction,-0.22169587130695162
uci_credit,7,brier,lr*knn,interaction,-0.010220820799569406
uci_credit,7,brier,lr*rf,interaction,-0.010945824003696952
uci_credit,7,brier,lr*xgb,interaction,-0.022428743903972925
uci_credit,7,brier,gnb*knn,interaction,-0.2450236034229758
uci_credit,7,brier,gnb*rf,interaction,-0.23483806142274505
uci_credit,7,brier,gnb*xgb,interaction,-0.2556236631108097
uci_credit,7,brier,knn*rf,interaction,-0.006258969523094515
uci_credit,7,brier,knn*xgb,interaction,-0.016802874635596814
uci_credit,7,brier,rf*xgb,interaction,-0.009210730066522399
uci_credit,7,pr_auc,lr,linear,0.5032347817558342
uci_credit,7,pr_auc,gnb,linear,0.39089407901420914
uci_credit,7,pr_auc,knn,linear,0.5240620844337848
uci_credit,7,pr_auc,rf,linear,0.5616059976721629
uci_credit,7,pr_auc,xgb,linear,0.5352078113199813
uci_credit,7,pr_auc,lr*gnb,interaction,0.15924611677652467
uci_credit,7,pr_auc,lr*knn,interaction,0.04556728349360065
uci_credit,7,pr_auc,lr*rf,interaction,0.05477745437581166
uci_credit,7,pr_auc,lr*xgb,interaction,0.1010409290882659
uci_credit,7,pr_auc,gnb*knn,interaction,0.18201574676376042
uci_credit,7,pr_auc,gnb*rf,interaction,0.22703114631836196
uci_credit,7,pr_auc,gnb*xgb,interaction,0.2570846485748558
uci_credit,7,pr_auc,knn*rf,interaction,0.03932787401660376
uci_credit,7,pr_auc,knn*xgb,interaction,0.08678301917133135
uci_credit,7,pr_auc,rf*xgb,interaction,0.03976882488420008
uci_credit,8,roc_auc,lr,linear,0.7218702789571392
uci_credit,8,roc_auc,gnb,linear,0.6663413605097951
uci_credit,8,roc_auc,knn,linear,0.7574088247540567
uci_credit,8,roc_auc,rf,linear,0.7806099541829497
uci_credit,8,roc_auc,xgb,linear,0.7626616624656806
uci_credit,8,roc_auc,lr*gnb,interaction,0.069389891670663
uci_credit,8,roc_auc,lr*knn,interaction,0.056230828658949766
uci_credit,8,roc_auc,lr*rf,interaction,0.07100119960624729
uci_credit,8,roc_auc,lr*xgb,interaction,0.08719227431395149
uci_credit,8,roc_auc,gnb*knn,interaction,0.06426287287866628
uci_credit,8,roc_auc,gnb*rf,interaction,0.09002690200767527
uci_credit,8,roc_auc,gnb*xgb,interaction,0.12123164849187984
uci_credit,8,roc_auc,knn*rf,interaction,0.037485064524709566
uci_credit,8,roc_auc,knn*xgb,interaction,0.05807640659531291
uci_credit,8,roc_auc,rf*xgb,interaction,0.026756666791306838
uci_credit,8,log_loss,lr,linear,0.4633579331295995
uci_credit,8,log_loss,gnb,linear,1.0897912161945906
uci_credit,8,log_loss,knn,linear,0.443307682550928
uci_credit,8,log_loss,rf,linear,0.42734011961426355
uci_credit,8,log_loss,xgb,linear,0.4522465771175383
uci_credit,8,log_loss,lr*gnb,interaction,-0.6444833553730699
uci_credit,8,log_loss,lr*knn,interaction,-0.01760783671805656
uci_credit,8,log_loss,lr*rf,interaction,-0.01981165224480086
uci_credit,8,log_loss,lr*xgb,interaction,-0.06113965854418291
uci_credit,8,log_loss,gnb*knn,interaction,-0.6815397099186185
uci_credit,8,log_loss,gnb*rf,interaction,-0.6631079080741845
uci_credit,8,log_loss,gnb*xgb,interaction,-0.7116927886938113
uci_credit,8,log_loss,knn*rf,interaction,-0.0021463259135834356
uci_credit,8,log_loss,knn*xgb,interaction,-0.045128303802983744
uci_credit,8,log_loss,rf*xgb,interaction,-0.023712352910567835
uci_credit,8,brier,lr,linear,0.14498362621133729
uci_credit,8,brier,gnb,linear,0.40589158196479896
uci_credit,8,brier,knn,linear,0.14049182541502803
uci_credit,8,brier,rf,linear,0.1346762181829076
uci_credit,8,brier,xgb,linear,0.14054261710233573
uci_credit,8,brier,lr*gnb,interaction,-0.2560939173367176
uci_credit,8,brier,lr*knn,interaction,-0.009880947474864916
uci_credit,8,brier,lr*rf,interaction,-0.010594795082773889
uci_credit,8,brier,lr*xgb,interaction,-0.021924871101266008
uci_credit,8,brier,gnb*knn,interaction,-0.27930963880492465
uci_credit,8,brier,gnb*rf,interaction,-0.2704250089629389
uci_credit,8,brier,gnb*xgb,interaction,-0.29196919105424324
uci_credit,8,brier,knn*rf,interaction,-0.006223277030574376
uci_credit,8,brier,knn*xgb,interaction,-0.01680997339487473
uci_credit,8,brier,rf*xgb,interaction,-0.009115563574421004
uci_credit,8,pr_auc,lr,linear,0.5015495882332645
uci_credit,8,pr_auc,gnb,linear,0.40861591224778093
uci_credit,8,pr_auc,knn,linear,0.5195663837062007
uci_credit,8,pr_auc,rf,linear,0.5531434399289624
uci_credit,8,pr_auc,xgb,linear,0.5272197567261863
uci_credit,8,pr_auc,lr*gnb,interaction,0.11394649394887335
uci_credit,8,pr_auc,lr*knn,interaction,0.04179947599996442
uci_credit,8,pr_auc,lr*rf,interaction,0.05043624823969878
uci_credit,8,pr_auc,lr*xgb,interaction,0.09424949876715516
uci_credit,8,pr_auc,gnb*knn,interaction,0.14226334914479022
uci_credit,8,pr_auc,gnb*rf,interaction,0.1755235433711596
uci_credit,8,pr_auc,gnb*xgb,interaction,0.19945976499622592
uci_credit,8,pr_auc,knn*rf,interaction,0.04110425428566322
uci_credit,8,pr_auc,knn*xgb,interaction,0.09379277015571535
uci_credit,8,pr_auc,rf*xgb,interaction,0.041854843174462975
uci_credit,9,roc_auc,lr,linear,0.721812117006626
uci_credit,9,roc_auc,gnb,linear,0.6598137894314231
uci_credit,9,roc_auc,knn,linear,0.7550830238284687
uci_credit,9,roc_auc,rf,linear,0.7805872126424741
uci_credit,9,roc_auc,xgb,linear,0.7614620615332817
uci_credit,9,roc_auc,lr*gnb,interaction,0.08094083535845098
uci_credit,9,roc_auc,lr*knn,interaction,0.05179261338947255
uci_credit,9,roc_auc,lr*rf,interaction,0.06914436551288783
uci_credit,9,roc_auc,lr*xgb,interaction,0.08525469450170697
uci_credit,9,roc_auc,gnb*knn,interaction,0.07395814731145633
uci_credit,9,roc_auc,gnb*rf,interaction,0.0983986228055036
uci_credit,9,roc_auc,gnb*xgb,interaction,0.125809117519893
uci_credit,9,roc_auc,knn*rf,interaction,0.03873228852176758
uci_credit,9,roc_auc,knn*xgb,interaction,0.06091097341825384
uci_credit,9,roc_auc,rf*xgb,interaction,0.027127576836738054
uci_credit,9,log_loss,lr,linear,0.4631723313653732
uci_credit,9,log_loss,gnb,linear,1.0356962256884676
uci_credit,9,log_loss,knn,linear,0.44352355911049895
uci_credit,9,log_loss,rf,linear,0.42731818262917715
uci_credit,9,log_loss,xgb,linear,0.4524548849554614
uci_credit,9,log_loss,lr*gnb,interaction,-0.583332697374356
uci_credit,9,log_loss,lr*knn,interaction,-0.02090436307342662
uci_credit,9,log_loss,lr*rf,interaction,-0.022883620322036724
uci_credit,9,log_loss,lr*xgb,interaction,-0.06544897243577907
uci_credit,9,log_loss,gnb*knn,interaction,-0.6222167256546332
uci_credit,9,log_loss,gnb*rf,interaction,-0.6001534465734059
uci_credit,9,log_loss,gnb*xgb,interaction,-0.6538685706507543
uci_credit,9,log_loss,knn*rf,interaction,-0.005185989950346581
uci_credit,9,log_loss,knn*xgb,interaction,-0.047332906469349095
uci_credit,9,log_loss,rf*xgb,interaction,-0.026440024277331275
uci_credit,9,brier,lr,linear,0.14470885709009532
uci_credit,9,brier,gnb,linear,0.3858666171161825
uci_credit,9,brier,knn,linear,0.140289292648161
uci_credit,9,brier,rf,linear,0.13446087833882434
uci_credit,9,brier,xgb,linear,0.1408559851701032
uci_credit,9,brier,lr*gnb,interaction,-0.23720546213439062
uci_credit,9,brier,lr*knn,interaction,-0.009828579929368527
uci_credit,9,brier,lr*rf,interaction,-0.010536144457634039
uci_credit,9,brier,lr*xgb,interaction,-0.02229389686299993
uci_credit,9,brier,gnb*knn,interaction,-0.2605733426665534
uci_credit,9,brier,gnb*rf,interaction,-0.2502543236424887
uci_credit,9,brier,gnb*xgb,interaction,-0.2727408618304577
uci_credit,9,brier,knn*rf,interaction,-0.006066506709087871
uci_credit,9,brier,knn*xgb,interaction,-0.01701305379611704
uci_credit,9,brier,rf*xgb,interaction,-0.00947050222073087
uci_credit,9,pr_auc,lr,linear,0.5030542314946834
uci_credit,9,pr_auc,gnb,linear,0.39497812679568123
uci_credit,9,pr_auc,knn,linear,0.5214823060307197
uci_credit,9,pr_auc,rf,linear,0.5570716403518469
uci_credit,9,pr_auc,xgb,linear,0.5324710322130972
uci_credit,9,pr_auc,lr*gnb,interaction,0.13918539614300962
uci_credit,9,pr_auc,lr*knn,interaction,0.0418254721593819
uci_credit,9,pr_auc,lr*rf,interaction,0.05260395699031256
uci_credit,9,pr_auc,lr*xgb,interaction,0.09367236482206198
uci_credit,9,pr_auc,gnb*knn,interaction,0.16436004443325514
uci_credit,9,pr_auc,gnb*rf,interaction,0.20319364112903715
uci_credit,9,pr_auc,gnb*xgb,interaction,0.2254796679173613
uci_credit,9,pr_auc,knn*rf,interaction,0.04286970353127517
uci_credit,9,pr_auc,knn*xgb,interaction,0.08975781986001197
uci_credit,9,pr_auc,rf*xgb,interaction,0.04117050314526183
uci_credit,10,roc_auc,lr,linear,0.724632820823069
uci_credit,10,roc_auc,gnb,linear,0.6510615804801202
uci_credit,10,roc_auc,knn,linear,0.7608764749780776
uci_credit,10,roc_auc,rf,linear,0.7865318097475223
uci_credit,10,roc_auc,xgb,linear,0.7661630952256167
uci_credit,10,roc_auc,lr*gnb,interaction,0.08984121716664645
uci_credit,10,roc_auc,lr*knn,interaction,0.05271136298069912
uci_credit,10,roc_auc,lr*rf,interaction,0.07214487326657693
uci_credit,10,roc_auc,lr*xgb,interaction,0.08353539450279368
uci_credit,10,roc_auc,gnb*knn,interaction,0.08012134521444092
uci_credit,10,roc_auc,gnb*rf,interaction,0.1120053627972214
uci_credit,10,roc_auc,gnb*xgb,interaction,0.14235017743667155
uci_credit,10,roc_auc,knn*rf,interaction,0.03633146179528057
uci_credit,10,roc_auc,knn*xgb,interaction,0.059542814116131035
uci_credit,10,roc_auc,rf*xgb,interaction,0.027807028337866413
uci_credit,10,log_loss,lr,linear,0.4611833166758832
uci_credit,10,log_loss,gnb,linear,1.139750115738717
uci_credit,10,log_loss,knn,linear,0.4399467668602941
uci_credit,10,log_loss,rf,linear,0.4223571939881626
uci_credit,10,log_loss,xgb,linear,0.447226905875978
uci_credit,10,log_loss,lr*gnb,interaction,-0.7141594097663416
uci_credit,10,log_loss,lr*knn,interaction,-0.013442002897390753
uci_credit,10,log_loss,lr*rf,interaction,-0.01544186523780433
uci_credit,10,log_loss,lr*xgb,interaction,-0.05689519466192006
uci_credit,10,log_loss,gnb*knn,interaction,-0.7557388001794718
uci_credit,10,log_loss,gnb*rf,interaction,-0.7332464654855457
uci_credit,10,log_loss,gnb*xgb,interaction,-0.781769446892176
uci_credit,10,log_loss,knn*rf,interaction,0.004184192041968959
uci_credit,10,log_loss,knn*xgb,interaction,-0.03928920128297059
uci_credit,10,log_loss,rf*xgb,interaction,-0.017826921484123348
uci_credit,10,brier,lr,linear,0.14421560313121434
uci_credit,10,brier,gnb,linear,0.41784913466133045
uci_credit,10,brier,knn,linear,0.1395714257006855
uci_credit,10,brier,rf,linear,0.13303941352461704
uci_credit,10,brier,xgb,linear,0.13901414978574272
uci_credit,10,brier,lr*gnb,interaction,-0.2686839847209779
uci_credit,10,brier,lr*knn,interaction,-0.010363523473621128
uci_credit,10,brier,lr*rf,interaction,-0.011001828599253943
uci_credit,10,brier,lr*xgb,interaction,-0.022769768912904137
uci_credit,10,brier,gnb*knn,interaction,-0.2940454214612924
uci_credit,10,brier,gnb*rf,interaction,-0.28323875900644696
uci_credit,10,brier,gnb*xgb,interaction,-0.30518356807713437
uci_credit,10,brier,knn*rf,interaction,-0.0060710895870181025
uci_credit,10,brier,knn*xgb,interaction,-0.01697617568720465
uci_credit,10,brier,rf*xgb,interaction,-0.009398177271950248
uci_credit,10,pr_auc,lr,linear,0.5059009537173117
uci_credit,10,pr_auc,gnb,linear,0.3794806004340784
uci_credit,10,pr_auc,knn,linear,0.527177833034787
uci_credit,10,pr_auc,rf,linear,0.563620706311112
uci_credit,10,pr_auc,xgb,linear,0.5358794095242934
uci_credit,10,pr_auc,lr*gnb,interaction,0.15305207369148485
uci_credit,10,pr_auc,lr*knn,interaction,0.039686343124426815
uci_credit,10,pr_auc,lr*rf,interaction,0.05226917101845596
uci_credit,10,pr_auc,lr*xgb,interaction,0.09879221759429135
uci_credit,10,pr_auc,gnb*knn,interaction,0.18671326872625404
uci_credit,10,pr_auc,gnb*rf,interaction,0.22250893866108323
uci_credit,10,pr_auc,gnb*xgb,interaction,0.25072960184494625
uci_credit,10,pr_auc,knn*rf,interaction,0.03437288664997962
uci_credit,10,pr_auc,knn*xgb,interaction,0.08648356097941126
uci_credit,10,pr_auc,rf*xgb,interaction,0.0384787183790507
uci_credit,11,roc_auc,lr,linear,0.7261403652901239
uci_credit,11,roc_auc,gnb,linear,0.6576863719345967
uci_credit,11,roc_auc,knn,linear,0.7612188947512268
uci_credit,11,roc_auc,rf,linear,0.785712132619958
uci_credit,11,roc_auc,xgb,linear,0.7661701511886967
uci_credit,11,roc_auc,lr*gnb,interaction,0.09316431847980577
uci_credit,11,roc_auc,lr*knn,interaction,0.05083985573926689
uci_credit,11,roc_auc,lr*rf,interaction,0.06804246083310483
uci_credit,11,roc_auc,lr*xgb,interaction,0.08252171058540991
uci_credit,11,roc_auc,gnb*knn,interaction,0.0877002453953053
uci_credit,11,roc_auc,gnb*rf,interaction,0.11563270940509474
uci_credit,11,roc_auc,gnb*xgb,interaction,0.1432535122388987
uci_credit,11,roc_auc,knn*rf,interaction,0.035793831339823834
uci_credit,11,roc_auc,knn*xgb,interaction,0.05423356154646668
uci_credit,11,roc_auc,rf*xgb,interaction,0.024121414274370423
uci_credit,11,log_loss,lr,linear,0.460279316059015
uci_credit,11,log_loss,gnb,linear,1.1528170101543638
uci_credit,11,log_loss,knn,linear,0.4402833596061459
uci_credit,11,log_loss,rf,linear,0.4240601142749627
uci_credit,11,log_loss,xgb,linear,0.4494390977096135
uci_credit,11,log_loss,lr*gnb,interaction,-0.7278570870624022
uci_credit,11,log_loss,lr*knn,interaction,-0.01250166588254642
uci_credit,11,log_loss,lr*rf,interaction,-0.014076233743914868
uci_credit,11,log_loss,lr*xgb,interaction,-0.05488311367348553
uci_credit,11,log_loss,gnb*knn,interaction,-0.7695353094981245
uci_credit,11,log_loss,gnb*rf,interaction,-0.7434507545408547
uci_credit,11,log_loss,gnb*xgb,interaction,-0.7964861039921444
uci_credit,11,log_loss,knn*rf,interaction,0.003974487992532749
uci_credit,11,log_loss,knn*xgb,interaction,-0.036793960670606723
uci_credit,11,log_loss,rf*xgb,interaction,-0.01660115673174678
uci_credit,11,brier,lr,linear,0.14402452821211734
uci_credit,11,brier,gnb,linear,0.42465404861031
uci_credit,11,brier,knn,linear,0.1396444380682523
uci_credit,11,brier,rf,linear,0.1338018781660794
uci_credit,11,brier,xgb,linear,0.14039767637143902
uci_credit,11,brier,lr*gnb,interaction,-0.2757306055780009
uci_credit,11,brier,lr*knn,interaction,-0.00996815795497542
uci_credit,11,brier,lr*rf,interaction,-0.010519234905233155
uci_credit,11,brier,lr*xgb,interaction,-0.022042526974216048
uci_credit,11,brier,gnb*knn,interaction,-0.3018502238978432
uci_credit,11,brier,gnb*rf,interaction,-0.29005230572314494
uci_credit,11,brier,gnb*xgb,interaction,-0.31320709284258696
uci_credit,11,brier,knn*rf,interaction,-0.006135036326258919
uci_credit,11,brier,knn*xgb,interaction,-0.016629882134113955
uci_credit,11,brier,rf*xgb,interaction,-0.009127257216057227
uci_credit,11,pr_auc,lr,linear,0.5067352440423181
uci_credit,11,pr_auc,gnb,linear,0.3746383517832998
uci_credit,11,pr_auc,knn,linear,0.5236176864214305
uci_credit,11,pr_auc,rf,linear,0.5574106668131426
uci_credit,11,pr_auc,xgb,linear,0.533228925398895
uci_credit,11,pr_auc,lr*gnb,interaction,0.17885218299976569
uci_credit,11,pr_auc,lr*knn,interaction,0.03956120634199495
uci_credit,11,pr_auc,lr*rf,interaction,0.04843705472161186
uci_credit,11,pr_auc,lr*xgb,interaction,0.09066038265811605
uci_credit,11,pr_auc,gnb*knn,interaction,0.20733920853856036
uci_credit,11,pr_auc,gnb*rf,interaction,0.2426693342713373
uci_credit,11,pr_auc,gnb*xgb,interaction,0.26602295918957886
uci_credit,11,pr_auc,knn*rf,interaction,0.037587688713045964
uci_credit,11,pr_auc,knn*xgb,interaction,0.08677639365006003
uci_credit,11,pr_auc,rf*xgb,interaction,0.03272896590231733
uci_credit,12,roc_auc,lr,linear,0.7213939950661467
uci_credit,12,roc_auc,gnb,linear,0.6717839198344173
uci_credit,12,roc_auc,knn,linear,0.7570840878823595
uci_credit,12,roc_auc,rf,linear,0.780816167905222
uci_credit,12,roc_auc,xgb,linear,0.7597626683384864
uci_credit,12,roc_auc,lr*gnb,interaction,0.07744875475631713
uci_credit,12,roc_auc,lr*knn,interaction,0.05582776854726773
uci_credit,12,roc_auc,lr*rf,interaction,0.0698539624038702
uci_credit,12,roc_auc,lr*xgb,interaction,0.08430175524121042
uci_credit,12,roc_auc,gnb*knn,interaction,0.077252989750209
uci_credit,12,roc_auc,gnb*rf,interaction,0.10166900243910448
uci_credit,12,roc_auc,gnb*xgb,interaction,0.12916321348128557
uci_credit,12,roc_auc,knn*rf,interaction,0.03649634394415613
uci_credit,12,roc_auc,knn*xgb,interaction,0.05525780771281111
uci_credit,12,roc_auc,rf*xgb,interaction,0.025945889937302624
uci_credit,12,log_loss,lr,linear,0.4636319393265564
uci_credit,12,log_loss,gnb,linear,1.0748683683455684
uci_credit,12,log_loss,knn,linear,0.44298439958670843
uci_credit,12,log_loss,rf,linear,0.4269142632080096
uci_credit,12,log_loss,xgb,linear,0.45277998649755036
uci_credit,12,log_loss,lr*gnb,interaction,-0.6297203887420595
uci_credit,12,log_loss,lr*knn,interaction,-0.02046284868179782
uci_credit,12,log_loss,lr*rf,interaction,-0.021729118935789105
uci_credit,12,log_loss,lr*xgb,interaction,-0.06492054373226008
uci_credit,12,log_loss,gnb*knn,interaction,-0.6705768307980711
uci_credit,12,log_loss,gnb*rf,interaction,-0.6455833996637217
uci_credit,12,log_loss,gnb*xgb,interaction,-0.6974721142708874
uci_credit,12,log_loss,knn*rf,interaction,-0.003006250969659785
uci_credit,12,log_loss,knn*xgb,interaction,-0.044435276364055726
uci_credit,12,log_loss,rf*xgb,interaction,-0.0246066003362595
uci_credit,12,brier,lr,linear,0.14507693852153944
uci_credit,12,brier,gnb,linear,0.40155354542197863
uci_credit,12,brier,knn,linear,0.14020465881817806
uci_credit,12,brier,rf,linear,0.13443939427381552
uci_credit,12,brier,xgb,linear,0.1404772144630885
uci_credit,12,brier,lr*gnb,interaction,-0.252892403027021
uci_credit,12,brier,lr*knn,interaction,-0.010333843161993653
uci_credit,12,brier,lr*rf,interaction,-0.01084839433409171
uci_credit,12,brier,lr*xgb,interaction,-0.022479490817284925
uci_credit,12,brier,gnb*knn,interaction,-0.2782958161593222
uci_credit,12,brier,gnb*rf,interaction,-0.2667411024790557
uci_credit,12,brier,gnb*xgb,interaction,-0.2878304261777597
uci_credit,12,brier,knn*rf,interaction,-0.006101659526506181
uci_credit,12,brier,knn*xgb,interaction,-0.016602436468093743
uci_credit,12,brier,rf*xgb,interaction,-0.009124414496016864
uci_credit,12,pr_auc,lr,linear,0.5014024025911694
uci_credit,12,pr_auc,gnb,linear,0.40817658774464555
uci_credit,12,pr_auc,knn,linear,0.5210682407714767
uci_credit,12,pr_auc,rf,linear,0.5534409007774692
uci_credit,12,pr_auc,xgb,linear,0.5327109196564761
uci_credit,12,pr_auc,lr*gnb,interaction,0.12522337614122986
uci_credit,12,pr_auc,lr*knn,interaction,0.04598758616736098
uci_credit,12,pr_auc,lr*rf,interaction,0.05288469320846978
uci_credit,12,pr_auc,lr*xgb,interaction,0.09217175070301942
uci_credit,12,pr_auc,gnb*knn,interaction,0.15589321095194908
uci_credit,12,pr_auc,gnb*rf,interaction,0.19163971587738682
uci_credit,12,pr_auc,gnb*xgb,interaction,0.2194187555552145
uci_credit,12,pr_auc,knn*rf,interaction,0.040218220819169814
uci_credit,12,pr_auc,knn*xgb,interaction,0.08288559321547617
uci_credit,12,pr_auc,rf*xgb,interaction,0.03885036555305654
uci_credit,13,roc_auc,lr,linear,0.7225686118359405
uci_credit,13,roc_auc,gnb,linear,0.6662236752854765
uci_credit,13,roc_auc,knn,linear,0.7563160018026674
uci_credit,13,roc_auc,rf,linear,0.7821228889402075
uci_credit,13,roc_auc,xgb,linear,0.7625525978233998
uci_credit,13,roc_auc,lr*gnb,interaction,0.07104376095544751
uci_credit,13,roc_auc,lr*knn,interaction,0.05508940182430938
uci_credit,13,roc_auc,lr*rf,interaction,0.06963349436303468
uci_credit,13,roc_auc,lr*xgb,interaction,0.08336704139037088
uci_credit,13,roc_auc,gnb*knn,interaction,0.0692997621081135
uci_credit,13,roc_auc,gnb*rf,interaction,0.09360190238609267
uci_credit,13,roc_auc,gnb*xgb,interaction,0.12222725370829968
uci_credit,13,roc_auc,knn*rf,interaction,0.037772433275867545
uci_credit,13,roc_auc,knn*xgb,interaction,0.05867247110599498
uci_credit,13,roc_auc,rf*xgb,interaction,0.025613822159890276
uci_credit,13,log_loss,lr,linear,0.46273659405154394
uci_credit,13,log_loss,gnb,linear,1.1089233565981478
uci_credit,13,log_loss,knn,linear,0.4438344410682646
uci_credit,13,log_loss,rf,linear,0.4270814825627054
uci_credit,13,log_loss,xgb,linear,0.4510577975986216
uci_credit,13,log_loss,lr*gnb,interaction,-0.6693614304231112
uci_credit,13,log_loss,lr*knn,interaction,-0.01704684002845193
uci_credit,13,log_loss,lr*rf,interaction,-0.018262292001489766
uci_credit,13,log_loss,lr*xgb,interaction,-0.06066841982167359
uci_credit,13,log_loss,gnb*knn,interaction,-0.7083015297925104
uci_credit,13,log_loss,gnb*rf,interaction,-0.6861098658817497
uci_credit,13,log_loss,gnb*xgb,interaction,-0.7378022529397572
uci_credit,13,log_loss,knn*rf,interaction,-0.00028973029696088837
uci_credit,13,log_loss,knn*xgb,interaction,-0.04142442116766107
uci_credit,13,log_loss,rf*xgb,interaction,-0.021073612047591617
uci_credit,13,brier,lr,linear,0.1451255085216922
uci_credit,13,brier,gnb,linear,0.4123413740703447
uci_credit,13,brier,knn,linear,0.1408165005797924
uci_credit,13,brier,rf,linear,0.13487001551109645
uci_credit,13,brier,xgb,linear,0.14062245481799435
uci_credit,13,brier,lr*gnb,interaction,-0.2628585479947005
uci_credit,13,brier,lr*knn,interaction,-0.010312901695624578
uci_credit,13,brier,lr*rf,interaction,-0.010774602953872808
uci_credit,13,brier,lr*xgb,interaction,-0.02249168282935529
uci_credit,13,brier,gnb*knn,interaction,-0.28702876222855067
uci_credit,13,brier,gnb*rf,interaction,-0.27670883617540304
uci_credit,13,brier,gnb*xgb,interaction,-0.29839630333438666
uci_credit,13,brier,knn*rf,interaction,-0.006187227208173884
uci_credit,13,brier,knn*xgb,interaction,-0.016908826156288956
uci_credit,13,brier,rf*xgb,interaction,-0.009368555964780145
uci_credit,13,pr_auc,lr,linear,0.5005232345664006
uci_credit,13,pr_auc,gnb,linear,0.4043972524642827
uci_credit,13,pr_auc,knn,linear,0.5156437400823788
uci_credit,13,pr_auc,rf,linear,0.5513883333831093
uci_credit,13,pr_auc,xgb,linear,0.5326884886501434
uci_credit,13,pr_auc,lr*gnb,interaction,0.11940220172064753
uci_credit,13,pr_auc,lr*knn,interaction,0.045986955644187755
uci_credit,13,pr_auc,lr*rf,interaction,0.05208792747996582
uci_credit,13,pr_auc,lr*xgb,interaction,0.09019764016772369
uci_credit,13,pr_auc,gnb*knn,interaction,0.1510192829995154
uci_credit,13,pr_auc,gnb*rf,interaction,0.1848524923121867
uci_credit,13,pr_auc,gnb*xgb,interaction,0.20766773325799442
uci_credit,13,pr_auc,knn*rf,interaction,0.038603873896183694
uci_credit,13,pr_auc,knn*xgb,interaction,0.08334860414237871
uci_credit,13,pr_auc,rf*xgb,interaction,0.0389784467870633
uci_credit,14,roc_auc,lr,linear,0.7241363690455939
uci_credit,14,roc_auc,gnb,linear,0.6682421835997764
uci_credit,14,roc_auc,knn,linear,0.7591595839025387
uci_credit,14,roc_auc,rf,linear,0.7838168842041983
uci_credit,14,roc_auc,xgb,linear,0.7623396447642605
uci_credit,14,roc_auc,lr*gnb,interaction,0.07060073843471343
uci_credit,14,roc_auc,lr*knn,interaction,0.05595711385427976
uci_credit,14,roc_auc,lr*rf,interaction,0.0728750617337619
uci_credit,14,roc_auc,lr*xgb,interaction,0.08795290483319373
uci_credit,14,roc_auc,gnb*knn,interaction,0.07028038680824888
uci_credit,14,roc_auc,gnb*rf,interaction,0.0980913519076898
uci_credit,14,roc_auc,gnb*xgb,interaction,0.12734743796360126
uci_credit,14,roc_auc,knn*rf,interaction,0.03849595712916298
uci_credit,14,roc_auc,knn*xgb,interaction,0.05853124487633994
uci_credit,14,roc_auc,rf*xgb,interaction,0.027248996090790456
uci_credit,14,log_loss,lr,linear,0.46101576753484386
uci_credit,14,log_loss,gnb,linear,1.1588494282317923
uci_credit,14,log_loss,knn,linear,0.44191245119036554
uci_credit,14,log_loss,rf,linear,0.42470494166823297
uci_credit,14,log_loss,xgb,linear,0.45096652800365145
uci_credit,14,log_loss,lr*gnb,interaction,-0.7284346924720355
uci_credit,14,log_loss,lr*knn,interaction,-0.013372152616126218
uci_credit,14,log_loss,lr*rf,interaction,-0.01580309378329381
uci_credit,14,log_loss,lr*xgb,interaction,-0.058289212367140686
uci_credit,14,log_loss,gnb*knn,interaction,-0.7686847754561528
uci_credit,14,log_loss,gnb*rf,interaction,-0.7458594294604368
uci_credit,14,log_loss,gnb*xgb,interaction,-0.7968165341895577
uci_credit,14,log_loss,knn*rf,interaction,0.0032838113636524113
uci_credit,14,log_loss,knn*xgb,interaction,-0.03914094104880861
uci_credit,14,log_loss,rf*xgb,interaction,-0.019220206586682442
uci_credit,14,brier,lr,linear,0.14445926274599216
uci_credit,14,brier,gnb,linear,0.43004011673057263
uci_credit,14,brier,knn,linear,0.14022822980227334
uci_credit,14,brier,rf,linear,0.13396886539966563
uci_credit,14,brier,xgb,linear,0.14027081369808544
uci_credit,14,brier,lr*gnb,interaction,-0.28068282151983037
uci_credit,14,brier,lr*knn,interaction,-0.010385689343293553
uci_credit,14,brier,lr*rf,interaction,-0.010834873713167159
uci_credit,14,brier,lr*xgb,interaction,-0.022292430017833292
uci_credit,14,brier,gnb*knn,interaction,-0.3061742685221658
uci_credit,14,brier,gnb*rf,interaction,-0.2950773714558077
uci_credit,14,brier,gnb*xgb,interaction,-0.31675745214245665
uci_credit,14,brier,knn*rf,interaction,-0.006223739185430621
uci_credit,14,brier,knn*xgb,interaction,-0.01687027768691933
uci_credit,14,brier,rf*xgb,interaction,-0.009321157981341699
uci_credit,14,pr_auc,lr,linear,0.5046026934108169
uci_credit,14,pr_auc,gnb,linear,0.4149897485263402
uci_credit,14,pr_auc,knn,linear,0.5186253172516876
uci_credit,14,pr_auc,rf,linear,0.5573852815082815
uci_credit,14,pr_auc,xgb,linear,0.533096400428918
uci_credit,14,pr_auc,lr*gnb,interaction,0.11761247363821059
uci_credit,14,pr_auc,lr*knn,interaction,0.04675257684071085
uci_credit,14,pr_auc,lr*rf,interaction,0.05469170915077037
uci_credit,14,pr_auc,lr*xgb,interaction,0.09984445177038326
uci_credit,14,pr_auc,gnb*knn,interaction,0.13996739065830566
uci_credit,14,pr_auc,gnb*rf,interaction,0.18275554235910474
uci_credit,14,pr_auc,gnb*xgb,interaction,0.2035717782092028
uci_credit,14,pr_auc,knn*rf,interaction,0.04488693601539939
uci_credit,14,pr_auc,knn*xgb,interaction,0.08864285292165022
uci_credit,14,pr_auc,rf*xgb,interaction,0.03871040977010276
uci_credit,15,roc_auc,lr,linear,0.7238157588856132
uci_credit,15,roc_auc,gnb,linear,0.6722074544731582
uci_credit,15,roc_auc,knn,linear,0.7580951190108808
uci_credit,15,roc_auc,rf,linear,0.7830962754339906
uci_credit,15,roc_auc,xgb,linear,0.7634674853074652
uci_credit,15,roc_auc,lr*gnb,interaction,0.07068495416432391
uci_credit,15,roc_auc,lr*knn,interaction,0.05492858219227226
uci_credit,15,roc_auc,lr*rf,interaction,0.06943729099252804
uci_credit,15,roc_auc,lr*xgb,interaction,0.082726183405339
uci_credit,15,roc_auc,gnb*knn,interaction,0.06738223612957128
uci_credit,15,roc_auc,gnb*rf,interaction,0.09417277499544896
uci_credit,15,roc_auc,gnb*xgb,interaction,0.11599760986362184
uci_credit,15,roc_auc,knn*rf,interaction,0.03845790073687927
uci_credit,15,roc_auc,knn*xgb,interaction,0.05691572764954142
uci_credit,15,roc_auc,rf*xgb,interaction,0.026104490554802684
uci_credit,15,log_loss,lr,linear,0.46224923589334566
uci_credit,15,log_loss,gnb,linear,1.1080984804757497
uci_credit,15,log_loss,knn,linear,0.44198389293159046
uci_credit,15,log_loss,rf,linear,0.42528653655699655
uci_credit,15,log_loss,xgb,linear,0.45129831296762213
uci_credit,15,log_loss,lr*gnb,interaction,-0.6690352588175794
uci_credit,15,log_loss,lr*knn,interaction,-0.018845684472928476
uci_credit,15,log_loss,lr*rf,interaction,-0.02058035594831753
uci_credit,15,log_loss,lr*xgb,interaction,-0.06288684587373594
uci_credit,15,log_loss,gnb*knn,interaction,-0.7083886080277504
uci_credit,15,log_loss,gnb*rf,interaction,-0.685040328645673
uci_credit,15,log_loss,gnb*xgb,interaction,-0.7360572490506729
uci_credit,15,log_loss,knn*rf,interaction,-0.0009506534885300733
uci_credit,15,log_loss,knn*xgb,interaction,-0.04345749599507706
uci_credit,15,log_loss,rf*xgb,interaction,-0.022239550407399777
uci_credit,15,brier,lr,linear,0.14440955607797534
uci_credit,15,brier,gnb,linear,0.41294940418043885
uci_credit,15,brier,knn,linear,0.13993720024482248
uci_credit,15,brier,rf,linear,0.13383994217657114
uci_credit,15,brier,xgb,linear,0.14012102750793118
uci_credit,15,brier,lr*gnb,interaction,-0.2643618298781054
uci_credit,15,brier,lr*knn,interaction,-0.010458179413860947
uci_credit,15,brier,lr*rf,interaction,-0.01099621231676054
uci_credit,15,brier,lr*xgb,interaction,-0.02245303837568971
uci_credit,15,brier,gnb*knn,interaction,-0.289143342536899
uci_credit,15,brier,gnb*rf,interaction,-0.2785023409428159
uci_credit,15,brier,gnb*xgb,interaction,-0.3002309766133949
uci_credit,15,brier,knn*rf,interaction,-0.006191685079596221
uci_credit,15,brier,knn*xgb,interaction,-0.016700690663188043
uci_credit,15,brier,rf*xgb,interaction,-0.009150240715049773
uci_credit,15,pr_auc,lr,linear,0.5051993299520695
uci_credit,15,pr_auc,gnb,linear,0.40431435421033957
uci_credit,15,pr_auc,knn,linear,0.5230745078848881
uci_credit,15,pr_auc,rf,linear,0.5575464052643779
uci_credit,15,pr_auc,xgb,linear,0.5307155015663335
uci_credit,15,pr_auc,lr*gnb,interaction,0.13701196445366226
uci_credit,15,pr_auc,lr*knn,interaction,0.04399549753435869
uci_credit,15,pr_auc,lr*rf,interaction,0.0514352488091987
uci_credit,15,pr_auc,lr*xgb,interaction,0.09634370161151218
uci_credit,15,pr_auc,gnb*knn,interaction,0.16534046780998835
uci_credit,15,pr_auc,gnb*rf,interaction,0.19999230722803218
uci_credit,15,pr_auc,gnb*xgb,interaction,0.22010926483085075
uci_credit,15,pr_auc,knn*rf,interaction,0.037150002459403475
uci_credit,15,pr_auc,knn*xgb,interaction,0.08393704795770662
uci_credit,15,pr_auc,rf*xgb,interaction,0.036314039582400204
uci_credit,16,roc_auc,lr,linear,0.7208707929653075
uci_credit,16,roc_auc,gnb,linear,0.6636617941298243
uci_credit,16,roc_auc,knn,linear,0.7550926524642889
uci_credit,16,roc_auc,rf,linear,0.7800964892097753
uci_credit,16,roc_auc,xgb,linear,0.7585404073021704
uci_credit,16,roc_auc,lr*gnb,interaction,0.06772565280943799
uci_credit,16,roc_auc,lr*knn,interaction,0.059218714332819
uci_credit,16,roc_auc,lr*rf,interaction,0.07446557621895422
uci_credit,16,roc_auc,lr*xgb,interaction,0.08470073181478055
uci_credit,16,roc_auc,gnb*knn,interaction,0.06388385890251036
uci_credit,16,roc_auc,gnb*rf,interaction,0.09184936800847832
uci_credit,16,roc_auc,gnb*xgb,interaction,0.12141236073608852
uci_credit,16,roc_auc,knn*rf,interaction,0.038515130567588596
uci_credit,16,roc_auc,knn*xgb,interaction,0.05800902990638092
uci_credit,16,roc_auc,rf*xgb,interaction,0.026609440103401827
uci_credit,16,log_loss,lr,linear,0.46518200491287937
uci_credit,16,log_loss,gnb,linear,1.072050318287052
uci_credit,16,log_loss,knn,linear,0.4445870777769127
uci_credit,16,log_loss,rf,linear,0.42811109601655106
uci_credit,16,log_loss,xgb,linear,0.45471326869155726
uci_credit,16,log_loss,lr*gnb,interaction,-0.6197150222301433
uci_credit,16,log_loss,lr*knn,interaction,-0.02041842324715662
uci_credit,16,log_loss,lr*rf,interaction,-0.022077988171911644
uci_credit,16,log_loss,lr*xgb,interaction,-0.06455641459512707
uci_credit,16,log_loss,gnb*knn,interaction,-0.6585278091269244
uci_credit,16,log_loss,gnb*rf,interaction,-0.6368150939583835
uci_credit,16,log_loss,gnb*xgb,interaction,-0.6906274986244576
uci_credit,16,log_loss,knn*rf,interaction,-0.002884146190886616
uci_credit,16,log_loss,knn*xgb,interaction,-0.04403953121506948
uci_credit,16,log_loss,rf*xgb,interaction,-0.02405212305975124
uci_credit,16,brier,lr,linear,0.14577413233671097
uci_credit,16,brier,gnb,linear,0.4002928783858912
uci_credit,16,brier,knn,linear,0.14104073383606153
uci_credit,16,brier,rf,linear,0.13498180281018107
uci_credit,16,brier,xgb,linear,0.14188175646468953
uci_credit,16,brier,lr*gnb,interaction,-0.24989415813605378
uci_credit,16,brier,lr*knn,interaction,-0.01035245226629046
uci_credit,16,brier,lr*rf,interaction,-0.010916454994483599
uci_credit,16,brier,lr*xgb,interaction,-0.02269088699735064
uci_credit,16,brier,gnb*knn,interaction,-0.2738160313165644
uci_credit,16,brier,gnb*rf,interaction,-0.26351659797638055
uci_credit,16,brier,gnb*xgb,interaction,-0.2863898931570037
uci_credit,16,brier,knn*rf,interaction,-0.006068929163428521
uci_credit,16,brier,knn*xgb,interaction,-0.016769526038641527
uci_credit,16,brier,rf*xgb,interaction,-0.009458175421267812
uci_credit,16,pr_auc,lr,linear,0.49546997947406024
uci_credit,16,pr_auc,gnb,linear,0.4066851565036421
uci_credit,16,pr_auc,knn,linear,0.5147515200787804
uci_credit,16,pr_auc,rf,linear,0.5510947992758989
uci_credit,16,pr_auc,xgb,linear,0.5204816557397771
uci_credit,16,pr_auc,lr*gnb,interaction,0.11047137852345626
uci_credit,16,pr_auc,lr*knn,interaction,0.05443805313487049
uci_credit,16,pr_auc,lr*rf,interaction,0.060496190281681184
uci_credit,16,pr_auc,lr*xgb,interaction,0.10276861848418362
uci_credit,16,pr_auc,gnb*knn,interaction,0.14091986675808355
uci_credit,16,pr_auc,gnb*rf,interaction,0.18015802574741957
uci_credit,16,pr_auc,gnb*xgb,interaction,0.20078645176929366
uci_credit,16,pr_auc,knn*rf,interaction,0.042770791879436776
uci_credit,16,pr_auc,knn*xgb,interaction,0.08765035002780558
uci_credit,16,pr_auc,rf*xgb,interaction,0.04283838469233747
uci_credit,17,roc_auc,lr,linear,0.7221159147463054
uci_credit,17,roc_auc,gnb,linear,0.6657631968409381
uci_credit,17,roc_auc,knn,linear,0.7573040926456284
uci_credit,17,roc_auc,rf,linear,0.7798770767465706
uci_credit,17,roc_auc,xgb,linear,0.7618545937853658
uci_credit,17,roc_auc,lr*gnb,interaction,0.0766661606824447
uci_credit,17,roc_auc,lr*knn,interaction,0.05305639040588092
uci_credit,17,roc_auc,lr*rf,interaction,0.0687093607708773
uci_credit,17,roc_auc,lr*xgb,interaction,0.08644297746460472
uci_credit,17,roc_auc,gnb*knn,interaction,0.07409454294014228
uci_credit,17,roc_auc,gnb*rf,interaction,0.10095075748562543
uci_credit,17,roc_auc,gnb*xgb,interaction,0.1298993609290644
uci_credit,17,roc_auc,knn*rf,interaction,0.036543317422589094
uci_credit,17,roc_auc,knn*xgb,interaction,0.05948340310060855
uci_credit,17,roc_auc,rf*xgb,interaction,0.027994629356487
uci_credit,17,log_loss,lr,linear,0.46374300281828906
uci_credit,17,log_loss,gnb,linear,1.0848528457537698
uci_credit,17,log_loss,knn,linear,0.4439145721326531
uci_credit,17,log_loss,rf,linear,0.4286110465050235
uci_credit,17,log_loss,xgb,linear,0.4521561282193566
uci_credit,17,log_loss,lr*gnb,interaction,-0.6360504022545806
uci_credit,17,log_loss,lr*knn,interaction,-0.017664064363731108
uci_credit,17,log_loss,lr*rf,interaction,-0.020644411475565727
uci_credit,17,log_loss,lr*xgb,interaction,-0.06233802396661581
uci_credit,17,log_loss,gnb*knn,interaction,-0.6751140331203276
uci_credit,17,log_loss,gnb*rf,interaction,-0.6512029464319096
uci_credit,17,log_loss,gnb*xgb,interaction,-0.7038501553857089
uci_credit,17,log_loss,knn*rf,interaction,-0.002056103021448652
uci_credit,17,log_loss,knn*xgb,interaction,-0.044045844220311936
uci_credit,17,log_loss,rf*xgb,interaction,-0.023915296502797334
uci_credit,17,brier,lr,linear,0.14534991017599597
uci_credit,17,brier,gnb,linear,0.406249966458452
uci_credit,17,brier,knn,linear,0.14082022523014023
uci_credit,17,brier,rf,linear,0.13523376463812636
uci_credit,17,brier,xgb,linear,0.14092717511831132
uci_credit,17,brier,lr*gnb,interaction,-0.2568114844247601
uci_credit,17,brier,lr*knn,interaction,-0.009711706326576516
uci_credit,17,brier,lr*rf,interaction,-0.010580203790095971
uci_credit,17,brier,lr*xgb,interaction,-0.022303576845490836
uci_credit,17,brier,gnb*knn,interaction,-0.28139926619969446
uci_credit,17,brier,gnb*rf,interaction,-0.26997226598505614
uci_credit,17,brier,gnb*xgb,interaction,-0.29273172001651504
uci_credit,17,brier,knn*rf,interaction,-0.006069875324680146
uci_credit,17,brier,knn*xgb,interaction,-0.016948479361493865
uci_credit,17,brier,rf*xgb,interaction,-0.009522280880746137
uci_credit,17,pr_auc,lr,linear,0.4984666324117448
uci_credit,17,pr_auc,gnb,linear,0.40348548206478996
uci_credit,17,pr_auc,knn,linear,0.5142473398135218
uci_credit,17,pr_auc,rf,linear,0.5469795030167821
uci_credit,17,pr_auc,xgb,linear,0.5262637784714347
uci_credit,17,pr_auc,lr*gnb,interaction,0.12403344734879246
uci_credit,17,pr_auc,lr*knn,interaction,0.045776994163095275
uci_credit,17,pr_auc,lr*rf,interaction,0.05154223161937549
uci_credit,17,pr_auc,lr*xgb,interaction,0.09655054625339077
uci_credit,17,pr_auc,gnb*knn,interaction,0.15122378617259025
uci_credit,17,pr_auc,gnb*rf,interaction,0.18517827977375523
uci_credit,17,pr_auc,gnb*xgb,interaction,0.2230757487088213
uci_credit,17,pr_auc,knn*rf,interaction,0.04143282965297257
uci_credit,17,pr_auc,knn*xgb,interaction,0.086875272143525
uci_credit,17,pr_auc,rf*xgb,interaction,0.03984857455335611
uci_credit,18,roc_auc,lr,linear,0.7226212071578865
uci_credit,18,roc_auc,gnb,linear,0.6559312912765531
uci_credit,18,roc_auc,knn,linear,0.7554272784435573
uci_credit,18,roc_auc,rf,linear,0.7809737510739918
uci_credit,18,roc_auc,xgb,linear,0.762246491842366
uci_credit,18,roc_auc,lr*gnb,interaction,0.07926128616745959
uci_credit,18,roc_auc,lr*knn,interaction,0.05399555455935229
uci_credit,18,roc_auc,lr*rf,interaction,0.07081274567255758
uci_credit,18,roc_auc,lr*xgb,interaction,0.08492430996223987
uci_credit,18,roc_auc,gnb*knn,interaction,0.07548487938019277
uci_credit,18,roc_auc,gnb*rf,interaction,0.10378940940140224
uci_credit,18,roc_auc,gnb*xgb,interaction,0.13412406428194235
uci_credit,18,roc_auc,knn*rf,interaction,0.03770988304333511
uci_credit,18,roc_auc,knn*xgb,interaction,0.057443852085254835
uci_credit,18,roc_auc,rf*xgb,interaction,0.02536208259806383
uci_credit,18,log_loss,lr,linear,0.46180422697844326
uci_credit,18,log_loss,gnb,linear,1.104254597471888
uci_credit,18,log_loss,knn,linear,0.4432205568085419
uci_credit,18,log_loss,rf,linear,0.4256838942857512
uci_credit,18,log_loss,xgb,linear,0.4487906033200695
uci_credit,18,log_loss,lr*gnb,interaction,-0.668495155657191
uci_credit,18,log_loss,lr*knn,interaction,-0.015640188338511024
uci_credit,18,log_loss,lr*rf,interaction,-0.017557929127838268
uci_credit,18,log_loss,lr*xgb,interaction,-0.05852024300329994
uci_credit,18,log_loss,gnb*knn,interaction,-0.7047905453518182
uci_credit,18,log_loss,gnb*rf,interaction,-0.6848917663915147
uci_credit,18,log_loss,gnb*xgb,interaction,-0.7361367930246451
uci_credit,18,log_loss,knn*rf,interaction,-5.8700800508737494e-05
uci_credit,18,log_loss,knn*xgb,interaction,-0.04205515440139046
uci_credit,18,log_loss,rf*xgb,interaction,-0.02021558287098224
uci_credit,18,brier,lr,linear,0.144461603441299
uci_credit,18,brier,gnb,linear,0.4092388395550073
uci_credit,18,brier,knn,linear,0.14035331681093707
uci_credit,18,brier,rf,linear,0.13395178674222036
uci_credit,18,brier,xgb,linear,0.13940230460561748
uci_credit,18,brier,lr*gnb,interaction,-0.26045808684319627
uci_credit,18,brier,lr*knn,interaction,-0.009875562978588184
uci_credit,18,brier,lr*rf,interaction,-0.010617587893587466
uci_credit,18,brier,lr*xgb,interaction,-0.02207940964556865
uci_credit,18,brier,gnb*knn,interaction,-0.28371461274003584
uci_credit,18,brier,gnb*rf,interaction,-0.27419453316931397
uci_credit,18,brier,gnb*xgb,interaction,-0.2961154976435576
uci_credit,18,brier,knn*rf,interaction,-0.006341802961093157
uci_credit,18,brier,knn*xgb,interaction,-0.01709059538247515
uci_credit,18,brier,rf*xgb,interaction,-0.009128165117699316
uci_credit,18,pr_auc,lr,linear,0.5057566723008459
uci_credit,18,pr_auc,gnb,linear,0.39881651908053933
uci_credit,18,pr_auc,knn,linear,0.5226137083958472
uci_credit,18,pr_auc,rf,linear,0.5605480891411259
uci_credit,18,pr_auc,xgb,linear,0.5363641517502167
uci_credit,18,pr_auc,lr*gnb,interaction,0.12446198466851655
uci_credit,18,pr_auc,lr*knn,interaction,0.04363522847571377
uci_credit,18,pr_auc,lr*rf,interaction,0.053448657350028905
uci_credit,18,pr_auc,lr*xgb,interaction,0.0943622342807996
uci_credit,18,pr_auc,gnb*knn,interaction,0.16001754417865355
uci_credit,18,pr_auc,gnb*rf,interaction,0.20152778014107908
uci_credit,18,pr_auc,gnb*xgb,interaction,0.23204765763700558
uci_credit,18,pr_auc,knn*rf,interaction,0.04153597261976527
uci_credit,18,pr_auc,knn*xgb,interaction,0.09372277622667072
uci_credit,18,pr_auc,rf*xgb,interaction,0.041495703630264336
uci_credit,19,roc_auc,lr,linear,0.7216399526590095
uci_credit,19,roc_auc,gnb,linear,0.6654593781199853
uci_credit,19,roc_auc,knn,linear,0.7560882101705229
uci_credit,19,roc_auc,rf,linear,0.7826048340314561
uci_credit,19,roc_auc,xgb,linear,0.761246593231093
uci_credit,19,roc_auc,lr*gnb,interaction,0.07608608320075644
uci_credit,19,roc_auc,lr*knn,interaction,0.05937849550514984
uci_credit,19,roc_auc,lr*rf,interaction,0.07373272212541238
uci_credit,19,roc_auc,lr*xgb,interaction,0.08449987564834505
uci_credit,19,roc_auc,gnb*knn,interaction,0.07366257678218102
uci_credit,19,roc_auc,gnb*rf,interaction,0.10309549835176468
uci_credit,19,roc_auc,gnb*xgb,interaction,0.13213954912643766
uci_credit,19,roc_auc,knn*rf,interaction,0.04087880104068331
uci_credit,19,roc_auc,knn*xgb,interaction,0.06097518582740555
uci_credit,19,roc_auc,rf*xgb,interaction,0.02551851894463919
uci_credit,19,log_loss,lr,linear,0.46393780350177166
uci_credit,19,log_loss,gnb,linear,1.132630808314146
uci_credit,19,log_loss,knn,linear,0.4437620000763607
uci_credit,19,log_loss,rf,linear,0.4265314574913961
uci_credit,19,log_loss,xgb,linear,0.45151157423702776
uci_credit,19,log_loss,lr*gnb,interaction,-0.6988059503357583
uci_credit,19,log_loss,lr*knn,interaction,-0.014828978881554641
uci_credit,19,log_loss,lr*rf,interaction,-0.017237854032781774
uci_credit,19,log_loss,lr*xgb,interaction,-0.05820799845123048
uci_credit,19,log_loss,gnb*knn,interaction,-0.7371443484138525
uci_credit,19,log_loss,gnb*rf,interaction,-0.7177664898639124
uci_credit,19,log_loss,gnb*xgb,interaction,-0.7698046954681288
uci_credit,19,log_loss,knn*rf,interaction,0.0013659355458903732
uci_credit,19,log_loss,knn*xgb,interaction,-0.04065010701005592
uci_credit,19,log_loss,rf*xgb,interaction,-0.018909162055170015
uci_credit,19,brier,lr,linear,0.1455601370314527
uci_credit,19,brier,gnb,linear,0.4200456914951292
uci_credit,19,brier,knn,linear,0.14096169628271074
uci_credit,19,brier,rf,linear,0.13458495055416086
uci_credit,19,brier,xgb,linear,0.1407406863654102
uci_credit,19,brier,lr*gnb,interaction,-0.2706851381511022
uci_credit,19,brier,lr*knn,interaction,-0.010261036460598012
uci_credit,19,brier,lr*rf,interaction,-0.010867303302300013
uci_credit,19,brier,lr*xgb,interaction,-0.022574554433437338
uci_credit,19,brier,gnb*knn,interaction,-0.29489999430866143
uci_credit,19,brier,gnb*rf,interaction,-0.28512337567670654
uci_credit,19,brier,gnb*xgb,interaction,-0.307677064188054
uci_credit,19,brier,knn*rf,interaction,-0.0062780241631031075
uci_credit,19,brier,knn*xgb,interaction,-0.017129432045073036
uci_credit,19,brier,rf*xgb,interaction,-0.009320918383240118
uci_credit,19,pr_auc,lr,linear,0.4956059034065752
uci_credit,19,pr_auc,gnb,linear,0.3963211211324569
uci_credit,19,pr_auc,knn,linear,0.5169275211305235
uci_credit,19,pr_auc,rf,linear,0.5544922502105524
uci_credit,19,pr_auc,xgb,linear,0.5284491148940214
uci_credit,19,pr_auc,lr*gnb,interaction,0.12917950937662107
uci_credit,19,pr_auc,lr*knn,interaction,0.04854454457707533
uci_credit,19,pr_auc,lr*rf,interaction,0.053862562376545964
uci_credit,19,pr_auc,lr*xgb,interaction,0.10340722184321316
uci_credit,19,pr_auc,gnb*knn,interaction,0.16450186755739216
uci_credit,19,pr_auc,gnb*rf,interaction,0.20059999662384553
uci_credit,19,pr_auc,gnb*xgb,interaction,0.23107848421533195
uci_credit,19,pr_auc,knn*rf,interaction,0.04493041112728546
uci_credit,19,pr_auc,knn*xgb,interaction,0.09493240478932435
uci_credit,19,pr_auc,rf*xgb,interaction,0.04213335108536698
uci_credit,20,roc_auc,lr,linear,0.7231828227533628
uci_credit,20,roc_auc,gnb,linear,0.6602782441550504
uci_credit,20,roc_auc,knn,linear,0.7579317926316638
uci_credit,20,roc_auc,rf,linear,0.7820618168163473
uci_credit,20,roc_auc,xgb,linear,0.7620923564351937
uci_credit,20,roc_auc,lr*gnb,interaction,0.07897036796835216
uci_credit,20,roc_auc,lr*knn,interaction,0.055673510734695786
uci_credit,20,roc_auc,lr*rf,interaction,0.06874645242301358
uci_credit,20,roc_auc,lr*xgb,interaction,0.07958464022900213
uci_credit,20,roc_auc,gnb*knn,interaction,0.0784094571254701
uci_credit,20,roc_auc,gnb*rf,interaction,0.10601681323850509
uci_credit,20,roc_auc,gnb*xgb,interaction,0.13033167565433867
uci_credit,20,roc_auc,knn*rf,interaction,0.03726976792095571
uci_credit,20,roc_auc,knn*xgb,interaction,0.05597152653411845
uci_credit,20,roc_auc,rf*xgb,interaction,0.02468886738117515
uci_credit,20,log_loss,lr,linear,0.4623405559747275
uci_credit,20,log_loss,gnb,linear,1.1668133341582454
uci_credit,20,log_loss,knn,linear,0.4427717950256505
uci_credit,20,log_loss,rf,linear,0.4264252758938121
uci_credit,20,log_loss,xgb,linear,0.4521015179404483
uci_credit,20,log_loss,lr*gnb,interaction,-0.7437052060666101
uci_credit,20,log_loss,lr*knn,interaction,-0.011882611051050346
uci_credit,20,log_loss,lr*rf,interaction,-0.013180945604293837
uci_credit,20,log_loss,lr*xgb,interaction,-0.053004652055705925
uci_credit,20,log_loss,gnb*knn,interaction,-0.7833861743134858
uci_credit,20,log_loss,gnb*rf,interaction,-0.7623510304307098
uci_credit,20,log_loss,gnb*xgb,interaction,-0.8101453315971014
uci_credit,20,log_loss,knn*rf,interaction,0.0044014780416526955
uci_credit,20,log_loss,knn*xgb,interaction,-0.03657409380880408
uci_credit,20,log_loss,rf*xgb,interaction,-0.015723298475542435
uci_credit,20,brier,lr,linear,0.14507133046939083
uci_credit,20,brier,gnb,linear,0.4289927242471172
uci_credit,20,brier,knn,linear,0.14067890527219484
uci_credit,20,brier,rf,linear,0.13464213095739194
uci_credit,20,brier,xgb,linear,0.14118900785416044
uci_credit,20,brier,lr*gnb,interaction,-0.27953624071199984
uci_credit,20,brier,lr*knn,interaction,-0.010098145953856354
uci_credit,20,brier,lr*rf,interaction,-0.010653406929376719
uci_credit,20,brier,lr*xgb,interaction,-0.021871704027344757
uci_credit,20,brier,gnb*knn,interaction,-0.3035801924569933
uci_credit,20,brier,gnb*rf,interaction,-0.2938349854426231
uci_credit,20,brier,gnb*xgb,interaction,-0.3166252213627656
uci_credit,20,brier,knn*rf,interaction,-0.006326828009369484
uci_credit,20,brier,knn*xgb,interaction,-0.016740198741032143
uci_credit,20,brier,rf*xgb,interaction,-0.009154683848004996
uci_credit,20,pr_auc,lr,linear,0.5001090797866856
uci_credit,20,pr_auc,gnb,linear,0.38997351352445964
uci_credit,20,pr_auc,knn,linear,0.5177374357581966
uci_credit,20,pr_auc,rf,linear,0.5524267713354152
uci_credit,20,pr_auc,xgb,linear,0.525581228855112
uci_credit,20,pr_auc,lr*gnb,interaction,0.13821121195320787
uci_credit,20,pr_auc,lr*knn,interaction,0.04461605496316248
uci_credit,20,pr_auc,lr*rf,interaction,0.0487020851206606
uci_credit,20,pr_auc,lr*xgb,interaction,0.08943021022611986
uci_credit,20,pr_auc,gnb*knn,interaction,0.1715691837246125
uci_credit,20,pr_auc,gnb*rf,interaction,0.20831405564605288
uci_credit,20,pr_auc,gnb*xgb,interaction,0.22766565105692682
uci_credit,20,pr_auc,knn*rf,interaction,0.03741972295297069
uci_credit,20,pr_auc,knn*xgb,interaction,0.08041755716203874
uci_credit,20,pr_auc,rf*xgb,interaction,0.03599492619019795
uci_credit,21,roc_auc,lr,linear,0.7230221818905566
uci_credit,21,roc_auc,gnb,linear,0.6634399396696828
uci_credit,21,roc_auc,knn,linear,0.7576214674426863
uci_credit,21,roc_auc,rf,linear,0.7831168206161038
uci_credit,21,roc_auc,xgb,linear,0.7626807126436621
uci_credit,21,roc_auc,lr*gnb,interaction,0.08259066251967734
uci_credit,21,roc_auc,lr*knn,interaction,0.05522047121007645
uci_credit,21,roc_auc,lr*rf,interaction,0.07244432660694
uci_credit,21,roc_auc,lr*xgb,interaction,0.08541205141024522
uci_credit,21,roc_auc,gnb*knn,interaction,0.07958537325526027
uci_credit,21,roc_auc,gnb*rf,interaction,0.10576155153595079
uci_credit,21,roc_auc,gnb*xgb,interaction,0.12588912933975582
uci_credit,21,roc_auc,knn*rf,interaction,0.038029721010499395
uci_credit,21,roc_auc,knn*xgb,interaction,0.05740775850064059
uci_credit,21,roc_auc,rf*xgb,interaction,0.025080695900851158
uci_credit,21,log_loss,lr,linear,0.46250600457669283
uci_credit,21,log_loss,gnb,linear,1.1497935061580389
uci_credit,21,log_loss,knn,linear,0.44228025435860696
uci_credit,21,log_loss,rf,linear,0.42463199876738744
uci_credit,21,log_loss,xgb,linear,0.4518371553866706
uci_credit,21,log_loss,lr*gnb,interaction,-0.7178719997448504
uci_credit,21,log_loss,lr*knn,interaction,-0.015210076205795786
uci_credit,21,log_loss,lr*rf,interaction,-0.016850916629121193
uci_credit,21,log_loss,lr*xgb,interaction,-0.06065172640439531
uci_credit,21,log_loss,gnb*knn,interaction,-0.7583536735254861
uci_credit,21,log_loss,gnb*rf,interaction,-0.7365045919895691
uci_credit,21,log_loss,gnb*xgb,interaction,-0.7890112759357927
uci_credit,21,log_loss,knn*rf,interaction,0.0023079218134283153
uci_credit,21,log_loss,knn*xgb,interaction,-0.04079911321377375
uci_credit,21,log_loss,rf*xgb,interaction,-0.019610420062144973
uci_credit,21,brier,lr,linear,0.1448811456905219
uci_credit,21,brier,gnb,linear,0.4261034514590953
uci_credit,21,brier,knn,linear,0.14025560058662492
uci_credit,21,brier,rf,linear,0.1338348134739182
uci_credit,21,brier,xgb,linear,0.1405897701027368
uci_credit,21,brier,lr*gnb,interaction,-0.2765777557226402
uci_credit,21,brier,lr*knn,interaction,-0.010492022421306833
uci_credit,21,brier,lr*rf,interaction,-0.01118512144372455
uci_credit,21,brier,lr*xgb,interaction,-0.023070451750696275
uci_credit,21,brier,gnb*knn,interaction,-0.30205609688270996
uci_credit,21,brier,gnb*rf,interaction,-0.29157437802594316
uci_credit,21,brier,gnb*xgb,interaction,-0.3136254799123061
uci_credit,21,brier,knn*rf,interaction,-0.0064311937417079745
uci_credit,21,brier,knn*xgb,interaction,-0.017226706554298088
uci_credit,21,brier,rf*xgb,interaction,-0.009461393034586818
uci_credit,21,pr_auc,lr,linear,0.5009997772780541
uci_credit,21,pr_auc,gnb,linear,0.39020554010145836
uci_credit,21,pr_auc,knn,linear,0.5195953593096064
uci_credit,21,pr_auc,rf,linear,0.5587420715544971
uci_credit,21,pr_auc,xgb,linear,0.5296407642712829
uci_credit,21,pr_auc,lr*gnb,interaction,0.15661351754580263
uci_credit,21,pr_auc,lr*knn,interaction,0.049223906906097376
uci_credit,21,pr_auc,lr*rf,interaction,0.055487044148226694
uci_credit,21,pr_auc,lr*xgb,interaction,0.10220931167075453
uci_credit,21,pr_auc,gnb*knn,interaction,0.1868487337683744
uci_credit,21,pr_auc,gnb*rf,interaction,0.22943741939436868
uci_credit,21,pr_auc,gnb*xgb,interaction,0.2516657454517226
uci_credit,21,pr_auc,knn*rf,interaction,0.046525844910501823
uci_credit,21,pr_auc,knn*xgb,interaction,0.09586388005817878
uci_credit,21,pr_auc,rf*xgb,interaction,0.03669095963108271
uci_credit,22,roc_auc,lr,linear,0.7202476267318048
uci_credit,22,roc_auc,gnb,linear,0.6479318592387023
uci_credit,22,roc_auc,knn,linear,0.7545147711710998
uci_credit,22,roc_auc,rf,linear,0.7826686850226148
uci_credit,22,roc_auc,xgb,linear,0.7627919836146082
uci_credit,22,roc_auc,lr*gnb,interaction,0.08909056464178744
uci_credit,22,roc_auc,lr*knn,interaction,0.056147425135937346
uci_credit,22,roc_auc,lr*rf,interaction,0.07425846246014955
uci_credit,22,roc_auc,lr*xgb,interaction,0.08407467626882625
uci_credit,22,roc_auc,gnb*knn,interaction,0.08462670945048978
uci_credit,22,roc_auc,gnb*rf,interaction,0.11009396635394042
uci_credit,22,roc_auc,gnb*xgb,interaction,0.13941799885548345
uci_credit,22,roc_auc,knn*rf,interaction,0.039353393933769354
uci_credit,22,roc_auc,knn*xgb,interaction,0.05943448660130782
uci_credit,22,roc_auc,rf*xgb,interaction,0.025249480587041795
uci_credit,22,log_loss,lr,linear,0.4637319526398984
uci_credit,22,log_loss,gnb,linear,1.0711694483216998
uci_credit,22,log_loss,knn,linear,0.4444599653631237
uci_credit,22,log_loss,rf,linear,0.4267668589903436
uci_credit,22,log_loss,xgb,linear,0.45179822974767436
uci_credit,22,log_loss,lr*gnb,interaction,-0.6300788279791176
uci_credit,22,log_loss,lr*knn,interaction,-0.017735557875090832
uci_credit,22,log_loss,lr*rf,interaction,-0.01909667082039479
uci_credit,22,log_loss,lr*xgb,interaction,-0.0600871240865638
uci_credit,22,log_loss,gnb*knn,interaction,-0.6662952682232519
uci_credit,22,log_loss,gnb*rf,interaction,-0.6444887570156496
uci_credit,22,log_loss,gnb*xgb,interaction,-0.6966585380860817
uci_credit,22,log_loss,knn*rf,interaction,-0.001827278472737004
uci_credit,22,log_loss,knn*xgb,interaction,-0.04294003382877465
uci_credit,22,log_loss,rf*xgb,interaction,-0.021680028088409964
uci_credit,22,brier,lr,linear,0.1453921734757675
uci_credit,22,brier,gnb,linear,0.39556683411369864
uci_credit,22,brier,knn,linear,0.14117770964917228
uci_credit,22,brier,rf,linear,0.13479136372905937
uci_credit,22,brier,xgb,linear,0.14095301202185342
uci_credit,22,brier,lr*gnb,interaction,-0.2456357611933894
uci_credit,22,brier,lr*knn,interaction,-0.01027490102143742
uci_credit,22,brier,lr*rf,interaction,-0.01090755143224259
uci_credit,22,brier,lr*xgb,interaction,-0.02199977063423239
uci_credit,22,brier,gnb*knn,interaction,-0.2688210904458802
uci_credit,22,brier,gnb*rf,interaction,-0.2589999587733249
uci_credit,22,brier,gnb*xgb,interaction,-0.28090392629728833
uci_credit,22,brier,knn*rf,interaction,-0.0062497020789930025
uci_credit,22,brier,knn*xgb,interaction,-0.01666865218229969
uci_credit,22,brier,rf*xgb,interaction,-0.009059440854027212
uci_credit,22,pr_auc,lr,linear,0.4989625212720423
uci_credit,22,pr_auc,gnb,linear,0.35496840690628156
uci_credit,22,pr_auc,knn,linear,0.5187435999191752
uci_credit,22,pr_auc,rf,linear,0.5540517143116096
uci_credit,22,pr_auc,xgb,linear,0.5285620267638643
uci_credit,22,pr_auc,lr*gnb,interaction,0.17890253758496966
uci_credit,22,pr_auc,lr*knn,interaction,0.03790347414942971
uci_credit,22,pr_auc,lr*rf,interaction,0.049278111642582445
uci_credit,22,pr_auc,lr*xgb,interaction,0.0855263766460721
uci_credit,22,pr_auc,gnb*knn,interaction,0.21229006771632175
uci_credit,22,pr_auc,gnb*rf,interaction,0.24048531906956538
uci_credit,22,pr_auc,gnb*xgb,interaction,0.2708174545854209
uci_credit,22,pr_auc,knn*rf,interaction,0.03699897923493112
uci_credit,22,pr_auc,knn*xgb,interaction,0.08072531289491501
uci_credit,22,pr_auc,rf*xgb,interaction,0.03362945065041334
uci_credit,23,roc_auc,lr,linear,0.7188187898189888
uci_credit,23,roc_auc,gnb,linear,0.655839382987628
uci_credit,23,roc_auc,knn,linear,0.756885761976803
uci_credit,23,roc_auc,rf,linear,0.7814617757877893
uci_credit,23,roc_auc,xgb,linear,0.7645150155375258
uci_credit,23,roc_auc,lr*gnb,interaction,0.08359691339851072
uci_credit,23,roc_auc,lr*knn,interaction,0.061756686231745295
uci_credit,23,roc_auc,lr*rf,interaction,0.07531196705049925
uci_credit,23,roc_auc,lr*xgb,interaction,0.09128574372872778
uci_credit,23,roc_auc,gnb*knn,interaction,0.08157743184745603
uci_credit,23,roc_auc,gnb*rf,interaction,0.10582210586991248
uci_credit,23,roc_auc,gnb*xgb,interaction,0.13513585695733044
uci_credit,23,roc_auc,knn*rf,interaction,0.03693647181987947
uci_credit,23,roc_auc,knn*xgb,interaction,0.06032995660953644
uci_credit,23,roc_auc,rf*xgb,interaction,0.027632788667289798
uci_credit,23,log_loss,lr,linear,0.46385906809472705
uci_credit,23,log_loss,gnb,linear,1.068945549645906
uci_credit,23,log_loss,knn,linear,0.44301416273352645
uci_credit,23,log_loss,rf,linear,0.42628127794457077
uci_credit,23,log_loss,xgb,linear,0.44930901659880723
uci_credit,23,log_loss,lr*gnb,interaction,-0.6224107619197639
uci_credit,23,log_loss,lr*knn,interaction,-0.020591106501955156
uci_credit,23,log_loss,lr*rf,interaction,-0.022161886692928068
uci_credit,23,log_loss,lr*xgb,interaction,-0.0630100790127115
uci_credit,23,log_loss,gnb*knn,interaction,-0.6596279160505918
uci_credit,23,log_loss,gnb*rf,interaction,-0.6391731892626048
uci_credit,23,log_loss,gnb*xgb,interaction,-0.6883509127853125
uci_credit,23,log_loss,knn*rf,interaction,-0.003130232858022719
uci_credit,23,log_loss,knn*xgb,interaction,-0.04371600760489802
uci_credit,23,log_loss,rf*xgb,interaction,-0.022612482368829845
uci_credit,23,brier,lr,linear,0.14512334031986732
uci_credit,23,brier,gnb,linear,0.398095394722563
uci_credit,23,brier,knn,linear,0.1403179388614466
uci_credit,23,brier,rf,linear,0.13412643556754192
uci_credit,23,brier,xgb,linear,0.13990832809056908
uci_credit,23,brier,lr*gnb,interaction,-0.24835918214599328
uci_credit,23,brier,lr*knn,interaction,-0.010654717999716078
uci_credit,23,brier,lr*rf,interaction,-0.011203192187118266
uci_credit,23,brier,lr*xgb,interaction,-0.022903469185743597
uci_credit,23,brier,gnb*knn,interaction,-0.2726738500789526
uci_credit,23,brier,gnb*rf,interaction,-0.26252871191017796
uci_credit,23,brier,gnb*xgb,interaction,-0.2838269042081784
uci_credit,23,brier,knn*rf,interaction,-0.006262061256283563
uci_credit,23,brier,knn*xgb,interaction,-0.016852987059334495
uci_credit,23,brier,rf*xgb,interaction,-0.009165964044142827
uci_credit,23,pr_auc,lr,linear,0.5022250063758645
uci_credit,23,pr_auc,gnb,linear,0.39097948411890004
uci_credit,23,pr_auc,knn,linear,0.5206833400755146
uci_credit,23,pr_auc,rf,linear,0.5566468570677053
uci_credit,23,pr_auc,xgb,linear,0.5335394218738311
uci_credit,23,pr_auc,lr*gnb,interaction,0.1350858244060346
uci_credit,23,pr_auc,lr*knn,interaction,0.04682211417771737
uci_credit,23,pr_auc,lr*rf,interaction,0.052409535759442405
uci_credit,23,pr_auc,lr*xgb,interaction,0.09781409505437733
uci_credit,23,pr_auc,gnb*knn,interaction,0.16515567823619848
uci_credit,23,pr_auc,gnb*rf,interaction,0.20659861473292207
uci_credit,23,pr_auc,gnb*xgb,interaction,0.23671216532968165
uci_credit,23,pr_auc,knn*rf,interaction,0.03707700923351542
uci_credit,23,pr_auc,knn*xgb,interaction,0.08274631559091383
uci_credit,23,pr_auc,rf*xgb,interaction,0.033942695871966855
uci_credit,24,roc_auc,lr,linear,0.7252100163540824
uci_credit,24,roc_auc,gnb,linear,0.6842922548659822
uci_credit,24,roc_auc,knn,linear,0.7607177658603408
uci_credit,24,roc_auc,rf,linear,0.7847398285203213
uci_credit,24,roc_auc,xgb,linear,0.7623147990470656
uci_credit,24,roc_auc,lr*gnb,interaction,0.07165590102326524
uci_credit,24,roc_auc,lr*knn,interaction,0.054531065501871895
uci_credit,24,roc_auc,lr*rf,interaction,0.07011327502220488
uci_credit,24,roc_auc,lr*xgb,interaction,0.08330224909268513
uci_credit,24,roc_auc,gnb*knn,interaction,0.07080759150762539
uci_credit,24,roc_auc,gnb*rf,interaction,0.09404297838423148
uci_credit,24,roc_auc,gnb*xgb,interaction,0.11599901564107395
uci_credit,24,roc_auc,knn*rf,interaction,0.03777372890210717
uci_credit,24,roc_auc,knn*xgb,interaction,0.05613031954361544
uci_credit,24,roc_auc,rf*xgb,interaction,0.027241730648804197
uci_credit,24,log_loss,lr,linear,0.4611400790484224
uci_credit,24,log_loss,gnb,linear,1.1041227143118164
uci_credit,24,log_loss,knn,linear,0.4412750776834624
uci_credit,24,log_loss,rf,linear,0.42416964655246014
uci_credit,24,log_loss,xgb,linear,0.45168089582500554
uci_credit,24,log_loss,lr*gnb,interaction,-0.6636969486376656
uci_credit,24,log_loss,lr*knn,interaction,-0.018415819018616664
uci_credit,24,log_loss,lr*rf,interaction,-0.019675356329879046
uci_credit,24,log_loss,lr*xgb,interaction,-0.06292842315313252
uci_credit,24,log_loss,gnb*knn,interaction,-0.7006804341975237
uci_credit,24,log_loss,gnb*rf,interaction,-0.676357878652057
uci_credit,24,log_loss,gnb*xgb,interaction,-0.7337414909668083
uci_credit,24,log_loss,knn*rf,interaction,-0.0023769556665412805
uci_credit,24,log_loss,knn*xgb,interaction,-0.04628498751368634
uci_credit,24,log_loss,rf*xgb,interaction,-0.02523564633728559
uci_credit,24,brier,lr,linear,0.14400367524633262
uci_credit,24,brier,gnb,linear,0.4138497869102704
uci_credit,24,brier,knn,linear,0.1396988505389088
uci_credit,24,brier,rf,linear,0.13344910787395334
uci_credit,24,brier,xgb,linear,0.13983678725597642
uci_credit,24,brier,lr*gnb,interaction,-0.26693553257807
uci_credit,24,brier,lr*knn,interaction,-0.010067379723680124
uci_credit,24,brier,lr*rf,interaction,-0.010607000915095477
uci_credit,24,brier,lr*xgb,interaction,-0.02208343195007617
uci_credit,24,brier,gnb*knn,interaction,-0.2915900398648723
uci_credit,24,brier,gnb*rf,interaction,-0.279909937986003
uci_credit,24,brier,gnb*xgb,interaction,-0.3031156161786301
uci_credit,24,brier,knn*rf,interaction,-0.006291642095037797
uci_credit,24,brier,knn*xgb,interaction,-0.017029712084806678
uci_credit,24,brier,rf*xgb,interaction,-0.009171878834269176
uci_credit,24,pr_auc,lr,linear,0.5087061978214519
uci_credit,24,pr_auc,gnb,linear,0.42971713948671564
uci_credit,24,pr_auc,knn,linear,0.5230168723372361
uci_credit,24,pr_auc,rf,linear,0.5607061277046974
uci_credit,24,pr_auc,xgb,linear,0.5353600679796717
uci_credit,24,pr_auc,lr*gnb,interaction,0.1168251347353581
uci_credit,24,pr_auc,lr*knn,interaction,0.04880284593366105
uci_credit,24,pr_auc,lr*rf,interaction,0.05010263982178498
uci_credit,24,pr_auc,lr*xgb,interaction,0.09080782883205196
uci_credit,24,pr_auc,gnb*knn,interaction,0.1361778433861458
uci_credit,24,pr_auc,gnb*rf,interaction,0.17364795088571527
uci_credit,24,pr_auc,gnb*xgb,interaction,0.1956359665301186
uci_credit,24,pr_auc,knn*rf,interaction,0.043512958105734745
uci_credit,24,pr_auc,knn*xgb,interaction,0.09177079136643573
uci_credit,24,pr_auc,rf*xgb,interaction,0.039874435052202006
uci_credit,25,roc_auc,lr,linear,0.7241509643262615
uci_credit,25,roc_auc,gnb,linear,0.6575741286762813
uci_credit,25,roc_auc,knn,linear,0.7606995947925888
uci_credit,25,roc_auc,rf,linear,0.7853948304098304
uci_credit,25,roc_auc,xgb,linear,0.766764022807447
uci_credit,25,roc_auc,lr*gnb,interaction,0.07978519604832218
uci_credit,25,roc_auc,lr*knn,interaction,0.05633526215950066
uci_credit,25,roc_auc,lr*rf,interaction,0.07363183841380305
uci_credit,25,roc_auc,lr*xgb,interaction,0.08713899583794915
uci_credit,25,roc_auc,gnb*knn,interaction,0.08458758367771346
uci_credit,25,roc_auc,gnb*rf,interaction,0.1119989072741977
uci_credit,25,roc_auc,gnb*xgb,interaction,0.13785460668358074
uci_credit,25,roc_auc,knn*rf,interaction,0.035332076644308597
uci_credit,25,roc_auc,knn*xgb,interaction,0.05692210598431224
uci_credit,25,roc_auc,rf*xgb,interaction,0.02503766721220524
uci_credit,25,log_loss,lr,linear,0.4588091463984072
uci_credit,25,log_loss,gnb,linear,1.3266615561328599
uci_credit,25,log_loss,knn,linear,0.4384027023854606
uci_credit,25,log_loss,rf,linear,0.42171876963430777
uci_credit,25,log_loss,xgb,linear,0.44613107808316554
uci_credit,25,log_loss,lr*gnb,interaction,-0.9512669149121951
uci_credit,25,log_loss,lr*knn,interaction,0.003752387961262302
uci_credit,25,log_loss,lr*rf,interaction,0.001783786883565175
uci_credit,25,log_loss,lr*xgb,interaction,-0.0385021863717806
uci_credit,25,log_loss,gnb*knn,interaction,-0.9947986789707779
uci_credit,25,log_loss,gnb*rf,interaction,-0.9713795237003403
uci_credit,25,log_loss,gnb*xgb,interaction,-1.0199606056030897
uci_credit,25,log_loss,knn*rf,interaction,0.020741680879583835
uci_credit,25,log_loss,knn*xgb,interaction,-0.021583468069201195
uci_credit,25,log_loss,rf*xgb,interaction,-0.0008630702428427117
uci_credit,25,brier,lr,linear,0.14424246488402553
uci_credit,25,brier,gnb,linear,0.47460088502944037
uci_credit,25,brier,knn,linear,0.13961168401138868
uci_credit,25,brier,rf,linear,0.13358528960803878
uci_credit,25,brier,xgb,linear,0.13954775476726988
uci_credit,25,brier,lr*gnb,interaction,-0.3243122758884904
uci_credit,25,brier,lr*knn,interaction,-0.010350077218999533
uci_credit,25,brier,lr*rf,interaction,-0.011054852330078413
uci_credit,25,brier,lr*xgb,interaction,-0.02245969269936593
uci_credit,25,brier,gnb*knn,interaction,-0.35135453201142264
uci_credit,25,brier,gnb*rf,interaction,-0.33986888345345956
uci_credit,25,brier,gnb*xgb,interaction,-0.3636058683423356
uci_credit,25,brier,knn*rf,interaction,-0.006117423807446093
uci_credit,25,brier,knn*xgb,interaction,-0.016740894541489845
uci_credit,25,brier,rf*xgb,interaction,-0.009185942115101264
uci_credit,25,pr_auc,lr,linear,0.5061081287593892
uci_credit,25,pr_auc,gnb,linear,0.3843698574402884
uci_credit,25,pr_auc,knn,linear,0.5246026400890111
uci_credit,25,pr_auc,rf,linear,0.5588817315135022
uci_credit,25,pr_auc,xgb,linear,0.5375495214820694
uci_credit,25,pr_auc,lr*gnb,interaction,0.1630410093921977
uci_credit,25,pr_auc,lr*knn,interaction,0.045722905793239094
uci_credit,25,pr_auc,lr*rf,interaction,0.05478431963084851
uci_credit,25,pr_auc,lr*xgb,interaction,0.0895251153104537
uci_credit,25,pr_auc,gnb*knn,interaction,0.20063666865733532
uci_credit,25,pr_auc,gnb*rf,interaction,0.23421920748695801
uci_credit,25,pr_auc,gnb*xgb,interaction,0.2587330702765418
uci_credit,25,pr_auc,knn*rf,interaction,0.03168962694328903
uci_credit,25,pr_auc,knn*xgb,interaction,0.08055174653707775
uci_credit,25,pr_auc,rf*xgb,interaction,0.03426013065129396
uci_credit,26,roc_auc,lr,linear,0.7216877787670822
uci_credit,26,roc_auc,gnb,linear,0.6594033283642352
uci_credit,26,roc_auc,knn,linear,0.7579973756180503
uci_credit,26,roc_auc,rf,linear,0.7829156779608153
uci_credit,26,roc_auc,xgb,linear,0.7613560988684271
uci_credit,26,roc_auc,lr*gnb,interaction,0.07407116723009721
uci_credit,26,roc_auc,lr*knn,interaction,0.05945791567644815
uci_credit,26,roc_auc,lr*rf,interaction,0.07559525408820855
uci_credit,26,roc_auc,lr*xgb,interaction,0.08896543321195316
uci_credit,26,roc_auc,gnb*knn,interaction,0.07447279895996428
uci_credit,26,roc_auc,gnb*rf,interaction,0.10244415577095034
uci_credit,26,roc_auc,gnb*xgb,interaction,0.13840249035300134
uci_credit,26,roc_auc,knn*rf,interaction,0.03654785211408562
uci_credit,26,roc_auc,knn*xgb,interaction,0.05528901016568015
uci_credit,26,roc_auc,rf*xgb,interaction,0.025929463112981388
uci_credit,26,log_loss,lr,linear,0.463719078573873
uci_credit,26,log_loss,gnb,linear,1.1429372317593693
uci_credit,26,log_loss,knn,linear,0.4435883165675914
uci_credit,26,log_loss,rf,linear,0.4259920166233867
uci_credit,26,log_loss,xgb,linear,0.45245745928260916
uci_credit,26,log_loss,lr*gnb,interaction,-0.7112243656181253
uci_credit,26,log_loss,lr*knn,interaction,-0.015489549463606464
uci_credit,26,log_loss,lr*rf,interaction,-0.01734929500581517
uci_credit,26,log_loss,lr*xgb,interaction,-0.06188697005738919
uci_credit,26,log_loss,gnb*knn,interaction,-0.7496010511364044
uci_credit,26,log_loss,gnb*rf,interaction,-0.7301883182384619
uci_credit,26,log_loss,gnb*xgb,interaction,-0.7854889831753202
uci_credit,26,log_loss,knn*rf,interaction,0.002765216282892613
uci_credit,26,log_loss,knn*xgb,interaction,-0.0405532398521847
uci_credit,26,log_loss,rf*xgb,interaction,-0.020219833701391465
uci_credit,26,brier,lr,linear,0.1455232286819343
uci_credit,26,brier,gnb,linear,0.4226310454224475
uci_credit,26,brier,knn,linear,0.140940029875636
uci_credit,26,brier,rf,linear,0.13450645323109273
uci_credit,26,brier,xgb,linear,0.14072038451792881
uci_credit,26,brier,lr*gnb,interaction,-0.2723874822334147
uci_credit,26,brier,lr*knn,interaction,-0.010490973743623087
uci_credit,26,brier,lr*rf,interaction,-0.011189037927954754
uci_credit,26,brier,lr*xgb,interaction,-0.02345929254581669
uci_credit,26,brier,gnb*knn,interaction,-0.296799722539941
uci_credit,26,brier,gnb*rf,interaction,-0.2868042501798402
uci_credit,26,brier,gnb*xgb,interaction,-0.3103578897329576
uci_credit,26,brier,knn*rf,interaction,-0.006218530533956934
uci_credit,26,brier,knn*xgb,interaction,-0.017219979243355853
uci_credit,26,brier,rf*xgb,interaction,-0.009479260073286033
uci_credit,26,pr_auc,lr,linear,0.4962143379443686
uci_credit,26,pr_auc,gnb,linear,0.3954038952710627
uci_credit,26,pr_auc,knn,linear,0.5147764867152858
uci_credit,26,pr_auc,rf,linear,0.5521368795522381
uci_credit,26,pr_auc,xgb,linear,0.5270919635359553
uci_credit,26,pr_auc,lr*gnb,interaction,0.12354063721995684
uci_credit,26,pr_auc,lr*knn,interaction,0.05034480624188145
uci_credit,26,pr_auc,lr*rf,interaction,0.06332970452279318
uci_credit,26,pr_auc,lr*xgb,interaction,0.11193725988694558
uci_credit,26,pr_auc,gnb*knn,interaction,0.15593029366134092
uci_credit,26,pr_auc,gnb*rf,interaction,0.19555314508962618
uci_credit,26,pr_auc,gnb*xgb,interaction,0.22818834002248373
uci_credit,26,pr_auc,knn*rf,interaction,0.042208443780177074
uci_credit,26,pr_auc,knn*xgb,interaction,0.08983183637651228
uci_credit,26,pr_auc,rf*xgb,interaction,0.040008696383943665
uci_credit,27,roc_auc,lr,linear,0.7233650384554344
uci_credit,27,roc_auc,gnb,linear,0.6633999714008432
uci_credit,27,roc_auc,knn,linear,0.7583898356465067
uci_credit,27,roc_auc,rf,linear,0.7845945845422424
uci_credit,27,roc_auc,xgb,linear,0.7638706165590099
uci_credit,27,roc_auc,lr*gnb,interaction,0.08090727375221263
uci_credit,27,roc_auc,lr*knn,interaction,0.05689335730788367
uci_credit,27,roc_auc,lr*rf,interaction,0.07417828467060439
uci_credit,27,roc_auc,lr*xgb,interaction,0.08877893945570925
uci_credit,27,roc_auc,gnb*knn,interaction,0.07837211485128592
uci_credit,27,roc_auc,gnb*rf,interaction,0.10687146069721276
uci_credit,27,roc_auc,gnb*xgb,interaction,0.1328643403822024
uci_credit,27,roc_auc,knn*rf,interaction,0.0380911493318854
uci_credit,27,roc_auc,knn*xgb,interaction,0.05940169759632451
uci_credit,27,roc_auc,rf*xgb,interaction,0.026238831516953276
uci_credit,27,log_loss,lr,linear,0.461876716364208
uci_credit,27,log_loss,gnb,linear,1.1613828989667485
uci_credit,27,log_loss,knn,linear,0.4417792947069927
uci_credit,27,log_loss,rf,linear,0.42478897732659926
uci_credit,27,log_loss,xgb,linear,0.4509635070989134
uci_credit,27,log_loss,lr*gnb,interaction,-0.734573395600465
uci_credit,27,log_loss,lr*knn,interaction,-0.013089001529935015
uci_credit,27,log_loss,lr*rf,interaction,-0.015255281516780794
uci_credit,27,log_loss,lr*xgb,interaction,-0.05839743713351897
uci_credit,27,log_loss,gnb*knn,interaction,-0.7747698189208485
uci_credit,27,log_loss,gnb*rf,interaction,-0.7517350579424982
uci_credit,27,log_loss,gnb*xgb,interaction,-0.8028529715718566
uci_credit,27,log_loss,knn*rf,interaction,0.0035088770582679674
uci_credit,27,log_loss,knn*xgb,interaction,-0.04010979225744729
uci_credit,27,log_loss,rf*xgb,interaction,-0.018094296964575207
uci_credit,27,brier,lr,linear,0.14472375758869033
uci_credit,27,brier,gnb,linear,0.42916565010605773
uci_credit,27,brier,knn,linear,0.140194763340948
uci_credit,27,brier,rf,linear,0.13412835923150715
uci_credit,27,brier,xgb,linear,0.14043611427218142
uci_credit,27,brier,lr*gnb,interaction,-0.2801457215365033
uci_credit,27,brier,lr*knn,interaction,-0.010190306647408623
uci_credit,27,brier,lr*rf,interaction,-0.01107268895648611
uci_credit,27,brier,lr*xgb,interaction,-0.022780849889743965
uci_credit,27,brier,gnb*knn,interaction,-0.3046975551103558
uci_credit,27,brier,gnb*rf,interaction,-0.2944218186533663
uci_credit,27,brier,gnb*xgb,interaction,-0.31628141919910313
uci_credit,27,brier,knn*rf,interaction,-0.006306322557558031
uci_credit,27,brier,knn*xgb,interaction,-0.016997857802751065
uci_credit,27,brier,rf*xgb,interaction,-0.009307954346755909
uci_credit,27,pr_auc,lr,linear,0.5034425708490347
uci_credit,27,pr_auc,gnb,linear,0.3895104618245434
uci_credit,27,pr_auc,knn,linear,0.5194257575257049
uci_credit,27,pr_auc,rf,linear,0.555538868482031
uci_credit,27,pr_auc,xgb,linear,0.5296767089580757
uci_credit,27,pr_auc,lr*gnb,interaction,0.15330758294764701
uci_credit,27,pr_auc,lr*knn,interaction,0.04362267203581863
uci_credit,27,pr_auc,lr*rf,interaction,0.051165348179232406
uci_credit,27,pr_auc,lr*xgb,interaction,0.09660790114326656
uci_credit,27,pr_auc,gnb*knn,interaction,0.18359139209603836
uci_credit,27,pr_auc,gnb*rf,interaction,0.22029490268522967
uci_credit,27,pr_auc,gnb*xgb,interaction,0.23871327723399116
uci_credit,27,pr_auc,knn*rf,interaction,0.039134290115492965
uci_credit,27,pr_auc,knn*xgb,interaction,0.0833941368519261
uci_credit,27,pr_auc,rf*xgb,interaction,0.034403927267308454
uci_credit,28,roc_auc,lr,linear,0.719415248877565
uci_credit,28,roc_auc,gnb,linear,0.6697340880077525
uci_credit,28,roc_auc,knn,linear,0.754489548416469
uci_credit,28,roc_auc,rf,linear,0.7807600786230744
uci_credit,28,roc_auc,xgb,linear,0.7618475260322515
uci_credit,28,roc_auc,lr*gnb,interaction,0.07907848580583499
uci_credit,28,roc_auc,lr*knn,interaction,0.05550532974368694
uci_credit,28,roc_auc,lr*rf,interaction,0.07319660890212776
uci_credit,28,roc_auc,lr*xgb,interaction,0.0873054681110581
uci_credit,28,roc_auc,gnb*knn,interaction,0.07528822582671957
uci_credit,28,roc_auc,gnb*rf,interaction,0.10050266168016064
uci_credit,28,roc_auc,gnb*xgb,interaction,0.12444729753396289
uci_credit,28,roc_auc,knn*rf,interaction,0.03844583310532368
uci_credit,28,roc_auc,knn*xgb,interaction,0.06044470517205455
uci_credit,28,roc_auc,rf*xgb,interaction,0.026223525700816097
uci_credit,28,log_loss,lr,linear,0.46457157962184753
uci_credit,28,log_loss,gnb,linear,1.042666458681111
uci_credit,28,log_loss,knn,linear,0.4448563461144908
uci_credit,28,log_loss,rf,linear,0.4280927474281447
uci_credit,28,log_loss,xgb,linear,0.4533727593136486
uci_credit,28,log_loss,lr*gnb,interaction,-0.5884760883616043
uci_credit,28,log_loss,lr*knn,interaction,-0.022485844274144864
uci_credit,28,log_loss,lr*rf,interaction,-0.02378352892144142
uci_credit,28,log_loss,lr*xgb,interaction,-0.06572036957493099
uci_credit,28,log_loss,gnb*knn,interaction,-0.6269402830699915
uci_credit,28,log_loss,gnb*rf,interaction,-0.601768231255062
uci_credit,28,log_loss,gnb*xgb,interaction,-0.6528525223078518
uci_credit,28,log_loss,knn*rf,interaction,-0.005586532008686529
uci_credit,28,log_loss,knn*xgb,interaction,-0.04796903871194341
uci_credit,28,log_loss,rf*xgb,interaction,-0.027431473736495793
uci_credit,28,brier,lr,linear,0.14532395562750275
uci_credit,28,brier,gnb,linear,0.39151147395102714
uci_credit,28,brier,knn,linear,0.14072307143827156
uci_credit,28,brier,rf,linear,0.13483772261105673
uci_credit,28,brier,xgb,linear,0.14103223023765746
uci_credit,28,brier,lr*gnb,interaction,-0.2432982769369772
uci_credit,28,brier,lr*knn,interaction,-0.010121060748279204
uci_credit,28,brier,lr*rf,interaction,-0.01086850252768537
uci_credit,28,brier,lr*xgb,interaction,-0.02253438212257186
uci_credit,28,brier,gnb*knn,interaction,-0.26764290580948813
uci_credit,28,brier,gnb*rf,interaction,-0.2561526304925616
uci_credit,28,brier,gnb*xgb,interaction,-0.2781479151663767
uci_credit,28,brier,knn*rf,interaction,-0.006049735539295997
uci_credit,28,brier,knn*xgb,interaction,-0.01681089504185606
uci_credit,28,brier,rf*xgb,interaction,-0.009443332351198097
uci_credit,28,pr_auc,lr,linear,0.4983786991216336
uci_credit,28,pr_auc,gnb,linear,0.406665334991716
uci_credit,28,pr_auc,knn,linear,0.5183131143631892
uci_credit,28,pr_auc,rf,linear,0.552195373928883
uci_credit,28,pr_auc,xgb,linear,0.5251646716426501
uci_credit,28,pr_auc,lr*gnb,interaction,0.132450725161512
uci_credit,28,pr_auc,lr*knn,interaction,0.04633052716791322
uci_credit,28,pr_auc,lr*rf,interaction,0.05512279348828841
uci_credit,28,pr_auc,lr*xgb,interaction,0.09449948273342579
uci_credit,28,pr_auc,gnb*knn,interaction,0.16117237808491813
uci_credit,28,pr_auc,gnb*rf,interaction,0.19397633054521235
uci_credit,28,pr_auc,gnb*xgb,interaction,0.21652988574946974
uci_credit,28,pr_auc,knn*rf,interaction,0.03946615487957239
uci_credit,28,pr_auc,knn*xgb,interaction,0.08261654206413105
uci_credit,28,pr_auc,rf*xgb,interaction,0.03991573585024999
uci_credit,29,roc_auc,lr,linear,0.7228010578608506
uci_credit,29,roc_auc,gnb,linear,0.6555183405910222
uci_credit,29,roc_auc,knn,linear,0.7569474634224929
uci_credit,29,roc_auc,rf,linear,0.7821296182224712
uci_credit,29,roc_auc,xgb,linear,0.7635410041283923
uci_credit,29,roc_auc,lr*gnb,interaction,0.08337779392389988
uci_credit,29,roc_auc,lr*knn,interaction,0.05210651533221672
uci_credit,29,roc_auc,lr*rf,interaction,0.068170532348382
uci_credit,29,roc_auc,lr*xgb,interaction,0.08485360619817439
uci_credit,29,roc_auc,gnb*knn,interaction,0.08811279673414152
uci_credit,29,roc_auc,gnb*rf,interaction,0.11237954816229268
uci_credit,29,roc_auc,gnb*xgb,interaction,0.13721874733349249
uci_credit,29,roc_auc,knn*rf,interaction,0.035068169482564304
uci_credit,29,roc_auc,knn*xgb,interaction,0.05548785086158477
uci_credit,29,roc_auc,rf*xgb,interaction,0.026007824319480122
uci_credit,29,log_loss,lr,linear,0.46027307094743763
uci_credit,29,log_loss,gnb,linear,1.2981860741444877
uci_credit,29,log_loss,knn,linear,0.4409246525046583
uci_credit,29,log_loss,rf,linear,0.4241172307014519
uci_credit,29,log_loss,xgb,linear,0.4478484126964451
uci_credit,29,log_loss,lr*gnb,interaction,-0.9178324267537497
uci_credit,29,log_loss,lr*knn,interaction,0.002152931557818219
uci_credit,29,log_loss,lr*rf,interaction,0.0005354089861877576
uci_credit,29,log_loss,lr*xgb,interaction,-0.04130328599040667
uci_credit,29,log_loss,gnb*knn,interaction,-0.9634909995640621
uci_credit,29,log_loss,gnb*rf,interaction,-0.9402002977405014
uci_credit,29,log_loss,gnb*xgb,interaction,-0.9879678188123959
uci_credit,29,log_loss,knn*rf,interaction,0.019133676634365937
uci_credit,29,log_loss,knn*xgb,interaction,-0.02202860378879476
uci_credit,29,log_loss,rf*xgb,interaction,-0.002938806814426931
uci_credit,29,brier,lr,linear,0.1449195343148394
uci_credit,29,brier,gnb,linear,0.4644284776083896
uci_credit,29,brier,knn,linear,0.14017879197664743
uci_credit,29,brier,rf,linear,0.13425449417269023
uci_credit,29,brier,xgb,linear,0.13979544004816305
uci_credit,29,brier,lr*gnb,interaction,-0.31457952835124475
uci_credit,29,brier,lr*knn,interaction,-0.010063640878744725
uci_credit,29,brier,lr*rf,interaction,-0.01073894010230278
uci_credit,29,brier,lr*xgb,interaction,-0.02218043325524366
uci_credit,29,brier,gnb*knn,interaction,-0.34095668677897706
uci_credit,29,brier,gnb*rf,interaction,-0.3298804960088822
uci_credit,29,brier,gnb*xgb,interaction,-0.3523678028094501
uci_credit,29,brier,knn*rf,interaction,-0.0060060431685586835
uci_credit,29,brier,knn*xgb,interaction,-0.016529326292760604
uci_credit,29,brier,rf*xgb,interaction,-0.009217915298096457
uci_credit,29,pr_auc,lr,linear,0.5012915382087119
uci_credit,29,pr_auc,gnb,linear,0.38129512950020494
uci_credit,29,pr_auc,knn,linear,0.5219985805600146
uci_credit,29,pr_auc,rf,linear,0.5572270965234681
uci_credit,29,pr_auc,xgb,linear,0.5325846125313386
uci_credit,29,pr_auc,lr*gnb,interaction,0.15553545173757588
uci_credit,29,pr_auc,lr*knn,interaction,0.04335889758475714
uci_credit,29,pr_auc,lr*rf,interaction,0.04866425601848223
uci_credit,29,pr_auc,lr*xgb,interaction,0.09981347790778616
uci_credit,29,pr_auc,gnb*knn,interaction,0.2007792325987705
uci_credit,29,pr_auc,gnb*rf,interaction,0.23525445165227354
uci_credit,29,pr_auc,gnb*xgb,interaction,0.2599163824725425
uci_credit,29,pr_auc,knn*rf,interaction,0.03527080337348709
uci_credit,29,pr_auc,knn*xgb,interaction,0.0856552772639113
uci_credit,29,pr_auc,rf*xgb,interaction,0.04086186976005535
