dataset,rep,response,order,selected,reliable,r2_train,r2_external,rmse_external,rmse_rel_range,spearman_external,condition_number,rank,n_terms,extrapolation_excess
santander,0,roc_auc,linear,False,,0.409835736569811,-0.9376374902654154,0.010877393392633961,0.1796353706850102,0.6756075607560756,1.7609133030007915,5,5,0.010401832606927508
santander,0,roc_auc,quadratic,True,False,0.8785412185339692,0.1759164455498604,0.007093722492947928,0.11714970890178755,0.8155535553555355,14.673205685842065,15,15,0.0
santander,0,roc_auc,special_cubic,False,,0.8971362750392832,0.20544807240117646,0.006965458578415282,0.1150314867321099,0.8793759375937593,101.89324486271012,25,25,0.0
santander,0,log_loss,linear,False,,0.7985172639397403,0.7954401245067203,0.006852288808525175,0.07221195627590102,0.9695769576957695,1.7609133030007915,5,5,0.020568426102430704
santander,0,log_loss,quadratic,True,True,0.9865478029885378,0.9764374018444204,0.0023256107283586777,0.024508146828555576,0.9941674167416741,14.673205685842065,15,15,0.0
santander,0,log_loss,special_cubic,False,,0.9888647976555146,0.9777967803042384,0.0022575293848831534,0.02379068042635977,0.9961596159615961,101.89324486271012,25,25,0.0
santander,0,brier,linear,False,,0.9025782333457909,0.9154085011096313,0.0014436102351028785,0.05287907259131641,0.9875427542754274,1.7609133030007915,5,5,0.004746956715263886
santander,0,brier,quadratic,True,True,0.9999999999999989,0.9999999999999918,4.513941745234303e-10,1.653445281940716e-08,0.9999999999999999,14.673205685842065,15,15,4.147935189768859e-10
santander,0,brier,special_cubic,False,,0.9999999999999989,0.9999999999999912,4.6383386551267066e-10,1.6990115509265204e-08,0.9999999999999999,101.89324486271012,25,25,4.2560664714752505e-10
santander,0,pr_auc,linear,False,,0.4344537103326884,-0.5916863770151932,0.025171065864480622,0.18559815171230085,0.5658445844584458,1.7609133030007915,5,5,0.0322372832948124
santander,0,pr_auc,quadratic,True,False,0.8793829210646105,0.3340075800537672,0.016281990595686382,0.12005480328191936,0.7382658265826582,14.673205685842065,15,15,0.0
santander,0,pr_auc,special_cubic,False,,0.8932835957910216,0.3745678854918162,0.01577839940003011,0.11634158765427753,0.7725052505250525,101.89324486271012,25,25,0.0
santander,1,roc_auc,linear,False,,0.41836488180306886,-1.1816507186570222,0.009895441084993477,0.28393636222195073,0.718067806780678,1.7609133030007915,5,5,0.0
santander,1,roc_auc,quadratic,True,False,0.8834203599905249,-0.14404816320593872,0.007165800299203237,0.2056129940938428,0.8193339333933393,14.673205685842065,15,15,0.0
santander,1,roc_auc,special_cubic,False,,0.9008195717915816,-0.10871338400445563,0.007054271846889486,0.20241283527704845,0.8458085808580857,101.89324486271012,25,25,0.0
santander,1,log_loss,linear,False,,0.8001207411368425,0.7906514554087795,0.006232906128905848,0.09656610481653803,0.9763336333633362,1.7609133030007915,5,5,0.0016040258471927693
santander,1,log_loss,quadratic,True,True,0.9869172368817184,0.9722470056735237,0.0022693973148724903,0.03515965978727437,0.9947554755475545,14.673205685842065,15,15,0.0
santander,1,log_loss,special_cubic,False,,0.9891503513074683,0.9735439043466981,0.00221573842529061,0.0343283252783729,0.9956315631563156,101.89324486271012,25,25,0.0
santander,1,brier,linear,False,,0.9031281535256083,0.9052913799172432,0.0013936447631259215,0.06646911906101752,0.9867386738673867,1.7609133030007915,5,5,0.0017095449063204288
santander,1,brier,quadratic,True,True,0.9999999999999989,0.9999999999999872,5.126465945941496e-10,2.4450396854269872e-08,0.9999999999999999,14.673205685842065,15,15,1.4979192886066528e-10
santander,1,brier,special_cubic,False,,0.999999999999999,0.9999999999999863,5.297404228184134e-10,2.5265677572505892e-08,0.9999999999999999,101.89324486271012,25,25,1.6185193463247316e-10
santander,1,pr_auc,linear,False,,0.43258251240904844,-0.5988125128926614,0.023094608898753356,0.2522711725205509,0.6592379237923791,1.7609133030007915,5,5,0.0004398067030850772
santander,1,pr_auc,quadratic,True,False,0.8777974559543159,0.0763387750683373,0.017553680886295275,0.19174551423022065,0.7655925592559255,14.673205685842065,15,15,0.0
santander,1,pr_auc,special_cubic,False,,0.8921178534187748,0.12066489549665171,0.01712730565852664,0.1870880558980851,0.7727212721272126,101.89324486271012,25,25,0.0
santander,2,roc_auc,linear,False,,0.4112410616524126,-0.9365145257604521,0.008929465328765334,0.23131883096252248,0.7199039903990397,1.7609133030007915,5,5,0.0
santander,2,roc_auc,quadratic,True,False,0.8805103960704339,0.11657673256488499,0.006031141149404378,0.15623740825287305,0.8518091809180917,14.673205685842065,15,15,0.0
santander,2,roc_auc,special_cubic,False,,0.898508732528768,0.2304867888735379,0.005628894591356793,0.14581716469511782,0.8925172517251725,101.89324486271012,25,25,0.0
santander,2,log_loss,linear,False,,0.7984663600124227,0.7932206385760888,0.006026214775578068,0.09194422855838386,0.9510231023102309,1.7609133030007915,5,5,0.0001699721768139706
santander,2,log_loss,quadratic,False,,0.9866621764138958,0.9784000965866348,0.001947676909879383,0.029716440191539416,0.9933753375337532,14.673205685842065,15,15,0.0008363609349721635
santander,2,log_loss,special_cubic,True,True,0.9889572355508678,0.9823939434416339,0.0017584177434857799,0.026828841806864616,0.9948634863486348,101.89324486271012,25,25,0.00018207683201665326
santander,2,brier,linear,False,,0.9012176728516309,0.8906697633650087,0.0014325052628114715,0.06613872268546825,0.9763576357635763,1.7609133030007915,5,5,0.0018520000941445042
santander,2,brier,quadratic,True,True,0.9999999999999989,0.9999999999999916,3.992544929287271e-10,1.8433567313333898e-08,0.9999999999999999,14.673205685842065,15,15,1.9534901474216326e-11
santander,2,brier,special_cubic,False,,0.9999999999999989,0.999999999999991,4.12082321498549e-10,1.9025827752762272e-08,0.9999999999999999,101.89324486271012,25,25,2.9617711061469265e-11
santander,2,pr_auc,linear,False,,0.43169460827307493,-0.4282808272327687,0.021030351896678463,0.20270689306598746,0.6773117311731173,1.7609133030007915,5,5,0.015186885090873403
santander,2,pr_auc,quadratic,True,False,0.8792026867975564,0.21551120540054258,0.015585943904168427,0.1502294531178882,0.8232463246324632,14.673205685842065,15,15,0.0
santander,2,pr_auc,special_cubic,False,,0.8934334309646599,0.309496116803215,0.014622539363300472,0.14094341063013263,0.8308430843084308,101.89324486271012,25,25,0.0
santander,3,roc_auc,linear,True,False,0.4083878047611471,-0.4577834904934752,0.011206845586282353,0.20756886479881712,0.6917131713171317,1.7609133030007915,5,5,0.003930837436372792
santander,3,roc_auc,quadratic,False,,0.8789607253608307,-0.31795951032762515,0.010655845338930773,0.1973634510661046,0.8439363936393639,14.673205685842065,15,15,0.0
santander,3,roc_auc,special_cubic,False,,0.8970771893990321,-0.37692747321849174,0.010891618149164757,0.201730343979361,0.8354875487548753,101.89324486271012,25,25,0.0
santander,3,log_loss,linear,False,,0.7977459284393735,0.8609609159692515,0.007187561730096784,0.07703189714567729,0.9752055205520551,1.7609133030007915,5,5,0.01933214256649779
santander,3,log_loss,quadratic,True,True,0.986671589132245,0.9740963094790781,0.00310237262804367,0.03324933519392627,0.9955475547554755,14.673205685842065,15,15,0.000807912136121941
santander,3,log_loss,special_cubic,False,,0.988964647425266,0.9727249134611144,0.003183436615795501,0.03411812950849467,0.995019501950195,101.89324486271012,25,25,0.0
santander,3,brier,linear,False,,0.9006462457072133,0.9314243540747885,0.0015819219696184563,0.05952543494879199,0.9895829582958295,1.7609133030007915,5,5,0.004190384926200497
santander,3,brier,quadratic,True,True,0.9999999999999989,0.9999999999999954,4.0911565313418133e-10,1.5394430107728327e-08,0.9999999999999999,14.673205685842065,15,15,0.0
santander,3,brier,special_cubic,False,,0.999999999999999,0.999999999999995,4.2524535059728677e-10,1.600136728637776e-08,0.9999999999999999,101.89324486271012,25,25,1.1362855101282321e-11
santander,3,pr_auc,linear,True,False,0.4300623409757103,-0.922665313562993,0.026825210254228883,0.28218058177273014,0.6694869486948695,1.7609133030007915,5,5,0.0
santander,3,pr_auc,quadratic,False,,0.8764554895621405,-0.8039437306457244,0.025983807032751532,0.2733296669693877,0.765148514851485,14.673205685842065,15,15,0.0
santander,3,pr_auc,special_cubic,False,,0.8907600927537255,-0.7848979811945613,0.025846276623628626,0.27188295283406694,0.7652325232523252,101.89324486271012,25,25,0.0
santander,4,roc_auc,linear,False,,0.4048773480236918,-1.7463788378677743,0.010700496992056394,0.3937686308911923,0.6649144914491449,1.7609133030007915,5,5,0.0
santander,4,roc_auc,quadratic,True,False,0.8768464016878196,-0.6240283002699989,0.008228497163314679,0.3028012684547096,0.8214821482148215,14.673205685842065,15,15,0.0
santander,4,roc_auc,special_cubic,False,,0.895453160231467,-0.5885182903388906,0.008138040317739596,0.29947253818514563,0.846084608460846,101.89324486271012,25,25,0.0
santander,4,log_loss,linear,False,,0.7970247830751894,0.8241449161786122,0.0065047479072337586,0.0981347081218677,0.9716531653165315,1.7609133030007915,5,5,0.0009043957745805131
santander,4,log_loss,quadratic,True,True,0.986328380545943,0.9703477405346953,0.0026710492876178917,0.04029712541634469,0.9952595259525951,14.673205685842065,15,15,0.001126122254835632
santander,4,log_loss,special_cubic,False,,0.9886793003376415,0.9714983742428386,0.002618712508848863,0.03950753993481884,0.9953195319531951,101.89324486271012,25,25,0.0001541061297983537
santander,4,brier,linear,False,,0.9025712780898356,0.9214463168158955,0.001458726581054085,0.06674311926549947,0.9860186018601859,1.7609133030007915,5,5,0.001973795818267843
santander,4,brier,quadratic,True,True,0.9999999999999989,0.9999999999999928,4.4361560926295307e-10,2.0297353802711508e-08,0.9999999999999999,14.673205685842065,15,15,4.2161903135440326e-10
santander,4,brier,special_cubic,False,,0.999999999999999,0.9999999999999923,4.570537516859597e-10,2.091220757592334e-08,0.9999999999999999,101.89324486271012,25,25,3.9536106333226684e-10
santander,4,pr_auc,linear,False,,0.43384224039849095,-1.0974759716634472,0.02582158249237977,0.33061267279601697,0.6435643564356436,1.7609133030007915,5,5,0.0
santander,4,pr_auc,quadratic,True,False,0.878120262225858,-0.4077998474993725,0.021154599833877675,0.2708578684157903,0.7751575157515751,14.673205685842065,15,15,0.0
santander,4,pr_auc,special_cubic,False,,0.8923928676941005,-0.33679252201600485,0.02061419411682889,0.2639386573813592,0.7988718871887188,101.89324486271012,25,25,0.0
santander,5,roc_auc,linear,False,,0.4095210089276583,-0.7650044509637985,0.009499929194401742,0.23353775317701955,0.6211461146114611,1.7609133030007915,5,5,0.0
santander,5,roc_auc,quadratic,True,False,0.8799058376846194,-0.4045115913222803,0.008474422840476701,0.20832762319988832,0.8702190219021901,14.673205685842065,15,15,0.0
santander,5,roc_auc,special_cubic,False,,0.8979251820124423,-0.4145976339596109,0.008504796562312789,0.20907430358119095,0.8691629162916291,101.89324486271012,25,25,0.0
santander,5,log_loss,linear,False,,0.7988084602525262,0.8510504222187567,0.006059044194163881,0.07496065426671891,0.9650525052505249,1.7609133030007915,5,5,0.01067866291954156
santander,5,log_loss,quadratic,True,True,0.9869699651412919,0.9704147392823567,0.0027003632093316188,0.03340807335986235,0.9925352535253524,14.673205685842065,15,15,0.0
santander,5,log_loss,special_cubic,False,,0.989185285330266,0.9697462999747344,0.002730698364313236,0.033783370682647126,0.9945154515451544,101.89324486271012,25,25,6.391231648891771e-05
santander,5,brier,linear,False,,0.9008725324593806,0.9266541589875223,0.0013920299278133584,0.0566531829379617,0.9806900690069006,1.7609133030007915,5,5,0.003282991737252522
santander,5,brier,quadratic,True,True,0.9999999999999989,0.9999999999999941,3.934688973592312e-10,1.6013495814351043e-08,0.9999999999999999,14.673205685842065,15,15,1.7801732310473994e-10
santander,5,brier,special_cubic,False,,0.9999999999999989,0.9999999999999938,4.0543604006703574e-10,1.6500537588039724e-08,0.9999999999999999,101.89324486271012,25,25,2.0138596346086501e-10
santander,5,pr_auc,linear,False,,0.4270524942755397,-0.7825750963492228,0.022059067781764623,0.31129926031368,0.5477947794779477,1.7609133030007915,5,5,0.0
santander,5,pr_auc,quadratic,True,False,0.8764135943838118,-0.36762395179316854,0.019321755706012075,0.27267010187145924,0.7928952895289528,14.673205685842065,15,15,0.0
santander,5,pr_auc,special_cubic,False,,0.8904011523895776,-0.35200003279404823,0.01921107151911761,0.271108118117225,0.7846264626462646,101.89324486271012,25,25,0.0
santander,6,roc_auc,linear,False,,0.40612592731871455,-0.7968151362982856,0.009729089627958418,0.22205882672752889,0.6287188718871886,1.7609133030007915,5,5,0.0
santander,6,roc_auc,quadratic,True,False,0.8773496004622431,0.029657687052234816,0.007149620504538688,0.16318447064384778,0.8173777377737773,14.673205685842065,15,15,0.0
santander,6,roc_auc,special_cubic,False,,0.8960562048489548,0.05984674040927784,0.007037523104112815,0.16062593555272858,0.8491569156915691,101.89324486271012,25,25,0.0
santander,6,log_loss,linear,False,,0.7968709230799012,0.8192986813448093,0.006163005808393253,0.07102359701443765,0.9682328232823281,1.7609133030007915,5,5,0.01377549924698629
santander,6,log_loss,quadratic,True,True,0.9863723587319245,0.9777919081890569,0.0021605660037464355,0.024898754592150355,0.9930993099309929,14.673205685842065,15,15,0.0005359581360784016
santander,6,log_loss,special_cubic,False,,0.9887221020646764,0.9792910337945001,0.0020863690222404905,0.024043695116628006,0.9947074707470746,101.89324486271012,25,25,8.537780878253853e-06
santander,6,brier,linear,False,,0.9012395307272405,0.9105252067970114,0.0014018555797915824,0.05427873414075181,0.9864866486648664,1.7609133030007915,5,5,0.003779945871377227
santander,6,brier,quadratic,True,True,0.9999999999999989,0.9999999999999911,4.4037659546976746e-10,1.705103185512637e-08,0.9999999999999999,14.673205685842065,15,15,1.7985464506597992e-10
santander,6,brier,special_cubic,False,,0.999999999999999,0.9999999999999906,4.556287690695626e-10,1.7641583897594934e-08,0.9999999999999999,101.89324486271012,25,25,2.0645075926584155e-10
santander,6,pr_auc,linear,False,,0.43042025391180183,-0.5692520528173548,0.023399852538817698,0.2832284408758346,0.5753735373537353,1.7609133030007915,5,5,0.0
santander,6,pr_auc,quadratic,True,False,0.8768429657350897,0.04505215042863464,0.018253939021160858,0.22094304569780718,0.7450105010501049,14.673205685842065,15,15,0.0
santander,6,pr_auc,special_cubic,False,,0.8909161803382029,0.10582855115989687,0.01766351645146012,0.21379665605296488,0.7651605160516051,101.89324486271012,25,25,0.0
santander,7,roc_auc,linear,False,,0.4106914770039951,-1.616558314773362,0.011283653239981237,0.2939211762896637,0.6983858385838583,1.7609133030007915,5,5,0.0
santander,7,roc_auc,quadratic,True,False,0.8787062647852195,-0.6271812744316192,0.008898206723345368,0.23178409787773785,0.8412961296129612,14.673205685842065,15,15,0.0
santander,7,roc_auc,special_cubic,False,,0.8971058133521976,-0.6598660340748166,0.008987130358951406,0.2341004168057842,0.8518451845184517,101.89324486271012,25,25,0.0
santander,7,log_loss,linear,False,,0.7973847032099974,0.7730173519478,0.006843964100774412,0.09153697021625022,0.9772937293729372,1.7609133030007915,5,5,0.006982168755763352
santander,7,log_loss,quadratic,True,True,0.9865643929167544,0.9624957274169538,0.002781965673236602,0.037208364220507044,0.9954995499549955,14.673205685842065,15,15,0.0
santander,7,log_loss,special_cubic,False,,0.9888687443361437,0.9607960350256781,0.002844306474803786,0.03804216288050685,0.995127512751275,101.89324486271012,25,25,0.00010524324464195045
santander,7,brier,linear,False,,0.9010544159599662,0.9144612435886076,0.0014041861129960478,0.05960564570045916,0.9883828382838282,1.7609133030007915,5,5,0.003033530090803302
santander,7,brier,quadratic,True,True,0.9999999999999989,0.9999999999999918,4.36086772688576e-10,1.851124535911508e-08,0.9999999999999999,14.673205685842065,15,15,3.4753024069633653e-10
santander,7,brier,special_cubic,False,,0.9999999999999989,0.9999999999999912,4.4903873707874803e-10,1.906103729440089e-08,0.9999999999999999,101.89324486271012,25,25,3.5258185260289565e-10
santander,7,pr_auc,linear,False,,0.4307254204736649,-1.1724659335963916,0.025359068273099045,0.3295377933102865,0.6152055205520551,1.7609133030007915,5,5,0.0
santander,7,pr_auc,quadratic,True,False,0.877734208453694,-0.3987884767538983,0.02034852004814553,0.2644263709368741,0.7453345334533452,14.673205685842065,15,15,0.0
santander,7,pr_auc,special_cubic,False,,0.8916461452449588,-0.38602362552726843,0.020255460539124127,0.2632170747230229,0.7527872787278728,101.89324486271012,25,25,0.0
santander,8,roc_auc,linear,False,,0.3984526890007669,-1.0940619896782295,0.011586430991938533,0.1936662428299251,0.6064566456645664,1.7609133030007915,5,5,0.009771466519899463
santander,8,roc_auc,quadratic,True,False,0.8755224302233758,-0.40177564018020906,0.009479690682582292,0.15845225151411318,0.7902670267026702,14.673205685842065,15,15,0.0
santander,8,roc_auc,special_cubic,False,,0.8944573945035902,-0.4336958555394206,0.009587015452134112,0.1602461762262312,0.793147314731473,101.89324486271012,25,25,0.0
santander,8,log_loss,linear,False,,0.7965491369817513,0.8444684238978855,0.006858043713171135,0.07228009562512283,0.9674647464746474,1.7609133030007915,5,5,0.02203606028045102
santander,8,log_loss,quadratic,True,True,0.9864019004121973,0.9744607901354738,0.0027790393158977065,0.02928958109632418,0.9939633963396338,14.673205685842065,15,15,0.00031801649354137873
santander,8,log_loss,special_cubic,False,,0.988754750321749,0.9736756814130504,0.002821431635265168,0.029736373363303478,0.9943234323432341,101.89324486271012,25,25,0.00029939849142945896
santander,8,brier,linear,False,,0.9015995550281577,0.9310814748904737,0.0014499862758452161,0.05468430282171733,0.9874827482748273,1.7609133030007915,5,5,0.004579034516652411
santander,8,brier,quadratic,True,True,0.9999999999999989,0.9999999999999931,4.5893262232752543e-10,1.7308033125688866e-08,0.9999999999999999,14.673205685842065,15,15,5.053263363308247e-12
santander,8,brier,special_cubic,False,,0.9999999999999989,0.9999999999999927,4.727151042893614e-10,1.7827821091817414e-08,0.9999999999999999,101.89324486271012,25,25,2.4200738635293817e-11
santander,8,pr_auc,linear,False,,0.42869326092528737,-1.438380850280208,0.026798738713658173,0.24464538599553104,0.5117191719171916,1.7609133030007915,5,5,0.008149950866921052
santander,8,pr_auc,quadratic,True,False,0.876813568917403,-0.7395775710559664,0.022635259858186017,0.2066370340889507,0.6367836783678366,14.673205685842065,15,15,0.0
santander,8,pr_auc,special_cubic,False,,0.8911232441381691,-0.7065564180292141,0.022419396103978913,0.20466641629104942,0.6264506450645064,101.89324486271012,25,25,0.0
santander,9,roc_auc,linear,True,False,0.40702732055041557,-0.417716396389324,0.010009565350752357,0.1641489553841493,0.6511971197119711,1.7609133030007915,5,5,0.009245406133992051
santander,9,roc_auc,quadratic,False,,0.8785264666714,-0.28088694621447874,0.009514280214642248,0.1560266708632076,0.8624902490249023,14.673205685842065,15,15,0.0
santander,9,roc_auc,special_cubic,False,,0.8966583866101505,-0.29253750945106916,0.009557451786625632,0.15673465050018867,0.8604860486048603,101.89324486271012,25,25,0.0
santander,9,log_loss,linear,False,,0.796474756492471,0.8741507289823212,0.0061450500924635845,0.06618164903587802,0.9682448244824481,1.7609133030007915,5,5,0.019483525533411428
santander,9,log_loss,quadratic,True,True,0.98625137169053,0.9706963312995935,0.0029652483517808802,0.03193546395373683,0.9927512751275126,14.673205685842065,15,15,0.0
santander,9,log_loss,special_cubic,False,,0.9886070665859414,0.9709509147574491,0.002952339559480737,0.031796437395998446,0.9950315031503151,101.89324486271012,25,25,0.0
santander,9,brier,linear,False,,0.9023385533532141,0.9382113510760928,0.0013823540833651502,0.05230377466236579,0.9857545754575456,1.7609133030007915,5,5,0.004350638094262907
santander,9,brier,quadratic,True,True,0.9999999999999989,0.9999999999999938,4.3796359093851485e-10,1.657111535056513e-08,0.9999999999999999,14.673205685842065,15,15,8.383201077766245e-11
santander,9,brier,special_cubic,False,,0.9999999999999989,0.9999999999999934,4.4936642791663343e-10,1.700256155019824e-08,0.9999999999999999,101.89324486271012,25,25,1.1242318187498768e-10
santander,9,pr_auc,linear,True,False,0.43219649033032503,-0.4752938165173828,0.023473790339076983,0.1833291401851358,0.6299309930993099,1.7609133030007915,5,5,0.020784149923992135
santander,9,pr_auc,quadratic,False,,0.8780075179286723,-0.31101497300690917,0.022128286519244575,0.17282082197820958,0.8086768676867686,14.673205685842065,15,15,0.0
santander,9,pr_auc,special_cubic,False,,0.8919902253420333,-0.27133306737143625,0.02179082293487155,0.17018524809460414,0.7987518751875187,101.89324486271012,25,25,0.0
santander,10,roc_auc,linear,False,,0.4116731428353797,-0.03921238786827508,0.010632419472291776,0.12447884002541293,0.6745634563456344,1.7609133030007915,5,5,0.03016766442071106
santander,10,roc_auc,quadratic,True,False,0.8802527750628303,0.3636478253261688,0.008320103156518962,0.09740744263469328,0.8297749774977496,14.673205685842065,15,15,0.0
santander,10,roc_auc,special_cubic,False,,0.8981193555149174,0.35357361272294374,0.008385703114357903,0.09817545283959421,0.8442604260426042,101.89324486271012,25,25,0.0
santander,10,log_loss,linear,False,,0.7979885083211562,0.8368457470343207,0.0069674364072425995,0.06499470798905367,0.9729492949294928,1.7609133030007915,5,5,0.029578154396106227
santander,10,log_loss,quadratic,True,True,0.9864827111186052,0.9795049515464649,0.0024694389203269813,0.02303579855520706,0.9914671467146714,14.673205685842065,15,15,0.0007813141859936423
santander,10,log_loss,special_cubic,False,,0.9887943234368711,0.9800982235292468,0.0024334349206601557,0.02269994052823593,0.9934593459345935,101.89324486271012,25,25,0.00013123521815741612
santander,10,brier,linear,False,,0.9018761003704336,0.9266164844817171,0.0014498952807951444,0.0509283373410126,0.9870027002700269,1.7609133030007915,5,5,0.0049960222683132355
santander,10,brier,quadratic,True,True,0.9999999999999989,0.9999999999999928,4.5375270712984053e-10,1.5938303437633758e-08,0.9999999999999999,14.673205685842065,15,15,0.0
santander,10,brier,special_cubic,False,,0.9999999999999989,0.9999999999999922,4.703097807566112e-10,1.6519879391575562e-08,0.9999999999999999,101.89324486271012,25,25,0.0
santander,10,pr_auc,linear,False,,0.43166442063505006,-0.2569489888755876,0.02466779344979957,0.14639575929048104,0.6084728472847284,1.7609133030007915,5,5,0.055879144219140364
santander,10,pr_auc,quadratic,True,False,0.8775885726093278,0.12437742342705838,0.020588748670579346,0.1221878844009388,0.7789498949894988,14.673205685842065,15,15,0.0
santander,10,pr_auc,special_cubic,False,,0.8917794739504746,0.1674606898119314,0.02007584579939726,0.11914396377537595,0.7868346834683467,101.89324486271012,25,25,0.0
santander,11,roc_auc,linear,False,,0.41503146635461685,-0.44407095707066957,0.011051032245204111,0.1432717388726717,0.6258505850585058,1.7609133030007915,5,5,0.02317103386936281
santander,11,roc_auc,quadratic,True,False,0.8813238046252873,0.03608908392884491,0.00902873754160487,0.11705358365704496,0.8052565256525652,14.673205685842065,15,15,0.0
santander,11,roc_auc,special_cubic,False,,0.8989380671975344,0.02953291116366097,0.009059390607710213,0.11745098708373365,0.8439363936393639,101.89324486271012,25,25,0.0
santander,11,log_loss,linear,False,,0.7985125098598271,0.8513101382201554,0.006606049367072279,0.06273212738744297,0.9714491449144914,1.7609133030007915,5,5,0.02838032733374818
santander,11,log_loss,quadratic,True,True,0.9866230872992279,0.97344775212751,0.002791590957049404,0.026509405213371754,0.9914071407140713,14.673205685842065,15,15,1.9638574185298907e-05
santander,11,log_loss,special_cubic,False,,0.9888992251938677,0.9741193815904434,0.002756058684413079,0.026171984929397225,0.9943114311431142,101.89324486271012,25,25,0.0002956053844629658
santander,11,brier,linear,False,,0.9014721939205282,0.9379899682816135,0.001361213171569902,0.04810461054788109,0.9859825982598259,1.7609133030007915,5,5,0.005117347291118651
santander,11,brier,quadratic,True,True,0.9999999999999989,0.9999999999999934,4.410575117921338e-10,1.5586757663759884e-08,0.9999999999999999,14.673205685842065,15,15,2.34605473936611e-10
santander,11,brier,special_cubic,False,,0.999999999999999,0.9999999999999931,4.5476806383409026e-10,1.6071281895636157e-08,0.9999999999999999,101.89324486271012,25,25,2.89697793531829e-10
santander,11,pr_auc,linear,False,,0.4343779092497271,-0.5018132745668307,0.025770000826072136,0.17279869867146258,0.5234443444344433,1.7609133030007915,5,5,0.04252485045645654
santander,11,pr_auc,quadratic,True,False,0.8785991991639972,-0.06095770344939799,0.021659852675510335,0.14523842591254815,0.7349894989498948,14.673205685842065,15,15,0.0
santander,11,pr_auc,special_cubic,False,,0.8926025612163992,-0.01763758945991567,0.021213045983041624,0.14224239903861105,0.7612361236123611,101.89324486271012,25,25,0.0
santander,12,roc_auc,linear,False,,0.4098730317049074,-0.7641338844944523,0.010042341431109261,0.17008544805812506,0.568964896489649,1.7609133030007915,5,5,0.006729728526105094
santander,12,roc_auc,quadratic,True,False,0.8792989514189489,-0.27716236114539927,0.00854461044324035,0.14471863018106315,0.8306510651065105,14.673205685842065,15,15,0.0
santander,12,roc_auc,special_cubic,False,,0.8974725250197655,-0.2821321284919647,0.00856121894077618,0.14499992551087568,0.8588418841884188,101.89324486271012,25,25,0.0
santander,12,log_loss,linear,False,,0.7961369757314402,0.8295844149272703,0.006153556381452131,0.06939693292458152,0.9616561656165616,1.7609133030007915,5,5,0.015907905875179706
santander,12,log_loss,quadratic,True,True,0.986236498242027,0.964499070973993,0.0028086096799320604,0.031674187329633355,0.9895589558955894,14.673205685842065,15,15,0.0006897767706783575
santander,12,log_loss,special_cubic,False,,0.9886077720622576,0.9647410325277158,0.002799022079280976,0.03156606285038157,0.9919231923192319,101.89324486271012,25,25,0.0012495498421495332
santander,12,brier,linear,False,,0.9007881817826126,0.9212293813650895,0.0013694759967957267,0.053649282546581044,0.9754095409540953,1.7609133030007915,5,5,0.003587090270349383
santander,12,brier,quadratic,True,True,0.9999999999999989,0.9999999999999918,4.4202261829682967e-10,1.7316255557944917e-08,0.9999999999999999,14.673205685842065,15,15,1.444097202929484e-10
santander,12,brier,special_cubic,False,,0.999999999999999,0.9999999999999913,4.5475751676554007e-10,1.7815145766863106e-08,0.9999999999999999,101.89324486271012,25,25,1.7907131333316784e-10
santander,12,pr_auc,linear,False,,0.43036943747446044,-0.7427767808614467,0.02352525499686524,0.21273057746030416,0.5389618961896189,1.7609133030007915,5,5,0.004471352918476723
santander,12,pr_auc,quadratic,True,False,0.8775446590627018,-0.218575970951,0.01967160349108281,0.17788336707873317,0.7768496849684967,14.673205685842065,15,15,0.0
santander,12,pr_auc,special_cubic,False,,0.8916943461267114,-0.1827123362676215,0.019379966426479864,0.17524619603977612,0.7887668766876688,101.89324486271012,25,25,0.0
santander,13,roc_auc,linear,False,,0.4112096818942108,-2.0290977589273367,0.011568319521581282,0.35105672338690075,0.6480408040804081,1.7609133030007915,5,5,0.0
santander,13,roc_auc,quadratic,True,False,0.8806126404584449,-0.2700915945576867,0.007490850878819115,0.22732027413249276,0.8269546954695469,14.673205685842065,15,15,0.0
santander,13,roc_auc,special_cubic,False,,0.8984652086006452,-0.16380847019020206,0.0071705816847503585,0.2176012606092414,0.8513291329132913,101.89324486271012,25,25,0.0
santander,13,log_loss,linear,False,,0.7973178104229522,0.7779335971370647,0.006823527626245069,0.10130044830471906,0.9758895889588957,1.7609133030007915,5,5,0.0019284802651721722
santander,13,log_loss,quadratic,True,True,0.9865624470075746,0.9689825983936876,0.0025501764564224857,0.03785930569081563,0.9936993699369936,14.673205685842065,15,15,0.0
santander,13,log_loss,special_cubic,False,,0.9888591739904831,0.9723080619692545,0.002409595818599155,0.03577227938792611,0.9955955595559555,101.89324486271012,25,25,0.0
santander,13,brier,linear,False,,0.9014556181847979,0.9248250486587187,0.0013586716196337472,0.06250944548377362,0.9907230723072307,1.7609133030007915,5,5,0.0019250139505357367
santander,13,brier,quadratic,True,True,0.9999999999999989,0.9999999999999922,4.3734919130486796e-10,2.0121459104749434e-08,0.9999999999999999,14.673205685842065,15,15,2.0326744454290946e-10
santander,13,brier,special_cubic,False,,0.999999999999999,0.9999999999999918,4.5012262409853356e-10,2.070913620738261e-08,0.9999999999999999,101.89324486271012,25,25,1.9647196369820819e-10
santander,13,pr_auc,linear,False,,0.4336940910871725,-1.046958539292583,0.02554763820429413,0.3377571330394779,0.6274227422742272,1.7609133030007915,5,5,0.0
santander,13,pr_auc,quadratic,True,False,0.878226869888863,0.007454229416382185,0.017789818026106033,0.23519347995078643,0.7955475547554756,14.673205685842065,15,15,0.0
santander,13,pr_auc,special_cubic,False,,0.8923427025315225,0.12220684201909415,0.01672986089076152,0.2211801265317402,0.8171617161716171,101.89324486271012,25,25,0.0
santander,14,roc_auc,linear,False,,0.4152551216560799,-1.7652636838826545,0.010687408665904792,0.2750363144215352,0.663030303030303,1.7609133030007915,5,5,0.0
santander,14,roc_auc,quadratic,True,False,0.8807537257221345,-0.8874749392793191,0.008829675401951535,0.22722826982733738,0.8346834683468345,14.673205685842065,15,15,0.0
santander,14,roc_auc,special_cubic,False,,0.8988556568303229,-0.9787322868015282,0.009040608471428263,0.2326565505109028,0.8293309330933092,101.89324486271012,25,25,0.0
santander,14,log_loss,linear,False,,0.7984696560013901,0.8481844518081445,0.006111330579612468,0.0762444864675134,0.9757455745574557,1.7609133030007915,5,5,0.010948621459019148
santander,14,log_loss,quadratic,True,True,0.9867143457652687,0.971101684273036,0.002666330105757733,0.033264927664780376,0.9920072007200719,14.673205685842065,15,15,0.0
santander,14,log_loss,special_cubic,False,,0.988991540671329,0.9693465242174695,0.0027461073692746788,0.03426022261886527,0.9932433243324331,101.89324486271012,25,25,0.0
santander,14,brier,linear,False,,0.9020720843419145,0.9370933225330198,0.0013186009870381455,0.0540341624318416,0.9833903390339033,1.7609133030007915,5,5,0.0032816970172441923
santander,14,brier,quadratic,True,True,0.9999999999999989,0.9999999999999925,4.5518610655637245e-10,1.8652799641559096e-08,0.9999999999999999,14.673205685842065,15,15,1.5659665231204656e-10
santander,14,brier,special_cubic,False,,0.999999999999999,0.9999999999999921,4.679257042393293e-10,1.9174848007428617e-08,0.9999999999999999,101.89324486271012,25,25,1.7787545047998066e-10
santander,14,pr_auc,linear,False,,0.4341421459375916,-1.7116390975890954,0.025822201035814254,0.32772924857977187,0.5252685268526852,1.7609133030007915,5,5,0.0
santander,14,pr_auc,quadratic,True,False,0.879406263603242,-0.8601481087974485,0.021387059461925893,0.27143948407289026,0.7311371137113711,14.673205685842065,15,15,0.0
santander,14,pr_auc,special_cubic,False,,0.8934436345603693,-0.8435913558298804,0.02129166605583914,0.2702287735973225,0.7102430243024301,101.89324486271012,25,25,0.0
santander,15,roc_auc,linear,False,,0.4131080781934122,-1.851061957604995,0.010362881370233164,0.3286580859938644,0.6752595259525952,1.7609133030007915,5,5,0.0
santander,15,roc_auc,quadratic,True,False,0.8796267563602078,-0.030512013071420263,0.006230224960087064,0.19759116577123798,0.8356435643564355,14.673205685842065,15,15,0.0
santander,15,roc_auc,special_cubic,False,,0.8980588115133303,0.03931654879020918,0.006015439368166441,0.1907792551628178,0.8642664266426642,101.89324486271012,25,25,0.0
santander,15,log_loss,linear,False,,0.7974272241471945,0.8281605564044948,0.005773941938747567,0.09807242265975602,0.9634083408340833,1.7609133030007915,5,5,0.0
santander,15,log_loss,quadratic,True,True,0.9863181770486984,0.9792882030515458,0.002004563754478727,0.034048216255584345,0.9943834383438342,14.673205685842065,15,15,0.0
santander,15,log_loss,special_cubic,False,,0.9886647788633681,0.9820575503421622,0.0018657431323933318,0.031690299451522706,0.9967236723672366,101.89324486271012,25,25,0.0
santander,15,brier,linear,False,,0.90237445056699,0.9267243961712609,0.0012728195823681707,0.06420688985435985,0.9852265226522651,1.7609133030007915,5,5,0.0012529699137073247
santander,15,brier,quadratic,True,True,0.9999999999999989,0.9999999999999908,4.5230923090455043e-10,2.2816563612861118e-08,0.9999999999999999,14.673205685842065,15,15,2.66223793010667e-10
santander,15,brier,special_cubic,False,,0.999999999999999,0.9999999999999901,4.668195753255071e-10,2.3548532305746688e-08,0.9999999999999999,101.89324486271012,25,25,2.738350102227116e-10
santander,15,pr_auc,linear,False,,0.43601042633319254,-0.9649052353682559,0.024517827232323226,0.284733255983432,0.6208820882088208,1.7609133030007915,5,5,0.002043114038581595
santander,15,pr_auc,quadratic,True,False,0.8794178137720063,0.05659113501726076,0.01698873930029168,0.19729558456340343,0.7609240924092407,14.673205685842065,15,15,0.0
santander,15,pr_auc,special_cubic,False,,0.8931979624701953,0.1496552498046424,0.01612904646087849,0.18731170063305874,0.768076807680768,101.89324486271012,25,25,0.0
santander,16,roc_auc,linear,True,False,0.4110935969332242,-1.4049269526973958,0.011497209616925215,0.2897359881836812,0.7186798679867986,1.7609133030007915,5,5,0.0
santander,16,roc_auc,quadratic,False,,0.877850526551367,-1.4296276767427063,0.011556102033001538,0.2912201093693364,0.8944374437443743,14.673205685842065,15,15,0.0
santander,16,roc_auc,special_cubic,False,,0.896235880552823,-1.4850657737975141,0.011687199261941858,0.2945238314411033,0.9082388238823882,101.89324486271012,25,25,0.0
santander,16,log_loss,linear,False,,0.7938029394112701,0.8474922826901815,0.006988813264315294,0.08589605479905106,0.9739333933393338,1.7609133030007915,5,5,0.011802607865839365
santander,16,log_loss,quadratic,True,True,0.9858443317245593,0.959923620860563,0.0035826284019604537,0.04403231763405558,0.9944314431443143,14.673205685842065,15,15,0.0
santander,16,log_loss,special_cubic,False,,0.9882904920958089,0.9587369516341867,0.0036352826249358154,0.04467946470338513,0.9957515751575156,101.89324486271012,25,25,0.0
santander,16,brier,linear,False,,0.9016125063197685,0.9317189567706826,0.0015106817454013564,0.061767194973339504,0.9908430843084307,1.7609133030007915,5,5,0.003482357426260116
santander,16,brier,quadratic,True,True,0.9999999999999989,0.9999999999999915,5.359382328793671e-10,2.1912888948778568e-08,0.9999999999999999,14.673205685842065,15,15,4.253284391353418e-10
santander,16,brier,special_cubic,False,,0.9999999999999989,0.9999999999999909,5.513605797383962e-10,2.254346193894536e-08,0.9999999999999999,101.89324486271012,25,25,4.561852978701708e-10
santander,16,pr_auc,linear,True,False,0.4332780532477699,-2.1512828538018574,0.02656386114088449,0.36601763297582424,0.6870567056705671,1.7609133030007915,5,5,0.0
santander,16,pr_auc,quadratic,False,,0.8770733996346305,-2.114501918587291,0.026408382973790095,0.363875333315489,0.8463726372637261,14.673205685842065,15,15,0.0
santander,16,pr_auc,special_cubic,False,,0.8911905933073415,-2.067766106457189,0.026209493640528488,0.36113488069083227,0.8602580258025802,101.89324486271012,25,25,0.0
santander,17,roc_auc,linear,False,,0.41122212394546254,-1.9964236540298472,0.010203046768957695,0.33752422660131476,0.6884368436843684,1.7609133030007915,5,5,0.0
santander,17,roc_auc,quadratic,True,False,0.8795494119923226,-1.3885489786909777,0.009109516872992503,0.3013494603026817,0.8429882988298829,14.673205685842065,15,15,0.0
santander,17,roc_auc,special_cubic,False,,0.8977849422206379,-1.3265973662590018,0.008990604329292618,0.2974157466527933,0.8610261026102609,101.89324486271012,25,25,0.0
santander,17,log_loss,linear,False,,0.7968067086206955,0.8370843375395991,0.005819303372816539,0.08776335066167558,0.9759135913591359,1.7609133030007915,5,5,0.001390449128297
santander,17,log_loss,quadratic,True,True,0.9863360186232333,0.9583513813209639,0.0029423198398840973,0.04437435743130386,0.9919111911191119,14.673205685842065,15,15,0.0
santander,17,log_loss,special_cubic,False,,0.9886860202519718,0.9605370392145276,0.002864075169311041,0.04319431679396778,0.9939633963396338,101.89324486271012,25,25,0.0
santander,17,brier,linear,False,,0.9022355972154699,0.9286653218633047,0.0012964159834395485,0.06101152920106013,0.9869306930693068,1.7609133030007915,5,5,0.0016334068584915873
santander,17,brier,quadratic,True,True,0.9999999999999989,0.9999999999999915,4.475391464703856e-10,2.1061949291192676e-08,0.9999999999999999,14.673205685842065,15,15,2.6750554549259675e-10
santander,17,brier,special_cubic,False,,0.999999999999999,0.9999999999999909,4.623002082678473e-10,2.1756629829228856e-08,0.9999999999999999,101.89324486271012,25,25,2.7111173028782076e-10
santander,17,pr_auc,linear,False,,0.4351832511077066,-1.6944444795753237,0.024613008268510865,0.34186747935770717,0.5953075307530753,1.7609133030007915,5,5,0.0
santander,17,pr_auc,quadratic,True,False,0.8788296574355533,-1.0358795413650794,0.02139469586064584,0.29716606217783087,0.7438583858385838,14.673205685842065,15,15,0.0
santander,17,pr_auc,special_cubic,False,,0.8929225982598622,-0.9148280315487944,0.020748894682792778,0.2881960728766319,0.7736693669366936,101.89324486271012,25,25,0.0
santander,18,roc_auc,linear,False,,0.4083398331065097,0.049067614858684605,0.010670142596088235,0.13050088702121548,0.7026462646264626,1.7609133030007915,5,5,0.02746362441932415
santander,18,roc_auc,quadratic,True,False,0.8786691937912314,0.2696405583698913,0.009351122112644836,0.11436864309491393,0.816093609360936,14.673205685842065,15,15,0.0
santander,18,roc_auc,special_cubic,False,,0.8967326679718314,0.2741038154742448,0.009322505777512787,0.11401865179119904,0.8634143414341434,101.89324486271012,25,25,0.0
santander,18,log_loss,linear,False,,0.7979726947449333,0.871134848423295,0.006724786017150431,0.0645739858980239,0.9793459345934593,1.7609133030007915,5,5,0.027810689326099924
santander,18,log_loss,quadratic,True,True,0.986511218294765,0.9771907886342094,0.0028292144009802525,0.027167206564707887,0.9943714371437142,14.673205685842065,15,15,0.0
santander,18,log_loss,special_cubic,False,,0.9888110035633864,0.9785017323555839,0.0027467077813360537,0.026374946219202392,0.9960036003600359,101.89324486271012,25,25,0.0
santander,18,brier,linear,False,,0.9014483601485844,0.938015054406882,0.0014346374035447752,0.051524244625303695,0.991119111911191,1.7609133030007915,5,5,0.00481022428974584
santander,18,brier,quadratic,True,True,0.9999999999999989,0.9999999999999937,4.585007211581628e-10,1.6466811237083457e-08,0.9999999999999999,14.673205685842065,15,15,0.0
santander,18,brier,special_cubic,False,,0.9999999999999989,0.9999999999999933,4.710744067734115e-10,1.6918388514994236e-08,0.9999999999999999,101.89324486271012,25,25,0.0
santander,18,pr_auc,linear,False,,0.4282925945545466,-0.15714840403057395,0.0252751319399907,0.15737756096144953,0.614041404140414,1.7609133030007915,5,5,0.050024894454570534
santander,18,pr_auc,quadratic,True,False,0.8765986122057201,0.11269329105152492,0.022132770647047707,0.13781140569400377,0.7165676567656765,14.673205685842065,15,15,0.0
santander,18,pr_auc,special_cubic,False,,0.8907295051234612,0.1553175603476682,0.021594623362466665,0.1344605900667512,0.7568676867686768,101.89324486271012,25,25,0.0
santander,19,roc_auc,linear,False,,0.41387713395660475,-1.0966729465274985,0.011314796107211877,0.25091873880507504,0.5879627962796279,1.7609133030007915,5,5,0.0
santander,19,roc_auc,quadratic,True,False,0.8803808755024679,-0.725485471019943,0.010264482060082063,0.227626805520737,0.818073807380738,14.673205685842065,15,15,0.0
santander,19,roc_auc,special_cubic,False,,0.898451436316465,-0.7432286827332586,0.010317122048813195,0.22879415837959322,0.8198499849984998,101.89324486271012,25,25,0.0
santander,19,log_loss,linear,False,,0.7975498697157847,0.844128833753806,0.006528893889204919,0.07622157805375371,0.9680888088808879,1.7609133030007915,5,5,0.014451753133926937
santander,19,log_loss,quadratic,True,True,0.9864360354183329,0.9605146044474264,0.00328605603089623,0.03836306432581137,0.988106810681068,14.673205685842065,15,15,0.0
santander,19,log_loss,special_cubic,False,,0.98876435699327,0.9610103529123446,0.0032653622672514544,0.03812147496203198,0.9936033603360336,101.89324486271012,25,25,0.0
santander,19,brier,linear,False,,0.9022355051637239,0.9406667707491126,0.0013351998462125642,0.052322728162266234,0.9840144014401438,1.7609133030007915,5,5,0.00388969741300893
santander,19,brier,quadratic,True,True,0.9999999999999989,0.9999999999999933,4.475701598662674e-10,1.7539016256369898e-08,0.9999999999999999,14.673205685842065,15,15,0.0
santander,19,brier,special_cubic,False,,0.999999999999999,0.9999999999999929,4.614896487252941e-10,1.8084481891191878e-08,0.9999999999999999,101.89324486271012,25,25,0.0
santander,19,pr_auc,linear,False,,0.4335217142717871,-1.4762897720518482,0.02719135717947628,0.3644979559044884,0.4197419741974197,1.7609133030007915,5,5,0.0
santander,19,pr_auc,quadratic,True,False,0.8785234236931849,-0.9068627647776504,0.02386106764623394,0.3198556925770378,0.6647824782478247,14.673205685842065,15,15,0.0
santander,19,pr_auc,special_cubic,False,,0.8926159574279328,-0.8149504648409924,0.023278904624032194,0.3120518440896265,0.6640144014401438,101.89324486271012,25,25,0.0
santander,20,roc_auc,linear,False,,0.41415724576284396,-0.5745062199943902,0.009523263824762075,0.24766970949701822,0.7238043804380437,1.7609133030007915,5,5,0.0
santander,20,roc_auc,quadratic,True,False,0.8808847680217781,0.07218909173975563,0.007310437401181406,0.1901211539198296,0.8583018301830181,14.673205685842065,15,15,0.0
santander,20,roc_auc,special_cubic,False,,0.8984942975328996,0.11485781315534982,0.007140360611511656,0.18569799922572502,0.8934173417341734,101.89324486271012,25,25,0.0
santander,20,log_loss,linear,False,,0.798120458296529,0.824711794416457,0.005963655487934219,0.07341957007969081,0.9569876987698769,1.7609133030007915,5,5,0.0108496653093062
santander,20,log_loss,quadratic,True,True,0.9865827418018167,0.9744026892996148,0.002278942508695151,0.028056446178564967,0.9929672967296729,14.673205685842065,15,15,0.0
santander,20,log_loss,special_cubic,False,,0.9888591121811146,0.9757024622991161,0.002220329001574525,0.02733484539153662,0.9926912691269126,101.89324486271012,25,25,0.0
santander,20,brier,linear,False,,0.9016841322567617,0.919044188340971,0.001328034581455089,0.05353653942915145,0.983210321032103,1.7609133030007915,5,5,0.00363681804461502
santander,20,brier,quadratic,True,True,0.9999999999999989,0.9999999999999906,4.540845907163157e-10,1.8305334766522603e-08,0.9999999999999999,14.673205685842065,15,15,1.2657161430063013e-10
santander,20,brier,special_cubic,False,,0.9999999999999989,0.9999999999999898,4.725897272894117e-10,1.9051325110164034e-08,0.9999999999999999,101.89324486271012,25,25,1.137216015800746e-10
santander,20,pr_auc,linear,False,,0.436826088486611,-0.23512838102848854,0.022289754251978405,0.24555236240620382,0.703150315031503,1.7609133030007915,5,5,0.0
santander,20,pr_auc,quadratic,True,False,0.880054704879697,0.2833460886104683,0.01697868173385141,0.18704357899864357,0.8163216321632163,14.673205685842065,15,15,0.0
santander,20,pr_auc,special_cubic,False,,0.893669138813947,0.3346564622288415,0.016359581939966603,0.1802233415372945,0.8384998499849984,101.89324486271012,25,25,0.0
santander,21,roc_auc,linear,True,False,0.40924878682217813,-1.61588809592637,0.0107658532521015,0.336671358510216,0.7356015601560154,1.7609133030007915,5,5,0.0
santander,21,roc_auc,quadratic,False,,0.8802619169283667,-1.4256245600950863,0.010366941923920011,0.324196544332551,0.8448124812481247,14.673205685842065,15,15,0.0
santander,21,roc_auc,special_cubic,False,,0.8979179727961927,-1.4752820255928172,0.010472520496922592,0.3274982131153213,0.8649264926492648,101.89324486271012,25,25,0.0
santander,21,log_loss,linear,False,,0.80011098803568,0.8728786588672571,0.005752489023063455,0.07973043288618606,0.9732013201320131,1.7609133030007915,5,5,0.00573860240242402
santander,21,log_loss,quadratic,True,True,0.9869491558493332,0.9571501341929575,0.003339806446783037,0.04629026021439991,0.9926552655265526,14.673205685842065,15,15,0.0
santander,21,log_loss,special_cubic,False,,0.9891525371445988,0.9562195542388628,0.0033758773142716623,0.04679020830085741,0.9933993399339933,101.89324486271012,25,25,0.0
santander,21,brier,linear,False,,0.9028736601591508,0.9462737422626227,0.0012609308083309466,0.05572070345990579,0.987146714671467,1.7609133030007915,5,5,0.002367308397203796
santander,21,brier,quadratic,True,True,0.9999999999999989,0.9999999999999942,4.126108885772306e-10,1.823333113509416e-08,0.9999999999999999,14.673205685842065,15,15,1.4958088934147185e-10
santander,21,brier,special_cubic,False,,0.9999999999999989,0.9999999999999939,4.264208907454613e-10,1.88435970041748e-08,0.9999999999999999,101.89324486271012,25,25,1.7247128725195182e-10
santander,21,pr_auc,linear,True,False,0.4314931505469958,-1.7152424720863575,0.026600603209587147,0.37518945789915514,0.6051005100510051,1.7609133030007915,5,5,0.0
santander,21,pr_auc,quadratic,False,,0.8782008990513541,-1.3831301202573458,0.02492074686090683,0.3514958450948159,0.7585958595859584,14.673205685842065,15,15,0.0
santander,21,pr_auc,special_cubic,False,,0.8919782922866124,-1.3416467655330542,0.024702895849432655,0.3484231552669281,0.7738973897389737,101.89324486271012,25,25,0.0
santander,22,roc_auc,linear,False,,0.41029006578027527,-0.9373695340421251,0.010191888358070802,0.2170160106757724,0.6044284428442843,1.7609133030007915,5,5,0.0
santander,22,roc_auc,quadratic,True,False,0.8792890520655534,-0.03359104723827455,0.007444281618524898,0.15851118482081322,0.7891389138913891,14.673205685842065,15,15,0.0
santander,22,roc_auc,special_cubic,False,,0.8975510475796225,0.027699689833952323,0.007220190177664043,0.1537396028711642,0.8159015901590159,101.89324486271012,25,25,0.0
santander,22,log_loss,linear,False,,0.7982812124330567,0.7192247603332753,0.00654885218492174,0.08850526205163033,0.9541914191419141,1.7609133030007915,5,5,0.005781268542870088
santander,22,log_loss,quadratic,True,True,0.9865500479212199,0.9574245043469015,0.0025501494984872452,0.0344643066084327,0.9945034503450345,14.673205685842065,15,15,0.0009005193464834138
santander,22,log_loss,special_cubic,False,,0.9888547979512361,0.9606633122526658,0.002451233475043506,0.03312749393824446,0.994179417941794,101.89324486271012,25,25,0.0003496246465416186
santander,22,brier,linear,False,,0.9017441656773726,0.8752534450626657,0.0014578068368462315,0.06400513022414366,0.9791059105910591,1.7609133030007915,5,5,0.0021581654214700846
santander,22,brier,quadratic,True,True,0.9999999999999989,0.9999999999999871,4.678449171958196e-10,2.054076993808245e-08,0.9999999999999999,14.673205685842065,15,15,7.803413470952592e-11
santander,22,brier,special_cubic,False,,0.9999999999999989,0.999999999999986,4.875556914840035e-10,2.140617311993554e-08,0.9999999999999999,101.89324486271012,25,25,8.713467447574175e-11
santander,22,pr_auc,linear,False,,0.4339404880324923,-0.5208569574661379,0.02366054621252789,0.24440106998427555,0.6174977497749774,1.7609133030007915,5,5,0.0
santander,22,pr_auc,quadratic,True,False,0.8789731531758601,0.2677532884585865,0.01641758588210672,0.16958507720422258,0.786042604260426,14.673205685842065,15,15,0.0
santander,22,pr_auc,special_cubic,False,,0.8929597113320892,0.31197576296254836,0.015914113477208707,0.16438447053354996,0.7987278727872786,101.89324486271012,25,25,0.0
santander,23,roc_auc,linear,False,,0.4143686956537269,-1.6231640867000343,0.010911908114504782,0.336853345754641,0.6683228322832282,1.7609133030007915,5,5,0.0
santander,23,roc_auc,quadratic,True,False,0.8802522573083402,-0.8916659901253465,0.009266381990411823,0.286055540768493,0.89016501650165,14.673205685842065,15,15,0.0
santander,23,roc_auc,special_cubic,False,,0.8981893028347365,-0.8479324382485292,0.009158640577936786,0.28272953628901026,0.886084608460846,101.89324486271012,25,25,0.0
santander,23,log_loss,linear,False,,0.7962827767096208,0.8331930615953507,0.00607840813379934,0.09302949132513098,0.9666726672667266,1.7609133030007915,5,5,0.0017218968037207016
santander,23,log_loss,quadratic,True,True,0.9861962084184015,0.9605138329344073,0.002957367466966071,0.045262243840375034,0.9949594959495949,14.673205685842065,15,15,0.0
santander,23,log_loss,special_cubic,False,,0.9885652120337634,0.9617986614084955,0.0029088551275852858,0.04451976683714596,0.9950915091509149,101.89324486271012,25,25,0.0
santander,23,brier,linear,False,,0.9018576527536962,0.9282708651902724,0.0013445495713101353,0.0627282035119228,0.9832823282328232,1.7609133030007915,5,5,0.0022386134641103755
santander,23,brier,quadratic,True,True,0.9999999999999989,0.9999999999999918,4.55022277332227e-10,2.1228469834059262e-08,0.9999999999999999,14.673205685842065,15,15,6.944304992151373e-10
santander,23,brier,special_cubic,False,,0.9999999999999989,0.9999999999999912,4.70506024615933e-10,2.1950843833102738e-08,0.9999999999999999,101.89324486271012,25,25,6.809737218560485e-10
santander,23,pr_auc,linear,False,,0.4301735960027734,-1.2717957993999138,0.02548227722815221,0.2970341825112314,0.6277227722772277,1.7609133030007915,5,5,0.0
santander,23,pr_auc,quadratic,True,False,0.8773779229284451,-0.6920864321451627,0.021992006827748996,0.25634984312332293,0.8302430243024302,14.673205685842065,15,15,0.0
santander,23,pr_auc,special_cubic,False,,0.8917243133740143,-0.6236300805935999,0.021542551234505967,0.25111076368317964,0.8286948694869486,101.89324486271012,25,25,0.0
santander,24,roc_auc,linear,False,,0.41463261549661823,-1.2234850117641485,0.010499825542154633,0.3231735263559252,0.6670867086708671,1.7609133030007915,5,5,0.0
santander,24,roc_auc,quadratic,True,False,0.8806696490088947,-0.8665943836290424,0.009620329730099747,0.296103575349985,0.8993459345934592,14.673205685842065,15,15,0.0
santander,24,roc_auc,special_cubic,False,,0.8985584508978994,-0.7776619645351632,0.009388356449057013,0.28896368307711295,0.9368016801680167,101.89324486271012,25,25,0.0
santander,24,log_loss,linear,False,,0.8007606571421636,0.859078100431457,0.0059973452603845154,0.08578579361801686,0.9709930993099309,1.7609133030007915,5,5,0.003958255605039374
santander,24,log_loss,quadratic,True,True,0.9868278876699318,0.9620425197507609,0.00311256546454907,0.04452201548710802,0.9933153315331533,14.673205685842065,15,15,0.0
santander,24,log_loss,special_cubic,False,,0.989084831423766,0.9641321615977488,0.0030256759225864775,0.043279150854383996,0.9955835583558355,101.89324486271012,25,25,0.0
santander,24,brier,linear,False,,0.902337532648642,0.9359713626021424,0.0013489049859326488,0.06033915551321873,0.9853945394539452,1.7609133030007915,5,5,0.0026309123002216384
santander,24,brier,quadratic,True,True,0.9999999999999989,0.9999999999999926,4.6061007536570777e-10,2.0603988611718678e-08,0.9999999999999999,14.673205685842065,15,15,2.1839388630873202e-10
santander,24,brier,special_cubic,False,,0.9999999999999989,0.999999999999992,4.752439951814383e-10,2.1258592436849342e-08,0.9999999999999999,101.89324486271012,25,25,2.0293743074883963e-10
santander,24,pr_auc,linear,False,,0.4343392530189757,-1.2855620664946938,0.025372891656510896,0.29382197635134133,0.5865946594659466,1.7609133030007915,5,5,0.0
santander,24,pr_auc,quadratic,True,False,0.8791106850310143,-0.7992377990828254,0.02251218963548611,0.26069460825515944,0.7854785478547854,14.673205685842065,15,15,0.0
santander,24,pr_auc,special_cubic,False,,0.8932709985558244,-0.6949325105072872,0.0218499103939026,0.2530253130761608,0.8257185718571857,101.89324486271012,25,25,0.0
santander,25,roc_auc,linear,False,,0.41619546048537437,-0.2873061926205793,0.010085655681720101,0.13006039595665064,0.6924572457245723,1.7609133030007915,5,5,0.02323753774791082
santander,25,roc_auc,quadratic,True,False,0.881290738044252,0.09811821846751234,0.008441857469057077,0.10886266195118781,0.8385358535853584,14.673205685842065,15,15,0.0
santander,25,roc_auc,special_cubic,False,,0.8990916050824768,0.1061021954189455,0.008404408312318536,0.10837973329415611,0.8696789678967896,101.89324486271012,25,25,0.0
santander,25,log_loss,linear,False,,0.798464340602214,0.8604019343555324,0.0063518178354545944,0.06130016586910964,0.9651245124512451,1.7609133030007915,5,5,0.02776496400156303
santander,25,log_loss,quadratic,True,True,0.9865723663596808,0.9778959367976823,0.0025275187790951693,0.02439259506640663,0.9944674467446742,14.673205685842065,15,15,0.0
santander,25,log_loss,special_cubic,False,,0.9888736617060407,0.978891590457192,0.002469938217410289,0.023836896198215295,0.9962076207620761,101.89324486271012,25,25,0.0
santander,25,brier,linear,False,,0.9014057215315252,0.9300968399178096,0.00141233859589332,0.05062175312242306,0.985046504650465,1.7609133030007915,5,5,0.004965411242724177
santander,25,brier,quadratic,True,True,0.9999999999999989,0.9999999999999937,4.241804896577002e-10,1.520369130266448e-08,0.9999999999999999,14.673205685842065,15,15,4.84516801679824e-11
santander,25,brier,special_cubic,False,,0.999999999999999,0.9999999999999932,4.4059374242806687e-10,1.579198339642539e-08,0.9999999999999999,101.89324486271012,25,25,1.5230178229685976e-12
santander,25,pr_auc,linear,False,,0.4345824327171256,-0.5798139281424408,0.024406394558014452,0.16489053774410825,0.6649504950495049,1.7609133030007915,5,5,0.03948823701176368
santander,25,pr_auc,quadratic,True,False,0.8779567972648572,-0.16331057052150855,0.020943463097551115,0.1414948399760704,0.7592919291929192,14.673205685842065,15,15,0.0
santander,25,pr_auc,special_cubic,False,,0.8919665491314682,-0.10024137509626918,0.020367824539917225,0.13760580380201057,0.7683408340834083,101.89324486271012,25,25,0.0
santander,26,roc_auc,linear,False,,0.41134553819265596,-0.34626688242904846,0.010459646493261617,0.15224779576596828,0.6224062406240624,1.7609133030007915,5,5,0.01597557201651978
santander,26,roc_auc,quadratic,True,False,0.8804991758178612,-0.032394025422632255,0.009159550615337103,0.13332395050734078,0.8657785778577857,14.673205685842065,15,15,0.0
santander,26,roc_auc,special_cubic,False,,0.8984512662003418,-0.001499868951255534,0.009021460958697432,0.13131395467669646,0.8761596159615961,101.89324486271012,25,25,0.0
santander,26,log_loss,linear,False,,0.7986935636526814,0.882263760101812,0.006292539978258365,0.06270797144346962,0.9679927992799279,1.7609133030007915,5,5,0.02524632689692846
santander,26,log_loss,quadratic,True,True,0.9867571249232852,0.9774661527588461,0.002752888207837192,0.027433760567366076,0.9940594059405939,14.673205685842065,15,15,0.0
santander,26,log_loss,special_cubic,False,,0.9890219905570474,0.9790894509775748,0.002651878488275402,0.026427153595987445,0.9964956495649565,101.89324486271012,25,25,0.0
santander,26,brier,linear,False,,0.9024502604886704,0.9440848893492757,0.0013869920068993924,0.05000194183794678,0.9833063306330632,1.7609133030007915,5,5,0.004858114842080097
santander,26,brier,quadratic,True,True,0.9999999999999989,0.9999999999999941,4.508589429254726e-10,1.625375094386748e-08,0.9999999999999999,14.673205685842065,15,15,3.2856568854544577e-10
santander,26,brier,special_cubic,False,,0.9999999999999989,0.9999999999999937,4.6553643263306726e-10,1.6782883760088133e-08,0.9999999999999999,101.89324486271012,25,25,3.7635955463244386e-10
santander,26,pr_auc,linear,False,,0.43261685165616515,-0.6243859699344605,0.02514728312204964,0.1860364167110817,0.5284728472847284,1.7609133030007915,5,5,0.027630288384712487
santander,26,pr_auc,quadratic,True,False,0.878710255966233,-0.25856370394196215,0.022135230965318758,0.1637536362029253,0.7954155415541554,14.673205685842065,15,15,0.0
santander,26,pr_auc,special_cubic,False,,0.8926572109437104,-0.16484768777350522,0.0212951658823356,0.1575389410772617,0.8064926492649265,101.89324486271012,25,25,0.0
santander,27,roc_auc,linear,False,,0.4077394613899197,-1.2791749591644157,0.010303521615778504,0.34161972310316513,0.6842844284428442,1.7609133030007915,5,5,0.0
santander,27,roc_auc,quadratic,True,False,0.8784262164085319,-0.5821106627226902,0.008584505494105235,0.28462466516136375,0.8535013501350134,14.673205685842065,15,15,0.0
santander,27,roc_auc,special_cubic,False,,0.8969393409929054,-0.551928098375527,0.00850222614546507,0.281896641739108,0.8771677167716769,101.89324486271012,25,25,0.0
santander,27,log_loss,linear,False,,0.7989326437000682,0.8313377180248356,0.005997006478098069,0.08457091715980336,0.9687008700870087,1.7609133030007915,5,5,0.0029551677453945047
santander,27,log_loss,quadratic,True,True,0.9866227543178404,0.9639106484736938,0.0027740550245021625,0.03912024749860078,0.9954035403540353,14.673205685842065,15,15,0.0009298236042916685
santander,27,log_loss,special_cubic,False,,0.9889251883439223,0.9649420238325905,0.002734128693944017,0.03855719884983582,0.9954155415541552,101.89324486271012,25,25,0.0
santander,27,brier,linear,False,,0.9023077801589312,0.9308046673673561,0.0012903986187446025,0.05656389523071578,0.9846024602460245,1.7609133030007915,5,5,0.0023112500929184654
santander,27,brier,quadratic,True,True,0.9999999999999989,0.9999999999999917,4.4674232740258255e-10,1.9582697807682e-08,0.9999999999999999,14.673205685842065,15,15,3.5305119938655594e-10
santander,27,brier,special_cubic,False,,0.9999999999999989,0.9999999999999912,4.580473354822439e-10,2.0078246456999738e-08,0.9999999999999999,101.89324486271012,25,25,3.604186393779685e-10
santander,27,pr_auc,linear,False,,0.43288383584768564,-0.8603973842522066,0.024545415368447912,0.3024453403418504,0.6164536453645363,1.7609133030007915,5,5,0.0
santander,27,pr_auc,quadratic,True,False,0.8776274577170207,-0.22470262602383095,0.0199151164516837,0.24539141353947802,0.7946474647464745,14.673205685842065,15,15,0.0
santander,27,pr_auc,special_cubic,False,,0.8917487779309236,-0.16397834712902304,0.019415115407858556,0.23923046724457983,0.8162856285628562,101.89324486271012,25,25,0.0
santander,28,roc_auc,linear,False,,0.4124117924926405,-2.123183045806632,0.010351110699809516,0.43004690403878865,0.7048424842484248,1.7609133030007915,5,5,0.0
santander,28,roc_auc,quadratic,True,False,0.8807490620343943,-0.3891407139848797,0.006903373228721634,0.28680731667671444,0.8402760276027602,14.673205685842065,15,15,0.0
santander,28,roc_auc,special_cubic,False,,0.8986943869318177,-0.3825891367106362,0.006887074866794262,0.2861301854691525,0.8706750675067505,101.89324486271012,25,25,0.0
santander,28,log_loss,linear,False,,0.798841751672783,0.7784897484279037,0.006303237060708756,0.11017822946398806,0.971089108910891,1.7609133030007915,5,5,0.0
santander,28,log_loss,quadratic,True,True,0.9866664763160831,0.969752004090126,0.0023292442315739526,0.040714319158919425,0.9939033903390339,14.673205685842065,15,15,0.0008985898172256535
santander,28,log_loss,special_cubic,False,,0.9889503714885599,0.9695270330606326,0.0023378901223370108,0.040865446100082845,0.9960036003600359,101.89324486271012,25,25,0.0009591966060759072
santander,28,brier,linear,False,,0.90200174874735,0.9180472292737492,0.0013022390629142786,0.0667006268526363,0.9891749174917491,1.7609133030007915,5,5,0.0010560968788936448
santander,28,brier,quadratic,True,True,0.9999999999999989,0.9999999999999907,4.382558988202727e-10,2.2447447635121327e-08,0.9999999999999999,14.673205685842065,15,15,2.1782853298901728e-10
santander,28,brier,special_cubic,False,,0.999999999999999,0.9999999999999901,4.532504384121971e-10,2.3215467285760438e-08,0.9999999999999999,101.89324486271012,25,25,1.9980210541614696e-10
santander,28,pr_auc,linear,False,,0.4328676435087646,-1.1718192437148476,0.02369937688656855,0.3313719323366973,0.599099909990999,1.7609133030007915,5,5,0.0
santander,28,pr_auc,quadratic,True,False,0.8788174673249554,-0.09339666385425827,0.016815661688472858,0.23512172214061236,0.7500510051005099,14.673205685842065,15,15,0.0
santander,28,pr_auc,special_cubic,False,,0.892671565513688,-0.046226836549028594,0.01644894380696788,0.22999416061870603,0.7686648664866486,101.89324486271012,25,25,0.0
santander,29,roc_auc,linear,False,,0.41371595243724457,-0.08718937764924939,0.010931143229702931,0.14027617455752114,0.5775937593759376,1.7609133030007915,5,5,0.023071065353207687
santander,29,roc_auc,quadratic,True,False,0.8795837985865421,0.1748846875558503,0.009522923773394303,0.12220490478111963,0.8347674767476747,14.673205685842065,15,15,0.0
santander,29,roc_auc,special_cubic,False,,0.8976399816569632,0.1563177037459682,0.009629471510738256,0.12357220083499958,0.8389918991899189,101.89324486271012,25,25,0.0
santander,29,log_loss,linear,False,,0.7964681193153145,0.8441699302815703,0.007108946336123447,0.06647618412670897,0.9593999399939993,1.7609133030007915,5,5,0.030166609482181195
santander,29,log_loss,quadratic,True,True,0.9862145607713295,0.9749102511458503,0.002852513841153292,0.026674028240294103,0.993063306330633,14.673205685842065,15,15,0.0
santander,29,log_loss,special_cubic,False,,0.9885665658741466,0.9745873090020838,0.0028708131787466592,0.026845146445121745,0.9938433843384338,101.89324486271012,25,25,0.0
santander,29,brier,linear,False,,0.9024941427544205,0.9229423091632546,0.0015567834918702548,0.05497214795342901,0.9775937593759374,1.7609133030007915,5,5,0.005111353323500295
santander,29,brier,quadratic,True,True,0.9999999999999989,0.9999999999999947,4.0879443032792813e-10,1.4435088773665822e-08,0.9999999999999999,14.673205685842065,15,15,1.449629166705435e-10
santander,29,brier,special_cubic,False,,0.999999999999999,0.9999999999999943,4.225635843415238e-10,1.492129637773002e-08,0.9999999999999999,101.89324486271012,25,25,2.0359122721025358e-10
santander,29,pr_auc,linear,False,,0.43834881781636625,-0.2012133875502764,0.02534761396875842,0.175537968064291,0.547062706270627,1.7609133030007915,5,5,0.03641614972938262
santander,29,pr_auc,quadratic,True,False,0.8796846032588401,0.12378517556915336,0.02164872386021024,0.1499223162499654,0.8181698169816981,14.673205685842065,15,15,0.0
santander,29,pr_auc,special_cubic,False,,0.893517328645973,0.1445227070393984,0.021391007785274453,0.14813757405736727,0.8097089708970896,101.89324486271012,25,25,0.0
bnp,0,roc_auc,linear,True,False,0.6473168052279655,-0.09444847233034048,0.010611015631871052,0.22246565204986712,0.8818841884188418,1.7609133030007915,5,5,0.0
bnp,0,roc_auc,quadratic,False,,0.8666589197123729,-0.41057826110836926,0.012046416867019792,0.25255961127196297,0.8629102910291028,14.673205685842065,15,15,0.002390304640023433
bnp,0,roc_auc,special_cubic,False,,0.8939580525567911,-0.4264024245348803,0.012113798038261993,0.2539722937819441,0.8874407440744072,101.89324486271012,25,25,0.00014478459745881356
bnp,0,log_loss,linear,True,False,0.4217262999175041,0.15126797973270045,0.1263348792725227,0.14860102369165384,0.9690849084908489,1.7609133030007915,5,5,0.0
bnp,0,log_loss,quadratic,False,,0.846256680027954,-0.6264894673069223,0.17488944667265963,0.20571318829824192,0.027362736273627355,14.673205685842065,15,15,0.0
bnp,0,log_loss,special_cubic,False,,0.8936101615432966,-0.6232536721632516,0.17471539446622347,0.20550845991126646,0.5245724572457245,101.89324486271012,25,25,0.0
bnp,0,brier,linear,False,,0.8352994489138562,0.850614844414288,0.02163169099943417,0.06935879957883856,0.9762136213621361,1.7609133030007915,5,5,0.08329893228679858
bnp,0,brier,quadratic,True,True,0.9999999999999984,0.9999999999999959,3.571937815217896e-09,1.1452887295785287e-08,0.9999999999999999,14.673205685842065,15,15,2.042011726377524e-09
bnp,0,brier,special_cubic,False,,0.9999999999999987,0.9999999999999949,3.986729904630049e-09,1.2782856432140725e-08,0.9999999999999999,101.89324486271012,25,25,2.7329498109018857e-09
bnp,0,pr_auc,linear,True,False,0.7733097685668928,0.42245556136506146,0.004717233758386259,0.19018766765562617,0.9258205820582057,1.7609133030007915,5,5,0.0
bnp,0,pr_auc,quadratic,False,,0.875892186771044,0.2507700970578641,0.005372819441484976,0.21661932620875654,0.9297089708970896,14.673205685842065,15,15,0.001881745837848725
bnp,0,pr_auc,special_cubic,False,,0.9080165695357263,0.24415577454594994,0.005396483387574928,0.21757340034306785,0.9441944194419442,101.89324486271012,25,25,0.00044509135726711335
bnp,1,roc_auc,linear,True,False,0.6258162097952886,-1.2680827551233373,0.011332406553090075,0.2879511167837693,0.8529732973297329,1.7609133030007915,5,5,0.0
bnp,1,roc_auc,quadratic,False,,0.8613300586166801,-1.2250989839299913,0.011224509348777391,0.2852094996052705,0.8358115811581157,14.673205685842065,15,15,0.0013941870859959238
bnp,1,roc_auc,special_cubic,False,,0.8896954077277418,-1.2942990731139439,0.011397712897556764,0.28961052025946976,0.8533213321332133,101.89324486271012,25,25,0.0011529403903144386
bnp,1,log_loss,linear,True,False,0.4205528226044942,-0.32033088838737567,0.15048307813615777,0.17986080812420566,0.9755055505550554,1.7609133030007915,5,5,0.0
bnp,1,log_loss,quadratic,False,,0.8460093621083339,-0.482518231443378,0.1594579938221931,0.19058783210677172,0.40150015001500144,14.673205685842065,15,15,0.0
bnp,1,log_loss,special_cubic,False,,0.8934384240568127,-0.5019456632184207,0.16049938958140708,0.1918325320766904,0.7422622262226222,101.89324486271012,25,25,0.0
bnp,1,brier,linear,False,,0.8339516895665124,0.8499216468897556,0.021455001683826268,0.06945532002772284,0.9795259525952594,1.7609133030007915,5,5,0.08170399493989361
bnp,1,brier,quadratic,True,True,0.9999999999999984,0.9999999999999944,4.136194260614452e-09,1.338991719979086e-08,0.9999999999999999,14.673205685842065,15,15,0.0
bnp,1,brier,special_cubic,False,,0.9999999999999987,0.9999999999999934,4.483607868185243e-09,1.451458377644301e-08,0.9999999999999999,101.89324486271012,25,25,0.0
bnp,1,pr_auc,linear,True,False,0.7653600897817529,0.11474530955757667,0.004804914945704801,0.19809876389289233,0.9187038703870387,1.7609133030007915,5,5,0.0
bnp,1,pr_auc,quadratic,False,,0.8754866599095553,0.06653699874278829,0.004934011309363304,0.20342119526843158,0.9172637263726372,14.673205685842065,15,15,0.0016945814185898023
bnp,1,pr_auc,special_cubic,False,,0.9073788413506203,0.025776312258762424,0.005040584836930916,0.20781504704591652,0.9235523552355235,101.89324486271012,25,25,0.0009588041741308562
bnp,2,roc_auc,linear,True,False,0.7077416773941647,-0.23741481959744015,0.01056884782207749,0.21141657792747562,0.909138913891389,1.7609133030007915,5,5,0.0
bnp,2,roc_auc,quadratic,False,,0.8844218550115199,-0.11740245076497136,0.010043262130056088,0.2009028937222122,0.9119231923192317,14.673205685842065,15,15,0.00247704952146377
bnp,2,roc_auc,special_cubic,False,,0.909963527954349,-0.15558517325517274,0.010213414760205396,0.20430658420930398,0.914191419141914,101.89324486271012,25,25,2.4890507307584464e-05
bnp,2,log_loss,linear,True,False,0.41723610608329287,-0.22757887526505782,0.13676313974436644,0.2274782488231165,0.9799219921992197,1.7609133030007915,5,5,0.0
bnp,2,log_loss,quadratic,False,,0.8463306197133753,-0.5606817234836574,0.15420609221211865,0.2564911267746303,0.48670867086708663,14.673205685842065,15,15,0.0
bnp,2,log_loss,special_cubic,False,,0.8936364805808782,-0.5650737868307465,0.1544229228070441,0.2568517812910235,0.7608880888088808,101.89324486271012,25,25,0.0
bnp,2,brier,linear,False,,0.8321491788766534,0.8695490054598197,0.01891915628874368,0.08029273608274132,0.9836183618361836,1.7609133030007915,5,5,0.0520784724821719
bnp,2,brier,quadratic,True,True,0.9999999999999986,0.9999999999999954,3.5215015162915264e-09,1.4945222056799492e-08,0.9999999999999999,14.673205685842065,15,15,2.557909994926888e-10
bnp,2,brier,special_cubic,False,,0.9999999999999987,0.9999999999999946,3.866776268589384e-09,1.641056512702827e-08,0.9999999999999999,101.89324486271012,25,25,4.2312886527895444e-10
bnp,2,pr_auc,linear,True,False,0.7859586591779109,0.29652230340665653,0.004627961543085396,0.18066288032226097,0.928064806480648,1.7609133030007915,5,5,0.0
bnp,2,pr_auc,quadratic,False,,0.8864685344752172,0.30028207226186454,0.004615577798046077,0.1801794530017979,0.9330933093309329,14.673205685842065,15,15,0.0020557053200046527
bnp,2,pr_auc,special_cubic,False,,0.9170205488750875,0.2681880533339056,0.004720242626263061,0.184265279808714,0.9417101710171015,101.89324486271012,25,25,0.00015979211229744106
bnp,3,roc_auc,linear,True,False,0.709498059115657,0.14757304301254215,0.01048160186686207,0.20230744680619892,0.9333813381338134,1.7609133030007915,5,5,0.0
bnp,3,roc_auc,quadratic,False,,0.8822642356598157,-0.1902798784672508,0.01238578730376162,0.2390605021958159,0.9304290429042904,14.673205685842065,15,15,0.0017404842646555618
bnp,3,roc_auc,special_cubic,False,,0.9083839191376316,-0.2642033215201658,0.012764609560945779,0.24637222464222783,0.9414941494149414,101.89324486271012,25,25,0.0008981923400934733
bnp,3,log_loss,linear,True,False,0.4187227092120913,0.4638802303655295,0.12484960523058504,0.11317137333865707,0.932133213321332,1.7609133030007915,5,5,0.18863274809305253
bnp,3,log_loss,quadratic,False,,0.8465208651308495,0.06166166561684294,0.1651718343191134,0.149721925770094,0.20966096609660964,14.673205685842065,15,15,0.0
bnp,3,log_loss,special_cubic,False,,0.8937705884364339,-0.04636553655126696,0.17442068023341048,0.15810564946698089,0.7456705670567055,101.89324486271012,25,25,0.0
bnp,3,brier,linear,False,,0.8332708266940347,0.8745810319502212,0.021064839489445784,0.06425557737967519,0.9412301230123011,1.7609133030007915,5,5,0.10672896227825424
bnp,3,brier,quadratic,True,True,0.9999999999999986,0.9999999999999976,2.9357724493041927e-09,8.955195404166225e-09,0.9999999999999999,14.673205685842065,15,15,0.0
bnp,3,brier,special_cubic,False,,0.9999999999999987,0.999999999999997,3.2844127799911196e-09,1.0018677789462995e-08,0.9999999999999999,101.89324486271012,25,25,2.3651036684668725e-10
bnp,3,pr_auc,linear,True,False,0.7922987881520075,0.4296009258810458,0.004660991315449037,0.17759510060081685,0.9428742874287427,1.7609133030007915,5,5,0.00021395484591235636
bnp,3,pr_auc,quadratic,False,,0.885978434850113,0.22342995889450568,0.005438500888846324,0.20722010557516887,0.9415901590159015,14.673205685842065,15,15,0.0015637145158410304
bnp,3,pr_auc,special_cubic,False,,0.9168602908643418,0.1557466988016627,0.005670551140607062,0.21606178431189976,0.9526552655265526,101.89324486271012,25,25,0.0005135185452436186
bnp,4,roc_auc,linear,True,False,0.6289666284537907,-0.3874888580494258,0.011525004768809197,0.1818365207151474,0.8871887188718871,1.7609133030007915,5,5,0.0
bnp,4,roc_auc,quadratic,False,,0.8628366929184508,-1.4001990754542288,0.01515828239763269,0.239160797456918,0.8626702670267027,14.673205685842065,15,15,0.0
bnp,4,roc_auc,special_cubic,False,,0.8905279882271302,-1.5626192904731813,0.015662764105409652,0.24712029078006714,0.8878607860786076,101.89324486271012,25,25,0.0
bnp,4,log_loss,linear,True,True,0.4220517636225968,0.5725677045552665,0.15003544163219185,0.08570380841138511,0.9722532253225321,1.7609133030007915,5,5,0.6507317714982763
bnp,4,log_loss,quadratic,False,,0.8463378566854763,0.292769992968851,0.19299254534860885,0.1102419265171399,0.22046204620462045,14.673205685842065,15,15,0.0
bnp,4,log_loss,special_cubic,False,,0.8936754489033155,0.21616391850532746,0.20317619369217021,0.11605906836756412,0.6284428442844284,101.89324486271012,25,25,0.0
bnp,4,brier,linear,False,,0.8349661521244568,0.8525126996703464,0.027250330411280527,0.06558580261885891,0.9737413741374136,1.7609133030007915,5,5,0.1477414861684358
bnp,4,brier,quadratic,True,True,0.9999999999999984,0.9999999999999974,3.5937127864307386e-09,8.649309344966588e-09,0.9999999999999999,14.673205685842065,15,15,1.2942453775366403e-09
bnp,4,brier,special_cubic,False,,0.9999999999999986,0.9999999999999969,3.941350209571811e-09,9.485999362039586e-09,0.9999999999999999,101.89324486271012,25,25,2.798375198231895e-09
bnp,4,pr_auc,linear,True,False,0.7694192649505899,0.2772275929785143,0.005056657429389797,0.1595538198897937,0.9274167416741673,1.7609133030007915,5,5,0.0
bnp,4,pr_auc,quadratic,False,,0.8775574483329904,-0.12489176732250318,0.00630838397332012,0.19904982181010436,0.922052205220522,14.673205685842065,15,15,0.0006319722720883325
bnp,4,pr_auc,special_cubic,False,,0.9088517586940935,-0.21859926777306304,0.006565884018510613,0.20717477715968904,0.9393459345934593,101.89324486271012,25,25,3.749645982353833e-05
bnp,5,roc_auc,linear,True,False,0.6844860751483788,0.18491173196226718,0.01024220408663408,0.1940777507026874,0.9343054305430541,1.7609133030007915,5,5,0.0
bnp,5,roc_auc,quadratic,False,,0.87789057268333,-0.3550944219550438,0.01320613957689516,0.2502408507846716,0.9279087908790877,14.673205685842065,15,15,0.0017884340395284415
bnp,5,roc_auc,special_cubic,False,,0.9043374510081507,-0.4408197597442889,0.013617454480145973,0.2580347856231293,0.947086708670867,101.89324486271012,25,25,0.000354900956394677
bnp,5,log_loss,linear,True,True,0.4179673438137821,0.5297837221229049,0.13146109740595793,0.098484874385463,0.9706450645064506,1.7609133030007915,5,5,0.3778998577268633
bnp,5,log_loss,quadratic,False,,0.8462945657295138,0.10810116861660235,0.18105320666841807,0.13563710228860684,0.33963396339633956,14.673205685842065,15,15,0.0
bnp,5,log_loss,special_cubic,False,,0.8936153366793789,0.003082016960407552,0.19141595686937687,0.1434004191326598,0.6880408040804079,101.89324486271012,25,25,0.0
bnp,5,brier,linear,False,,0.832506674709452,0.8470612390303613,0.024544020817733526,0.06965038195626776,0.9783738373837383,1.7609133030007915,5,5,0.12158204632244735
bnp,5,brier,quadratic,True,True,0.9999999999999986,0.9999999999999966,3.693968752929595e-09,1.0482648156416575e-08,0.9999999999999999,14.673205685842065,15,15,6.753735348752343e-10
bnp,5,brier,special_cubic,False,,0.9999999999999987,0.999999999999996,3.978518192337557e-09,1.1290135132058595e-08,0.9999999999999999,101.89324486271012,25,25,1.8347967589704695e-09
bnp,5,pr_auc,linear,True,False,0.7765532327408714,0.46104535113466294,0.004595282868371978,0.16773992384877073,0.9483108310831082,1.7609133030007915,5,5,0.0
bnp,5,pr_auc,quadratic,False,,0.8856177312369582,0.1696493837519869,0.005703834228514342,0.2082049672550343,0.9525232523252324,14.673205685842065,15,15,0.0013798130229120131
bnp,5,pr_auc,special_cubic,False,,0.9152933400702294,0.10017898447230145,0.005937644678204674,0.21673966428011598,0.9630483048304829,101.89324486271012,25,25,0.0004881150532305423
bnp,6,roc_auc,linear,True,False,0.6349531506285221,-0.25141612045363315,0.010198402155762702,0.22025006329678912,0.9063066306630663,1.7609133030007915,5,5,0.0
bnp,6,roc_auc,quadratic,False,,0.8647616672853818,-0.6042085536877022,0.011546800832523206,0.2493707911686542,0.8729672967296729,14.673205685842065,15,15,0.0
bnp,6,roc_auc,special_cubic,False,,0.8919095927939278,-0.6295410525592273,0.011637613081736846,0.2513320203231768,0.9113471347134712,101.89324486271012,25,25,0.0
bnp,6,log_loss,linear,True,False,0.42190679560208966,0.24304683521341397,0.12733344703625096,0.1296713032793237,0.9573597359735972,1.7609133030007915,5,5,0.0052103926654920585
bnp,6,log_loss,quadratic,False,,0.8464086952156014,-0.2859443411292504,0.1659659809810234,0.1690131348420487,0.11363936393639362,14.673205685842065,15,15,0.0
bnp,6,log_loss,special_cubic,False,,0.893722211440117,-0.3017788575135585,0.16698466834815828,0.1700505254224903,0.5501830183018301,101.89324486271012,25,25,0.0
bnp,6,brier,linear,False,,0.834627249050699,0.8360942982789499,0.022552976109144765,0.066804244747791,0.9608520852085207,1.7609133030007915,5,5,0.09888856937511914
bnp,6,brier,quadratic,True,True,0.9999999999999984,0.9999999999999956,3.709137284625013e-09,1.0986847756415356e-08,0.9999999999999999,14.673205685842065,15,15,3.271319937159234e-09
bnp,6,brier,special_cubic,False,,0.9999999999999987,0.9999999999999947,4.054585757623644e-09,1.2010101815049053e-08,0.9999999999999999,101.89324486271012,25,25,3.964080397267367e-09
bnp,6,pr_auc,linear,True,False,0.7724051855779139,0.44899752154161554,0.004358954394092662,0.18988097521290595,0.9377377737773777,1.7609133030007915,5,5,0.0
bnp,6,pr_auc,quadratic,False,,0.8772777559791902,0.2849955475921484,0.004965464966798789,0.21630126058649254,0.9385298529852983,14.673205685842065,15,15,0.000999085443066483
bnp,6,pr_auc,special_cubic,False,,0.908685805088683,0.2703918562938272,0.005015917507855698,0.21849903024217834,0.9565676567656765,101.89324486271012,25,25,0.0011153557779221002
bnp,7,roc_auc,linear,False,,0.6182492319804056,0.06092572179420741,0.00902684535504146,0.20997495940969294,0.9122832283228323,1.7609133030007915,5,5,0.0
bnp,7,roc_auc,quadratic,True,False,0.8613817395122588,0.44492086731795644,0.006940064077088603,0.16143399111999682,0.8673627362736273,14.673205685842065,15,15,0.0
bnp,7,roc_auc,special_cubic,False,,0.889365329222958,0.5227663657944864,0.0064350444596743585,0.14968664534227935,0.9046384638463845,101.89324486271012,25,25,0.0
bnp,7,log_loss,linear,False,,0.42108609468357483,-1.2974645885411684,0.13089845890352061,0.2641857519896801,0.9578277827782776,1.7609133030007915,5,5,0.0
bnp,7,log_loss,quadratic,False,,0.8460492250607172,-0.4100229334999521,0.1025470587827524,0.2069655522745251,0.07299129912991299,14.673205685842065,15,15,0.0
bnp,7,log_loss,special_cubic,True,False,0.8934678998389557,0.01121990590030475,0.08587366089721074,0.17331447497756777,0.5586198619861985,101.89324486271012,25,25,0.0
bnp,7,brier,linear,False,,0.8339403627427138,0.7862035733116435,0.01816516508942485,0.08481466724250353,0.969228922892289,1.7609133030007915,5,5,0.027274237755030517
bnp,7,brier,quadratic,True,True,0.9999999999999984,0.9999999999999925,3.407956632772689e-09,1.5912033078838933e-08,0.9999999999999999,14.673205685842065,15,15,3.2874810096394924e-09
bnp,7,brier,special_cubic,False,,0.9999999999999987,0.9999999999999911,3.7051415939446702e-09,1.7299614389946962e-08,0.9999999999999999,101.89324486271012,25,25,3.4467262932658116e-09
bnp,7,pr_auc,linear,False,,0.7643293218507703,0.6124965036467647,0.003597274258729758,0.14491393912705267,0.9392739273927392,1.7609133030007915,5,5,0.0
bnp,7,pr_auc,quadratic,True,True,0.8758012553286979,0.6851862149083114,0.0032423702640406787,0.1306168541167811,0.928124812481248,14.673205685842065,15,15,0.000562162451643089
bnp,7,pr_auc,special_cubic,False,,0.9076816480262778,0.7343406056170039,0.0029785049516286017,0.11998720536875188,0.9552835283528353,101.89324486271012,25,25,0.00019738437617633497
bnp,8,roc_auc,linear,False,,0.6202990173199852,0.4267088168217307,0.00719075941975157,0.1449456169336012,0.9295409540954094,1.7609133030007915,5,5,0.0
bnp,8,roc_auc,quadratic,False,,0.8600649039629672,0.5626982935026275,0.006280261299628966,0.1265925190152433,0.8457965796579658,14.673205685842065,15,15,0.0009718528867238563
bnp,8,roc_auc,special_cubic,True,True,0.8886765044247041,0.6827060323234808,0.005349559659846117,0.10783217459475093,0.9285688568856885,101.89324486271012,25,25,0.00018756188126978213
bnp,8,log_loss,linear,False,,0.4208406710912752,-1.404542778386244,0.1095592853121046,0.24038399133526916,0.9349534953495349,1.7609133030007915,5,5,0.0
bnp,8,log_loss,quadratic,False,,0.8460256045656819,-0.9068764012592765,0.09756503590048413,0.21406741270459895,-0.2115451545154515,14.673205685842065,15,15,0.0
bnp,8,log_loss,special_cubic,True,False,0.8934425044051245,-0.0886843051215418,0.07371976084246502,0.16174850265872742,0.42773477347734773,101.89324486271012,25,25,0.0
bnp,8,brier,linear,False,,0.8341112125363742,0.7136723967499891,0.017049313778798345,0.08573147421099518,0.9485148514851485,1.7609133030007915,5,5,0.020234007756813777
bnp,8,brier,quadratic,True,True,0.9999999999999984,0.9999999999999909,3.0452447840354303e-09,1.531283476015079e-08,0.9999999999999999,14.673205685842065,15,15,4.525432251156758e-10
bnp,8,brier,special_cubic,False,,0.9999999999999987,0.9999999999999893,3.282833023735659e-09,1.650753328637684e-08,0.9999999999999999,101.89324486271012,25,25,4.678457621309917e-11
bnp,8,pr_auc,linear,False,,0.7616660390070082,0.736084259762499,0.0028986694790080667,0.12158479124512336,0.9434503450345033,1.7609133030007915,5,5,0.0
bnp,8,pr_auc,quadratic,False,,0.8735516851872462,0.7243691747168182,0.002962306176147223,0.12425403470086265,0.9265766576657665,14.673205685842065,15,15,0.0014651059341729278
bnp,8,pr_auc,special_cubic,True,True,0.9059074103768995,0.8080763068572399,0.0024718968685753903,0.10368379938510974,0.9663726372637262,101.89324486271012,25,25,0.00037474569475404174
bnp,9,roc_auc,linear,False,,0.6996272597516507,0.5376568664368903,0.007815858372153432,0.14429665088068072,0.9224002400240023,1.7609133030007915,5,5,1.3365912006735314e-05
bnp,9,roc_auc,quadratic,True,True,0.8788970950850021,0.6913453291450535,0.00638602922632924,0.11789909513567173,0.9220402040204019,14.673205685842065,15,15,0.002306846433284493
bnp,9,roc_auc,special_cubic,False,,0.9056583574233937,0.6938295651570221,0.006360278029401253,0.11742367563650115,0.934137413741374,101.89324486271012,25,25,0.00041273335258729116
bnp,9,log_loss,linear,False,,0.41891848083681216,-1.652428249714744,0.12347024353114329,0.31030402093461024,0.9487068706870686,1.7609133030007915,5,5,0.0
bnp,9,log_loss,quadratic,True,False,0.8465880420936309,-0.46718522138829677,0.09182965533571466,0.23078525219336946,0.025178517851785175,14.673205685842065,15,15,0.0
bnp,9,log_loss,special_cubic,False,,0.8938220738382054,-0.27268954377777255,0.08552670099514609,0.2149447385626309,0.5843744374437443,101.89324486271012,25,25,0.0
bnp,9,brier,linear,False,,0.8336328189182322,0.7575381464493864,0.016941632339915805,0.09732576198258643,0.9606720672067205,1.7609133030007915,5,5,0.0161726618843685
bnp,9,brier,quadratic,True,True,0.9999999999999986,0.9999999999999895,3.5381831202198097e-09,2.03260442264461e-08,0.9999999999999999,14.673205685842065,15,15,1.606788591068664e-10
bnp,9,brier,special_cubic,False,,0.9999999999999987,0.9999999999999873,3.869894533718348e-09,2.2231649626759403e-08,0.9999999999999999,101.89324486271012,25,25,7.216565123258079e-10
bnp,9,pr_auc,linear,False,,0.7882524983434162,0.7396429701913361,0.00333537311978159,0.12740394761714677,0.9385898589858985,1.7609133030007915,5,5,0.0
bnp,9,pr_auc,quadratic,True,True,0.8861589753188848,0.7932214223237006,0.002972436202089282,0.11354055231190806,0.9457905790579058,14.673205685842065,15,15,0.0016546891588730128
bnp,9,pr_auc,special_cubic,False,,0.91630991775975,0.7940498790746131,0.002966475704751772,0.11331287436905468,0.9500390039003899,101.89324486271012,25,25,0.0003224631276160794
bnp,10,roc_auc,linear,True,False,0.707755864605358,0.2301814140619759,0.008871120537007221,0.14669936742247225,0.9118151815181517,1.7609133030007915,5,5,0.0033445326344876403
bnp,10,roc_auc,quadratic,False,,0.8818440745977102,0.3074457527701753,0.008414168071350354,0.13914286569595907,0.9090669066906689,14.673205685842065,15,15,0.000632143571311583
bnp,10,roc_auc,special_cubic,False,,0.9083780937003756,0.33968914610402046,0.008215963519548026,0.13586520959283668,0.927128712871287,101.89324486271012,25,25,0.0006943900618749943
bnp,10,log_loss,linear,False,,0.41811673162034213,-0.7931018758156687,0.11866930065177042,0.26277365712734596,0.943066306630663,1.7609133030007915,5,5,0.0
bnp,10,log_loss,quadratic,True,False,0.846614858653906,-0.57853326246627,0.11134296172342804,0.24655068401651348,0.14334233423342332,14.673205685842065,15,15,0.0
bnp,10,log_loss,special_cubic,False,,0.8938271363406065,-0.4679845969967684,0.10737338628701347,0.23776071180853303,0.5539153915391538,101.89324486271012,25,25,0.0
bnp,10,brier,linear,False,,0.8323059500534429,0.8375665048120957,0.01613483884501154,0.08367312272947298,0.957071707170717,1.7609133030007915,5,5,0.027155954980904784
bnp,10,brier,quadratic,True,True,0.9999999999999986,0.9999999999999941,3.0620370615624214e-09,1.587931589000783e-08,0.9999999999999999,14.673205685842065,15,15,2.8097575932584107e-09
bnp,10,brier,special_cubic,False,,0.9999999999999987,0.9999999999999931,3.321385892383082e-09,1.722426434344167e-08,0.9999999999999999,101.89324486271012,25,25,2.88038848328398e-09
bnp,10,pr_auc,linear,True,True,0.7883299397810648,0.5216679706690663,0.0038788866721263483,0.13636448860656614,0.9318691869186918,1.7609133030007915,5,5,0.0
bnp,10,pr_auc,quadratic,False,,0.8860883083487496,0.5293065574244508,0.0038477906411585093,0.13527128977941436,0.9403180318031803,14.673205685842065,15,15,0.0007691970869645459
bnp,10,pr_auc,special_cubic,False,,0.916795963216529,0.5480772351290586,0.0037702875098819563,0.13254662268927192,0.9534953495349533,101.89324486271012,25,25,0.0006853013729769541
bnp,11,roc_auc,linear,True,False,0.6138606610200887,0.042553938832671556,0.010621635242851679,0.16526253546623038,0.9087188718871886,1.7609133030007915,5,5,0.005055167815982031
bnp,11,roc_auc,quadratic,False,,0.8599891107105242,0.15670304110985123,0.009968377859447278,0.15509847230410073,0.8758355835583558,14.673205685842065,15,15,0.0008762645241734424
bnp,11,roc_auc,special_cubic,False,,0.8880179081734765,0.1666495269821502,0.009909416168017193,0.15418108450096835,0.9090669066906689,101.89324486271012,25,25,0.0006630031658448887
bnp,11,log_loss,linear,True,False,0.4206994118188858,-0.5035649728317473,0.1380639896215886,0.24424213031675962,0.9618721872187217,1.7609133030007915,5,5,0.0
bnp,11,log_loss,quadratic,False,,0.8459700294762236,-0.4930978098950538,0.13758257970599763,0.24339049200280227,0.15621962196219621,14.673205685842065,15,15,0.0
bnp,11,log_loss,special_cubic,False,,0.893415615103546,-0.3702677155719054,0.13180200955201893,0.23316437313775343,0.634083408340834,101.89324486271012,25,25,0.0
bnp,11,brier,linear,False,,0.8340591499333406,0.8591239990594368,0.018872521420952377,0.07923017214608948,0.967008700870087,1.7609133030007915,5,5,0.03968930522628655
bnp,11,brier,quadratic,True,True,0.9999999999999984,0.9999999999999936,4.03800418596676e-09,1.6952253471843267e-08,0.9999999999999999,14.673205685842065,15,15,5.019196336331078e-09
bnp,11,brier,special_cubic,False,,0.9999999999999987,0.999999999999992,4.48506841788619e-09,1.8829107934756266e-08,0.9999999999999999,101.89324486271012,25,25,5.505330691324417e-09
bnp,11,pr_auc,linear,True,True,0.765497414188569,0.5609894170850818,0.0042133206927231544,0.13200756512056885,0.9443384338433841,1.7609133030007915,5,5,0.0
bnp,11,pr_auc,quadratic,False,,0.8779374680861549,0.5526421632426144,0.004253187671224194,0.13325663756115605,0.9373537353735373,14.673205685842065,15,15,0.0014838420465735913
bnp,11,pr_auc,special_cubic,False,,0.9083807233318506,0.5598554526842339,0.004218758687390001,0.13217794295018645,0.9539993999399939,101.89324486271012,25,25,0.00062396701932943
bnp,12,roc_auc,linear,True,False,0.6245633035999465,0.0629227904320182,0.010087118176777493,0.19303041570628154,0.9113711371137113,1.7609133030007915,5,5,0.0
bnp,12,roc_auc,quadratic,False,,0.8645768914705451,0.023095497110826146,0.010299247073773528,0.19708978414559736,0.8869366936693669,14.673205685842065,15,15,0.0
bnp,12,roc_auc,special_cubic,False,,0.8917196149087085,0.03857313745946278,0.010217332981353296,0.19552224909396268,0.9043264326432643,101.89324486271012,25,25,0.0
bnp,12,log_loss,linear,True,False,0.4204756610485253,-0.2007858011072854,0.1339064114486011,0.1508664544485704,0.956111611161116,1.7609133030007915,5,5,0.0
bnp,12,log_loss,quadratic,False,,0.8458249331681209,-0.34246885754873446,0.14158612942635487,0.1595188543593348,0.21771377137713768,14.673205685842065,15,15,0.0
bnp,12,log_loss,special_cubic,False,,0.8933103213744493,-0.3281686201625087,0.1408300090609157,0.1586669668549493,0.5203240324032403,101.89324486271012,25,25,0.0
bnp,12,brier,linear,False,,0.8339191908110255,0.8491836737738256,0.019716860933541806,0.061796876969090815,0.9595439543954394,1.7609133030007915,5,5,0.08784834606420949
bnp,12,brier,quadratic,True,True,0.9999999999999984,0.9999999999999941,3.895573047790147e-09,1.2209562626110683e-08,0.9999999999999999,14.673205685842065,15,15,3.7430351040868e-09
bnp,12,brier,special_cubic,False,,0.9999999999999987,0.9999999999999929,4.292935893088169e-09,1.3454983129188641e-08,0.9999999999999999,101.89324486271012,25,25,4.473250936332107e-09
bnp,12,pr_auc,linear,True,True,0.7588077502635336,0.5311255681588227,0.004277157082334995,0.1487354846930573,0.938145814581458,1.7609133030007915,5,5,0.0
bnp,12,pr_auc,quadratic,False,,0.8732786775343591,0.4621271941639653,0.004581067792332042,0.1593037911369593,0.9339453945394538,14.673205685842065,15,15,0.0012000870062224278
bnp,12,pr_auc,special_cubic,False,,0.9057264800747007,0.4648256628172258,0.004569561901567145,0.15890368092197324,0.9458025802580257,101.89324486271012,25,25,0.0006373888803310468
bnp,13,roc_auc,linear,True,False,0.6884896159058613,0.074993513979972,0.009544294309331507,0.1634753838289736,0.9077947794779477,1.7609133030007915,5,5,0.0
bnp,13,roc_auc,quadratic,False,,0.8773400144691298,-0.04234492934308176,0.01013157964697224,0.1735344508355391,0.8983738373837382,14.673205685842065,15,15,0.0
bnp,13,roc_auc,special_cubic,False,,0.9045696055075458,-0.04876603140773561,0.010162738250263807,0.17406813771353946,0.9006660666066605,101.89324486271012,25,25,0.0
bnp,13,log_loss,linear,True,False,0.41828976958882425,-0.15959399549619313,0.12567659449191865,0.15885253249302342,0.9711851185118511,1.7609133030007915,5,5,0.0
bnp,13,log_loss,quadratic,False,,0.8463345653277692,-0.5969417790264184,0.14748435951755035,0.18641708193311138,0.15919591959195914,14.673205685842065,15,15,0.0
bnp,13,log_loss,special_cubic,False,,0.8936504874574871,-0.564366654848008,0.14597238373011798,0.18450597681546588,0.5911671167116711,101.89324486271012,25,25,0.0
bnp,13,brier,linear,False,,0.8328351522014891,0.8127346608837307,0.020488551053648645,0.07215435799423817,0.9730333033303329,1.7609133030007915,5,5,0.07786333502047826
bnp,13,brier,quadratic,True,True,0.9999999999999986,0.9999999999999948,3.4135978553130837e-09,1.2021638868247892e-08,0.9999999999999999,14.673205685842065,15,15,3.3464885862422022e-09
bnp,13,brier,special_cubic,False,,0.9999999999999987,0.9999999999999939,3.715147974787353e-09,1.3083605388807528e-08,0.9999999999999999,101.89324486271012,25,25,3.999595654669008e-09
bnp,13,pr_auc,linear,True,False,0.7756561417498733,0.46061095146198916,0.004145715808016311,0.1419908671390808,0.9248724872487247,1.7609133030007915,5,5,0.0
bnp,13,pr_auc,quadratic,False,,0.8799903297410052,0.36134678956662614,0.00451108504955658,0.15450477253798336,0.926168616861686,14.673205685842065,15,15,0.000547484910379481
bnp,13,pr_auc,special_cubic,False,,0.9124571487227612,0.34796474377482256,0.004558101636617208,0.15611509178701383,0.9335253525352534,101.89324486271012,25,25,0.0
bnp,14,roc_auc,linear,True,False,0.6968070616111889,-0.22082933311937603,0.010840800689068765,0.2425622431089308,0.9032463246324631,1.7609133030007915,5,5,0.0
bnp,14,roc_auc,quadratic,False,,0.8785207118032512,-0.5642583569716972,0.01227123078596822,0.2745680278167264,0.8944734473447343,14.673205685842065,15,15,0.0006803609896094409
bnp,14,roc_auc,special_cubic,False,,0.9058060195542074,-0.628066196443996,0.012519007846529236,0.28011202418050235,0.9219201920192018,101.89324486271012,25,25,0.00020617137872502855
bnp,14,log_loss,linear,True,False,0.41762932172755285,0.3121470783484549,0.12027469397633758,0.15180292682157268,0.9547914791479146,1.7609133030007915,5,5,0.0
bnp,14,log_loss,quadratic,False,,0.8461487147326793,-0.5580890385415422,0.1810183506688923,0.2284696350618675,0.2095289528952895,14.673205685842065,15,15,0.0
bnp,14,log_loss,special_cubic,False,,0.8935092563272782,-0.6470446756087578,0.1861140488452041,0.23490109517862046,0.6023762376237624,101.89324486271012,25,25,0.0
bnp,14,brier,linear,False,,0.832870152404136,0.8878833400055534,0.019587217871259346,0.0695471943380662,0.9665406540654065,1.7609133030007915,5,5,0.07807532853409832
bnp,14,brier,quadratic,True,True,0.9999999999999986,0.9999999999999972,3.092077417723341e-09,1.0978859299578768e-08,0.9999999999999999,14.673205685842065,15,15,4.674605813548283e-09
bnp,14,brier,special_cubic,False,,0.9999999999999987,0.9999999999999968,3.3263878814953504e-09,1.1810811824255856e-08,0.9999999999999999,101.89324486271012,25,25,5.244262801795685e-09
bnp,14,pr_auc,linear,True,False,0.786032803730002,0.28540408418818086,0.00486346024169761,0.2177952056991273,0.9276807680768077,1.7609133030007915,5,5,0.0
bnp,14,pr_auc,quadratic,False,,0.8855531632825703,0.12503983979713684,0.005381573106496725,0.2409973071570184,0.9272607260726071,14.673205685842065,15,15,0.0012974437373876047
bnp,14,pr_auc,special_cubic,False,,0.9162267080999835,0.08002395134917917,0.005518275329508185,0.24711909849501368,0.9449024902490247,101.89324486271012,25,25,0.0003959727374094335
bnp,15,roc_auc,linear,True,False,0.6954538443273656,-0.0021336890710068612,0.008400612055915383,0.2258301076064462,0.9008820882088209,1.7609133030007915,5,5,0.0
bnp,15,roc_auc,quadratic,False,,0.8769236375259478,0.10066720177858357,0.00795808024926476,0.21393371186170831,0.8918331833183317,14.673205685842065,15,15,0.0023145399850377224
bnp,15,roc_auc,special_cubic,False,,0.9043345253153374,0.15549924292588002,0.007711664369974821,0.20730941780246787,0.9378937893789379,101.89324486271012,25,25,0.0006014258288012941
bnp,15,log_loss,linear,True,False,0.4170762654944713,-0.5292883757343216,0.12065678721481701,0.18689704132466478,0.9519351935193517,1.7609133030007915,5,5,0.0
bnp,15,log_loss,quadratic,False,,0.8461897395311975,-0.4488080925225819,0.11743904063635055,0.1819127604638025,0.1064146414641464,14.673205685842065,15,15,0.0
bnp,15,log_loss,special_cubic,False,,0.8935368887955236,-0.2728458689579534,0.11007659116925884,0.17050834589198127,0.5564356435643564,101.89324486271012,25,25,0.0
bnp,15,brier,linear,False,,0.8318177893077154,0.8401713391798802,0.01683529504077978,0.0673967416648402,0.9558115811581157,1.7609133030007915,5,5,0.05876644862633157
bnp,15,brier,quadratic,True,True,0.9999999999999986,0.9999999999999943,3.1839162081805982e-09,1.2746172707128638e-08,0.9999999999999999,14.673205685842065,15,15,2.6361111626904687e-09
bnp,15,brier,special_cubic,False,,0.9999999999999987,0.9999999999999933,3.4283352648008067e-09,1.3724655589495347e-08,0.9999999999999999,101.89324486271012,25,25,3.0676621243230784e-09
bnp,15,pr_auc,linear,True,False,0.7831746498971328,0.48103711463232435,0.003647080156068956,0.16949538889850407,0.9249564956495648,1.7609133030007915,5,5,0.0
bnp,15,pr_auc,quadratic,False,,0.8850767835344591,0.48568255777291947,0.003630720230392906,0.16873507329090814,0.9260006000600058,14.673205685842065,15,15,0.0018144843599570137
bnp,15,pr_auc,special_cubic,False,,0.9158961141697988,0.5234540865631712,0.003494857991086335,0.16242097486080675,0.9584158415841583,101.89324486271012,25,25,0.0005179558300985043
bnp,16,roc_auc,linear,True,False,0.7183795467483646,0.45178540427282743,0.008661413149414172,0.15894221282768026,0.9327212721272127,1.7609133030007915,5,5,0.0
bnp,16,roc_auc,quadratic,False,,0.8834494179391896,0.44976892452399686,0.008677328023867838,0.15923426047843936,0.9417821782178217,14.673205685842065,15,15,0.0019510619096184678
bnp,16,roc_auc,special_cubic,False,,0.9098069189011417,0.4794072471656825,0.008440390051341819,0.154886304203113,0.9479027902790278,101.89324486271012,25,25,0.00022834174710684163
bnp,16,log_loss,linear,True,False,0.4192206034597806,-0.3803056479211977,0.11342887209250489,0.2403029553847117,0.9386378637863785,1.7609133030007915,5,5,0.0
bnp,16,log_loss,quadratic,False,,0.8468971547143016,-0.7068952178122461,0.12613610376856949,0.2672236614640796,0.02843084308430843,14.673205685842065,15,15,0.0
bnp,16,log_loss,special_cubic,False,,0.8940407258317886,-0.51412690101669,0.11880018551396945,0.25168226706845004,0.6344194419441943,101.89324486271012,25,25,0.0
bnp,16,brier,linear,False,,0.833287727764579,0.8397539579120638,0.016993593321751592,0.08493865305660102,0.9520312031203119,1.7609133030007915,5,5,0.030339989953887314
bnp,16,brier,quadratic,True,True,0.9999999999999986,0.9999999999999937,3.378706050134793e-09,1.6887702061535365e-08,0.9999999999999999,14.673205685842065,15,15,7.623683906388123e-10
bnp,16,brier,special_cubic,False,,0.9999999999999987,0.9999999999999925,3.696965038881643e-09,1.8478448015936434e-08,0.9999999999999999,101.89324486271012,25,25,9.36180633015482e-10
bnp,16,pr_auc,linear,True,True,0.7970960029203445,0.6552035132360939,0.003732711654517238,0.13153716267287013,0.949174917491749,1.7609133030007915,5,5,0.0
bnp,16,pr_auc,quadratic,False,,0.8862396646555619,0.6148186917412639,0.003945259994233485,0.13902716139893576,0.9518871887188718,14.673205685842065,15,15,0.0013751512785666886
bnp,16,pr_auc,special_cubic,False,,0.9177014542626445,0.6344295527481046,0.0038435148799764625,0.13544176159206892,0.9575037503750374,101.89324486271012,25,25,0.000498546994448068
bnp,17,roc_auc,linear,True,False,0.7098625150607156,0.03340159299008849,0.01086328743238051,0.1560209364152895,0.9039663966396639,1.7609133030007915,5,5,0.0034908051923953076
bnp,17,roc_auc,quadratic,False,,0.882053710735079,-0.2124221102365993,0.012166485897359938,0.17473776095911933,0.9125952595259524,14.673205685842065,15,15,0.0005608640707994716
bnp,17,roc_auc,special_cubic,False,,0.9085865815952145,-0.24883620848960986,0.012347839455292244,0.17734240086273667,0.9305010501050103,101.89324486271012,25,25,0.0
bnp,17,log_loss,linear,True,False,0.4175647906801334,0.3174992218190368,0.12047757764665035,0.14131101238963603,0.9593279327932793,1.7609133030007915,5,5,0.0
bnp,17,log_loss,quadratic,False,,0.8463167968635741,-0.4276337256218976,0.17424609377654138,0.20437738206124295,0.21905790579057904,14.673205685842065,15,15,0.0
bnp,17,log_loss,special_cubic,False,,0.8936301805952185,-0.5466443759903044,0.1813634985329009,0.2127255551516565,0.6654185418541854,101.89324486271012,25,25,0.0
bnp,17,brier,linear,False,,0.8322499776209835,0.8731690671851446,0.02024803463621836,0.06971754736363167,0.9656045604560455,1.7609133030007915,5,5,0.08445534956147988
bnp,17,brier,quadratic,True,True,0.9999999999999986,0.9999999999999954,3.850842759974907e-09,1.3259129457840058e-08,0.9999999999999999,14.673205685842065,15,15,1.2509198121790632e-09
bnp,17,brier,special_cubic,False,,0.9999999999999987,0.9999999999999947,4.132508044229796e-09,1.422895261097738e-08,0.9999999999999999,101.89324486271012,25,25,1.94768129402334e-09
bnp,17,pr_auc,linear,True,False,0.783993033581461,0.34916889731204515,0.004991342262501635,0.14778772950931876,0.9248004800480046,1.7609133030007915,5,5,0.0
bnp,17,pr_auc,quadratic,False,,0.8821001648211801,0.18245963745059457,0.0055941976048745476,0.16563756179615574,0.9338733873387337,14.673205685842065,15,15,0.0009642469258316355
bnp,17,pr_auc,special_cubic,False,,0.9143755016003996,0.1470413203025186,0.005714091596222984,0.16918748080217375,0.9482508250825082,101.89324486271012,25,25,4.822735734721917e-05
bnp,18,roc_auc,linear,False,,0.7315915967477985,0.5572989591227303,0.008115631454486438,0.1303331401590918,0.9215841584158415,1.7609133030007915,5,5,0.0004814454428679893
bnp,18,roc_auc,quadratic,True,True,0.8900097702881287,0.6226444405089453,0.007492770344090237,0.12033029012133678,0.9253165316531651,14.673205685842065,15,15,0.0020697162419359705
bnp,18,roc_auc,special_cubic,False,,0.9152983773754592,0.6585959848242646,0.0071269113606143115,0.11445477070682832,0.9366096609660965,101.89324486271012,25,25,0.0012251557420180914
bnp,18,log_loss,linear,False,,0.41842512808843635,-1.3055795420682852,0.12069036704325481,0.2920616484821594,0.9343174317431742,1.7609133030007915,5,5,0.0
bnp,18,log_loss,quadratic,True,False,0.8469372602152394,-0.4691001954098797,0.0963403592328984,0.23313645340758188,0.1567476747674767,14.673205685842065,15,15,0.0
bnp,18,log_loss,special_cubic,False,,0.894052279672715,-0.2607857708927328,0.08924896789891486,0.21597581752772702,0.5514671467146715,101.89324486271012,25,25,0.0
bnp,18,brier,linear,False,,0.832528749765432,0.797305600504586,0.016277556227028533,0.09111293567883118,0.9465826582658264,1.7609133030007915,5,5,0.020790310072868523
bnp,18,brier,quadratic,True,True,0.9999999999999986,0.9999999999999906,3.5148756946886775e-09,1.9674368721115964e-08,0.9999999999999999,14.673205685842065,15,15,5.195715857553296e-09
bnp,18,brier,special_cubic,False,,0.9999999999999987,0.9999999999999888,3.823067537058096e-09,2.1399459583583303e-08,0.9999999999999999,101.89324486271012,25,25,5.174828121567998e-09
bnp,18,pr_auc,linear,True,True,0.8012843843886359,0.7122195377217293,0.003493700259123328,0.1176818973387549,0.9342934293429341,1.7609133030007915,5,5,0.0
bnp,18,pr_auc,quadratic,False,,0.8915517869827281,0.7269763507638821,0.0034029465110030016,0.11462494554630681,0.9402220222022202,14.673205685842065,15,15,0.0015243698931697303
bnp,18,pr_auc,special_cubic,False,,0.9212303118425256,0.7493899948652194,0.0032602746851024948,0.10981918376840052,0.9479867986798679,101.89324486271012,25,25,0.0008958023268005322
bnp,19,roc_auc,linear,True,False,0.6145945716087856,0.3382711003872897,0.00973537941912825,0.1399795593471252,0.9248244824482448,1.7609133030007915,5,5,0.0015522114355339678
bnp,19,roc_auc,quadratic,False,,0.8621896296641516,0.04499626300570425,0.011695407719598108,0.16816170674947403,0.8995139513951393,14.673205685842065,15,15,0.0
bnp,19,roc_auc,special_cubic,False,,0.8901605022307477,0.019472831287336345,0.011850662966112964,0.17039403484454324,0.9335613561356135,101.89324486271012,25,25,0.0
bnp,19,log_loss,linear,True,False,0.42109200093045773,0.33076404808358195,0.1334105964096873,0.09213411805297192,0.965040504050405,1.7609133030007915,5,5,0.3848383531611155
bnp,19,log_loss,quadratic,False,,0.8461634424882026,0.17233532988590616,0.14836378436317949,0.1024608748567912,0.0783078307830783,14.673205685842065,15,15,0.0
bnp,19,log_loss,special_cubic,False,,0.893548559488172,0.1376778103160834,0.15143821248347536,0.10458409243473278,0.5721452145214521,101.89324486271012,25,25,0.0
bnp,19,brier,linear,False,,0.8341678508668582,0.7902366479366875,0.024100633474628104,0.0613000148673019,0.9725172517251723,1.7609133030007915,5,5,0.13465992103721092
bnp,19,brier,quadratic,True,True,0.9999999999999984,0.9999999999999954,3.565897941569399e-09,9.069869348604682e-09,0.9999999999999999,14.673205685842065,15,15,1.1849033976218948e-09
bnp,19,brier,special_cubic,False,,0.9999999999999987,0.9999999999999943,3.944378862422207e-09,1.0032536412924461e-08,0.9999999999999999,101.89324486271012,25,25,2.517906327881292e-09
bnp,19,pr_auc,linear,True,True,0.755083002437926,0.6306494180075939,0.003993137109135553,0.11437296330688733,0.9505190519051904,1.7609133030007915,5,5,0.0
bnp,19,pr_auc,quadratic,False,,0.8739205490111548,0.4615160020708152,0.004821489547594743,0.13809895128569066,0.9474107410741073,14.673205685842065,15,15,0.0017274713835994104
bnp,19,pr_auc,special_cubic,False,,0.9062116280081246,0.4387294515503841,0.004922445944597847,0.14099058309658313,0.9604200420042003,101.89324486271012,25,25,0.00019873110183110665
bnp,20,roc_auc,linear,False,,0.6934934555874197,-0.23762419781366706,0.00985211464755569,0.19034375674949752,0.8873567356735672,1.7609133030007915,5,5,0.0
bnp,20,roc_auc,quadratic,True,False,0.8801467882020474,0.016685977770563465,0.008781752179204709,0.16966425589125914,0.8847044704470447,14.673205685842065,15,15,9.17293611557568e-06
bnp,20,roc_auc,special_cubic,False,,0.9069206203636717,0.02853932544285631,0.00872866193440649,0.16863854750243618,0.9126912691269126,101.89324486271012,25,25,0.0
bnp,20,log_loss,linear,False,,0.41735885474922785,-0.911614110897913,0.13667174832681464,0.3277249419368994,0.9819021902190218,1.7609133030007915,5,5,0.0
bnp,20,log_loss,quadratic,True,False,0.8461501569437457,-0.4809318196255463,0.1202946099932714,0.28845423109021595,0.3793339333933393,14.673205685842065,15,15,0.0
bnp,20,log_loss,special_cubic,False,,0.8935027865962193,-0.4517696239617801,0.11910431310173569,0.2856000202936041,0.7523912391239124,101.89324486271012,25,25,0.0
bnp,20,brier,linear,False,,0.8325347697655285,0.8582644875123784,0.016885252131659114,0.09318387988147295,0.9839063906390638,1.7609133030007915,5,5,0.020527606988548552
bnp,20,brier,quadratic,True,True,0.9999999999999986,0.9999999999999934,3.633183065357076e-09,2.005028362679058e-08,0.9999999999999999,14.673205685842065,15,15,5.061188412813777e-09
bnp,20,brier,special_cubic,False,,0.9999999999999987,0.9999999999999925,3.9106423684170345e-09,2.1581485776852637e-08,0.9999999999999999,101.89324486271012,25,25,4.985386770073319e-09
bnp,20,pr_auc,linear,True,False,0.7820118228976518,0.2962710804317932,0.004237089728969116,0.16528733536899476,0.9171677167716771,1.7609133030007915,5,5,0.0
bnp,20,pr_auc,quadratic,False,,0.8861863029388624,0.36878342078136317,0.004012861405467376,0.15654026969973014,0.9134833483348334,14.673205685842065,15,15,0.0011183482597861838
bnp,20,pr_auc,special_cubic,False,,0.9166570274307155,0.3742146894123234,0.003995559884006529,0.15586534361531398,0.9368856885688568,101.89324486271012,25,25,0.0006902331069116308
bnp,21,roc_auc,linear,True,False,0.5986860960120788,-0.251229826705883,0.012470448692177486,0.19061701899307956,0.8628262826282628,1.7609133030007915,5,5,6.140710902380331e-05
bnp,21,roc_auc,quadratic,False,,0.8574880022091134,-0.5205689625935577,0.013747274240823618,0.21013393340930264,0.8470447044704469,14.673205685842065,15,15,0.0
bnp,21,roc_auc,special_cubic,False,,0.8857911216712552,-0.5717155568685033,0.013976567025151071,0.2136387878138229,0.8546894689468946,101.89324486271012,25,25,6.217222319793159e-05
bnp,21,log_loss,linear,True,False,0.42154514794557363,0.07217821362494836,0.1506040147604102,0.18310690722685424,0.9785658565856584,1.7609133030007915,5,5,0.0
bnp,21,log_loss,quadratic,False,,0.8459907060896941,-0.5754404412051943,0.1962480097547711,0.23860164798918662,0.4176057605760575,14.673205685842065,15,15,0.0
bnp,21,log_loss,special_cubic,False,,0.8934231457501167,-0.6099513366640748,0.19838582633791435,0.24120084153246887,0.6587458745874586,101.89324486271012,25,25,0.0
bnp,21,brier,linear,False,,0.8342150942834103,0.8932903497015784,0.021584518871762628,0.06963191296454149,0.9846144614461445,1.7609133030007915,5,5,0.07985075444923778
bnp,21,brier,quadratic,True,True,0.9999999999999984,0.9999999999999971,3.558721796027926e-09,1.148047857069503e-08,0.9999999999999999,14.673205685842065,15,15,2.6346662629350703e-09
bnp,21,brier,special_cubic,False,,0.9999999999999986,0.9999999999999967,3.7943014483988505e-09,1.2240461313306407e-08,0.9999999999999999,101.89324486271012,25,25,3.1394586930133528e-09
bnp,21,pr_auc,linear,True,False,0.7493170425711047,0.26885643911071344,0.005371614526490262,0.157731831899753,0.921080108010801,1.7609133030007915,5,5,0.0
bnp,21,pr_auc,quadratic,False,,0.8679760975194174,0.11864821694787864,0.005897638567025133,0.1731779766533839,0.9256045604560454,14.673205685842065,15,15,0.00158745877576294
bnp,21,pr_auc,special_cubic,False,,0.9012926024411327,0.0798304835111775,0.006026115213951453,0.17695055876553836,0.9268526852685267,101.89324486271012,25,25,0.000473194480707706
bnp,22,roc_auc,linear,True,False,0.707522415942671,0.09494638521101695,0.009311949890376878,0.21686796679487103,0.9054785478547854,1.7609133030007915,5,5,0.0
bnp,22,roc_auc,quadratic,False,,0.8799953545956951,-0.17299254040400447,0.010601104162766297,0.24689135279128122,0.9107110711071107,14.673205685842065,15,15,0.001193167356314473
bnp,22,roc_auc,special_cubic,False,,0.9069888400070771,-0.18974254986453376,0.010676526284953955,0.2486478745168862,0.9370537053705369,101.89324486271012,25,25,0.0
bnp,22,log_loss,linear,True,False,0.4195566198785807,0.38742449693035375,0.12209621314669136,0.09008765169629421,0.9639483948394839,1.7609133030007915,5,5,0.3968812683797698
bnp,22,log_loss,quadratic,False,,0.8467544695483565,0.2304373731662681,0.13684986265776128,0.10097350641814055,0.08303630363036305,14.673205685842065,15,15,0.0
bnp,22,log_loss,special_cubic,False,,0.8939382663942286,0.23438927674313437,0.1364980306295511,0.10071391015060586,0.5907110711071107,101.89324486271012,25,25,0.0
bnp,22,brier,linear,False,,0.8342139728158733,0.8439820041226339,0.02022179252612155,0.0572199296718153,0.969228922892289,1.7609133030007915,5,5,0.12191685157644949
bnp,22,brier,quadratic,True,True,0.9999999999999986,0.9999999999999951,3.5876588774397167e-09,1.015170086372839e-08,0.9999999999999999,14.673205685842065,15,15,5.6026749906124e-10
bnp,22,brier,special_cubic,False,,0.9999999999999987,0.9999999999999942,3.892111379682858e-09,1.1013184866408043e-08,0.9999999999999999,101.89324486271012,25,25,1.7749883785000975e-09
bnp,22,pr_auc,linear,True,False,0.786392277709341,0.44496632803557723,0.004238425950705691,0.18723401343756665,0.9359135913591358,1.7609133030007915,5,5,0.0
bnp,22,pr_auc,quadratic,False,,0.8823178124189992,0.2734720388804658,0.004849211217092364,0.21421567552253698,0.9462226222622261,14.673205685842065,15,15,0.001143992528387927
bnp,22,pr_auc,special_cubic,False,,0.9142642318919341,0.2639152807989622,0.004881000313228568,0.21561997044767142,0.9591479147914791,101.89324486271012,25,25,0.0001753197009517482
bnp,23,roc_auc,linear,False,,0.6224193562634737,-0.3783218368211132,0.01036263625218259,0.21812981773097748,0.8727512751275125,1.7609133030007915,5,5,0.0
bnp,23,roc_auc,quadratic,True,False,0.8656536435943475,-0.041448586317399894,0.009007698740103006,0.18960886366540036,0.8731113111311131,14.673205685842065,15,15,0.0013608673034865015
bnp,23,roc_auc,special_cubic,False,,0.8924577898284927,-0.010249211697781702,0.00887174796601572,0.1867471480893278,0.8924932493249325,101.89324486271012,25,25,0.0003837847285693696
bnp,23,log_loss,linear,False,,0.4211242501299657,-0.9282636165994118,0.13972166628792151,0.25067010509026655,0.9660486048604858,1.7609133030007915,5,5,0.0
bnp,23,log_loss,quadratic,True,False,0.8461454994933016,-0.40732684852113366,0.11936528502408815,0.21414938238325604,0.21747374737473746,14.673205685842065,15,15,0.0
bnp,23,log_loss,special_cubic,False,,0.8935319607634769,-0.33742422098844327,0.11636306309123674,0.20876319348781755,0.6358595859585958,101.89324486271012,25,25,0.0
bnp,23,brier,linear,False,,0.8341636740561067,0.8303843571561396,0.01871358768961893,0.07937834748107005,0.9712451245124512,1.7609133030007915,5,5,0.038775598505729925
bnp,23,brier,quadratic,True,True,0.9999999999999984,0.9999999999999916,4.17453474168341e-09,1.7707329817946438e-08,0.9999999999999999,14.673205685842065,15,15,0.0
bnp,23,brier,special_cubic,False,,0.9999999999999986,0.9999999999999905,4.4359498329977936e-09,1.8816187098512683e-08,0.9999999999999999,101.89324486271012,25,25,4.521527596779151e-11
bnp,23,pr_auc,linear,True,False,0.7615076272984903,0.40087449355816673,0.004201994694582328,0.16033968527941103,0.9174197419741974,1.7609133030007915,5,5,0.0
bnp,23,pr_auc,quadratic,False,,0.8795758578066476,0.46258571708037854,0.003979707902458291,0.1518576673613754,0.9177437743774377,14.673205685842065,15,15,0.0013940093779136742
bnp,23,pr_auc,special_cubic,False,,0.9095555350691252,0.47467786952624635,0.003934680234074032,0.15013950189417333,0.9374497449744974,101.89324486271012,25,25,0.0003852417445457945
bnp,24,roc_auc,linear,True,False,0.7019381337934021,0.14050516734745933,0.01101161433368485,0.19157575764927734,0.8863246324632462,1.7609133030007915,5,5,0.0009016188329344921
bnp,24,roc_auc,quadratic,False,,0.8817486597177673,0.28631348443133864,0.0100342080862972,0.1745712261881971,0.8906930693069306,14.673205685842065,15,15,0.0004076585770346197
bnp,24,roc_auc,special_cubic,False,,0.9079082568056756,0.27183585968728907,0.010135472536487488,0.1763329854707391,0.8879327932793278,101.89324486271012,25,25,0.0005140275023451935
bnp,24,log_loss,linear,True,False,0.41783093010477546,-0.6835625912732894,0.14656661925119144,0.2790068768759922,0.964932493249325,1.7609133030007915,5,5,0.0
bnp,24,log_loss,quadratic,False,,0.8463402552754777,-0.5299374675978474,0.13971958179636565,0.2659727320899286,0.5014341434143413,14.673205685842065,15,15,0.0
bnp,24,log_loss,special_cubic,False,,0.8936442657062538,-0.6160715988575813,0.14359877523744385,0.2733572351392767,0.7203240324032403,101.89324486271012,25,25,0.0
bnp,24,brier,linear,False,,0.8321909073984594,0.878762680063323,0.01753599425716865,0.08111454233609651,0.9663606360636062,1.7609133030007915,5,5,0.03991546903683285
bnp,24,brier,quadratic,True,True,0.9999999999999986,0.9999999999999946,3.7244387952257493e-09,1.7227774137188683e-08,0.9999999999999999,14.673205685842065,15,15,2.3608928700902254e-10
bnp,24,brier,special_cubic,False,,0.9999999999999987,0.9999999999999934,4.0658289814160565e-09,1.8806909503268154e-08,0.9999999999999999,101.89324486271012,25,25,1.969419072267442e-10
bnp,24,pr_auc,linear,True,False,0.785172579836351,0.4501055432515043,0.004811908573974021,0.1633872568870515,0.9054065406540652,1.7609133030007915,5,5,0.0
bnp,24,pr_auc,quadratic,False,,0.8865175535261727,0.5005653687255318,0.004585820200284818,0.15571047778303254,0.9115031503150315,14.673205685842065,15,15,0.0009826871996334585
bnp,24,pr_auc,special_cubic,False,,0.9165276978546206,0.47771471415863453,0.004689554546124749,0.15923275380952018,0.913099309930993,101.89324486271012,25,25,0.0011250656952487281
bnp,25,roc_auc,linear,True,False,0.7217406094542484,0.164261595623017,0.010383002941939102,0.16000746903372234,0.9219681968196819,1.7609133030007915,5,5,0.0
bnp,25,roc_auc,quadratic,False,,0.8874902266661243,-0.19338026742613357,0.012407298292128138,0.19120291194862044,0.9335733573357335,14.673205685842065,15,15,0.0013291494224062506
bnp,25,roc_auc,special_cubic,False,,0.9127843326466722,-0.25976268174457995,0.0127477097562529,0.19644882944563452,0.9443504350435044,101.89324486271012,25,25,0.00018007042384893257
bnp,25,log_loss,linear,True,True,0.4179200856981826,0.5149665969036639,0.11488425245910497,0.1212193411080853,0.9497509750975096,1.7609133030007915,5,5,0.07115957427212805
bnp,25,log_loss,quadratic,False,,0.8465896601689265,-0.20524257946197677,0.18109727337939113,0.1910835618078723,0.13650165016501647,14.673205685842065,15,15,0.0
bnp,25,log_loss,special_cubic,False,,0.893824402992184,-0.32340378422677607,0.18976707540854323,0.200231444716241,0.6195139513951395,101.89324486271012,25,25,0.0
bnp,25,brier,linear,False,,0.8323486472244608,0.8640422400836184,0.02201081356920455,0.07187380812318374,0.9588598859885987,1.7609133030007915,5,5,0.09425733182663554
bnp,25,brier,quadratic,True,True,0.9999999999999986,0.9999999999999973,3.061905338985027e-09,9.998303612614482e-09,0.9999999999999999,14.673205685842065,15,15,2.213333849532262e-09
bnp,25,brier,special_cubic,False,,0.9999999999999987,0.9999999999999969,3.335777236668952e-09,1.0892601143352143e-08,0.9999999999999999,101.89324486271012,25,25,2.9598219986048946e-09
bnp,25,pr_auc,linear,True,False,0.7968831101938667,0.43587134981443965,0.004677959252205127,0.1561571376567962,0.9377017701770176,1.7609133030007915,5,5,3.262668458403617e-06
bnp,25,pr_auc,quadratic,False,,0.8902919406192136,0.2217207860881334,0.005494587224021913,0.18341737652041434,0.9495229522952293,14.673205685842065,15,15,0.0014973550144357084
bnp,25,pr_auc,special_cubic,False,,0.9199778979539712,0.16605978152663292,0.005687675568188372,0.18986294851331084,0.9568556855685567,101.89324486271012,25,25,0.0002775084593716892
bnp,26,roc_auc,linear,False,,0.6167662126460033,0.2424624119377662,0.009296133610029287,0.1384603025095804,0.893117311731173,1.7609133030007915,5,5,0.012398270034377656
bnp,26,roc_auc,quadratic,True,False,0.8664900812745298,0.45603601417622375,0.007877444232205221,0.11732978000840588,0.8706270627062705,14.673205685842065,15,15,0.00117965296615119
bnp,26,roc_auc,special_cubic,False,,0.8926843788504057,0.492276264736774,0.007610514133900089,0.11335401721166997,0.9086588658865886,101.89324486271012,25,25,0.0007750331597105031
bnp,26,log_loss,linear,False,,0.420808762695251,-0.9361543301842699,0.1306017929540396,0.24883225398955047,0.9215001500150014,1.7609133030007915,5,5,0.0
bnp,26,log_loss,quadratic,True,False,0.8460868454701961,-0.577283261867187,0.117878337068216,0.22459057908605007,0.15950795079507948,14.673205685842065,15,15,0.0
bnp,26,log_loss,special_cubic,False,,0.8934879935417324,-0.3226074884967838,0.1079430392451547,0.20566111039001295,0.606960696069607,101.89324486271012,25,25,0.0
bnp,26,brier,linear,False,,0.8333748970350473,0.8072612951274507,0.01849904214347407,0.08224794691022914,0.9366576657665766,1.7609133030007915,5,5,0.03254489382143749
bnp,26,brier,quadratic,True,True,0.9999999999999984,0.9999999999999902,4.166030015907941e-09,1.8522440941391852e-08,0.9999999999999999,14.673205685842065,15,15,7.092171461220431e-09
bnp,26,brier,special_cubic,False,,0.9999999999999986,0.9999999999999889,4.44965007349505e-09,1.9783434200295792e-08,0.9999999999999999,101.89324486271012,25,25,7.273686208897345e-09
bnp,26,pr_auc,linear,False,,0.7554925826610465,0.6044058105527288,0.0038238738161425283,0.12192532160529862,0.9270567056705671,1.7609133030007915,5,5,0.0
bnp,26,pr_auc,quadratic,True,True,0.8772923370695563,0.650216274961338,0.0035956581870740323,0.11464860032541035,0.9308130813081308,14.673205685842065,15,15,0.0016002655838425195
bnp,26,pr_auc,special_cubic,False,,0.9075172757344445,0.6752965935048012,0.0034643520827751595,0.11046186724656384,0.9482388238823881,101.89324486271012,25,25,0.00029692428916938685
bnp,27,roc_auc,linear,False,,0.7025492947900034,0.39786215190584295,0.008485720509622567,0.1502890255145171,0.9133873387338732,1.7609133030007915,5,5,0.0
bnp,27,roc_auc,quadratic,True,True,0.8835045582511271,0.5360578456156275,0.007448566129580429,0.13192017623319907,0.9088028802880287,14.673205685842065,15,15,0.0007292385382243749
bnp,27,roc_auc,special_cubic,False,,0.9093862839736998,0.5065738949100625,0.007681602352793207,0.13604743765508034,0.9159195919591958,101.89324486271012,25,25,0.0008575135435404668
bnp,27,log_loss,linear,False,,0.41826757534621695,-0.904025239117769,0.12553343980114798,0.22481490438286722,0.9557515751575156,1.7609133030007915,5,5,0.0
bnp,27,log_loss,quadratic,True,False,0.8467153078027387,-0.47853565931472897,0.11062135669065865,0.1981092031454558,0.20589258925892587,14.673205685842065,15,15,0.0
bnp,27,log_loss,special_cubic,False,,0.8939004415219202,-0.42607386142433157,0.10864108360773918,0.19456277834825658,0.5617641764176418,101.89324486271012,25,25,0.0
bnp,27,brier,linear,False,,0.8319237499653805,0.8079956899344134,0.017503804970845492,0.07737117045852987,0.9637923792379237,1.7609133030007915,5,5,0.04529023801664056
bnp,27,brier,quadratic,True,True,0.9999999999999986,0.9999999999999939,3.1281403610530885e-09,1.3827158237672877e-08,0.9999999999999999,14.673205685842065,15,15,1.5188054147685648e-09
bnp,27,brier,special_cubic,False,,0.9999999999999987,0.999999999999993,3.3411248535742938e-09,1.476860265523403e-08,0.9999999999999999,101.89324486271012,25,25,1.8612051899680182e-09
bnp,27,pr_auc,linear,True,True,0.7824292000102325,0.6507819794550503,0.003642446050998844,0.12999713654406728,0.9245964596459646,1.7609133030007915,5,5,0.0
bnp,27,pr_auc,quadratic,False,,0.8846281761032218,0.6825933666625392,0.0034725843544675867,0.12393485481129446,0.9299369936993699,14.673205685842065,15,15,0.0011175165885196625
bnp,27,pr_auc,special_cubic,False,,0.9154795361064512,0.6618615271368118,0.0035841988682714624,0.12791832278531792,0.9281848184818481,101.89324486271012,25,25,0.0007772656577869075
bnp,28,roc_auc,linear,True,False,0.7311976998418903,0.1538591092015562,0.009073801688878213,0.2079657628320415,0.9178157815781577,1.7609133030007915,5,5,0.0
bnp,28,roc_auc,quadratic,False,,0.8879854528989451,0.20412865071311437,0.008800135860934668,0.20169351613536748,0.9120672067206719,14.673205685842065,15,15,0.0011869161857004373
bnp,28,roc_auc,special_cubic,False,,0.9140064711047333,0.1898723365219529,0.00887860372713543,0.20349194971500434,0.9183918391839182,101.89324486271012,25,25,0.00032091628698260877
bnp,28,log_loss,linear,True,False,0.41859699638330417,-0.6261968021529345,0.12324517156036416,0.2229709619233754,0.9759855985598558,1.7609133030007915,5,5,0.0
bnp,28,log_loss,quadratic,False,,0.8471052798398424,-0.6561559520170406,0.12437525301060089,0.22501546674916997,0.31966396639663963,14.673205685842065,15,15,0.0
bnp,28,log_loss,special_cubic,False,,0.8941663698092398,-0.6411302873627418,0.12380976310258016,0.22399240168988216,0.6877767776777676,101.89324486271012,25,25,0.0
bnp,28,brier,linear,False,,0.8323129042605449,0.8363508296176366,0.017154579767332236,0.07767711863763505,0.9827182718271826,1.7609133030007915,5,5,0.04544047677188573
bnp,28,brier,quadratic,True,True,0.9999999999999986,0.9999999999999939,3.2997457373200667e-09,1.4941475955006835e-08,0.9999999999999999,14.673205685842065,15,15,2.061508741491025e-09
bnp,28,brier,special_cubic,False,,0.9999999999999987,0.999999999999993,3.5419360868416292e-09,1.6038130537505088e-08,0.9999999999999999,101.89324486271012,25,25,2.3184691944067026e-09
bnp,28,pr_auc,linear,True,True,0.806354312103918,0.5087569839825419,0.004008377004784695,0.16428242530981918,0.924164416441644,1.7609133030007915,5,5,0.00027406929022133486
bnp,28,pr_auc,quadratic,False,,0.8929923015813077,0.5059329436245827,0.004019882100954842,0.16475395907523058,0.9300690069006898,14.673205685842065,15,15,0.0012785034547191376
bnp,28,pr_auc,special_cubic,False,,0.9224247787179778,0.48746080342752196,0.004094340047966072,0.1678056011997098,0.9305250525052505,101.89324486271012,25,25,0.0005613728295124076
bnp,29,roc_auc,linear,True,True,0.7176187357529373,0.5594158505025961,0.008427266306300606,0.12418742663188106,0.9272847284728472,1.7609133030007915,5,5,0.003411652802868703
bnp,29,roc_auc,quadratic,False,,0.8850882939715861,0.4623101223951148,0.00930975418426336,0.13719210627705694,0.9226402640264025,14.673205685842065,15,15,0.0009439995005531276
bnp,29,roc_auc,special_cubic,False,,0.9110789684260705,0.4934800496568479,0.009035882221560553,0.13315622405398592,0.9428382838283828,101.89324486271012,25,25,0.0
bnp,29,log_loss,linear,True,False,0.4180803935937294,0.14586079159516863,0.10206561127931917,0.1374769038767224,0.9307170717071707,1.7609133030007915,5,5,0.0
bnp,29,log_loss,quadratic,False,,0.8467041568672655,-0.5497811073848298,0.1374834092425977,0.18518277802073407,0.03943594359435943,14.673205685842065,15,15,0.0
bnp,29,log_loss,special_cubic,False,,0.8938829660661657,-0.43938331418914656,0.13249617588007961,0.17846524218279797,0.5228322832283228,101.89324486271012,25,25,0.0
bnp,29,brier,linear,False,,0.8321664463446142,0.840394005835565,0.017801807113469712,0.06665501442714333,0.945190519051905,1.7609133030007915,5,5,0.07174261728371772
bnp,29,brier,quadratic,True,True,0.9999999999999986,0.9999999999999962,2.7316260604011944e-09,1.022798265957136e-08,0.9999999999999999,14.673205685842065,15,15,2.7977867245176924e-09
bnp,29,brier,special_cubic,False,,0.9999999999999987,0.9999999999999956,2.980719187744174e-09,1.1160657971179792e-08,0.9999999999999999,101.89324486271012,25,25,3.1054643301331453e-09
bnp,29,pr_auc,linear,True,True,0.7945915974344233,0.700524582535682,0.003646332505667677,0.11065015408374433,0.9473747374737472,1.7609133030007915,5,5,0.0
bnp,29,pr_auc,quadratic,False,,0.8891995284143527,0.6073192260989836,0.0041753751163840875,0.12670427046003413,0.9433423342334233,14.673205685842065,15,15,0.0012708843392283953
bnp,29,pr_auc,special_cubic,False,,0.919041442786797,0.6332693455584975,0.0040350533973768955,0.12244612345744786,0.9664326432643263,101.89324486271012,25,25,0.0
porto,0,roc_auc,linear,False,,0.6648272184110118,0.02532443952671548,0.005229002784598565,0.12463765889083829,0.8620822082208219,1.7609133030007915,5,5,0.010725365228341777
porto,0,roc_auc,quadratic,True,True,0.956550360793556,0.510304521809574,0.0037063965399433056,0.08834506438211848,0.9047584758475847,14.673205685842065,15,15,0.0018086529741827562
porto,0,roc_auc,special_cubic,False,,0.9704086419897141,0.5883524071989417,0.003398221043492742,0.08099944343155153,0.9396699669966995,101.89324486271012,25,25,0.0017363342198192244
porto,0,log_loss,linear,True,True,0.534294215581828,0.5905779528409815,0.05431166413649984,0.11025539373626386,0.9963876387638763,1.7609133030007915,5,5,0.0
porto,0,log_loss,quadratic,False,,0.8842866833535634,0.2811820296430867,0.07196427594761223,0.14609107832909926,0.2681428142814281,14.673205685842065,15,15,0.0
porto,0,log_loss,special_cubic,False,,0.9195753452361791,0.2834505961989934,0.07185062773101679,0.14586036676709183,0.789162916291629,101.89324486271012,25,25,0.0
porto,0,brier,linear,False,,0.8306766520943016,0.8457957606279527,0.013639007931354702,0.07097621936917242,0.9965796579657965,1.7609133030007915,5,5,0.05296180078218826
porto,0,brier,quadratic,True,True,0.9999999999999992,0.9999999999999962,2.14186034718393e-09,1.1146056269267003e-08,0.9999999999999999,14.673205685842065,15,15,0.0
porto,0,brier,special_cubic,False,,0.9999999999999992,0.9999999999999961,2.156887496924882e-09,1.1224256258729232e-08,0.9999999999999999,101.89324486271012,25,25,0.0
porto,0,pr_auc,linear,False,,0.747530208618751,0.5317408555878962,0.0014135129826240642,0.11608404751102393,0.9244284428442843,1.7609133030007915,5,5,0.002402005293564727
porto,0,pr_auc,quadratic,True,True,0.9608577924380083,0.7478979818092001,0.001037157779538566,0.08517606448359287,0.9336813681368135,14.673205685842065,15,15,0.0006443407605192658
porto,0,pr_auc,special_cubic,False,,0.9675137491982301,0.7669622266279044,0.0009971714347252023,0.081892205892857,0.9386018601860185,101.89324486271012,25,25,0.000632756054836224
porto,1,roc_auc,linear,False,,0.7614504675039471,0.28784300205908553,0.004376146265195606,0.1607967749304379,0.9372937293729372,1.7609133030007915,5,5,0.0
porto,1,roc_auc,quadratic,True,True,0.9523071300139696,0.5276149461547961,0.0035641176387770776,0.1309596588089418,0.9522712271227122,14.673205685842065,15,15,0.0021790940422651284
porto,1,roc_auc,special_cubic,False,,0.9685542524714755,0.5738305462078294,0.0033852840496431326,0.12438861144458045,0.9544314431443144,101.89324486271012,25,25,0.0010688877306279654
porto,1,log_loss,linear,True,False,0.5393721482081945,0.43404813936140263,0.07270543852696582,0.13067083873013766,0.9990759075907588,1.7609133030007915,5,5,0.0
porto,1,log_loss,quadratic,False,,0.8854192775704387,0.4062324204962767,0.07447069255263498,0.13384346554842427,0.5974797479747974,14.673205685842065,15,15,0.0
porto,1,log_loss,special_cubic,False,,0.9204266690513608,0.39989444126812423,0.07486709415876322,0.1345559037290638,0.8768076807680767,101.89324486271012,25,25,0.0
porto,1,brier,linear,False,,0.8315596222189023,0.8513308595969422,0.015412468007965594,0.07016274028086061,0.9993039303930392,1.7609133030007915,5,5,0.059455258671997635
porto,1,brier,quadratic,True,True,0.9999999999999992,0.999999999999993,3.355308510968674e-09,1.527449331901846e-08,0.9999999999999999,14.673205685842065,15,15,0.0
porto,1,brier,special_cubic,False,,0.9999999999999992,0.9999999999999928,3.3920385667232347e-09,1.5441700891554985e-08,0.9999999999999999,101.89324486271012,25,25,0.0
porto,1,pr_auc,linear,False,,0.7697485201673983,0.524343302054352,0.0014728180170153933,0.16156662564933377,0.9307890789078906,1.7609133030007915,5,5,0.0
porto,1,pr_auc,quadratic,True,True,0.9601704793863424,0.7815031543035551,0.0009982167793830844,0.1095033567271908,0.942058205820582,14.673205685842065,15,15,0.0004117300187912176
porto,1,pr_auc,special_cubic,False,,0.9663283645438756,0.7821730446312388,0.0009966853863559906,0.10933536448302213,0.9399699969996999,101.89324486271012,25,25,0.00021180457817433773
porto,2,roc_auc,linear,False,,0.7315692866581303,-0.02798964749125421,0.004770888496527043,0.1640394339912769,0.8673387338733872,1.7609133030007915,5,5,0.0
porto,2,roc_auc,quadratic,True,False,0.9554269296520727,0.3474176810693761,0.003801215989249419,0.13069878279674274,0.8586738673867387,14.673205685842065,15,15,0.0
porto,2,roc_auc,special_cubic,False,,0.9698557574853118,0.4073809749225158,0.003622369019153997,0.12454941339377631,0.8886048604860486,101.89324486271012,25,25,0.0
porto,2,log_loss,linear,True,False,0.53620920040177,0.4706328743215552,0.0712314330544112,0.1603623681346823,0.996927692769277,1.7609133030007915,5,5,0.0
porto,2,log_loss,quadratic,False,,0.8847629653134101,0.35579439525970136,0.07857880996695199,0.17690341905490056,0.6456285628562856,14.673205685842065,15,15,0.0
porto,2,log_loss,special_cubic,False,,0.9199291348621267,0.35557239405552077,0.07859234841466262,0.17693389798032222,0.9005940594059406,101.89324486271012,25,25,0.0
porto,2,brier,linear,False,,0.8306201717941725,0.8693047944302258,0.014816919919232277,0.08116342253376176,0.9977317731773176,1.7609133030007915,5,5,0.041541817543313486
porto,2,brier,quadratic,True,True,0.9999999999999992,0.9999999999999943,3.0774801421555105e-09,1.685767504168106e-08,0.9999999999999999,14.673205685842065,15,15,0.0
porto,2,brier,special_cubic,False,,0.9999999999999992,0.9999999999999943,3.088495377270333e-09,1.691801377515647e-08,0.9999999999999999,101.89324486271012,25,25,0.0
porto,2,pr_auc,linear,False,,0.7630195559967694,0.3999993663523964,0.0014863098534799526,0.15940255755640992,0.90000600060006,1.7609133030007915,5,5,6.572178276283147e-05
porto,2,pr_auc,quadratic,True,False,0.9604446043942563,0.6454123124249168,0.0011426029161986872,0.12254095381729883,0.8797959795979596,14.673205685842065,15,15,0.0
porto,2,pr_auc,special_cubic,False,,0.9671341402934585,0.6372637485127652,0.0011556570759805062,0.12394097579192274,0.8734833483348334,101.89324486271012,25,25,0.0
porto,3,roc_auc,linear,False,,0.7347865674586447,0.5836829856329921,0.004248145246719281,0.11334250543494463,0.8975337533753375,1.7609133030007915,5,5,0.002272761660438216
porto,3,roc_auc,quadratic,True,True,0.9359049375452955,0.6826533572249713,0.0037089777761507375,0.09895726472066951,0.9172397239723971,14.673205685842065,15,15,0.001988291862163316
porto,3,roc_auc,special_cubic,False,,0.9623532324842662,0.6848633030343658,0.0036960408821080275,0.09861210232668603,0.9425742574257424,101.89324486271012,25,25,0.0015006471735697913
porto,3,log_loss,linear,True,True,0.5436477194525251,0.7235221231436715,0.06822810486108365,0.0880995419549947,0.995019501950195,1.7609133030007915,5,5,0.1293988065357542
porto,3,log_loss,quadratic,False,,0.8871282570202466,0.5665064794710896,0.08543275678135788,0.1103150491386894,0.33808580858085807,14.673205685842065,15,15,0.0
porto,3,log_loss,special_cubic,False,,0.9216075318956225,0.5160913947573164,0.09026404423281419,0.11655344917036008,0.8189978997899788,101.89324486271012,25,25,0.0
porto,3,brier,linear,False,,0.8315773668286071,0.8736775431578505,0.01742369254329549,0.06525149004541805,0.9957275727572756,1.7609133030007915,5,5,0.08857573720296452
porto,3,brier,quadratic,True,True,0.9999999999999992,0.9999999999999966,2.897633234107187e-09,1.0851596793319927e-08,0.9999999999999999,14.673205685842065,15,15,0.0
porto,3,brier,special_cubic,False,,0.9999999999999992,0.9999999999999964,2.920290928067278e-09,1.0936449547018103e-08,0.9999999999999999,101.89324486271012,25,25,0.0
porto,3,pr_auc,linear,False,,0.7826588968023678,0.6686267521671303,0.0012793216367739356,0.10843564366997199,0.9338973897389738,1.7609133030007915,5,5,0.001081562693901604
porto,3,pr_auc,quadratic,True,True,0.9569024235588872,0.7511319565832418,0.001108678408060445,0.09397187802138135,0.9317971797179716,14.673205685842065,15,15,0.0004596864911695364
porto,3,pr_auc,special_cubic,False,,0.9639239244512211,0.7447121288130358,0.0011228871547540788,0.09517621518662546,0.93015301530153,101.89324486271012,25,25,0.0005022169877122173
porto,4,roc_auc,linear,False,,0.6977135452303085,0.17805831377471892,0.004792139600890173,0.1773124061704089,0.8942454245424541,1.7609133030007915,5,5,0.003712437573241578
porto,4,roc_auc,quadratic,True,False,0.9454785657721311,0.3921935312645931,0.0041208956417257475,0.15247592571715016,0.9302250225022501,14.673205685842065,15,15,0.0032511078229673362
porto,4,roc_auc,special_cubic,False,,0.9653440583147885,0.4226277373328857,0.0040163996052096935,0.14860950169509315,0.9453705370537052,101.89324486271012,25,25,0.0022448793758331753
porto,4,log_loss,linear,True,True,0.5358294873470208,0.733951206110624,0.0672290570086855,0.07268118559833449,0.9972517251725171,1.7609133030007915,5,5,0.3145492878225906
porto,4,log_loss,quadratic,False,,0.8848610234918403,0.6222806148828283,0.08010525540532291,0.08660161535158947,0.4294509450945094,14.673205685842065,15,15,0.0
porto,4,log_loss,special_cubic,False,,0.9199734325281743,0.5813453907134287,0.08433431290395654,0.09117364010755932,0.7806900690069005,101.89324486271012,25,25,0.0
porto,4,brier,linear,False,,0.8301454490298161,0.8494372333217398,0.017534505403949706,0.06685433586943498,0.9967956795679567,1.7609133030007915,5,5,0.0954484461936054
porto,4,brier,quadratic,True,True,0.9999999999999992,0.9999999999999967,2.6114679169450873e-09,9.956822231916169e-09,0.9999999999999999,14.673205685842065,15,15,0.0
porto,4,brier,special_cubic,False,,0.9999999999999992,0.9999999999999966,2.6359716494271506e-09,1.0050248349372646e-08,0.9999999999999999,101.89324486271012,25,25,0.0
porto,4,pr_auc,linear,True,False,0.7388794451065828,0.501483747226563,0.0014990258549323105,0.14255835227028674,0.8989978997899789,1.7609133030007915,5,5,0.0
porto,4,pr_auc,quadratic,False,,0.9585406761178686,0.5018607630987859,0.0014984589090894795,0.14250443534489515,0.8953495349534952,14.673205685842065,15,15,0.00047438428416093914
porto,4,pr_auc,special_cubic,False,,0.9648112594158921,0.5089936454852071,0.0014876919703770933,0.1414804923376531,0.9001860186018601,101.89324486271012,25,25,0.0005533774978008499
porto,5,roc_auc,linear,False,,0.7541074762420058,0.4777725086161221,0.004481931045590849,0.13597879911359528,0.9062346234623462,1.7609133030007915,5,5,0.0
porto,5,roc_auc,quadratic,True,True,0.9458090677188462,0.5662208467504434,0.004084789148618074,0.12392977879652033,0.9268886888688868,14.673205685842065,15,15,0.0011596791758696767
porto,5,roc_auc,special_cubic,False,,0.965860315891448,0.5737861548359533,0.004049012169316982,0.12284432910267455,0.9396219621962195,101.89324486271012,25,25,0.001428653750017439
porto,5,log_loss,linear,True,True,0.5397685763242605,0.7283431467857676,0.06718612558045568,0.08021146023338506,0.998187818781878,1.7609133030007915,5,5,0.21720276500183489
porto,5,log_loss,quadratic,False,,0.8860431315393424,0.545475364097955,0.08690564323024601,0.10375398917254172,0.5373057305730572,14.673205685842065,15,15,0.0
porto,5,log_loss,special_cubic,False,,0.9208196761381102,0.4923140168957476,0.09184739664601961,0.10965379741669842,0.8106930693069306,101.89324486271012,25,25,0.0
porto,5,brier,linear,False,,0.830774446723033,0.844162640880772,0.018527946285199395,0.07055658966717737,0.9976117611761174,1.7609133030007915,5,5,0.09220443355225391
porto,5,brier,quadratic,True,True,0.9999999999999992,0.9999999999999963,2.827014340166454e-09,1.076560174085177e-08,0.9999999999999999,14.673205685842065,15,15,7.463894891035494e-09
porto,5,brier,special_cubic,False,,0.9999999999999992,0.9999999999999963,2.8435840204742408e-09,1.082870102430159e-08,0.9999999999999999,101.89324486271012,25,25,7.345096086908143e-09
porto,5,pr_auc,linear,True,True,0.7725297218941599,0.5963721159569236,0.001249798259868721,0.13756404104669115,0.9106270627062704,1.7609133030007915,5,5,0.0001013061062868359
porto,5,pr_auc,quadratic,False,,0.9557222148849415,0.5914219814524024,0.001257438733526983,0.13840502031965934,0.9039423942394238,14.673205685842065,15,15,0.0
porto,5,pr_auc,special_cubic,False,,0.962660372008207,0.5824975993309629,0.001271097380078241,0.13990841384736105,0.9035103510351034,101.89324486271012,25,25,6.928122995351893e-05
porto,6,roc_auc,linear,False,,0.7025409695790987,0.06736209191704046,0.004920850787625279,0.17880747740209518,0.8212661266126612,1.7609133030007915,5,5,0.0
porto,6,roc_auc,quadratic,True,False,0.9533995369242664,0.4732901149122236,0.0036980212206602784,0.13437388662719066,0.9063546354635462,14.673205685842065,15,15,0.0007205972565591523
porto,6,roc_auc,special_cubic,False,,0.9686879768475999,0.5397103055245028,0.0034569992885999574,0.12561594505768356,0.9461986198619861,101.89324486271012,25,25,0.0002874637995206042
porto,6,log_loss,linear,True,True,0.5347544461143059,0.6128710811447529,0.058111359356864366,0.09931032753766146,0.9934233423342332,1.7609133030007915,5,5,0.023677362597486318
porto,6,log_loss,quadratic,False,,0.8841910650221513,0.4044865118922132,0.07207406690873412,0.12317211765296993,0.2952535253525352,14.673205685842065,15,15,0.0
porto,6,log_loss,special_cubic,False,,0.9195325262072784,0.3981433999869908,0.07245689863698963,0.12382636399560643,0.7724692469246923,101.89324486271012,25,25,0.0
porto,6,brier,linear,False,,0.8307797521552307,0.8320134260684765,0.01495760928884728,0.06809881364593137,0.9937473747374738,1.7609133030007915,5,5,0.06589589663453407
porto,6,brier,quadratic,True,True,0.9999999999999992,0.9999999999999971,1.946035741159396e-09,8.85988681255015e-09,0.9999999999999999,14.673205685842065,15,15,3.64849833678349e-09
porto,6,brier,special_cubic,False,,0.9999999999999992,0.9999999999999971,1.9747629885163442e-09,8.990675859552471e-09,0.9999999999999999,101.89324486271012,25,25,3.553955629786998e-09
porto,6,pr_auc,linear,False,,0.8007096456858287,0.6787923229581436,0.0011639306283247907,0.12465337820089402,0.917035703570357,1.7609133030007915,5,5,0.0002962885382473343
porto,6,pr_auc,quadratic,True,True,0.9622934514234063,0.789953576222522,0.0009412213810058969,0.1008019051325766,0.9266846684668466,14.673205685842065,15,15,0.0001046033614487199
porto,6,pr_auc,special_cubic,False,,0.9699867389841894,0.7994857610024593,0.000919616484295007,0.09848808737131541,0.9338493849384938,101.89324486271012,25,25,0.00013589234850010928
porto,7,roc_auc,linear,False,,0.714341219497162,0.23638338379988677,0.004505998353473734,0.1838178010787671,0.8602580258025802,1.7609133030007915,5,5,0.0015705144403711513
porto,7,roc_auc,quadratic,True,False,0.9511635194944258,0.4172163684674194,0.003936470637712073,0.16058447426585,0.884056405640564,14.673205685842065,15,15,0.0008330533888595282
porto,7,roc_auc,special_cubic,False,,0.9686379868924222,0.4855074489978938,0.003698647044542438,0.15088269310399224,0.9091749174917491,101.89324486271012,25,25,0.0006269383393378014
porto,7,log_loss,linear,False,,0.5365055031351067,0.12584288841698976,0.05809621891776231,0.17811410457994842,0.994935493549355,1.7609133030007915,5,5,0.0
porto,7,log_loss,quadratic,False,,0.884861026735598,0.5141811620580738,0.04331021064357617,0.1327824690083402,0.2524332433243324,14.673205685842065,15,15,0.0
porto,7,log_loss,special_cubic,True,False,0.9200017954925889,0.6612338450795621,0.036166220679100865,0.11088009051703325,0.8270747074707469,101.89324486271012,25,25,0.0
porto,7,brier,linear,False,,0.8307744692004755,0.7826339270756852,0.01179555448231214,0.08574487776467579,0.9963036303630362,1.7609133030007915,5,5,0.01878105797068752
porto,7,brier,quadratic,True,True,0.9999999999999992,0.9999999999999967,1.4674471633617756e-09,1.0667245684571797e-08,0.9999999999999999,14.673205685842065,15,15,0.0
porto,7,brier,special_cubic,False,,0.9999999999999992,0.9999999999999964,1.5052950916439508e-09,1.0942371876313585e-08,0.9999999999999999,101.89324486271012,25,25,0.0
porto,7,pr_auc,linear,False,,0.7296087736722463,0.5571905932010035,0.0013283707245905123,0.14854970328708775,0.921116111611161,1.7609133030007915,5,5,0.0
porto,7,pr_auc,quadratic,True,True,0.9555155209100866,0.8407570977017699,0.0007966011312613903,0.08908270823532057,0.9558115811581157,14.673205685842065,15,15,0.000596214522364108
porto,7,pr_auc,special_cubic,False,,0.9616220079765883,0.855835576816923,0.0007579488982633023,0.08476028706406256,0.9605400540054004,101.89324486271012,25,25,0.0005423474389937011
porto,8,roc_auc,linear,False,,0.7216769425631782,0.2521869323003072,0.0050550260484460855,0.11433604642398343,0.8531893189318931,1.7609133030007915,5,5,0.00976828693849896
porto,8,roc_auc,quadratic,True,True,0.9501144230975462,0.5805961331602816,0.0037856729159674364,0.08562544883406173,0.90023402340234,14.673205685842065,15,15,0.0024307234171540015
porto,8,roc_auc,special_cubic,False,,0.9679200943574285,0.6403263073079584,0.0035057521554339903,0.07929411982316036,0.9316651665166517,101.89324486271012,25,25,0.0020181794433827838
porto,8,log_loss,linear,False,,0.5370870752497966,0.06785558219236021,0.04700185244205438,0.16295534731488925,0.989090909090909,1.7609133030007915,5,5,0.0
porto,8,log_loss,quadratic,False,,0.8852272683202982,0.3502072061920557,0.039242875135666246,0.136054985391291,-0.08235223522352234,14.673205685842065,15,15,0.0
porto,8,log_loss,special_cubic,True,False,0.9202237538497346,0.6308339386410278,0.0295790524317461,0.10255052751809854,0.6319231923192319,101.89324486271012,25,25,0.0
porto,8,brier,linear,False,,0.8308656024390102,0.7074370155570173,0.01055299089601438,0.08681411219132826,0.9906510651065106,1.7609133030007915,5,5,0.01311714251375784
porto,8,brier,quadratic,True,True,0.9999999999999992,0.9999999999999939,1.5304131450030438e-09,1.2589933960765231e-08,0.9999999999999999,14.673205685842065,15,15,0.0
porto,8,brier,special_cubic,False,,0.9999999999999992,0.9999999999999937,1.54962986757074e-09,1.2748020206207902e-08,0.9999999999999999,101.89324486271012,25,25,0.0
porto,8,pr_auc,linear,False,,0.7925540594482827,0.6408609832590402,0.0012897520596065006,0.10358977430415849,0.9356855685568555,1.7609133030007915,5,5,0.002646147957371038
porto,8,pr_auc,quadratic,False,,0.9602235572137975,0.8550775895081639,0.0008192995379605435,0.06580416258511572,0.9499429942994297,14.673205685842065,15,15,0.00033355379811859237
porto,8,pr_auc,special_cubic,True,True,0.9681941685671025,0.8827232363719213,0.0007370227977451686,0.05919589327791809,0.9603120312031201,101.89324486271012,25,25,0.0004392869128559615
porto,9,roc_auc,linear,False,,0.6899122172774861,0.44226616564033383,0.004683129576117013,0.12954989152848392,0.868238823882388,1.7609133030007915,5,5,0.0033277565737757087
porto,9,roc_auc,quadratic,True,True,0.9521715195518936,0.6988387687043214,0.0034412974343126126,0.09519696222074163,0.9249684968496849,14.673205685842065,15,15,0.002576962992986709
porto,9,roc_auc,special_cubic,False,,0.9680791386076117,0.7364129021260477,0.0032194727453340346,0.08906060320516601,0.9482868286828682,101.89324486271012,25,25,0.0019314899350199033
porto,9,log_loss,linear,False,,0.5363594275311709,0.03377955348323214,0.0646496170890988,0.20952541142858103,0.9729732973297329,1.7609133030007915,5,5,0.0
porto,9,log_loss,quadratic,True,False,0.8845717939813476,0.5056888430048123,0.0462410888190273,0.1498645095818511,0.2926972697269727,14.673205685842065,15,15,0.0
porto,9,log_loss,special_cubic,False,,0.9198061182768695,0.5725128976088141,0.04300206916141489,0.13936704715371034,0.7579357935793579,101.89324486271012,25,25,0.0
porto,9,brier,linear,False,,0.8309798291837439,0.7546026161006707,0.013119763177462511,0.10026205124128515,0.974173417341734,1.7609133030007915,5,5,0.012542847440004029
porto,9,brier,quadratic,True,True,0.9999999999999992,0.9999999999999916,2.4360056825809747e-09,1.8616107872324693e-08,0.9999999999999999,14.673205685842065,15,15,0.0
porto,9,brier,special_cubic,False,,0.9999999999999992,0.9999999999999915,2.452626627989913e-09,1.8743126177284057e-08,0.9999999999999999,101.89324486271012,25,25,0.0
porto,9,pr_auc,linear,False,,0.7967574772938811,0.7801510185915104,0.0010614013337792395,0.09733146681350768,0.9627962796279628,1.7609133030007915,5,5,0.0011737132641423328
porto,9,pr_auc,quadratic,True,True,0.9651098014199073,0.9069968662894723,0.0006903450119661923,0.06330526492068014,0.9684848484848484,14.673205685842065,15,15,0.0
porto,9,pr_auc,special_cubic,False,,0.9711556058568589,0.9140897970886908,0.0006634982359362321,0.06084339116280033,0.9704650465046504,101.89324486271012,25,25,0.0
porto,10,roc_auc,linear,False,,0.7601019009207897,0.36491495085097236,0.0047748421001067454,0.10358629307710734,0.8315991599159915,1.7609133030007915,5,5,0.008652471125673133
porto,10,roc_auc,quadratic,True,False,0.9509875063615032,0.5874204743296483,0.0038485479868833215,0.08349110008929822,0.8863726372637263,14.673205685842065,15,15,0.0035922692744094764
porto,10,roc_auc,special_cubic,False,,0.9688222066256962,0.6444007982992068,0.003572921369350133,0.07751160611126566,0.9189918991899187,101.89324486271012,25,25,0.0026129144008408822
porto,10,log_loss,linear,False,,0.5380647037052932,0.3052794485150151,0.07010449562109985,0.17738882714336748,0.9972157215721572,1.7609133030007915,5,5,0.0
porto,10,log_loss,quadratic,True,False,0.8848100551271895,0.42591148929259837,0.06372799037489532,0.1612540446750473,0.3858145814581458,14.673205685842065,15,15,0.0
porto,10,log_loss,special_cubic,False,,0.9199790542268989,0.4659518009987874,0.06146544400908511,0.1555290131683979,0.7966756675667566,101.89324486271012,25,25,0.0
porto,10,brier,linear,False,,0.8311908324289896,0.8396622193860315,0.014154198739359187,0.08453215629682449,0.998199819981998,1.7609133030007915,5,5,0.024087309805086665
porto,10,brier,quadratic,True,True,0.9999999999999992,0.9999999999999943,2.6618332593302357e-09,1.589708532833391e-08,0.9999999999999999,14.673205685842065,15,15,0.0
porto,10,brier,special_cubic,False,,0.9999999999999992,0.9999999999999942,2.696647971328331e-09,1.6105006859622596e-08,0.9999999999999999,101.89324486271012,25,25,0.0
porto,10,pr_auc,linear,False,,0.8033550208447833,0.7171871950482723,0.001281157963879074,0.09545239018102482,0.9473747374737472,1.7609133030007915,5,5,0.002427820945728118
porto,10,pr_auc,quadratic,True,True,0.9653141309227014,0.8823546401753167,0.0008263053167512149,0.06156369450678989,0.958163816381638,14.673205685842065,15,15,0.0
porto,10,pr_auc,special_cubic,False,,0.9709972768324259,0.8938014941476673,0.0007850771717478143,0.058492000699892625,0.9609600960096009,101.89324486271012,25,25,3.0051730105548624e-05
porto,11,roc_auc,linear,False,,0.7306581852726919,0.2522934135502535,0.004568614606252302,0.15213388323719446,0.9161356135613561,1.7609133030007915,5,5,0.0
porto,11,roc_auc,quadratic,True,False,0.9516537612911595,0.3699306304262253,0.0041938520394342186,0.139654370409838,0.9164116411641163,14.673205685842065,15,15,0.0012346592975239767
porto,11,roc_auc,special_cubic,False,,0.9693212420010723,0.41584840043821836,0.004038143108038597,0.13446929650241954,0.9338253825382538,101.89324486271012,25,25,0.0001710128471200667
porto,11,log_loss,linear,True,False,0.5345516445714404,0.3687403677213319,0.06378185288317449,0.16937685137351177,0.9954875487548754,1.7609133030007915,5,5,0.0
porto,11,log_loss,quadratic,False,,0.883875497148796,0.4153785569811548,0.06138051002547711,0.1629999295075064,0.3109030903090309,14.673205685842065,15,15,0.0
porto,11,log_loss,special_cubic,False,,0.9193199667367081,0.4627323638648655,0.05884214050036326,0.15625912442970852,0.7803420342034203,101.89324486271012,25,25,0.0
porto,11,brier,linear,False,,0.830913674840968,0.8568823136722892,0.012736504404111167,0.08040904247008496,0.9961356135613559,1.7609133030007915,5,5,0.027459821800355694
porto,11,brier,quadratic,True,True,0.9999999999999992,0.9999999999999943,2.5304224188032496e-09,1.5975250138109218e-08,0.9999999999999999,14.673205685842065,15,15,0.0
porto,11,brier,special_cubic,False,,0.9999999999999992,0.9999999999999942,2.5536863012457404e-09,1.612212140293864e-08,0.9999999999999999,101.89324486271012,25,25,4.706485201566579e-12
porto,11,pr_auc,linear,False,,0.7664158056952048,0.5402691981436067,0.0012944343520625728,0.12495611613008038,0.9216081608160814,1.7609133030007915,5,5,6.916807034287181e-05
porto,11,pr_auc,quadratic,True,True,0.9639007762415177,0.7410839521615198,0.0009714215044905742,0.09377459593293755,0.9256885688568857,14.673205685842065,15,15,0.00010498376103294793
porto,11,pr_auc,special_cubic,False,,0.9693808043336742,0.759802707411214,0.0009356475454653525,0.09032121494743953,0.9329852985298529,101.89324486271012,25,25,0.00014879592299435473
porto,12,roc_auc,linear,False,,0.7214526272495558,0.43264677744811286,0.0043697875169471795,0.10611688995987889,0.8819921992199219,1.7609133030007915,5,5,0.010113966296422361
porto,12,roc_auc,quadratic,True,True,0.9379138566795099,0.6527694387571681,0.0034185546563659398,0.0830169400421675,0.9526792679267926,14.673205685842065,15,15,0.0022948327368821353
porto,12,roc_auc,special_cubic,False,,0.9622147334027754,0.695477334304843,0.0032014252659868887,0.0777441217331422,0.9627002700270026,101.89324486271012,25,25,0.002428030957247529
porto,12,log_loss,linear,True,False,0.5340210835725443,0.44627295324241734,0.05729335974723702,0.1121720036238187,0.9943834383438342,1.7609133030007915,5,5,0.0
porto,12,log_loss,quadratic,False,,0.8837032467352058,0.4353780886433093,0.05785425239191176,0.11327014923874859,0.336021602160216,14.673205685842065,15,15,0.0
porto,12,log_loss,special_cubic,False,,0.9191913252840214,0.4413041192758559,0.05754984477987931,0.11267416373692664,0.6965256525652563,101.89324486271012,25,25,0.0
porto,12,brier,linear,False,,0.8310900457570978,0.8450189141354003,0.012235504908446996,0.06240879509333117,0.9957035703570355,1.7609133030007915,5,5,0.055573103979891236
porto,12,brier,quadratic,True,True,0.9999999999999992,0.9999999999999949,2.210789882804211e-09,1.1276423312542317e-08,0.9999999999999999,14.673205685842065,15,15,0.0
porto,12,brier,special_cubic,False,,0.9999999999999992,0.9999999999999949,2.229104953158405e-09,1.1369841727344777e-08,0.9999999999999999,101.89324486271012,25,25,0.0
porto,12,pr_auc,linear,False,,0.7480626853100433,0.5829226105249043,0.0014137658045599672,0.11397972668160093,0.8934173417341734,1.7609133030007915,5,5,0.0030700925222402684
porto,12,pr_auc,quadratic,True,True,0.9527514937735394,0.8254264438346326,0.0009146572456530057,0.07374091418155634,0.9420942094209419,14.673205685842065,15,15,0.0004353172839680827
porto,12,pr_auc,special_cubic,False,,0.9589912126698311,0.8349712108920344,0.0008893014618095837,0.0716966963182091,0.9455265526552654,101.89324486271012,25,25,0.0005224968782731113
porto,13,roc_auc,linear,False,,0.7408548394762895,0.40568102865322875,0.0043839888166521115,0.14807225098922697,0.9377617761776177,1.7609133030007915,5,5,0.0014758252155592233
porto,13,roc_auc,quadratic,True,True,0.9501072756500435,0.7116534414464153,0.0030536343127136696,0.10313860853476141,0.9403540354035402,14.673205685842065,15,15,0.0023733321880634595
porto,13,roc_auc,special_cubic,False,,0.9656429011674447,0.733468403697707,0.0029358508677078915,0.09916039130824257,0.9471587158715871,101.89324486271012,25,25,0.0015525187391925988
porto,13,log_loss,linear,True,False,0.526420276844797,0.42640602525631444,0.04741685135647408,0.12079459800924111,0.9973237323732371,1.7609133030007915,5,5,0.0
porto,13,log_loss,quadratic,False,,0.8817348064646213,0.2698229617700023,0.05349885748899885,0.13628853033184268,0.43751575157515743,14.673205685842065,15,15,0.0
porto,13,log_loss,special_cubic,False,,0.9177456903585689,0.2856152305434644,0.05291715841213579,0.13480664985808943,0.7595199519951995,101.89324486271012,25,25,0.0
porto,13,brier,linear,False,,0.8304368221172557,0.8098472235631385,0.010922118449604876,0.07315583864941115,0.9967356735673566,1.7609133030007915,5,5,0.04182969301927131
porto,13,brier,quadratic,True,True,0.9999999999999992,0.999999999999996,1.5829613618502634e-09,1.0602601181271692e-08,0.9999999999999999,14.673205685842065,15,15,0.0
porto,13,brier,special_cubic,False,,0.9999999999999992,0.9999999999999959,1.5947320255558901e-09,1.0681440536367358e-08,0.9999999999999999,101.89324486271012,25,25,0.0
porto,13,pr_auc,linear,False,,0.812505151627561,0.6689534941341984,0.001212891566615671,0.11549670001167679,0.9497389738973897,1.7609133030007915,5,5,4.45938731278156e-05
porto,13,pr_auc,quadratic,True,True,0.9599814850864218,0.8340772193707555,0.0008586782861808399,0.08176700304899938,0.9439303930393039,14.673205685842065,15,15,0.0007810665268835754
porto,13,pr_auc,special_cubic,False,,0.9677758102103425,0.8422411783204845,0.0008372869052138066,0.07973002465918443,0.9482148214821481,101.89324486271012,25,25,0.0006903017761288321
porto,14,roc_auc,linear,False,,0.7394275526945251,0.3984625390758565,0.0047207157530230375,0.1596657893527045,0.8752715271527152,1.7609133030007915,5,5,0.003225860432622296
porto,14,roc_auc,quadratic,True,True,0.9488241584145423,0.5020250775413873,0.0042951689194555154,0.14527278739223023,0.9343654365436542,14.673205685842065,15,15,0.002497659670443908
porto,14,roc_auc,special_cubic,False,,0.9670175132049915,0.5308525652635905,0.004168993183184734,0.14100522510235247,0.9477707770777076,101.89324486271012,25,25,0.001812793327694795
porto,14,log_loss,linear,True,True,0.5361550203166767,0.6831937335324971,0.06105747891908775,0.11138065984794898,0.9928712871287128,1.7609133030007915,5,5,0.0
porto,14,log_loss,quadratic,False,,0.8845257372008679,0.312393576484007,0.08995223304051249,0.16409028424061978,0.34216621662166213,14.673205685842065,15,15,0.0
porto,14,log_loss,special_cubic,False,,0.919779209718033,0.2729473613758987,0.09249641785037775,0.16873136978680559,0.7823822382238222,101.89324486271012,25,25,0.0
porto,14,brier,linear,False,,0.8310334752537138,0.8863251151955404,0.015058909971430706,0.07106409364529574,0.9927272727272726,1.7609133030007915,5,5,0.059795203161638555
porto,14,brier,quadratic,True,True,0.9999999999999992,0.9999999999999931,3.707812717266133e-09,1.749743843737086e-08,0.9999999999999999,14.673205685842065,15,15,1.0716012271982933e-08
porto,14,brier,special_cubic,False,,0.9999999999999992,0.9999999999999931,3.7153775114274535e-09,1.75331372523387e-08,0.9999999999999999,101.89324486271012,25,25,1.0649683496177786e-08
porto,14,pr_auc,linear,False,,0.8048842562735775,0.7167375536479806,0.0012061711940141416,0.11806788075985507,0.9488028802880286,1.7609133030007915,5,5,1.5802523250382783e-05
porto,14,pr_auc,quadratic,True,True,0.9611531300830576,0.7771855903516898,0.0010697593436252554,0.10471500169436698,0.9464386438643864,14.673205685842065,15,15,0.00046900243897284033
porto,14,pr_auc,special_cubic,False,,0.9673851576404415,0.7779103588542159,0.0010680180751835094,0.10454455501501397,0.9488148814881487,101.89324486271012,25,25,0.0002943347620496528
porto,15,roc_auc,linear,False,,0.6962435289701826,0.1227871133429903,0.004632629837539383,0.20671420265626872,0.8298109810981097,1.7609133030007915,5,5,0.0013475234637371214
porto,15,roc_auc,quadratic,False,,0.9458724124066838,0.5573816055585685,0.0032907116425809207,0.14683599968546646,0.9135553555355534,14.673205685842065,15,15,0.0014404149869000626
porto,15,roc_auc,special_cubic,True,True,0.9648910778895158,0.65311997251375,0.002913162735823916,0.12998925734667569,0.9433903390339032,101.89324486271012,25,25,0.0005152974651091435
porto,15,log_loss,linear,False,,0.5443688906130513,0.4141821825616623,0.06170341011057309,0.13016160165288423,0.9972037203720372,1.7609133030007915,5,5,0.0
porto,15,log_loss,quadratic,True,False,0.8879153198292703,0.4888940922391575,0.05763460601473797,0.12157857428086927,0.2481248124812481,14.673205685842065,15,15,0.0
porto,15,log_loss,special_cubic,False,,0.9221510713804347,0.5523737956583926,0.053936856228602365,0.11377827549977244,0.8062166216621661,101.89324486271012,25,25,0.0
porto,15,brier,linear,False,,0.8310842958286989,0.8425887982272849,0.013125708211698821,0.06803192780641105,0.9965076507650764,1.7609133030007915,5,5,0.046439824334140345
porto,15,brier,quadratic,True,True,0.9999999999999992,0.9999999999999951,2.301248644931238e-09,1.1927614049581279e-08,0.9999999999999999,14.673205685842065,15,15,0.0
porto,15,brier,special_cubic,False,,0.9999999999999992,0.9999999999999951,2.3183338534410207e-09,1.2016168484370484e-08,0.9999999999999999,101.89324486271012,25,25,0.0
porto,15,pr_auc,linear,False,,0.7041423352841266,0.3241985327141149,0.001461539286501208,0.1934327442035296,0.8483408340834082,1.7609133030007915,5,5,0.0
porto,15,pr_auc,quadratic,True,False,0.9492540578945887,0.7010409707298989,0.0009720906500488474,0.1286548803649871,0.8994899489948994,14.673205685842065,15,15,0.0003943916754332033
porto,15,pr_auc,special_cubic,False,,0.9553978630944892,0.7227662107188144,0.0009361038019283717,0.12389206977790851,0.9112151215121511,101.89324486271012,25,25,0.0004328332575102428
porto,16,roc_auc,linear,False,,0.7718421015701215,0.4941875562514153,0.004595331287104631,0.11586227852112986,0.9250165016501649,1.7609133030007915,5,5,0.002524022070479859
porto,16,roc_auc,quadratic,True,True,0.9374693446805797,0.5656843155259916,0.00425818796355173,0.10736186990757864,0.9402460246024601,14.673205685842065,15,15,0.0016901082006013368
porto,16,roc_auc,special_cubic,False,,0.9609905263907601,0.5928698991647997,0.004122765923240617,0.1039474683830453,0.9527152715271526,101.89324486271012,25,25,0.000769987922244364
porto,16,log_loss,linear,True,False,0.5244910135418801,0.36721629982055903,0.07824220774917022,0.17318752200667667,0.9953915391539153,1.7609133030007915,5,5,0.0
porto,16,log_loss,quadratic,False,,0.8782316318814938,0.23849501736398182,0.08583211797281298,0.18998763260810295,0.2879687968796879,14.673205685842065,15,15,0.0
porto,16,log_loss,special_cubic,False,,0.9154645629096234,0.3253535607969771,0.08078887690478304,0.1788245219472375,0.7582238223822382,101.89324486271012,25,25,0.0
porto,16,brier,linear,False,,0.8314055705730732,0.8386567953649815,0.01670774551632258,0.08687715187585003,0.9954275427542753,1.7609133030007915,5,5,0.029713860287632288
porto,16,brier,quadratic,True,True,0.9999999999999992,0.9999999999999944,3.0901164404614406e-09,1.6068027553433703e-08,0.9999999999999999,14.673205685842065,15,15,2.3924863479241054e-09
porto,16,brier,special_cubic,False,,0.9999999999999992,0.9999999999999943,3.1159987301892907e-09,1.6202610619316796e-08,0.9999999999999999,101.89324486271012,25,25,2.3554432848627016e-09
porto,16,pr_auc,linear,False,,0.7482518550676165,0.5934087833338146,0.0013993642279236755,0.12474496046246779,0.8892289228922892,1.7609133030007915,5,5,0.000503506017254754
porto,16,pr_auc,quadratic,True,True,0.9422764578404964,0.7690913080119045,0.0010545615001278563,0.09400785729236552,0.9155475547554754,14.673205685842065,15,15,0.00026914365085518865
porto,16,pr_auc,special_cubic,False,,0.9518050872497312,0.7817374534582741,0.0010252773907279346,0.0913973538963397,0.9176357635763576,101.89324486271012,25,25,0.00030551810721797523
porto,17,roc_auc,linear,False,,0.7736622379026497,0.4158006472084588,0.0043188066568457945,0.14443787149691228,0.8659225922592257,1.7609133030007915,5,5,0.005039527683063372
porto,17,roc_auc,quadratic,True,True,0.9400141072851821,0.5017391399562077,0.0039885185204474915,0.1333917378788599,0.9229522952295228,14.673205685842065,15,15,0.0036389638387809287
porto,17,roc_auc,special_cubic,False,,0.962354838216892,0.5439990758498214,0.003815628533143548,0.12760961708636587,0.9446024602460245,101.89324486271012,25,25,0.002610083919668993
porto,17,log_loss,linear,True,True,0.5360460991632079,0.6691752376794877,0.06991086969779942,0.10551872844842362,0.9976237623762375,1.7609133030007915,5,5,0.02210566422699367
porto,17,log_loss,quadratic,False,,0.8837212662692733,0.3433292030579561,0.0984962172601296,0.1486635146608067,0.37480948094809474,14.673205685842065,15,15,0.0
porto,17,log_loss,special_cubic,False,,0.9192425095074983,0.28891001003145667,0.1024962515401963,0.15470089529714043,0.8395079507950794,101.89324486271012,25,25,0.0
porto,17,brier,linear,False,,0.8315945007494425,0.871976313728458,0.017611282063030233,0.07047079925632797,0.9968676867686768,1.7609133030007915,5,5,0.07432191808099761
porto,17,brier,quadratic,True,True,0.9999999999999992,0.9999999999999937,3.907661072147964e-09,1.5636340272760628e-08,0.9999999999999999,14.673205685842065,15,15,0.0
porto,17,brier,special_cubic,False,,0.9999999999999992,0.9999999999999936,3.933132974696072e-09,1.573826501195452e-08,0.9999999999999999,101.89324486271012,25,25,0.0
porto,17,pr_auc,linear,False,,0.7763960998878277,0.5845682841565623,0.0014339276273680366,0.13715475802011215,0.8932133213321332,1.7609133030007915,5,5,0.0005189723963274495
porto,17,pr_auc,quadratic,True,True,0.9521154700510063,0.6632484454498455,0.001291017746798919,0.12348546975615872,0.9100510051005101,14.673205685842065,15,15,0.00017571187969986357
porto,17,pr_auc,special_cubic,False,,0.9591322677498516,0.6659624712459107,0.0012858047881895884,0.12298685179038041,0.9122712271227122,101.89324486271012,25,25,0.0
porto,18,roc_auc,linear,False,,0.7511062994214074,0.6962829173933736,0.004302668660334229,0.08555380231782149,0.9184158415841585,1.7609133030007915,5,5,0.01070398784337312
porto,18,roc_auc,quadratic,False,,0.9513322267314186,0.8644126558270603,0.002874834648535832,0.05716290391697344,0.9433423342334233,14.673205685842065,15,15,0.003432444846872329
porto,18,roc_auc,special_cubic,True,True,0.968310005491458,0.8889754757298327,0.0026014336518984803,0.05172662781339116,0.9608760876087608,101.89324486271012,25,25,0.002283904560862249
porto,18,log_loss,linear,False,,0.5357530401059786,0.10950344668732048,0.057850122218044135,0.20083106792167418,0.9891029102910289,1.7609133030007915,5,5,0.0
porto,18,log_loss,quadratic,True,False,0.8849362959699495,0.47913681187899093,0.04424355258073122,0.15359483390452558,0.367056705670567,14.673205685842065,15,15,0.0
porto,18,log_loss,special_cubic,False,,0.920016153553653,0.5557359882036094,0.04086097510494618,0.14185196075675166,0.746162616261626,101.89324486271012,25,25,0.0
porto,18,brier,linear,False,,0.8304745681659945,0.7904127213446603,0.011494607153361047,0.09489050065208371,0.9918991899189917,1.7609133030007915,5,5,0.014135361617569508
porto,18,brier,quadratic,True,True,0.9999999999999992,0.9999999999999932,2.0701998582825935e-09,1.7089953434804244e-08,0.9999999999999999,14.673205685842065,15,15,8.033104015314763e-09
porto,18,brier,special_cubic,False,,0.9999999999999992,0.9999999999999931,2.086981335568502e-09,1.7228488206814768e-08,0.9999999999999999,101.89324486271012,25,25,7.955239467172248e-09
porto,18,pr_auc,linear,False,,0.7947974353776038,0.7707963237930382,0.001221921701270233,0.0834033564885007,0.9446024602460245,1.7609133030007915,5,5,0.0031048992154465715
porto,18,pr_auc,quadratic,True,True,0.965189549278278,0.9436797127456359,0.0006057103839415519,0.041343302953166516,0.9686528652865286,14.673205685842065,15,15,0.000910898479975164
porto,18,pr_auc,special_cubic,False,,0.9710412013892112,0.9514565827457635,0.0005623384263269054,0.03838291126949471,0.9725652565256524,101.89324486271012,25,25,0.0006359267805134267
porto,19,roc_auc,linear,True,False,0.7106996963645845,0.19016140114191726,0.00488214901118961,0.16958872056121585,0.8393039303930392,1.7609133030007915,5,5,0.0013906759557977821
porto,19,roc_auc,quadratic,False,,0.9505746562839474,0.2653671607985544,0.004649935871619455,0.16152245114851516,0.9157635763576356,14.673205685842065,15,15,0.0015272832848814977
porto,19,roc_auc,special_cubic,False,,0.9671140764129699,0.3204225303970428,0.004472303628055809,0.15535213048699226,0.9480588058805879,101.89324486271012,25,25,0.0008379429759627355
porto,19,log_loss,linear,True,True,0.5349852085867648,0.6021503299259681,0.06196296897656175,0.07604936839984054,0.9976237623762375,1.7609133030007915,5,5,0.20329422598024094
porto,19,log_loss,quadratic,False,,0.8842469887977981,0.5745714996210564,0.0640746154293546,0.07864106763038264,0.3409180918091808,14.673205685842065,15,15,0.0
porto,19,log_loss,special_cubic,False,,0.9195560276653402,0.5582582451285294,0.06529154476177448,0.08013464853275644,0.7872187218721871,101.89324486271012,25,25,0.0
porto,19,brier,linear,False,,0.8305153161335992,0.7836997475006501,0.016023553211277443,0.06239882977252909,0.996927692769277,1.7609133030007915,5,5,0.0898794551107562
porto,19,brier,quadratic,True,True,0.9999999999999992,0.999999999999996,2.1918697023141007e-09,8.535566527279494e-09,0.9999999999999999,14.673205685842065,15,15,0.0
porto,19,brier,special_cubic,False,,0.9999999999999992,0.9999999999999959,2.222911923616499e-09,8.656450968905478e-09,0.9999999999999999,101.89324486271012,25,25,0.0
porto,19,pr_auc,linear,False,,0.7189138965739081,0.5395181569422558,0.0013526999093565523,0.1361434286149127,0.9046984698469845,1.7609133030007915,5,5,0.0
porto,19,pr_auc,quadratic,True,True,0.9517612822304554,0.6332120120678608,0.0012072654106881468,0.12150607176240424,0.9269486948694868,14.673205685842065,15,15,0.0005254010782775737
porto,19,pr_auc,special_cubic,False,,0.9597005417001804,0.654536081995444,0.0011716463738513933,0.11792116888381739,0.9300210021002099,101.89324486271012,25,25,0.00046460390314848055
porto,20,roc_auc,linear,False,,0.7542317105923085,0.2855142511510892,0.004881965951819645,0.13252862161173257,0.8915811581158114,1.7609133030007915,5,5,0.0006548750232022726
porto,20,roc_auc,quadratic,True,True,0.9482207761742392,0.6078893255401072,0.003616615118693461,0.09817868893615421,0.9301770177017701,14.673205685842065,15,15,0.00298829900072084
porto,20,roc_auc,special_cubic,False,,0.966262576196331,0.67351007659211,0.0033001437061378723,0.08958757615506704,0.9377497749774977,101.89324486271012,25,25,0.0018651318896903968
porto,20,log_loss,linear,False,,0.5389562433612887,0.27625849183764906,0.06847804486583532,0.21848867768329788,0.9977917791779177,1.7609133030007915,5,5,0.0
porto,20,log_loss,quadratic,True,False,0.8857293113713691,0.4761400163519953,0.05825956319831432,0.18588519795717662,0.5185598559855985,14.673205685842065,15,15,0.0
porto,20,log_loss,special_cubic,False,,0.9206127249072416,0.48613126219745617,0.05770131494461256,0.18410402965704076,0.8841884188418841,101.89324486271012,25,25,0.0
porto,20,brier,linear,False,,0.8309736669267338,0.8616883651112079,0.0126308239443429,0.09526233261274877,0.9983198319831982,1.7609133030007915,5,5,0.015105009676482567
porto,20,brier,quadratic,True,True,0.9999999999999992,0.9999999999999932,2.7848714934287364e-09,2.1003645974306404e-08,0.9999999999999999,14.673205685842065,15,15,1.7594548318289327e-09
porto,20,brier,special_cubic,False,,0.9999999999999992,0.9999999999999931,2.817826911995691e-09,2.1252197459051283e-08,0.9999999999999999,101.89324486271012,25,25,1.6803876068394175e-09
porto,20,pr_auc,linear,False,,0.788126400661197,0.5329128229857863,0.001345691882547457,0.12411971674814165,0.9277167716771676,1.7609133030007915,5,5,0.0010020677777343376
porto,20,pr_auc,quadratic,True,True,0.9567795719242389,0.8002101366914566,0.0008801027645552873,0.0811761646648755,0.935025502550255,14.673205685842065,15,15,0.00015566747154659166
porto,20,pr_auc,special_cubic,False,,0.9638942807320178,0.8136605504974009,0.0008499611283344098,0.07839605474626721,0.9354215421542154,101.89324486271012,25,25,0.0003169911947965981
porto,21,roc_auc,linear,False,,0.7378500673141903,0.30524857782673087,0.0052296854659980106,0.17471382721669362,0.9366096609660965,1.7609133030007915,5,5,0.0
porto,21,roc_auc,quadratic,True,False,0.9625350988577008,0.40524499590377394,0.00483871340299653,0.1616521955170596,0.9441944194419442,14.673205685842065,15,15,0.0015123545241840786
porto,21,roc_auc,special_cubic,False,,0.9727332502588375,0.45386497472450527,0.004636719909525086,0.15490397776157144,0.9567116711671166,101.89324486271012,25,25,0.0020919761586092323
porto,21,log_loss,linear,True,True,0.5241056269061333,0.5486809108060693,0.050646617667167694,0.13702506358030384,0.9982358235823582,1.7609133030007915,5,5,0.0
porto,21,log_loss,quadratic,False,,0.8813161148848342,0.2757903556572665,0.0641565124549348,0.17357625450923062,0.49814581458145807,14.673205685842065,15,15,0.0
porto,21,log_loss,special_cubic,False,,0.917441011366009,0.25944047598178555,0.06487667466394087,0.17552466245871468,0.7338133813381338,101.89324486271012,25,25,0.0
porto,21,brier,linear,False,,0.8293164059007365,0.8905585755991121,0.010301884256374945,0.0714169274122447,0.9985238523852384,1.7609133030007915,5,5,0.03804039213172836
porto,21,brier,quadratic,True,True,0.9999999999999992,0.9999999999999953,2.128334627023346e-09,1.4754496923515142e-08,0.9999999999999999,14.673205685842065,15,15,2.598123299835109e-09
porto,21,brier,special_cubic,False,,0.9999999999999992,0.9999999999999953,2.1353286981338105e-09,1.4802982720519029e-08,0.9999999999999999,101.89324486271012,25,25,2.5349512489114545e-09
porto,21,pr_auc,linear,False,,0.7520015087114931,0.6397095867799086,0.0013840942895282926,0.12875006289822985,0.9597719771977197,1.7609133030007915,5,5,0.0
porto,21,pr_auc,quadratic,True,True,0.9595308141766051,0.7301549682874844,0.001197833726072931,0.1114238883436694,0.9527752775277527,14.673205685842065,15,15,0.0002730498586108465
porto,21,pr_auc,special_cubic,False,,0.9664220775468386,0.7490179090910905,0.0011552093363510095,0.10745891796613365,0.9563156315631562,101.89324486271012,25,25,0.0004171407469048538
porto,22,roc_auc,linear,False,,0.752013714784959,0.34984769832952867,0.004527984546910595,0.14694231862813248,0.9258565856585658,1.7609133030007915,5,5,0.0
porto,22,roc_auc,quadratic,True,True,0.961846719269142,0.6427214906048156,0.003356609587676481,0.1089288159958777,0.9497389738973897,14.673205685842065,15,15,0.0006672923199481096
porto,22,roc_auc,special_cubic,False,,0.9722030869537065,0.6638265619655281,0.003255960155996407,0.10566253699106866,0.9672007200720071,101.89324486271012,25,25,9.096637217598236e-06
porto,22,log_loss,linear,True,True,0.5221938971686679,0.625430400506743,0.04881496843982538,0.07594146754454777,0.9897629762976297,1.7609133030007915,5,5,0.1724555458985576
porto,22,log_loss,quadratic,False,,0.8800118756632851,0.5693996781034995,0.05233881970569298,0.08142352448510645,0.2361476147614761,14.673205685842065,15,15,0.0
porto,22,log_loss,special_cubic,False,,0.9165406290746332,0.5719800722365667,0.05218176255130903,0.08117919060200685,0.7945754575457544,101.89324486271012,25,25,0.0
porto,22,brier,linear,False,,0.8299856122570155,0.840441935577222,0.011249614406739512,0.05811200496354446,0.992031203120312,1.7609133030007915,5,5,0.06839522942646897
porto,22,brier,quadratic,True,True,0.9999999999999992,0.9999999999999953,1.914852023757941e-09,9.891529281431242e-09,0.9999999999999999,14.673205685842065,15,15,0.0
porto,22,brier,special_cubic,False,,0.9999999999999992,0.9999999999999952,1.9373788144420534e-09,1.0007895667399423e-08,0.9999999999999999,101.89324486271012,25,25,0.0
porto,22,pr_auc,linear,False,,0.765311921911677,0.45536253051938835,0.0014971287971647079,0.15054486419242813,0.9358175817581756,1.7609133030007915,5,5,0.0
porto,22,pr_auc,quadratic,True,True,0.9649721055379241,0.7440433396947421,0.0010263337804963415,0.10320373229981002,0.9490789078907889,14.673205685842065,15,15,3.39475603520073e-05
porto,22,pr_auc,special_cubic,False,,0.9714595692453217,0.7677704411938568,0.0009776066666004597,0.09830394227650885,0.955211521152115,101.89324486271012,25,25,0.00019376583762277522
porto,23,roc_auc,linear,False,,0.7437477605425229,0.17509180023404913,0.004239293034202822,0.16970745142489516,0.852025202520252,1.7609133030007915,5,5,0.0006394887955546436
porto,23,roc_auc,quadratic,True,False,0.929909735008743,0.4083684754832295,0.0035901804745765474,0.14372216630935933,0.9111791179117911,14.673205685842065,15,15,0.0019326862431136016
porto,23,roc_auc,special_cubic,False,,0.9587557464004591,0.4694702958617525,0.0033997382357149625,0.13609837933825455,0.9326132613261325,101.89324486271012,25,25,0.0022058126702992897
porto,23,log_loss,linear,False,,0.5420754048719532,0.2588470374557631,0.0604556308649696,0.17152353117664332,0.9973477347734772,1.7609133030007915,5,5,0.0
porto,23,log_loss,quadratic,True,False,0.88675965737086,0.5054973487946613,0.04938182603528975,0.14010514912071717,0.40243624362436237,14.673205685842065,15,15,0.0
porto,23,log_loss,special_cubic,False,,0.9213129883232277,0.5312652866605065,0.048077999848355556,0.13640595901346259,0.7725532553255325,101.89324486271012,25,25,0.0
porto,23,brier,linear,False,,0.8317166774179164,0.8291048297752526,0.011972625560047849,0.08100100774876857,0.9979357935793578,1.7609133030007915,5,5,0.024810479910797545
porto,23,brier,quadratic,True,True,0.9999999999999992,0.9999999999999905,2.8315300238397275e-09,1.9156765928374694e-08,0.9999999999999999,14.673205685842065,15,15,0.0
porto,23,brier,special_cubic,False,,0.9999999999999992,0.9999999999999902,2.8647894429817694e-09,1.9381783110623676e-08,0.9999999999999999,101.89324486271012,25,25,0.0
porto,23,pr_auc,linear,False,,0.807033309698945,0.622197576167218,0.0012004047254027227,0.13453361726182722,0.9199399939993999,1.7609133030007915,5,5,0.0
porto,23,pr_auc,quadratic,True,True,0.953740250470207,0.7846474022584788,0.0009062966691967127,0.10157188374818675,0.9343054305430541,14.673205685842065,15,15,0.0
porto,23,pr_auc,special_cubic,False,,0.9617637977744244,0.7870914309358383,0.0009011392308364694,0.10099387132977042,0.94028202820282,101.89324486271012,25,25,0.0
porto,24,roc_auc,linear,False,,0.75206330156069,0.5376631987650063,0.004169954684330485,0.1163029506822869,0.9130873087308731,1.7609133030007915,5,5,0.001535635000733726
porto,24,roc_auc,quadratic,True,True,0.9495063513348337,0.6509263345779345,0.003623353000095262,0.1010578476687344,0.9391659165916592,14.673205685842065,15,15,0.0021524324882707946
porto,24,roc_auc,special_cubic,False,,0.9675653562276855,0.6718345122580206,0.0035131650714258266,0.09798462932370525,0.9483108310831082,101.89324486271012,25,25,0.0015319818110420824
porto,24,log_loss,linear,True,False,0.5442489628893981,0.3593838927587082,0.07836408135710457,0.18716885978915626,0.9969156915691567,1.7609133030007915,5,5,0.0
porto,24,log_loss,quadratic,False,,0.8875798601706187,0.4529059889430719,0.07241842914097656,0.17296795388018066,0.6464926492649264,14.673205685842065,15,15,0.0
porto,24,log_loss,special_cubic,False,,0.92190472476797,0.4226376027348071,0.07439476350984908,0.17768833398261974,0.8453045304530452,101.89324486271012,25,25,0.0
porto,24,brier,linear,False,,0.8312462259145978,0.8776567066801385,0.014475878788215837,0.08254232145312519,0.9953555355535553,1.7609133030007915,5,5,0.03344679042392071
porto,24,brier,quadratic,True,True,0.9999999999999992,0.9999999999999934,3.3552135129786296e-09,1.9131626921164998e-08,0.9999999999999999,14.673205685842065,15,15,9.384522631217251e-09
porto,24,brier,special_cubic,False,,0.9999999999999992,0.9999999999999933,3.373654502499128e-09,1.9236778539742646e-08,0.9999999999999999,101.89324486271012,25,25,9.357811248111858e-09
porto,24,pr_auc,linear,False,,0.8055494946019044,0.7116016628431723,0.001259584371922451,0.11912125627372289,0.9232163216321632,1.7609133030007915,5,5,0.0
porto,24,pr_auc,quadratic,True,True,0.9651800834801326,0.8395121643928181,0.0009396193408444725,0.08886156322315192,0.9214281428142812,14.673205685842065,15,15,0.0
porto,24,pr_auc,special_cubic,False,,0.9719316196898607,0.8424417587881297,0.0009310037915697996,0.08804677457066905,0.921068106810681,101.89324486271012,25,25,0.0
porto,25,roc_auc,linear,False,,0.7360515339209298,0.3606474819137099,0.004897774430146472,0.14422810208266626,0.8964056405640564,1.7609133030007915,5,5,0.0011918141972424579
porto,25,roc_auc,quadratic,True,False,0.9559863251125765,0.4441362251821104,0.0045668082374357615,0.13448191501157972,0.9208040804080406,14.673205685842065,15,15,0.0011470310087206004
porto,25,roc_auc,special_cubic,False,,0.9705427739454254,0.48826528199747565,0.004381784660169039,0.12903339961538846,0.9503510351035103,101.89324486271012,25,25,0.0006770765700315762
porto,25,log_loss,linear,True,True,0.5343264955542857,0.7426854949236824,0.05902300967260343,0.09342860976610974,0.996123612361236,1.7609133030007915,5,5,0.056790541677651296
porto,25,log_loss,quadratic,False,,0.8842887847753249,0.40658524741573576,0.08963309366425307,0.14188187584025794,0.2790879087908791,14.673205685842065,15,15,0.0
porto,25,log_loss,special_cubic,False,,0.919586922220235,0.34871920044319826,0.09390167825615146,0.1486386970579875,0.775205520552055,101.89324486271012,25,25,0.0
porto,25,brier,linear,False,,0.8301588347702483,0.8630844495049347,0.016719884691272658,0.072887157617017,0.996087608760876,1.7609133030007915,5,5,0.07204867314838281
porto,25,brier,quadratic,True,True,0.9999999999999992,0.9999999999999982,1.884151639827735e-09,8.213600756359764e-09,0.9999999999999999,14.673205685842065,15,15,3.65676600111442e-09
porto,25,brier,special_cubic,False,,0.9999999999999992,0.9999999999999982,1.8959710926576164e-09,8.265125413213896e-09,0.9999999999999999,101.89324486271012,25,25,3.5595513758757136e-09
porto,25,pr_auc,linear,True,True,0.7654945204006209,0.6119004217789757,0.0013951475567524426,0.12315430644124316,0.9207800780078007,1.7609133030007915,5,5,0.00048558937279136183
porto,25,pr_auc,quadratic,False,,0.9657347737579406,0.6131216171144349,0.0013929508395289676,0.12296039491927173,0.9067386738673867,14.673205685842065,15,15,0.0004932446692237358
porto,25,pr_auc,special_cubic,False,,0.9714201522209329,0.6301839116037098,0.001361888202696704,0.12021839284443854,0.9136753675367536,101.89324486271012,25,25,0.0006087084202563986
porto,26,roc_auc,linear,False,,0.7504518299409337,0.28224259621471026,0.0046937911294352205,0.14912033755217924,0.8946774677467746,1.7609133030007915,5,5,0.0019406090594691339
porto,26,roc_auc,quadratic,True,False,0.9587129459457765,0.3771330682481365,0.0043725275717952225,0.1389138906018534,0.9356015601560155,14.673205685842065,15,15,0.0017071184450013765
porto,26,roc_auc,special_cubic,False,,0.9716736558395467,0.41803402442680715,0.004226527670969175,0.13427551750569383,0.9554995499549953,101.89324486271012,25,25,0.0017479999783328592
porto,26,log_loss,linear,False,,0.5379952218147849,0.2437272462801141,0.05372736499025941,0.16840248083844073,0.9959075907590759,1.7609133030007915,5,5,0.0
porto,26,log_loss,quadratic,True,False,0.885641123723924,0.4366672297141009,0.04637018432574078,0.14534221208887213,0.28708070807080704,14.673205685842065,15,15,0.0
porto,26,log_loss,special_cubic,False,,0.9205144441525778,0.5290013085870098,0.042400030071586076,0.13289820286131826,0.7474107410741073,101.89324486271012,25,25,0.0
porto,26,brier,linear,False,,0.8310471026007673,0.8035961113088729,0.011194577254857922,0.08374816206605751,0.9971197119711971,1.7609133030007915,5,5,0.020246597259302834
porto,26,brier,quadratic,True,True,0.9999999999999992,0.9999999999999954,1.6962353106156746e-09,1.2689768131616137e-08,0.9999999999999999,14.673205685842065,15,15,0.0
porto,26,brier,special_cubic,False,,0.9999999999999992,0.9999999999999953,1.7277139361461087e-09,1.2925264030435854e-08,0.9999999999999999,101.89324486271012,25,25,0.0
porto,26,pr_auc,linear,False,,0.7952801872799085,0.7179853538052684,0.0012511784642407124,0.11349124835408905,0.9489228922892288,1.7609133030007915,5,5,0.0
porto,26,pr_auc,quadratic,True,True,0.9656829870986359,0.8524688106260045,0.0009049515964997194,0.082085880889187,0.9666726672667266,14.673205685842065,15,15,0.0
porto,26,pr_auc,special_cubic,False,,0.9710989790567386,0.865467716267694,0.0008641650263874963,0.07838623380412718,0.9695529552955295,101.89324486271012,25,25,0.0
porto,27,roc_auc,linear,False,,0.6948809597474943,0.280553394041269,0.004834728353500831,0.17278072403843556,0.8484848484848484,1.7609133030007915,5,5,0.00011056992496438767
porto,27,roc_auc,quadratic,True,False,0.9549089246304283,0.5941800785864418,0.003631110578943497,0.12976652854532966,0.8954095409540954,14.673205685842065,15,15,0.0021553623858954207
porto,27,roc_auc,special_cubic,False,,0.9685534464520766,0.6248366145285357,0.0034912666243662196,0.124768866224392,0.908094809480948,101.89324486271012,25,25,0.00120364756816016
porto,27,log_loss,linear,False,,0.5265519520738882,0.18536696255916096,0.051999238890364424,0.16303732756687886,0.9878787878787878,1.7609133030007915,5,5,0.0
porto,27,log_loss,quadratic,True,False,0.8818833902698436,0.40878795571314286,0.04429835650936569,0.13889214178921647,0.3506030603060306,14.673205685842065,15,15,0.0
porto,27,log_loss,special_cubic,False,,0.9178518411312024,0.4311779012525224,0.04345144339611729,0.1362367481024648,0.7857665766576658,101.89324486271012,25,25,0.0
porto,27,brier,linear,False,,0.8298587767659079,0.8065884238827671,0.010302798435786532,0.07871201388684369,0.9880708070807079,1.7609133030007915,5,5,0.026942549923988812
porto,27,brier,quadratic,True,True,0.9999999999999992,0.9999999999999932,1.9300744499116314e-09,1.4745512867299799e-08,0.9999999999999999,14.673205685842065,15,15,0.0
porto,27,brier,special_cubic,False,,0.9999999999999992,0.9999999999999932,1.9351369922464985e-09,1.4784190019439422e-08,0.9999999999999999,101.89324486271012,25,25,0.0
porto,27,pr_auc,linear,False,,0.7785323768103931,0.6686200523382779,0.0012490084370993754,0.13110210066206057,0.919063906390639,1.7609133030007915,5,5,0.0
porto,27,pr_auc,quadratic,True,True,0.9611480849782547,0.8565365388686892,0.000821812819681785,0.08626153660058977,0.9568796879687966,14.673205685842065,15,15,0.00018918181534642586
porto,27,pr_auc,special_cubic,False,,0.9681231890373944,0.8649342664591939,0.0007973974644028798,0.08369878020087433,0.9587758775877586,101.89324486271012,25,25,7.01642076823411e-05
porto,28,roc_auc,linear,False,,0.6842089198350177,0.042140758886124674,0.004041260960722816,0.19474420269523146,0.888064806480648,1.7609133030007915,5,5,0.0
porto,28,roc_auc,quadratic,True,False,0.9446482737923856,0.46840545294586644,0.0030106225307901407,0.14507879844269214,0.9181038103810379,14.673205685842065,15,15,0.002365347561275488
porto,28,roc_auc,special_cubic,False,,0.9644315207995832,0.4894577234120896,0.002950406825453756,0.14217706563220625,0.9250285028502848,101.89324486271012,25,25,0.002099796741356408
porto,28,log_loss,linear,True,False,0.5382133505723448,0.328586828182892,0.0680515721417827,0.15578256807547564,0.999147914791479,1.7609133030007915,5,5,0.0
porto,28,log_loss,quadratic,False,,0.8851364578100178,0.35998619724176273,0.06644126681702067,0.15209628293933813,0.5401740174017401,14.673205685842065,15,15,0.0
porto,28,log_loss,special_cubic,False,,0.9202126561110282,0.36637636221821923,0.06610874605661576,0.15133508174495042,0.809060906090609,101.89324486271012,25,25,0.0
porto,28,brier,linear,False,,0.8311851073450918,0.8341533361009074,0.014220431743662791,0.0785920940884197,0.9994479447944794,1.7609133030007915,5,5,0.038638715105177884
porto,28,brier,quadratic,True,True,0.9999999999999992,0.999999999999989,3.659992399677985e-09,2.022768873853498e-08,0.9999999999999999,14.673205685842065,15,15,0.0
porto,28,brier,special_cubic,False,,0.9999999999999992,0.9999999999999889,3.6824760510169295e-09,2.0351949188100374e-08,0.9999999999999999,101.89324486271012,25,25,0.0
porto,28,pr_auc,linear,False,,0.7444174794676143,0.5400123636421061,0.0012317632642294075,0.17984031474468426,0.9259165916591658,1.7609133030007915,5,5,0.0
porto,28,pr_auc,quadratic,True,True,0.9611002793129688,0.8258901795784046,0.0007578195450903915,0.11064342432227872,0.9465706570657064,14.673205685842065,15,15,0.0
porto,28,pr_auc,special_cubic,False,,0.9676607757910329,0.8216047128351014,0.0007670891797214738,0.11199681263806435,0.9425142514251424,101.89324486271012,25,25,0.0
porto,29,roc_auc,linear,True,False,0.7790647555463581,0.5009529820841948,0.004672242575682951,0.11011482787775298,0.8643024302430242,1.7609133030007915,5,5,0.0002831441495406706
porto,29,roc_auc,quadratic,False,,0.9470477964656849,0.5058395817858883,0.004649311324611115,0.10957438702437376,0.9263366336633663,14.673205685842065,15,15,0.002049914288476118
porto,29,roc_auc,special_cubic,False,,0.9659481032136654,0.5423855882557854,0.004474087742092527,0.10544473957636274,0.9394179417941794,101.89324486271012,25,25,0.0021527242849126438
porto,29,log_loss,linear,True,True,0.5350719649683056,0.5889696980491558,0.05561621001772847,0.10252915950528363,0.9909510951095107,1.7609133030007915,5,5,0.0
porto,29,log_loss,quadratic,False,,0.8837040331467456,0.2995316915890194,0.07260369370059036,0.13384579225602938,0.18213021302130208,14.673205685842065,15,15,0.0
porto,29,log_loss,special_cubic,False,,0.919209497774833,0.34746945876281354,0.07007528811512818,0.12918464581179548,0.7588838883888388,101.89324486271012,25,25,0.0
porto,29,brier,linear,False,,0.8312374267823028,0.8396596925332078,0.014164856958324673,0.06676589217542045,0.993135313531353,1.7609133030007915,5,5,0.058274356345909384
porto,29,brier,quadratic,True,True,0.9999999999999992,0.9999999999999974,1.7852615926253405e-09,8.414810212968111e-09,0.9999999999999999,14.673205685842065,15,15,5.117288537359599e-12
porto,29,brier,special_cubic,False,,0.9999999999999992,0.9999999999999974,1.8048498139340342e-09,8.507139071328796e-09,0.9999999999999999,101.89324486271012,25,25,0.0
porto,29,pr_auc,linear,False,,0.8151209020689709,0.7099416682524924,0.0012537225348917224,0.10723461730280437,0.9257965796579657,1.7609133030007915,5,5,0.0002530541133962186
porto,29,pr_auc,quadratic,True,True,0.9564429967740463,0.769121019175313,0.0011185385539471233,0.09567192934065837,0.9413741374137413,14.673205685842065,15,15,0.0
porto,29,pr_auc,special_cubic,False,,0.9648876372403767,0.7809548003487191,0.0010894959740215728,0.09318783109951805,0.9443504350435044,101.89324486271012,25,25,0.0
uci_credit,0,roc_auc,linear,False,,0.8601678765272069,0.9101446525101254,0.005458151153802987,0.06365433231312022,0.9698409840984098,1.7609133030007915,5,5,0.0037396465869204976
uci_credit,0,roc_auc,quadratic,True,True,0.9921556578646432,0.9821825361524299,0.002430505105181021,0.028345162179345584,0.9926552655265526,14.673205685842065,15,15,0.0001763149410612952
uci_credit,0,roc_auc,special_cubic,False,,0.9937884224304384,0.9834904789934364,0.00233959578942266,0.027284954861413555,0.9949954995499548,101.89324486271012,25,25,7.293843196531924e-06
uci_credit,0,log_loss,linear,False,,0.7923100659766167,0.8590926406839338,0.03521225401027306,0.0660502697765669,0.9769096909690969,1.7609133030007915,5,5,0.12223710791608311
uci_credit,0,log_loss,quadratic,True,True,0.990283696237742,0.98526731614946,0.011385914617603033,0.021357415288616028,0.984206420642064,14.673205685842065,15,15,0.0017443323510270003
uci_credit,0,log_loss,special_cubic,False,,0.9934594353341164,0.9859240211440355,0.011129260063595247,0.02087598906334079,0.9955835583558355,101.89324486271012,25,25,0.0007398792739184423
uci_credit,0,brier,linear,False,,0.8284431495865234,0.8468961546805033,0.016130086349743014,0.07052400403287819,0.971101110111011,1.7609133030007915,5,5,0.06211508184327946
uci_credit,0,brier,quadratic,True,True,0.9999999999999976,0.9999999999999936,3.3217185697898556e-09,1.452322626999938e-08,0.9999999999999999,14.673205685842065,15,15,0.0
uci_credit,0,brier,special_cubic,False,,0.9999999999999976,0.9999999999999937,3.2698846565548965e-09,1.4296597904424614e-08,0.9999999999999999,101.89324486271012,25,25,0.0
uci_credit,0,pr_auc,linear,False,,0.6846643141527987,0.7641094986569533,0.008332002795428655,0.09570066698083911,0.9308010801080108,1.7609133030007915,5,5,0.0022350409602540644
uci_credit,0,pr_auc,quadratic,True,True,0.9508149268947431,0.8317997342033077,0.007035703339793152,0.08081148300465514,0.9722172217221722,14.673205685842065,15,15,0.0001339375794346953
uci_credit,0,pr_auc,special_cubic,False,,0.958106355626435,0.829026545660793,0.007093466522101979,0.08147494594503288,0.9820102010201018,101.89324486271012,25,25,0.00016735551213853395
uci_credit,1,roc_auc,linear,False,,0.8547088194427356,0.8592564293280154,0.006148521481787615,0.06813062380429995,0.9726012601260124,1.7609133030007915,5,5,0.011895228711030992
uci_credit,1,roc_auc,quadratic,False,,0.9959800354859955,0.9919338679858739,0.0014719365010780127,0.016310254801225346,0.9932913291329132,14.673205685842065,15,15,0.00038491308480081976
uci_credit,1,roc_auc,special_cubic,True,True,0.996877499590211,0.9934756574303003,0.001323807357112705,0.014668863287534287,0.9960516051605158,101.89324486271012,25,25,0.00043432881330851547
uci_credit,1,log_loss,linear,False,,0.810925051642625,0.8512974791638578,0.030668150679743884,0.06755293140446789,0.9810141014101408,1.7609133030007915,5,5,0.10455542226573666
uci_credit,1,log_loss,quadratic,True,True,0.9941710510470819,0.9921110540455245,0.007063792175956172,0.0155594601481125,0.9927152715271526,14.673205685842065,15,15,0.0
uci_credit,1,log_loss,special_cubic,False,,0.9960775985179326,0.9920912836338354,0.0070726378882502786,0.015578944655087423,0.9969156915691567,101.89324486271012,25,25,0.002440976197005784
uci_credit,1,brier,linear,False,,0.8266960738748248,0.8430647167934131,0.013868650120041043,0.07033169014602905,0.9765496549654964,1.7609133030007915,5,5,0.053722810379410846
uci_credit,1,brier,quadratic,True,True,0.9999999999999974,0.9999999999999817,4.733459973227242e-09,2.4004660675271556e-08,0.9999999999999999,14.673205685842065,15,15,0.0
uci_credit,1,brier,special_cubic,False,,0.9999999999999974,0.999999999999982,4.687804237891307e-09,2.377312804569026e-08,0.9999999999999999,101.89324486271012,25,25,0.0
uci_credit,1,pr_auc,linear,False,,0.7351614778964196,0.6581076574892388,0.009221756442932681,0.09221874672263551,0.9458505850585057,1.7609133030007915,5,5,0.017927345015369023
uci_credit,1,pr_auc,quadratic,True,True,0.9765853671098467,0.9321064720286126,0.004109444781456845,0.04109497467396857,0.9827062706270626,14.673205685842065,15,15,0.0
uci_credit,1,pr_auc,special_cubic,False,,0.9788883656436052,0.9306995545053952,0.00415180525378066,0.04151858482811387,0.9902190219021901,101.89324486271012,25,25,0.0
uci_credit,2,roc_auc,linear,False,,0.8509789266359946,0.8910812106826617,0.006090602179810864,0.07159636360423621,0.9793699369936993,1.7609133030007915,5,5,0.007773709003504159
uci_credit,2,roc_auc,quadratic,False,,0.9966306943890431,0.9932751165803384,0.0015133912229690846,0.017790245541618854,0.9974437443744374,14.673205685842065,15,15,0.00025260749195044063
uci_credit,2,roc_auc,special_cubic,True,True,0.9976864297344105,0.9946273865056866,0.0013527004366477803,0.015901290127087412,0.9975757575757574,101.89324486271012,25,25,0.0003947778249071554
uci_credit,2,log_loss,linear,False,,0.8274493406830032,0.8845790718825638,0.02563860254067228,0.07458747063616739,0.984998499849985,1.7609133030007915,5,5,0.059193146700063815
uci_credit,2,log_loss,quadratic,True,True,0.9964571403069483,0.9947050115295403,0.005491418950442512,0.01597556064404296,0.997011701170117,14.673205685842065,15,15,0.0
uci_credit,2,log_loss,special_cubic,False,,0.9976250772269062,0.9947724756424198,0.00545632337364474,0.0158734610736896,0.9977677767776776,101.89324486271012,25,25,0.0007925501402661905
uci_credit,2,brier,linear,False,,0.8272982423568043,0.8635135943114618,0.01225656646534297,0.0810259273427415,0.9829702970297028,1.7609133030007915,5,5,0.03428223393193175
uci_credit,2,brier,quadratic,True,True,0.9999999999999974,0.99999999999999,3.324730038988662e-09,2.1979184409847463e-08,0.9999999999999999,14.673205685842065,15,15,6.467507085439195e-11
uci_credit,2,brier,special_cubic,False,,0.9999999999999974,0.99999999999999,3.310915294776819e-09,2.188785765337513e-08,0.9999999999999999,101.89324486271012,25,25,3.2888941570163865e-11
uci_credit,2,pr_auc,linear,False,,0.749732267393222,0.7600009058934805,0.009257026393329293,0.09720932636168989,0.9520072007200719,1.7609133030007915,5,5,0.008517368279973847
uci_credit,2,pr_auc,quadratic,True,True,0.9802009528697182,0.9496048623794549,0.004241905786415522,0.044544844798579473,0.9938313831383138,14.673205685842065,15,15,0.00041893091143085925
uci_credit,2,pr_auc,special_cubic,False,,0.9827187890253429,0.9475391793328631,0.004327969991127915,0.04544861702612493,0.9946714671467145,101.89324486271012,25,25,0.0008573416973159942
uci_credit,3,roc_auc,linear,False,,0.8821337654824938,0.9366407135283727,0.005412899932167295,0.04943246132754159,0.9793339333933392,1.7609133030007915,5,5,0.01641003849736755
uci_credit,3,roc_auc,quadratic,True,True,0.9958494261995056,0.9920406011345728,0.001918514093704087,0.017520529648032607,0.9972757275727572,14.673205685842065,15,15,0.0
uci_credit,3,roc_auc,special_cubic,False,,0.9967882686232072,0.9925636803055014,0.0018544019941519406,0.016935035934597185,0.9978157815781578,101.89324486271012,25,25,0.0
uci_credit,3,log_loss,linear,False,,0.7944261524323274,0.8670837840770693,0.04172137382695293,0.06330031927694228,0.9738613861386137,1.7609133030007915,5,5,0.21707245573603373
uci_credit,3,log_loss,quadratic,True,True,0.9907208118393404,0.9927509979420864,0.009743359521610394,0.014782777075033287,0.9785418541854184,14.673205685842065,15,15,0.0017091984575229313
uci_credit,3,log_loss,special_cubic,False,,0.9937565333810979,0.9924906226592138,0.009916800588859676,0.015045924568165947,0.9950915091509149,101.89324486271012,25,25,2.1247379450306525e-06
uci_credit,3,brier,linear,False,,0.8292744469526854,0.8728768688669933,0.017340417500854244,0.0647211765519633,0.961152115211521,1.7609133030007915,5,5,0.08837411452620486
uci_credit,3,brier,quadratic,True,True,0.9999999999999974,0.9999999999999928,4.117424918372516e-09,1.536782981541897e-08,0.9999999999999999,14.673205685842065,15,15,0.0
uci_credit,3,brier,special_cubic,False,,0.9999999999999974,0.999999999999993,4.0529627498545424e-09,1.5127231952687656e-08,0.9999999999999999,101.89324486271012,25,25,0.0
uci_credit,3,pr_auc,linear,False,,0.7597318547244624,0.8415698188302123,0.008606176030806493,0.06557621241501814,0.9606840684068405,1.7609133030007915,5,5,0.03297606669135711
uci_credit,3,pr_auc,quadratic,True,True,0.9700386003138167,0.9364226847026449,0.005451830662665299,0.041541144906391846,0.992031203120312,14.673205685842065,15,15,0.00024875934919954545
uci_credit,3,pr_auc,special_cubic,False,,0.9736610516281204,0.9319055514756641,0.005642182362425334,0.04299156184561567,0.9960756075607561,101.89324486271012,25,25,0.0
uci_credit,4,roc_auc,linear,False,,0.8679627589730783,0.9007242276532496,0.006187905790250058,0.05591043673538756,0.9698169816981697,1.7609133030007915,5,5,0.02523561994379042
uci_credit,4,roc_auc,quadratic,True,True,0.9969408354501117,0.9960806543700932,0.0012295008622048742,0.011109078338057918,0.9969396939693969,14.673205685842065,15,15,0.0
uci_credit,4,roc_auc,special_cubic,False,,0.9979358025413747,0.9964923137735001,0.0011631411604027537,0.010509489392273934,0.9972037203720372,101.89324486271012,25,25,0.0
uci_credit,4,log_loss,linear,False,,0.8307253373024202,0.8614666982741876,0.03200738963141215,0.061291958974045664,0.9662526252625262,1.7609133030007915,5,5,0.18483109242617823
uci_credit,4,log_loss,quadratic,True,True,0.9970190921505798,0.9979579155721394,0.0038860645557278178,0.007441547469600814,0.9947194719471946,14.673205685842065,15,15,0.0028190298267284364
uci_credit,4,log_loss,special_cubic,False,,0.9979849908134095,0.9980075395282512,0.003838557240597879,0.007350574214879235,0.9963996399639964,101.89324486271012,25,25,0.00021558563706497447
uci_credit,4,brier,linear,False,,0.8262713216271323,0.8453392867953944,0.014565213841217272,0.06686318965849225,0.9599039903990398,1.7609133030007915,5,5,0.07842837019619181
uci_credit,4,brier,quadratic,True,True,0.9999999999999973,0.9999999999999925,3.2263855284026412e-09,1.4811071766521449e-08,0.9999999999999999,14.673205685842065,15,15,0.0
uci_credit,4,brier,special_cubic,False,,0.9999999999999974,0.9999999999999926,3.1826897182316333e-09,1.4610481423352041e-08,0.9999999999999999,101.89324486271012,25,25,0.0
uci_credit,4,pr_auc,linear,False,,0.7368217855917911,0.776701001821748,0.010949007372446981,0.07015741365058212,0.929048904890489,1.7609133030007915,5,5,0.05993640323286775
uci_credit,4,pr_auc,quadratic,True,True,0.9783769982807803,0.9740597726692158,0.0037317990496541233,0.02391206441656831,0.9914791479147914,14.673205685842065,15,15,0.006781255772411454
uci_credit,4,pr_auc,special_cubic,False,,0.980881173512461,0.9742903211364379,0.0037151785178640632,0.023805565856084898,0.9944794479447944,101.89324486271012,25,25,0.004532204799194084
uci_credit,5,roc_auc,linear,False,,0.8536711703448463,0.9027142652152254,0.0056762709734196745,0.058012464020463415,0.9703810381038103,1.7609133030007915,5,5,0.01965392682255307
uci_credit,5,roc_auc,quadratic,True,True,0.9959273348806075,0.9927288821107658,0.0015518120894455838,0.015859786015685363,0.9959675967596759,14.673205685842065,15,15,0.0
uci_credit,5,roc_auc,special_cubic,False,,0.997045864711406,0.9929292066753306,0.0015302860156526609,0.015639785845280977,0.9959435943594358,101.89324486271012,25,25,8.332895046070377e-05
uci_credit,5,log_loss,linear,False,,0.8135777817129437,0.8506906098844699,0.04035052281886781,0.06569441442052656,0.9803900390039003,1.7609133030007915,5,5,0.2148385864762017
uci_credit,5,log_loss,quadratic,True,True,0.9946973358838402,0.9962300969761065,0.006411663106800086,0.010438785518436177,0.9968196819681967,14.673205685842065,15,15,0.00033011826074519357
uci_credit,5,log_loss,special_cubic,False,,0.9964383825163325,0.9961372229851055,0.0064901603176379255,0.010566586298683444,0.9975997599759974,101.89324486271012,25,25,0.0009404329121729949
uci_credit,5,brier,linear,False,,0.8264038446509907,0.8412214359299137,0.017903426539875793,0.07059935328011163,0.9773297329732973,1.7609133030007915,5,5,0.08850547138868942
uci_credit,5,brier,quadratic,True,True,0.9999999999999973,0.9999999999999927,3.854906626241667e-09,1.520121939572394e-08,0.9999999999999999,14.673205685842065,15,15,7.510858546222465e-09
uci_credit,5,brier,special_cubic,False,,0.9999999999999973,0.9999999999999928,3.824133506576098e-09,1.5079870427024472e-08,0.9999999999999999,101.89324486271012,25,25,7.87781251343489e-09
uci_credit,5,pr_auc,linear,False,,0.716679370826381,0.7926243623988533,0.008957893099960808,0.07161595162210582,0.9368136813681366,1.7609133030007915,5,5,0.04128215120901629
uci_credit,5,pr_auc,quadratic,True,True,0.9693204817367758,0.9477761715607858,0.00449532775081334,0.035938939116070316,0.9873867386738672,14.673205685842065,15,15,0.0001905381091743541
uci_credit,5,pr_auc,special_cubic,False,,0.9729040905755949,0.9434519443791597,0.004677737495861703,0.03739725608089784,0.9914791479147914,101.89324486271012,25,25,0.00036762979992643885
uci_credit,6,roc_auc,linear,False,,0.8607329802082448,0.8891853374452898,0.005494933265033624,0.06016439290644194,0.9568676867686768,1.7609133030007915,5,5,0.0112977347724591
uci_credit,6,roc_auc,quadratic,True,True,0.9960474779193801,0.9911119423842574,0.0015562065496487747,0.017039009898889883,0.9957035703570355,14.673205685842065,15,15,0.0
uci_credit,6,roc_auc,special_cubic,False,,0.9970961335311374,0.9915422686658099,0.0015180663403564902,0.016621410188990424,0.9959315931593159,101.89324486271012,25,25,0.0
uci_credit,6,log_loss,linear,False,,0.8048973624110612,0.8427556282723587,0.034935402018809306,0.06391724779045542,0.9517071707170717,1.7609133030007915,5,5,0.14848250783511374
uci_credit,6,log_loss,quadratic,True,True,0.9929061801243326,0.9931024623106585,0.0073168681911075254,0.013386823972122151,0.9807380738073805,14.673205685842065,15,15,0.0004423901139351538
uci_credit,6,log_loss,special_cubic,False,,0.9952315024999333,0.9934842166499056,0.0071115048119162905,0.013011094447447318,0.9916711671167115,101.89324486271012,25,25,0.00042125945947413257
uci_credit,6,brier,linear,False,,0.8283297702258778,0.8300747243962405,0.015724421238094463,0.06748073667265797,0.9391419141914189,1.7609133030007915,5,5,0.06951687305437815
uci_credit,6,brier,quadratic,True,True,0.9999999999999973,0.9999999999999923,3.3395446612877295e-09,1.433152486076793e-08,0.9999999999999999,14.673205685842065,15,15,3.5509775675457433e-09
uci_credit,6,brier,special_cubic,False,,0.9999999999999973,0.9999999999999926,3.2827554543492145e-09,1.408781620775989e-08,0.9999999999999999,101.89324486271012,25,25,3.768605982834572e-09
uci_credit,6,pr_auc,linear,False,,0.7525224227191653,0.7866615988202589,0.0077344359722847054,0.07650199557562745,0.924176417641764,1.7609133030007915,5,5,0.01657379532040143
uci_credit,6,pr_auc,quadratic,True,True,0.9751551721347324,0.9405519994794571,0.004082843719897645,0.04038377113920602,0.9895589558955894,14.673205685842065,15,15,0.0
uci_credit,6,pr_auc,special_cubic,False,,0.9778126202805901,0.9385079432081479,0.004152442624467539,0.04107218010768854,0.9925952595259526,101.89324486271012,25,25,0.0
uci_credit,7,roc_auc,linear,False,,0.8502145475203389,0.8306312132203477,0.005616862231737794,0.08565871924860756,0.9544794479447944,1.7609133030007915,5,5,0.0023771640023060314
uci_credit,7,roc_auc,quadratic,False,,0.9956866036323756,0.9916373434310303,0.0012480995150272475,0.019033866515000015,0.9916351635163515,14.673205685842065,15,15,1.5511412181479223e-05
uci_credit,7,roc_auc,special_cubic,True,True,0.9967408005172425,0.9944884545669533,0.0010132433902744118,0.015452244957621174,0.9943114311431142,101.89324486271012,25,25,0.00015327910323181815
uci_credit,7,log_loss,linear,False,,0.8285216017798798,0.8064702180105875,0.021420622994985178,0.08260148495070369,0.9673087308730872,1.7609133030007915,5,5,0.01694964451726466
uci_credit,7,log_loss,quadratic,False,,0.9966617627516235,0.995571586398203,0.003240278073309502,0.012495051174339349,0.9963756375637562,14.673205685842065,15,15,0.0006951462297107858
uci_credit,7,log_loss,special_cubic,True,True,0.9977506196066143,0.9966552851241957,0.002816033032403445,0.010859091736090684,0.9974197419741972,101.89324486271012,25,25,0.00027474998980486776
uci_credit,7,brier,linear,False,,0.826157818813567,0.7707609330821211,0.009961174328203091,0.08750474517257696,0.954107410741074,1.7609133030007915,5,5,0.014174880556720393
uci_credit,7,brier,quadratic,True,True,0.9999999999999974,0.9999999999999878,2.2991687646409885e-09,2.0197234806847405e-08,0.9999999999999999,14.673205685842065,15,15,0.0
uci_credit,7,brier,special_cubic,False,,0.9999999999999974,0.9999999999999881,2.262892361556182e-09,1.9878561796705808e-08,0.9999999999999999,101.89324486271012,25,25,0.0
uci_credit,7,pr_auc,linear,False,,0.6982388395064684,0.5700514114847076,0.009221733733292214,0.1248126537943664,0.8849564956495649,1.7609133030007915,5,5,0.0012121998746892348
uci_credit,7,pr_auc,quadratic,True,True,0.9738056697462036,0.9449450168230968,0.0032999140754895965,0.04466308017204041,0.98018601860186,14.673205685842065,15,15,0.0005969967948715738
uci_credit,7,pr_auc,special_cubic,False,,0.9769152314005173,0.95132336181005,0.0031028773039772552,0.041996262515101856,0.9888748874887487,101.89324486271012,25,25,0.0007094808656099572
uci_credit,8,roc_auc,linear,False,,0.8753224549598706,0.8564426313326102,0.005281413937197607,0.07301463616247651,0.9356375637563755,1.7609133030007915,5,5,0.002466650946886695
uci_credit,8,roc_auc,quadratic,False,,0.996430920559909,0.9927807382571918,0.001184360341351996,0.016373577310429044,0.9897869786978697,14.673205685842065,15,15,0.0
uci_credit,8,roc_auc,special_cubic,True,True,0.9974916019697726,0.9949545690370118,0.0009901171807080204,0.013688199138954981,0.9905670567056704,101.89324486271012,25,25,1.2310874624055224e-05
uci_credit,8,log_loss,linear,False,,0.8170795296087496,0.7487283711719281,0.023471635312970984,0.08167953970690847,0.9582718271827182,1.7609133030007915,5,5,0.014068027056574728
uci_credit,8,log_loss,quadratic,False,,0.9949207666944984,0.9921988906350332,0.004135707395036914,0.01439195317602753,0.9909510951095107,14.673205685842065,15,15,0.0017103260411020504
uci_credit,8,log_loss,special_cubic,True,True,0.9965810051137959,0.9951072307161418,0.0032752841980298645,0.011397744645280435,0.9953795379537953,101.89324486271012,25,25,0.00019694874849518484
uci_credit,8,brier,linear,False,,0.8285056984046291,0.7179252457260681,0.010684716299102807,0.08431123554558227,0.9509150915091508,1.7609133030007915,5,5,0.014804230030229432
uci_credit,8,brier,quadratic,True,True,0.9999999999999974,0.9999999999999859,2.3844301096712537e-09,1.8815122740821153e-08,0.9999999999999999,14.673205685842065,15,15,0.0
uci_credit,8,brier,special_cubic,False,,0.9999999999999974,0.9999999999999865,2.341945848700435e-09,1.8479886836242996e-08,0.9999999999999999,101.89324486271012,25,25,0.0
uci_credit,8,pr_auc,linear,False,,0.7508427799007381,0.7362611237079474,0.006903512656656015,0.09462290720166545,0.8716831683168316,1.7609133030007915,5,5,0.0
uci_credit,8,pr_auc,quadratic,False,,0.9776725917532182,0.9750008797104525,0.0021254231804762967,0.029132085414020886,0.9727092709270925,14.673205685842065,15,15,0.0011212724835497623
uci_credit,8,pr_auc,special_cubic,True,True,0.9802143350931893,0.9793832027957854,0.0019301615021549666,0.02645573373817847,0.9851785178517851,101.89324486271012,25,25,0.0006791347124949221
uci_credit,9,roc_auc,linear,False,,0.8722553050777704,0.8872493868978257,0.005388372870667392,0.0802396509857089,0.9594359435943592,1.7609133030007915,5,5,0.0009565230686582327
uci_credit,9,roc_auc,quadratic,False,,0.9962349850554936,0.9935125357512087,0.001292515243148825,0.01924717804303045,0.9937833783378337,14.673205685842065,15,15,0.000168230778506806
uci_credit,9,roc_auc,special_cubic,True,True,0.9973976720047821,0.9959421041298868,0.0010222300275764698,0.015222291145877639,0.9955955595559555,101.89324486271012,25,25,3.1702833936497754e-05
uci_credit,9,log_loss,linear,False,,0.8217228081911065,0.7848576570979378,0.024293175168061596,0.09516354551497441,0.953087308730873,1.7609133030007915,5,5,0.009291935552682373
uci_credit,9,log_loss,quadratic,True,True,0.99584141085582,0.9943983489556033,0.00391993946430269,0.015355561183189655,0.9962436243624362,14.673205685842065,15,15,0.0004374928721264104
uci_credit,9,log_loss,special_cubic,False,,0.9971901510609645,0.9950607702461485,0.003680873979696377,0.014419071038611836,0.997011701170117,101.89324486271012,25,25,3.798657835202279e-05
uci_credit,9,brier,linear,False,,0.8268087510719548,0.7556800317045866,0.011025975379070256,0.09783637085842944,0.939105910591059,1.7609133030007915,5,5,0.011577182027614041
uci_credit,9,brier,quadratic,True,True,0.9999999999999973,0.9999999999999757,3.4776928720400404e-09,3.0858480802205136e-08,0.9999999999999999,14.673205685842065,15,15,0.0
uci_credit,9,brier,special_cubic,False,,0.9999999999999974,0.999999999999976,3.452837531245441e-09,3.0637932845567293e-08,0.9999999999999999,101.89324486271012,25,25,0.0
uci_credit,9,pr_auc,linear,False,,0.7390602313846868,0.7146033173349706,0.008444694475215899,0.1235855486733221,0.9238403840384036,1.7609133030007915,5,5,0.0
uci_credit,9,pr_auc,quadratic,True,True,0.9758831459599714,0.9592330141139521,0.0031916391433199375,0.046708673221047686,0.987074707470747,14.673205685842065,15,15,0.0
uci_credit,9,pr_auc,special_cubic,False,,0.9789547752496829,0.9608255682656663,0.003128677751904624,0.04578725230687087,0.9917191719171915,101.89324486271012,25,25,0.0
uci_credit,10,roc_auc,linear,False,,0.8754655273197365,0.8832294405932015,0.005984643641648523,0.08350131919626168,0.9511551155115511,1.7609133030007915,5,5,0.0
uci_credit,10,roc_auc,quadratic,True,True,0.9948514551381765,0.9919105692473708,0.0015751814753519528,0.02197787187361598,0.993039303930393,14.673205685842065,15,15,0.0002205598903640693
uci_credit,10,roc_auc,special_cubic,False,,0.9961098380828619,0.9930707470948338,0.0014578566464454965,0.020340885851593427,0.9948514851485147,101.89324486271012,25,25,0.0002824428447407712
uci_credit,10,log_loss,linear,False,,0.8043372091133826,0.8345290402583954,0.027339870508996972,0.08572414487563004,0.966096609660966,1.7609133030007915,5,5,0.018505614564481854
uci_credit,10,log_loss,quadratic,True,True,0.9925514011375315,0.9875876989701663,0.007487928869643363,0.023478395738139504,0.9890309030903089,14.673205685842065,15,15,0.0013976293375568272
uci_credit,10,log_loss,special_cubic,False,,0.9949664639473943,0.9879941742175448,0.007364301810358729,0.023090763180144157,0.9964716471647163,101.89324486271012,25,25,0.0011952262145917825
uci_credit,10,brier,linear,False,,0.828784624664326,0.8355516558054646,0.012004938517403967,0.0849147931448308,0.9595319531953194,1.7609133030007915,5,5,0.01921564279766791
uci_credit,10,brier,quadratic,True,True,0.9999999999999974,0.9999999999999859,3.5112125686729215e-09,2.4835936354371772e-08,0.9999999999999999,14.673205685842065,15,15,0.0
uci_credit,10,brier,special_cubic,False,,0.9999999999999974,0.9999999999999862,3.4711334553682054e-09,2.4552443889103055e-08,0.9999999999999999,101.89324486271012,25,25,0.0
uci_credit,10,pr_auc,linear,False,,0.7425522025643039,0.6996916856411097,0.009457797344479678,0.12976231825330295,0.9053945394539453,1.7609133030007915,5,5,0.0
uci_credit,10,pr_auc,quadratic,True,True,0.9716459656033704,0.9275080606693105,0.004646770087427292,0.06375434331827941,0.9779657965796579,14.673205685842065,15,15,0.0010110698552271424
uci_credit,10,pr_auc,special_cubic,False,,0.9756079610864062,0.9261440160537557,0.0046902843209205,0.06435136476095071,0.9912391239123911,101.89324486271012,25,25,0.0014817792973867983
uci_credit,11,roc_auc,linear,False,,0.8523047223272568,0.8846826105980226,0.005701470162448198,0.07681139269058114,0.9672247224722471,1.7609133030007915,5,5,0.0009761038226703267
uci_credit,11,roc_auc,quadratic,True,True,0.9931480788425285,0.9894234010461609,0.001726682443803071,0.02326222526190323,0.9938913891389136,14.673205685842065,15,15,0.0001481721362119881
uci_credit,11,roc_auc,special_cubic,False,,0.9948076338832953,0.9901256640991017,0.0016683739617260654,0.02247668125546307,0.9951155115511551,101.89324486271012,25,25,0.0001409651052972638
uci_credit,11,log_loss,linear,False,,0.8039777999460329,0.8547662302437652,0.02838144980058995,0.07990805347809966,0.971017101710171,1.7609133030007915,5,5,0.03510471519632641
uci_credit,11,log_loss,quadratic,True,True,0.9927596999233869,0.9887938164968358,0.00788369177267522,0.022196556842656114,0.9884068406840683,14.673205685842065,15,15,0.0020457187399203214
uci_credit,11,log_loss,special_cubic,False,,0.9951213386184018,0.9896231395981193,0.007586365431588305,0.021359433674849264,0.9957275727572756,101.89324486271012,25,25,0.0007499261519049449
uci_credit,11,brier,linear,False,,0.8269905316087003,0.8513502806130624,0.012682412278437692,0.0807660342166883,0.9592799279927992,1.7609133030007915,5,5,0.026891121418386343
uci_credit,11,brier,quadratic,True,True,0.9999999999999974,0.999999999999987,3.742027575172935e-09,2.3830539533086292e-08,0.9999999999999999,14.673205685842065,15,15,0.0
uci_credit,11,brier,special_cubic,False,,0.9999999999999974,0.9999999999999873,3.694323907815942e-09,2.3526745905704624e-08,0.9999999999999999,101.89324486271012,25,25,0.0
uci_credit,11,pr_auc,linear,False,,0.6814018028662121,0.6405710543412837,0.009754858717219294,0.1268986537043989,0.9079267926792678,1.7609133030007915,5,5,0.0
uci_credit,11,pr_auc,quadratic,True,True,0.9608155360868543,0.8844643754247828,0.0055306021418985996,0.07194629736079444,0.9746654665466545,14.673205685842065,15,15,0.0
uci_credit,11,pr_auc,special_cubic,False,,0.9669526503941337,0.8835409590425367,0.005552659774420875,0.0722332398939592,0.9855385538553855,101.89324486271012,25,25,4.2746033795504346e-05
uci_credit,12,roc_auc,linear,False,,0.8377889878317077,0.8865866031574992,0.0053485857338545955,0.07369567858986562,0.9350735073507349,1.7609133030007915,5,5,0.0055284817010310405
uci_credit,12,roc_auc,quadratic,True,True,0.9956953810840548,0.9911886262198124,0.0014908316177990844,0.02054147642086156,0.9928712871287128,14.673205685842065,15,15,0.0
uci_credit,12,roc_auc,special_cubic,False,,0.9967137490769364,0.9920962829788376,0.0014119602610378056,0.019454744629121744,0.9932673267326732,101.89324486271012,25,25,0.0
uci_credit,12,log_loss,linear,False,,0.8170500991101162,0.8552244874284165,0.026697085094434757,0.05970398706852228,0.9477467746774676,1.7609133030007915,5,5,0.10910022522508567
uci_credit,12,log_loss,quadratic,True,True,0.9953306616080131,0.9947551618524008,0.005081387740980754,0.011363754016759852,0.9927632763276326,14.673205685842065,15,15,0.002223325935300502
uci_credit,12,log_loss,special_cubic,False,,0.9968624647830395,0.994882595794598,0.005019276851511696,0.011224852420253794,0.9949594959495949,101.89324486271012,25,25,0.0007395803787726973
uci_credit,12,brier,linear,False,,0.8265396714285896,0.8433641161828711,0.01215918314263226,0.06253845518668476,0.9408340834083407,1.7609133030007915,5,5,0.05436232228520049
uci_credit,12,brier,quadratic,True,True,0.9999999999999973,0.9999999999999889,3.2447858721178904e-09,1.66889414752168e-08,0.9999999999999999,14.673205685842065,15,15,2.3231935819545413e-10
uci_credit,12,brier,special_cubic,False,,0.9999999999999973,0.9999999999999891,3.2077807303802607e-09,1.649861253855316e-08,0.9999999999999999,101.89324486271012,25,25,2.390608822011586e-10
uci_credit,12,pr_auc,linear,False,,0.7108645208536157,0.7707717383907023,0.0078332632492361,0.0969741558743547,0.907038703870387,1.7609133030007915,5,5,0.0037910224650828384
uci_credit,12,pr_auc,quadratic,True,True,0.9707057147661329,0.9413120423543334,0.003963539034205279,0.049067781828294216,0.9818061806180618,14.673205685842065,15,15,0.0
uci_credit,12,pr_auc,special_cubic,False,,0.9737686606206974,0.939371211945214,0.004028543754975498,0.049872526635658485,0.9909390939093908,101.89324486271012,25,25,0.0
uci_credit,13,roc_auc,linear,False,,0.8715170205788553,0.887867074362719,0.005221776908692361,0.06345494553027321,0.9781938193819382,1.7609133030007915,5,5,0.004910124718100928
uci_credit,13,roc_auc,quadratic,True,True,0.9949584413810303,0.9869993631196419,0.0017780093924293007,0.021606340355350175,0.9943474347434743,14.673205685842065,15,15,0.00029687873566019984
uci_credit,13,roc_auc,special_cubic,False,,0.9961249883328075,0.9889425109701213,0.001639758894469364,0.0199263226198208,0.9961716171617161,101.89324486271012,25,25,0.0005599246133698443
uci_credit,13,log_loss,linear,False,,0.8128720862400831,0.8254762206963101,0.03160826636958285,0.06839575365359221,0.972061206120612,1.7609133030007915,5,5,0.10951923134566732
uci_credit,13,log_loss,quadratic,True,True,0.9943732342824526,0.9918428293250361,0.006833499180905855,0.014786711840008744,0.9944554455445543,14.673205685842065,15,15,0.0
uci_credit,13,log_loss,special_cubic,False,,0.9962246135629163,0.9923343693954184,0.0066244117033529715,0.014334276535916275,0.9968076807680767,101.89324486271012,25,25,0.0025635588121096786
uci_credit,13,brier,linear,False,,0.8279751607101017,0.8057610460468854,0.014657138154419155,0.07318073548676599,0.9638523852385238,1.7609133030007915,5,5,0.05509264842701406
uci_credit,13,brier,quadratic,True,True,0.9999999999999973,0.9999999999999896,3.39970456436346e-09,1.6974178576792757e-08,0.9999999999999999,14.673205685842065,15,15,0.0
uci_credit,13,brier,special_cubic,False,,0.9999999999999973,0.9999999999999899,3.3406410089897895e-09,1.667928373598747e-08,0.9999999999999999,101.89324486271012,25,25,0.0
uci_credit,13,pr_auc,linear,False,,0.740062759361606,0.7127987820071113,0.007963523624871932,0.09458696207409586,0.9443384338433841,1.7609133030007915,5,5,0.0044058520581388705
uci_credit,13,pr_auc,quadratic,True,True,0.9712691167877293,0.8990188820646106,0.004722067830870059,0.056086485313465405,0.9827782778277826,14.673205685842065,15,15,0.0005628566180427841
uci_credit,13,pr_auc,special_cubic,False,,0.9744342922760747,0.8984715238933993,0.0047348482865066785,0.05623828551266554,0.9906510651065106,101.89324486271012,25,25,0.0
uci_credit,14,roc_auc,linear,False,,0.862136211719409,0.9127659221014107,0.0054312446355129496,0.0653442298330626,0.9422262226222622,1.7609133030007915,5,5,0.007216924921153667
uci_credit,14,roc_auc,quadratic,True,True,0.9958492916250433,0.9877754740255293,0.0020331634381259454,0.02446133582722224,0.9920072007200719,14.673205685842065,15,15,0.00019209828513089278
uci_credit,14,roc_auc,special_cubic,False,,0.9969081389751592,0.9884242506396416,0.00197847622078051,0.02380338459523667,0.9942394239423941,101.89324486271012,25,25,0.0
uci_credit,14,log_loss,linear,False,,0.8077920607697732,0.9033675572124662,0.03154686270946445,0.06348267089526029,0.9626162616261625,1.7609133030007915,5,5,0.11991334004490295
uci_credit,14,log_loss,quadratic,True,True,0.993400435677786,0.9906605473201143,0.009807434348591116,0.019735785862842487,0.9892589258925891,14.673205685842065,15,15,0.0019119780878527615
uci_credit,14,log_loss,special_cubic,False,,0.9955757913625657,0.99013970705135,0.010077193679840597,0.020278630424102093,0.9960756075607561,101.89324486271012,25,25,0.0
uci_credit,14,brier,linear,False,,0.8282881011187868,0.8873664789784146,0.015104167576982816,0.07027155758000193,0.9566996699669965,1.7609133030007915,5,5,0.0597707257267488
uci_credit,14,brier,quadratic,True,True,0.9999999999999974,0.9999999999999885,4.828442342864924e-09,2.2464141925663833e-08,0.9999999999999999,14.673205685842065,15,15,7.806879920302379e-09
uci_credit,14,brier,special_cubic,False,,0.9999999999999974,0.9999999999999886,4.801317542895793e-09,2.2337944839120544e-08,0.9999999999999999,101.89324486271012,25,25,7.968786408518724e-09
uci_credit,14,pr_auc,linear,False,,0.7322269741759345,0.7818911441013254,0.007851544653485495,0.09468010576403832,0.9093429342934293,1.7609133030007915,5,5,0.00581013942060743
uci_credit,14,pr_auc,quadratic,True,True,0.975338993579505,0.8735751278339748,0.005977708275086445,0.07208391172563777,0.984050405040504,14.673205685842065,15,15,0.0
uci_credit,14,pr_auc,special_cubic,False,,0.9774794550063172,0.8695441830426907,0.0060722574943600565,0.0732240606359237,0.9906510651065106,101.89324486271012,25,25,0.0
uci_credit,15,roc_auc,linear,False,,0.8663785561027593,0.8913641083088854,0.005156043199175092,0.07401439164371212,0.9806540654065405,1.7609133030007915,5,5,0.0013044862616162778
uci_credit,15,roc_auc,quadratic,False,,0.9945161787071113,0.9913555982198088,0.0014544451664738989,0.02087838872120505,0.9944794479447944,14.673205685842065,15,15,0.00021359294141221064
uci_credit,15,roc_auc,special_cubic,True,True,0.9959564628115356,0.9933122929197536,0.001279288518320833,0.018364035707740187,0.9953675367536752,101.89324486271012,25,25,0.00015213460299734471
uci_credit,15,log_loss,linear,False,,0.8141194245560318,0.8520383343470849,0.026868764206719235,0.06609858321208295,0.9658205820582058,1.7609133030007915,5,5,0.07447165683861356
uci_credit,15,log_loss,quadratic,True,True,0.9946267965730972,0.9930197970548416,0.005835890184810746,0.014356598987192194,0.9874467446744674,14.673205685842065,15,15,0.00015345561097679372
uci_credit,15,log_loss,special_cubic,False,,0.9963904983956527,0.9940398006784084,0.00539266544669072,0.013266242653388279,0.9965796579657965,101.89324486271012,25,25,0.0
uci_credit,15,brier,linear,False,,0.8273441380003843,0.8401303659519661,0.012228895374952307,0.06809687594177488,0.9546954695469545,1.7609133030007915,5,5,0.042505296547199534
uci_credit,15,brier,quadratic,True,True,0.9999999999999973,0.9999999999999876,3.4033181366546402e-09,1.895145275482965e-08,0.9999999999999999,14.673205685842065,15,15,0.0
uci_credit,15,brier,special_cubic,False,,0.9999999999999973,0.999999999999988,3.3501035538263127e-09,1.8655126166528287e-08,0.9999999999999999,101.89324486271012,25,25,0.0
uci_credit,15,pr_auc,linear,False,,0.696970567220865,0.6832506885375627,0.008119893836471288,0.11731637526921028,0.9470747074707471,1.7609133030007915,5,5,0.0
uci_credit,15,pr_auc,quadratic,True,True,0.959564040828247,0.9026166609604069,0.004502304273542568,0.0650493748278647,0.9737293729372937,14.673205685842065,15,15,0.0
uci_credit,15,pr_auc,special_cubic,False,,0.9650156339638905,0.9044018705657642,0.004460845774895697,0.06445038167803947,0.989066906690669,101.89324486271012,25,25,0.0
uci_credit,16,roc_auc,linear,False,,0.8751167837958687,0.886948103112557,0.005232126696497992,0.07694833429208779,0.9549354935493548,1.7609133030007915,5,5,0.0
uci_credit,16,roc_auc,quadratic,True,True,0.99637639761991,0.9913993880898945,0.001443125167507829,0.021223889300892473,0.9937473747374738,14.673205685842065,15,15,0.00017890590584834776
uci_credit,16,roc_auc,special_cubic,False,,0.9974111814445054,0.9925287291841242,0.0013450442260138813,0.01978142326144994,0.9942394239423941,101.89324486271012,25,25,0.00012669494966888184
uci_credit,16,log_loss,linear,False,,0.8203402367736881,0.8543686570356887,0.025107210886665222,0.08254462659721082,0.9656645664566456,1.7609133030007915,5,5,0.025155830604323026
uci_credit,16,log_loss,quadratic,True,True,0.9953645703834492,0.991899761290855,0.005921339361781032,0.01946750472523321,0.9955715571557154,14.673205685842065,15,15,0.0012243983781591306
uci_credit,16,log_loss,special_cubic,False,,0.9968910509528217,0.9928708319287458,0.005555081946796488,0.018263365336958277,0.9970837083708369,101.89324486271012,25,25,0.0006130644274180419
uci_credit,16,brier,linear,False,,0.8279716163851389,0.8308205156721549,0.011938912552233543,0.08802665581576026,0.9539393939393938,1.7609133030007915,5,5,0.020620421905972353
uci_credit,16,brier,quadratic,True,True,0.9999999999999973,0.9999999999999891,3.0337710225226295e-09,2.2368261468961518e-08,0.9999999999999999,14.673205685842065,15,15,0.0
uci_credit,16,brier,special_cubic,False,,0.9999999999999973,0.9999999999999895,2.9758915096319134e-09,2.194151071274949e-08,0.9999999999999999,101.89324486271012,25,25,0.0
uci_credit,16,pr_auc,linear,False,,0.7407198458600625,0.7113685675840598,0.007857034097765074,0.11876238113467777,0.887128712871287,1.7609133030007915,5,5,0.0
uci_credit,16,pr_auc,quadratic,True,True,0.976382280604096,0.9277605736300403,0.00393073684742533,0.05941474375767777,0.9888388838883887,14.673205685842065,15,15,6.490086756494318e-05
uci_credit,16,pr_auc,special_cubic,False,,0.9785986436392339,0.9294904172077696,0.003883389017126899,0.05869906135158997,0.9921872187218721,101.89324486271012,25,25,0.0003476065473969614
uci_credit,17,roc_auc,linear,False,,0.8555063387153349,0.8889493675575257,0.005831723574759841,0.06865079669238039,0.9618361836183618,1.7609133030007915,5,5,0.010039276617394122
uci_credit,17,roc_auc,quadratic,True,True,0.9949467652010091,0.9885618765525597,0.0018716032976250996,0.022032432749410746,0.994095409540954,14.673205685842065,15,15,0.0004609554429514384
uci_credit,17,roc_auc,special_cubic,False,,0.9960305268678455,0.9889390960992364,0.0018404826237240243,0.02166608152759369,0.9965436543654365,101.89324486271012,25,25,0.0
uci_credit,17,log_loss,linear,False,,0.8193818986395176,0.8892021561924023,0.030399616511005978,0.06396893411739457,0.9602160216021601,1.7609133030007915,5,5,0.12432121046269073
uci_credit,17,log_loss,quadratic,True,True,0.9953168732928818,0.9942952381167827,0.006897968574075503,0.014515173146975074,0.9928952895289528,14.673205685842065,15,15,0.0010880516851001776
uci_credit,17,log_loss,special_cubic,False,,0.9968477690681048,0.9938811159065136,0.0071439525936706745,0.015032789398407671,0.9967236723672366,101.89324486271012,25,25,0.0
uci_credit,17,brier,linear,False,,0.827217703891238,0.8704964954141035,0.014509753901789697,0.07064704835013366,0.9520072007200719,1.7609133030007915,5,5,0.06018798920539492
uci_credit,17,brier,quadratic,True,True,0.9999999999999973,0.9999999999999853,4.8897156636451075e-09,2.380770764591212e-08,0.9999999999999999,14.673205685842065,15,15,0.0
uci_credit,17,brier,special_cubic,False,,0.9999999999999973,0.9999999999999855,4.857465749380729e-09,2.3650684910189348e-08,0.9999999999999999,101.89324486271012,25,25,0.0
uci_credit,17,pr_auc,linear,False,,0.7098116114453223,0.7462828382661901,0.008674796899752701,0.09367415163266336,0.9195439543954395,1.7609133030007915,5,5,0.015330173355117771
uci_credit,17,pr_auc,quadratic,True,True,0.9731786932834932,0.9119404297479781,0.005110609221054608,0.05518653504406593,0.9840984098409841,14.673205685842065,15,15,0.0
uci_credit,17,pr_auc,special_cubic,False,,0.9760311993148203,0.90642199648932,0.005268309503126843,0.056889449856488736,0.9913951395139513,101.89324486271012,25,25,0.0
uci_credit,18,roc_auc,linear,False,,0.8706260862218065,0.8840745836856195,0.005523173947875821,0.08321652072542474,0.9664086408640864,1.7609133030007915,5,5,0.0
uci_credit,18,roc_auc,quadratic,False,,0.995185704206808,0.9923526167807972,0.0014185864783916257,0.021373549374682513,0.9939153915391539,14.673205685842065,15,15,0.00040481319152207984
uci_credit,18,roc_auc,special_cubic,True,True,0.9963424695011188,0.9938826870904668,0.0012687607559468664,0.019116156170215153,0.9949114911491148,101.89324486271012,25,25,0.0
uci_credit,18,log_loss,linear,False,,0.8114003176983569,0.7965946834441582,0.027321685311001275,0.09453067127642935,0.9680168016801679,1.7609133030007915,5,5,0.011272698147605453
uci_credit,18,log_loss,quadratic,True,True,0.9941067737347321,0.9914790643912313,0.0055920362298700526,0.019347962345458866,0.9939513951395138,14.673205685842065,15,15,0.0
uci_credit,18,log_loss,special_cubic,False,,0.9960373914290609,0.992769317102793,0.005151289915055479,0.017823018165487006,0.9969396939693969,101.89324486271012,25,25,0.000602335967697265
uci_credit,18,brier,linear,False,,0.8284002912907149,0.7899531048680891,0.01210142055442462,0.09424352679420768,0.9549354935493548,1.7609133030007915,5,5,0.014178834557992376
uci_credit,18,brier,quadratic,True,True,0.9999999999999974,0.9999999999999857,3.158602605727126e-09,2.459858724571465e-08,0.9999999999999999,14.673205685842065,15,15,3.323365749263729e-09
uci_credit,18,brier,special_cubic,False,,0.9999999999999974,0.9999999999999862,3.0991769460758166e-09,2.4135791681968713e-08,0.9999999999999999,101.89324486271012,25,25,3.349490740323091e-09
uci_credit,18,pr_auc,linear,False,,0.7453399796002166,0.710418625505588,0.008630545034415255,0.13079359755340716,0.9284728472847283,1.7609133030007915,5,5,0.0
uci_credit,18,pr_auc,quadratic,True,True,0.9763639629068953,0.9491956921051149,0.003614957369940637,0.05478371036027778,0.9869546954695467,14.673205685842065,15,15,0.0008521130057972393
uci_credit,18,pr_auc,special_cubic,False,,0.9790529576003506,0.9499700447500247,0.003587302231567121,0.05436460414806455,0.9883708370837083,101.89324486271012,25,25,0.0007007208924056929
uci_credit,19,roc_auc,linear,False,,0.8546879921095536,0.888074261265003,0.005832951086550579,0.056241801514238174,0.9580198019801979,1.7609133030007915,5,5,0.021211066046693983
uci_credit,19,roc_auc,quadratic,True,True,0.995638558941482,0.9926710155505724,0.001492606229782352,0.014391833922265567,0.9947074707470746,14.673205685842065,15,15,0.0
uci_credit,19,roc_auc,special_cubic,False,,0.9967461416909468,0.9935390306339758,0.0014014325192365984,0.013512729390829615,0.995103510351035,101.89324486271012,25,25,3.504692218503358e-05
uci_credit,19,log_loss,linear,False,,0.8081591557465846,0.7980748448174684,0.0365820360735335,0.05845615424090737,0.9572277227722771,1.7609133030007915,5,5,0.2196921871809836
uci_credit,19,log_loss,quadratic,True,True,0.9937749487207653,0.9953526718247964,0.005549761653794339,0.008868224900942185,0.988118811881188,14.673205685842065,15,15,0.0026126507086624007
uci_credit,19,log_loss,special_cubic,False,,0.9958106070923981,0.9961076390246186,0.005079011730195639,0.008115991479941052,0.9968916891689167,101.89324486271012,25,25,0.0002476407579839468
uci_credit,19,brier,linear,False,,0.8271085311240501,0.786036117070256,0.01589876528211816,0.06201363965458134,0.9448424842484248,1.7609133030007915,5,5,0.08906727681791321
uci_credit,19,brier,quadratic,True,True,0.9999999999999973,0.9999999999999893,3.5493797299333175e-09,1.3844468527183337e-08,0.9999999999999999,14.673205685842065,15,15,0.0
uci_credit,19,brier,special_cubic,False,,0.9999999999999973,0.9999999999999898,3.4740872053286937e-09,1.3550787640230035e-08,0.9999999999999999,101.89324486271012,25,25,0.0
uci_credit,19,pr_auc,linear,False,,0.7259978642471054,0.7756386806549029,0.009445465233007898,0.06785439578867992,0.9140594059405939,1.7609133030007915,5,5,0.04497414729403981
uci_credit,19,pr_auc,quadratic,True,True,0.9718757638115774,0.9720364718133816,0.0033346122722836304,0.023955209758711685,0.9857665766576655,14.673205685842065,15,15,0.00054898586597385
uci_credit,19,pr_auc,special_cubic,False,,0.9747398330540857,0.9722954419698098,0.003319135438737817,0.023844027179233944,0.9917071707170715,101.89324486271012,25,25,0.00010287443853718159
uci_credit,20,roc_auc,linear,False,,0.8658494758543084,0.8630260309511684,0.005760738255145191,0.09130517199330496,0.972121212121212,1.7609133030007915,5,5,0.0
uci_credit,20,roc_auc,quadratic,True,True,0.9955899412530282,0.9916562945522738,0.0014218003111691082,0.022534910666264608,0.9964596459645962,14.673205685842065,15,15,0.0
uci_credit,20,roc_auc,special_cubic,False,,0.9965836788515554,0.9920640553276452,0.0013866231244699374,0.021977367702228752,0.9971797179717969,101.89324486271012,25,25,0.00017996476648818316
uci_credit,20,log_loss,linear,False,,0.8015925405724831,0.8401373274397212,0.030541796205419247,0.10018149047793828,0.9788298829882986,1.7609133030007915,5,5,0.009652329585092878
uci_credit,20,log_loss,quadratic,True,True,0.9925339990979511,0.9879816100461352,0.008374216526397978,0.02746863634204569,0.9926072607260726,14.673205685842065,15,15,0.001470425250818863
uci_credit,20,log_loss,special_cubic,False,,0.9949541604155104,0.9880109171978205,0.008363999923505526,0.02743512441306473,0.9967116711671166,101.89324486271012,25,25,3.743891231200447e-06
uci_credit,20,brier,linear,False,,0.8275100492745684,0.8507988370977556,0.013127329373914665,0.09673007602800675,0.9758295829582958,1.7609133030007915,5,5,0.015141083143607126
uci_credit,20,brier,quadratic,True,True,0.9999999999999973,0.9999999999999842,4.267032429756188e-09,3.1442067124823066e-08,0.9999999999999999,14.673205685842065,15,15,0.0
uci_credit,20,brier,special_cubic,False,,0.9999999999999974,0.9999999999999846,4.217745091288353e-09,3.10788883044085e-08,0.9999999999999999,101.89324486271012,25,25,0.0
uci_credit,20,pr_auc,linear,False,,0.7175516180091479,0.5258446834595831,0.009792378341872035,0.16131319314706055,0.9215841584158415,1.7609133030007915,5,5,0.0
uci_credit,20,pr_auc,quadratic,True,True,0.9670008748340393,0.8803697419197581,0.004918677997015295,0.08102706268690182,0.9840024002400239,14.673205685842065,15,15,0.0
uci_credit,20,pr_auc,special_cubic,False,,0.9712743116411083,0.8728967184408915,0.005069980092892107,0.0835195137915908,0.9878787878787878,101.89324486271012,25,25,0.00012924013770565512
uci_credit,21,roc_auc,linear,False,,0.857679538624058,0.9134499316409096,0.005060724439418312,0.06504901265394764,0.9734533453345334,1.7609133030007915,5,5,0.0030927312394872786
uci_credit,21,roc_auc,quadratic,True,True,0.9932780428374228,0.9804495507943467,0.002405234102877928,0.03091614757269738,0.995139513951395,14.673205685842065,15,15,4.954723356087598e-05
uci_credit,21,roc_auc,special_cubic,False,,0.9946964137281927,0.9816468595249663,0.002330419882981856,0.02995450834594782,0.9963636363636362,101.89324486271012,25,25,0.00019149198279522217
uci_credit,21,log_loss,linear,False,,0.807750392293208,0.8983296629218475,0.03051440630045333,0.06638566759103706,0.9825022502250224,1.7609133030007915,5,5,0.09697278022701317
uci_credit,21,log_loss,quadratic,True,True,0.9934576980647777,0.9902328855511142,0.009457817537112558,0.020575970738978704,0.9948874887488748,14.673205685842065,15,15,0.0006070822442348356
uci_credit,21,log_loss,special_cubic,False,,0.9955999756255074,0.9900096685142803,0.009565281205650703,0.020809763502548897,0.9963396339633963,101.89324486271012,25,25,0.002247928201056293
uci_credit,21,brier,linear,False,,0.8277982727873949,0.8890610112436464,0.014186266119482933,0.07076795882522366,0.9795259525952594,1.7609133030007915,5,5,0.05151328653655263
uci_credit,21,brier,quadratic,True,True,0.9999999999999973,0.9999999999999897,4.328539276575389e-09,2.1592848091109648e-08,0.9999999999999999,14.673205685842065,15,15,3.9391229167407005e-10
uci_credit,21,brier,special_cubic,False,,0.9999999999999974,0.9999999999999898,4.296212450704068e-09,2.1431586243704293e-08,0.9999999999999999,101.89324486271012,25,25,5.426030180721853e-10
uci_credit,21,pr_auc,linear,False,,0.6762456656227778,0.6507879600429731,0.009950808005698714,0.11863565774609622,0.9196759675967595,1.7609133030007915,5,5,0.0004173740356662181
uci_credit,21,pr_auc,quadratic,True,True,0.9586317574252052,0.8008167315765138,0.007515193544744824,0.08959774208882602,0.9857905790579057,14.673205685842065,15,15,0.0
uci_credit,21,pr_auc,special_cubic,False,,0.9638757310944618,0.7923244257899797,0.007673728905056779,0.09148783450502498,0.9893189318931893,101.89324486271012,25,25,0.0003862027311060112
uci_credit,22,roc_auc,linear,False,,0.8727247614426594,0.8834268452706493,0.006709578317066253,0.054048961089861264,0.9658925892589258,1.7609133030007915,5,5,0.029302133430015975
uci_credit,22,roc_auc,quadratic,False,,0.9937906192922142,0.9933510638685287,0.001602404044048678,0.012908154541803246,0.9952355235523551,14.673205685842065,15,15,0.001224018802886917
uci_credit,22,roc_auc,special_cubic,True,True,0.9955426888849658,0.995665718565914,0.0012937623410512503,0.010421893467305415,0.9964836483648363,101.89324486271012,25,25,8.335844933116121e-05
uci_credit,22,log_loss,linear,False,,0.8139180106683441,0.8446340208950858,0.0314024918888362,0.054606160129896573,0.9582718271827182,1.7609133030007915,5,5,0.2008368412971293
uci_credit,22,log_loss,quadratic,False,,0.9943379327010976,0.9951009146723973,0.005576268162469315,0.00969663787462978,0.9949834983498349,14.673205685842065,15,15,0.0011606064912786929
uci_credit,22,log_loss,special_cubic,True,True,0.9961987948095409,0.9959897708399763,0.005045111214442602,0.008773002850354362,0.997167716771677,101.89324486271012,25,25,0.00028557142455853946
uci_credit,22,brier,linear,False,,0.8284872780765687,0.8381990743285034,0.013681668726198899,0.05798556230735536,0.9522712271227122,1.7609133030007915,5,5,0.08223072858979741
uci_credit,22,brier,quadratic,True,True,0.9999999999999974,0.9999999999999881,3.700516390625786e-09,1.5683505282300157e-08,0.9999999999999999,14.673205685842065,15,15,2.0285789714691305e-10
uci_credit,22,brier,special_cubic,False,,0.9999999999999974,0.9999999999999885,3.648911134664143e-09,1.5464792211194963e-08,0.9999999999999999,101.89324486271012,25,25,2.34675806565221e-10
uci_credit,22,pr_auc,linear,False,,0.7312991323576103,0.7421209208642114,0.01222221329829464,0.06407461347829423,0.9201200120012,1.7609133030007915,5,5,0.07662204134336492
uci_credit,22,pr_auc,quadratic,True,True,0.9696552985419941,0.9652905584279636,0.004484000130113927,0.023507246041415363,0.9784458445844583,14.673205685842065,15,15,0.010306084693498307
uci_credit,22,pr_auc,special_cubic,False,,0.9751239558041512,0.9705451037929597,0.0041306704862806715,0.021654925205041312,0.993279327932793,101.89324486271012,25,25,0.006174837242916675
uci_credit,23,roc_auc,linear,False,,0.866754910684191,0.8793858298393047,0.005839851638064368,0.07649665138138569,0.9642244224422442,1.7609133030007915,5,5,0.003517863823670142
uci_credit,23,roc_auc,quadratic,False,,0.9960654725311127,0.9934464832267218,0.0013612561505210279,0.017831195660595375,0.9929912991299128,14.673205685842065,15,15,0.0001305603925201293
uci_credit,23,roc_auc,special_cubic,True,True,0.9972512590286717,0.9947205875949467,0.001221786836221757,0.016004276729160247,0.9953555355535553,101.89324486271012,25,25,0.000423615113208764
uci_credit,23,log_loss,linear,False,,0.819064109566488,0.8333773219120104,0.025252601129851622,0.07953814365918851,0.9680168016801679,1.7609133030007915,5,5,0.03255635627595699
uci_credit,23,log_loss,quadratic,True,True,0.9951163896596397,0.9932635419305642,0.005077557722206274,0.015992788761441844,0.9926672667266725,14.673205685842065,15,15,0.002854919740880535
uci_credit,23,log_loss,special_cubic,False,,0.9967153298655059,0.9935868739466828,0.004954204756064904,0.015604263797566291,0.9968436843684367,101.89324486271012,25,25,0.0
uci_credit,23,brier,linear,False,,0.8287419626381529,0.8207732706792796,0.01144708441362636,0.08122019167968007,0.9574317431743173,1.7609133030007915,5,5,0.023653049308547114
uci_credit,23,brier,quadratic,True,True,0.9999999999999974,0.9999999999999775,4.057332207314254e-09,2.8787880623465057e-08,0.9999999999999999,14.673205685842065,15,15,1.146143457919635e-10
uci_credit,23,brier,special_cubic,False,,0.9999999999999974,0.999999999999978,4.009512635660504e-09,2.844858769651377e-08,0.9999999999999999,101.89324486271012,25,25,8.053627209569925e-11
uci_credit,23,pr_auc,linear,False,,0.7348044764864756,0.6824468719985077,0.008925814409391341,0.11221189890722037,0.9208760876087608,1.7609133030007915,5,5,0.0
uci_credit,23,pr_auc,quadratic,True,True,0.9716825114344099,0.9462776201522092,0.003671278040496497,0.046153892680878966,0.9863066306630662,14.673205685842065,15,15,0.0
uci_credit,23,pr_auc,special_cubic,False,,0.9756860917983252,0.9429330144394154,0.0037838344003181265,0.04756890785936851,0.9929072907290728,101.89324486271012,25,25,0.0
uci_credit,24,roc_auc,linear,False,,0.8358711643795207,0.8813797045648595,0.005269827319697876,0.08888568009649248,0.9647404740474046,1.7609133030007915,5,5,0.0008098280246386924
uci_credit,24,roc_auc,quadratic,True,True,0.9945116715841388,0.9897237594052652,0.0015510793492932223,0.026161909011746746,0.9966396639663966,14.673205685842065,15,15,0.00014465623140424988
uci_credit,24,roc_auc,special_cubic,False,,0.9957815810321887,0.9909992570528231,0.0014516304291968265,0.024484513461310253,0.9973597359735974,101.89324486271012,25,25,0.00026026473918117077
uci_credit,24,log_loss,linear,False,,0.816470940837341,0.8802077799122755,0.028586088781451656,0.08135645446935275,0.9674887488748873,1.7609133030007915,5,5,0.044554064125476134
uci_credit,24,log_loss,quadratic,True,True,0.9951833496055875,0.9924230175504779,0.007189332536403403,0.020460952515562625,0.9972157215721572,14.673205685842065,15,15,0.001131388065660155
uci_credit,24,log_loss,special_cubic,False,,0.9967689612310515,0.9919616748569139,0.007404968507625548,0.021074655852483356,0.9987878787878786,101.89324486271012,25,25,0.00029853421304121275
uci_credit,24,brier,linear,False,,0.8256292841871219,0.8734935745635114,0.01306621411443322,0.08340596030315153,0.9601200120012,1.7609133030007915,5,5,0.029601886217208495
uci_credit,24,brier,quadratic,True,True,0.9999999999999974,0.9999999999999838,4.682797258037462e-09,2.9891841568717594e-08,0.9999999999999999,14.673205685842065,15,15,9.547394375086782e-09
uci_credit,24,brier,special_cubic,False,,0.9999999999999974,0.999999999999984,4.648895565071615e-09,2.9675435865202018e-08,0.9999999999999999,101.89324486271012,25,25,9.557109381663764e-09
uci_credit,24,pr_auc,linear,False,,0.7035277841422778,0.6564722300481889,0.008499419238901604,0.14426353728237318,0.9267086708670865,1.7609133030007915,5,5,0.0
uci_credit,24,pr_auc,quadratic,True,True,0.9707151328832964,0.8976376142267716,0.0046395784899110745,0.07874914575225503,0.9848064806480646,14.673205685842065,15,15,8.384237553304974e-05
uci_credit,24,pr_auc,special_cubic,False,,0.9732677446031036,0.8916993976526902,0.0047722563289219234,0.08100113189821198,0.9851305130513051,101.89324486271012,25,25,0.00039297288749740034
uci_credit,25,roc_auc,linear,False,,0.8609209166652736,0.9168238482033516,0.005757474975769681,0.056699142559272074,0.9774977497749774,1.7609133030007915,5,5,0.013522552033573887
uci_credit,25,roc_auc,quadratic,True,True,0.9902905989096157,0.9830844763120157,0.0025964225425098354,0.025569356792939004,0.9937833783378337,14.673205685842065,15,15,0.0002547485453434639
uci_credit,25,roc_auc,special_cubic,False,,0.9922330483900502,0.9826930652058068,0.0026262902777521536,0.02586349180621371,0.9965076507650764,101.89324486271012,25,25,0.0004623370608292099
uci_credit,25,log_loss,linear,False,,0.7756157724739672,0.8637817991128772,0.046388771758548566,0.06928241244160702,0.9716651665166515,1.7609133030007915,5,5,0.19928259318669916
uci_credit,25,log_loss,quadratic,True,True,0.9868225971343962,0.9868884769441063,0.014392024023931967,0.0214947304379065,0.9636123612361235,14.673205685842065,15,15,8.50596858327779e-05
uci_credit,25,log_loss,special_cubic,False,,0.9910942894009006,0.9860139324280326,0.014864253895490074,0.022200013709876436,0.9937833783378337,101.89324486271012,25,25,0.0001589039989403629
uci_credit,25,brier,linear,False,,0.8291300827418502,0.8621885673662055,0.01983400801100035,0.07254370296467541,0.963036303630363,1.7609133030007915,5,5,0.08501496812760206
uci_credit,25,brier,quadratic,True,True,0.9999999999999976,0.9999999999999966,3.1468935944297715e-09,1.150989321216066e-08,0.9999999999999999,14.673205685842065,15,15,5.888585008495539e-09
uci_credit,25,brier,special_cubic,False,,0.9999999999999976,0.9999999999999967,3.096864876258297e-09,1.1326911110473395e-08,0.9999999999999999,101.89324486271012,25,25,6.165355059817301e-09
uci_credit,25,pr_auc,linear,False,,0.6698992540837259,0.7797644473305961,0.00970019727468711,0.08146248110783298,0.94019801980198,1.7609133030007915,5,5,0.025552473820027566
uci_credit,25,pr_auc,quadratic,True,True,0.9425712854796026,0.8632794330090903,0.007642822576123203,0.06418460079597077,0.9719651965196519,14.673205685842065,15,15,0.0
uci_credit,25,pr_auc,special_cubic,False,,0.9516603696638666,0.8523904370053561,0.007941345657240629,0.06669160453694002,0.987206720672067,101.89324486271012,25,25,0.0
uci_credit,26,roc_auc,linear,False,,0.8633812964465766,0.8869409709522516,0.005440642698461309,0.07526062431413699,0.9448664866486647,1.7609133030007915,5,5,0.0026668234019694426
uci_credit,26,roc_auc,quadratic,True,True,0.995220889023685,0.9909811273030015,0.001536645570013929,0.021256478574031033,0.9908310831083107,14.673205685842065,15,15,0.00012822469250795
uci_credit,26,roc_auc,special_cubic,False,,0.9962232578342292,0.9918452699875119,0.0014611754720361826,0.020212497742049428,0.9907590759075906,101.89324486271012,25,25,0.0004601007420458325
uci_credit,26,log_loss,linear,False,,0.8063806526302555,0.8150868264527276,0.027093070253401488,0.0827693971711562,0.9550315031503149,1.7609133030007915,5,5,0.02257501939604356
uci_credit,26,log_loss,quadratic,True,True,0.993328136906066,0.9897293279625659,0.006385188574198431,0.01950676701339179,0.9884428442844283,14.673205685842065,15,15,0.0012098729420777499
uci_credit,26,log_loss,special_cubic,False,,0.9955144422649186,0.991274734660314,0.005885232417526948,0.01797939970829607,0.9955595559555954,101.89324486271012,25,25,0.0
uci_credit,26,brier,linear,False,,0.8282383145509215,0.8073763740953239,0.012086858093199333,0.08339523087095503,0.9384338433843382,1.7609133030007915,5,5,0.020307534802469773
uci_credit,26,brier,quadratic,True,True,0.9999999999999974,0.999999999999987,3.1357637585448695e-09,2.163570884875039e-08,0.9999999999999999,14.673205685842065,15,15,7.39740213528961e-11
uci_credit,26,brier,special_cubic,False,,0.9999999999999974,0.9999999999999873,3.0949701257389773e-09,2.1354246586210346e-08,0.9999999999999999,101.89324486271012,25,25,0.0
uci_credit,26,pr_auc,linear,False,,0.733870758030262,0.7195627221952668,0.008376310645817257,0.11234887006105669,0.8983258325832582,1.7609133030007915,5,5,0.0008220572717408947
uci_credit,26,pr_auc,quadratic,True,True,0.9740534603865616,0.9473293452503685,0.003630105630168934,0.04868948669608087,0.9752775277527751,14.673205685842065,15,15,0.0
uci_credit,26,pr_auc,special_cubic,False,,0.976751146500277,0.9481605651049345,0.00360134753355697,0.048303763219949496,0.9851905190519051,101.89324486271012,25,25,0.0
uci_credit,27,roc_auc,linear,False,,0.8555328747944171,0.8679404303553797,0.005629699344622316,0.07999202536614805,0.9572517251725171,1.7609133030007915,5,5,0.0
uci_credit,27,roc_auc,quadratic,False,,0.9936315868895658,0.9876911761944835,0.0017187334945826648,0.024421370464061322,0.9927272727272726,14.673205685842065,15,15,0.0
uci_credit,27,roc_auc,special_cubic,True,True,0.9950433194702386,0.9906408713466154,0.0014987112649879294,0.021295089166700268,0.9963876387638763,101.89324486271012,25,25,0.0
uci_credit,27,log_loss,linear,False,,0.8052187052070077,0.8090441200281324,0.030478290361655374,0.0782251682076835,0.9556915691569156,1.7609133030007915,5,5,0.05241715179507167
uci_credit,27,log_loss,quadratic,True,True,0.9929806936637511,0.9899048557959043,0.0070077782008175485,0.017986068838387322,0.9902910291029101,14.673205685842065,15,15,0.0023458612946422597
uci_credit,27,log_loss,special_cubic,False,,0.9952814997646455,0.9903194394192422,0.006862373279003638,0.017612874530827726,0.9948994899489947,101.89324486271012,25,25,0.0005243306140899628
uci_credit,27,brier,linear,False,,0.8280050718956318,0.8040090222101064,0.013510809690116917,0.07843881420251918,0.9443144314431442,1.7609133030007915,5,5,0.034360085460370005
uci_credit,27,brier,quadratic,True,True,0.9999999999999973,0.9999999999999867,3.516833949295412e-09,2.0417450253309535e-08,0.9999999999999999,14.673205685842065,15,15,0.0
uci_credit,27,brier,special_cubic,False,,0.9999999999999973,0.9999999999999869,3.486993667729353e-09,2.0244208504280747e-08,0.9999999999999999,101.89324486271012,25,25,0.0
uci_credit,27,pr_auc,linear,False,,0.6882394034280692,0.598806568182235,0.009079225694168297,0.13286551058680057,0.8925052505250525,1.7609133030007915,5,5,0.0
uci_credit,27,pr_auc,quadratic,True,True,0.9580321437135004,0.8835752690295968,0.004890964678287308,0.07157444270385863,0.9711611161116112,14.673205685842065,15,15,0.0
uci_credit,27,pr_auc,special_cubic,False,,0.9642986066955597,0.8815747867590729,0.0049328055112881275,0.07218674201519767,0.9803420342034204,101.89324486271012,25,25,0.00048674751410615613
uci_credit,28,roc_auc,linear,False,,0.8476227484335362,0.8754105576761031,0.005123182854196545,0.08251920943299061,0.9686528652865286,1.7609133030007915,5,5,0.0
uci_credit,28,roc_auc,quadratic,True,True,0.9946868744646437,0.9869297778030495,0.001659360398518337,0.026727351364783495,0.9908190819081907,14.673205685842065,15,15,0.0
uci_credit,28,roc_auc,special_cubic,False,,0.9959237560796508,0.9880931427922095,0.0015837907732361755,0.025510149888103177,0.9933873387338733,101.89324486271012,25,25,0.0
uci_credit,28,log_loss,linear,False,,0.82466714778939,0.8502199721047563,0.025567830184963017,0.07442241190394429,0.9873027302730272,1.7609133030007915,5,5,0.052224486871201736
uci_credit,28,log_loss,quadratic,True,True,0.996197222080735,0.9939401727066545,0.005142769303819491,0.01496948676078547,0.9973957395739573,14.673205685842065,15,15,0.0016609017646692648
uci_credit,28,log_loss,special_cubic,False,,0.9974547343082,0.9939388520064895,0.0051433296899418045,0.014971117923325205,0.9982718271827181,101.89324486271012,25,25,0.00021282134411620968
uci_credit,28,brier,linear,False,,0.825613520336703,0.8296650457411022,0.01206146364391497,0.07911991539192789,0.9828622862286228,1.7609133030007915,5,5,0.031775835589874346
uci_credit,28,brier,quadratic,True,True,0.9999999999999973,0.9999999999999785,4.2894617303151325e-09,2.813770029897364e-08,0.9999999999999999,14.673205685842065,15,15,0.0
uci_credit,28,brier,special_cubic,False,,0.9999999999999973,0.9999999999999788,4.252102883634472e-09,2.7892636443062163e-08,0.9999999999999999,101.89324486271012,25,25,0.0
uci_credit,28,pr_auc,linear,False,,0.6911582605137221,0.6057395362826614,0.00823691981930496,0.13928263484359124,0.9234323432343233,1.7609133030007915,5,5,0.0
uci_credit,28,pr_auc,quadratic,True,True,0.9669412502893706,0.8656956726851355,0.004807488203368635,0.08129247809057434,0.9682328232823281,14.673205685842065,15,15,0.0006131358814367438
uci_credit,28,pr_auc,special_cubic,False,,0.9707198931465171,0.8619222563963258,0.004874556010509441,0.08242656475120443,0.9796579657965796,101.89324486271012,25,25,0.0001919222114052932
uci_credit,29,roc_auc,linear,False,,0.8594559072137117,0.8658254585095095,0.006103033410090226,0.06671523801145925,0.9148754875487548,1.7609133030007915,5,5,0.008732869839838342
uci_credit,29,roc_auc,quadratic,True,True,0.9926087490740715,0.9833513204152935,0.002149812506473327,0.023500650154110722,0.9857065706570657,14.673205685842065,15,15,0.0003957457827357125
uci_credit,29,roc_auc,special_cubic,False,,0.9939986163498058,0.9842799126874937,0.002088998674632696,0.022835864465910374,0.9884668466846684,101.89324486271012,25,25,0.000489856816425327
uci_credit,29,log_loss,linear,False,,0.7753796391373488,0.8379244929209174,0.035797811858727824,0.06417708539854049,0.9536033603360335,1.7609133030007915,5,5,0.13100633453535038
uci_credit,29,log_loss,quadratic,True,True,0.987362928094114,0.9798840653350884,0.012611533414101435,0.022609523177490043,0.9672247224722471,14.673205685842065,15,15,0.0
uci_credit,29,log_loss,special_cubic,False,,0.9914489267470233,0.9820800924071195,0.01190325313984918,0.02133974267173809,0.9862586258625861,101.89324486271012,25,25,0.00016087573259288002
uci_credit,29,brier,linear,False,,0.8283876864872121,0.8335691902870053,0.015878639377827686,0.06725926012196169,0.9518031803180317,1.7609133030007915,5,5,0.06475491093640035
uci_credit,29,brier,quadratic,True,True,0.9999999999999974,0.9999999999999944,2.9025550531437926e-09,1.2294737646747961e-08,0.9999999999999999,14.673205685842065,15,15,1.363044677127334e-10
uci_credit,29,brier,special_cubic,False,,0.9999999999999974,0.9999999999999947,2.8495112734819383e-09,1.2070053069610298e-08,0.9999999999999999,101.89324486271012,25,25,1.2891865353026333e-10
uci_credit,29,pr_auc,linear,False,,0.6834210651032344,0.69946946687021,0.009530762179499845,0.09179251532532412,0.7940834083408341,1.7609133030007915,5,5,0.011094109775158567
uci_credit,29,pr_auc,quadratic,True,True,0.9518380900800776,0.8770892910423204,0.006095062926758544,0.058702666856666745,0.958031803180318,14.673205685842065,15,15,0.00041194094120688973
uci_credit,29,pr_auc,special_cubic,False,,0.9589480874544017,0.8801459093827805,0.006018797922696535,0.057968144640887856,0.9803900390039003,101.89324486271012,25,25,0.0008076897236055647
