dataset,rep,method,oof_roc_auc,oof_log_loss,oof_brier,oof_pr_auc,cost_weighted,cost_support,n_eff,entropy,n_support,holdout_roc_auc,holdout_log_loss,holdout_brier,holdout_pr_auc,holdout_f1,holdout_balanced_accuracy,holdout_threshold,w_lr,w_gnb,w_knn,w_rf,w_xgb
santander,0,best_single,0.8879774788654465,0.21104236754846878,0.06046963381063898,0.5829873063331129,0.7780542015098035,0.7780542015098035,1.0,-0.0,1.0,0.8797892036482402,0.21786883009790273,0.062468795568299755,0.5641602134834564,0.5347545073137544,0.7593619589655944,0.27,0.0,1.0,0.0,0.0,0.0
santander,0,uniform_voting,0.8893343526619897,0.22670691557075598,0.06602344125367211,0.5866535427625682,29.419726659543812,147.09863329771906,4.999999999999999,1.6094379124341005,5.0,0.8887754874875207,0.22643088842544015,0.06586233218094324,0.5837819009002752,0.5485181644359466,0.7569180224502834,0.19,0.2,0.2,0.2,0.2,0.2
santander,0,stacking_lr,0.8869297186499164,0.21504000246289634,0.06059094139346307,0.589922150926523,,,,,,0.8864735279964823,0.21624767169641262,0.06112636135354058,0.5850792738063663,0.5542546771273386,0.7582097157348333,0.225,,,,,
santander,0,slsqp_direct_logloss,0.891665762552593,0.20870130507659682,0.059853836328756835,0.594281064688666,0.8793865268512826,1.869737499509938,1.7774933533841795,0.6291811918572343,2.0,0.8878012798707962,0.21130996517791517,0.060580804609987035,0.58336388726158,0.5502443676242699,0.7584237649993502,0.265,0.0,0.676903940114488,0.0,3.9673774671133044e-18,0.32309605988551215
santander,0,direct_auc_search,0.8923213725260116,0.21178985901573288,0.060661289121648546,0.5955821589242863,1.675902607195987,146.38194169965573,2.447803869315017,0.9841174953147238,4.0,0.8899188258263988,0.21309132572697875,0.06091006570253926,0.5878196920367614,0.5513526454393105,0.7582187727289069,0.245,0.0,0.5084193563438817,0.0029874821552030016,0.1204647245783512,0.36812843692256414
santander,0,scheffe_optimum_logloss,0.8901848962157511,0.21109275638921463,0.06060021107059688,0.5900971731031701,15.493413741645933,142.57935420027934,1.6839906225682484,0.7333528002884605,3.0,0.8846494251919944,0.21429855176245463,0.06144029620263408,0.5753619578265506,0.5431836927064922,0.7566470731390297,0.25,3.081889873839542e-17,0.7493911473691026,0.10483439308537071,0.0,0.1457744595455267
santander,0,scheffe_optimum_auc,0.8904065240871556,0.21605744730482548,0.06245597180853116,0.5911289682270605,30.646945931624685,146.38194169965573,2.3473258342834153,1.0578200757953953,4.0,0.8858389334594399,0.2176945970726422,0.06274266342460572,0.5776948842743309,0.5443482330915049,0.758730942286898,0.215,2.2494104597445855e-16,0.5991237161224191,0.21209632502886908,0.04821811131461047,0.14056184753410111
santander,0,cheapest_vertex,0.8595357968835516,0.23215568002242354,0.06655075136469506,0.5056984318109132,0.7166915980633348,0.7166915980633348,1.0,-0.0,1.0,0.8586932555123217,0.23252061569894594,0.0667682547902668,0.5050773831394283,0.4900181488203267,0.7210151991570772,0.265,1.0,0.0,0.0,0.0,0.0
santander,1,best_single,0.8873301312872166,0.21122461361533343,0.06046481476697361,0.5835213382692267,0.7891999994171783,0.7891999994171783,1.0,-0.0,1.0,0.881774842435958,0.2172917151844229,0.06242299515224963,0.5630039282211237,0.5373404135125974,0.761682761843921,0.27,0.0,1.0,0.0,0.0,0.0
santander,1,uniform_voting,0.8884238232289162,0.22707655786015676,0.0660890927929689,0.586365141202005,52.04522168030962,260.2261084015481,4.999999999999999,1.6094379124341005,5.0,0.8910673702084353,0.22611490732594103,0.06592059357116778,0.5800399520593672,0.5509315267360272,0.7558465316552314,0.195,0.2,0.2,0.2,0.2,0.2
santander,1,stacking_lr,0.8864658533759316,0.21536198252469177,0.06066546037572104,0.5901580056333838,,,,,,0.8891440518364265,0.21551677285923124,0.060899176051801535,0.5844678661231301,0.5579831932773109,0.761456060442645,0.225,,,,,
santander,1,slsqp_direct_logloss,0.890820740226978,0.20903278445492246,0.05988136763631653,0.5941786034165688,0.8619547561611166,1.81042920157779,1.7558621954922884,0.6219184452150945,2.0,0.8898419658240205,0.2110521284115228,0.060725366738289745,0.5795705096263881,0.5485365853658537,0.752892015741194,0.28,0.0,0.6864413794310911,1.450910391689506e-17,5.476344567375201e-18,0.31355862056890893
santander,1,direct_auc_search,0.8915344899082434,0.21261585096198632,0.060845035202669484,0.5955376992078149,3.8901508638260567,259.50907920196187,2.5084956733237145,1.0285106208243393,4.0,0.8919014225703058,0.21336976849461625,0.061165720772505414,0.5837843385500305,0.5522243713733075,0.7567310750306278,0.25,0.0005486749514538264,0.5103449517017538,0.01044312084400546,0.1308772309401936,0.3477860215625934
santander,1,scheffe_optimum_logloss,0.8893156351108409,0.21140704066554855,0.06062545710384501,0.5899513717901621,27.51109970073291,255.85026670014486,1.650059890552429,0.7167426250565766,3.0,0.8863387412575809,0.2139314827236116,0.06150329722202895,0.5722067530859561,0.5407941412060877,0.7611650612971828,0.24000000000000002,0.0,0.75936920254942,0.10539172003502988,9.348186243384069e-18,0.13523907741555022
santander,1,scheffe_optimum_auc,0.8895146918938875,0.21650800824147146,0.06251238763443177,0.5908162144406833,53.88043090972084,259.50907920196187,2.3023927252263725,1.0518851193767256,4.0,0.8872442609078012,0.21756097855420484,0.06281995877084828,0.5738707971452531,0.5401311327153516,0.7632732667955386,0.20500000000000002,0.0,0.6101697935965698,0.20886233102843246,0.0586607429495765,0.12230713242542142
santander,1,cheapest_vertex,0.8587191836449661,0.23244669550579133,0.0665744295145572,0.5060477567381084,0.7170291995862499,0.7170291995862499,1.0,-0.0,1.0,0.8616734905240335,0.2317057222574588,0.06678076120169503,0.502104415187541,0.49468713105076745,0.7278456245730769,0.255,1.0,0.0,0.0,0.0,0.0
santander,2,best_single,0.8879587915652346,0.21114545926401515,0.06056171240223689,0.5824296650827365,0.7819332997314632,0.7819332997314632,1.0,-0.0,1.0,0.880785390031499,0.2166457991640579,0.06190895458452362,0.5683034335949323,0.5400139178844816,0.7579513494229796,0.28,0.0,1.0,0.0,0.0,0.0
santander,2,uniform_voting,0.8891460124894295,0.22683671245339646,0.06605961919193383,0.5850466163668528,51.80120997945778,259.0060498972889,4.999999999999999,1.6094379124341005,5.0,0.8901088913409606,0.22607174397625468,0.06580008439329484,0.5858308607547785,0.5498857578065498,0.745889922261953,0.20500000000000002,0.2,0.2,0.2,0.2,0.2
santander,2,stacking_lr,0.8868072840328698,0.21553954102073813,0.06076377140338539,0.5876016698065079,,,,,,0.8876046912463806,0.21463558873566294,0.06053482516042807,0.5897235944169892,0.5589737202640429,0.7545769623256702,0.24000000000000002,,,,,
santander,2,slsqp_direct_logloss,0.8915080812724576,0.20893575132944284,0.05995953697941877,0.5922642119970346,0.8627308530516298,1.821812498383224,1.7551166233330089,0.621664237356736,2.0,0.8895207813074705,0.21021116311987229,0.060193242778977994,0.5870201302006598,0.5521094640820979,0.76875420009458,0.245,0.0,0.6867655052537829,3.314387797964184e-17,0.0,0.3132344947462171
santander,2,direct_auc_search,0.8921849485792586,0.21202463523242104,0.06074854120990146,0.5933859804092139,2.1071953796971954,258.28839159803465,2.434773100379426,0.9842727908540778,4.0,0.8915502531810099,0.21213992882387483,0.06059234195854782,0.5915232733834984,0.5564920273348519,0.7716572778132683,0.225,2.6924289743660585e-05,0.5186871033758497,0.0034422081614862675,0.12166064076463999,0.3561831234082804
santander,2,scheffe_optimum_logloss,0.8912997266478666,0.20996687825803537,0.06030062819890138,0.591814374317782,15.069010362963674,254.49542499845847,1.8906366456934942,0.7828970971429798,3.0,0.889056219735121,0.21104136908045829,0.06047582510880961,0.5859785438627546,0.5512155778315474,0.7660088246925462,0.24000000000000002,0.0,0.6725096990037246,0.05644156726054385,6.314651309413224e-17,0.2710487337357315
santander,2,scheffe_optimum_auc,0.8903240185460785,0.21639521077471027,0.06256454385932253,0.5893531665032294,53.81768026951392,258.28839159803465,2.3368423467990627,1.0619164478802596,4.0,0.8870474614144398,0.21713875274474811,0.06257812109531397,0.5813645684756346,0.5502111684655092,0.7616638873448212,0.215,1.2484633425872816e-16,0.6033037703874523,0.20972217053204242,0.05820667993588821,0.128767379144617
santander,2,cheapest_vertex,0.8597330861475689,0.2318870092851886,0.06648469964052056,0.50715528622246,0.7176582992542535,0.7176582992542535,1.0,-0.0,1.0,0.8580715308947204,0.23356934091141648,0.06702788292638535,0.49976603560620636,0.49417618455275364,0.7351069140124835,0.23500000000000001,1.0,0.0,0.0,0.0,0.0
santander,3,best_single,0.8880167450137411,0.211170187141963,0.06057955187422738,0.5822637687580996,0.7824333995813504,0.7824333995813504,1.0,-0.0,1.0,0.8796935279135175,0.21723578717473715,0.06204757638990995,0.5679129629074486,0.5404708914138455,0.7562287921150224,0.28500000000000003,0.0,1.0,0.0,0.0,0.0
santander,3,uniform_voting,0.8892647724819513,0.22670764109142902,0.06603579383631838,0.5853735216264689,51.615915020229295,258.0795751011465,4.999999999999999,1.6094379124341005,5.0,0.8892767679114156,0.22649412670873534,0.06590812952506776,0.588654284391541,0.5532277710109623,0.7557950934598823,0.195,0.2,0.2,0.2,0.2,0.2
santander,3,stacking_lr,0.8863606661144989,0.21522868440387052,0.060658622990048525,0.5887952409738344,,,,,,0.8855554322605981,0.21506856250465012,0.060724694827299,0.5879962727461242,0.556406446451023,0.7708436002311954,0.195,,,,,
santander,3,slsqp_direct_logloss,0.891727340063344,0.20882254017269283,0.05995108537952816,0.5928101881558983,0.8626439844378313,1.8127625982742757,1.7785426167154883,0.6295280451227941,2.0,0.887951204234525,0.2107868678602678,0.060243288196767296,0.5885380034297913,0.5539719626168224,0.7647587520983188,0.255,0.0,0.6764342713997417,3.703289107975164e-18,4.624860954587843e-18,0.32356572860025834
santander,3,direct_auc_search,0.8923224209370545,0.21202155633836386,0.060844512497357825,0.594073221593205,7.113125703805133,258.0795751011465,2.5120161631431617,1.0513608041794829,5.0,0.8899503248073142,0.21288958556656307,0.060797470603508735,0.5931412974174214,0.5577218480444287,0.7645857012878907,0.23500000000000001,0.001803895286174921,0.5006273326766504,0.023609710143279936,0.105488817040584,0.3684702448533107
santander,3,scheffe_optimum_logloss,0.8902684618360895,0.21118306606493187,0.060683390030089296,0.5887988885309982,27.547807550457694,253.60037509817627,1.6807268820474224,0.7321272867901102,3.0,0.8845427393327968,0.2140113677154036,0.06119580185264948,0.5796173667369735,0.5496147560121412,0.7623247022253934,0.245,0.0,0.750449413468975,0.10649146958867502,3.891931040461612e-17,0.14305911694235002
santander,3,scheffe_optimum_auc,0.8880167450137411,0.211170187141963,0.06057955187422738,0.5822637687580996,0.7824333995813507,0.7824333995813504,1.0000000000000027,4.59113738616913e-14,1.0,0.8796940395299766,0.2172357871747371,0.06204757638990993,0.5679187298952548,0.5404708914138455,0.7562287921150224,0.28500000000000003,9.677616358239401e-17,0.9999999999999987,0.0,0.0,1.1934897514720417e-15
santander,3,cheapest_vertex,0.8594007895449595,0.2322624980993688,0.06662512216311223,0.5051049069010577,0.7268709014169872,0.7268709014169872,1.0,-0.0,1.0,0.8589944455045506,0.23243218796542447,0.06662273942563397,0.5065573525521594,0.49354914379544923,0.728311886924466,0.25,1.0,0.0,0.0,0.0,0.0
santander,4,best_single,0.8889935983295703,0.20989083016550586,0.060071585313242734,0.5879620287162218,0.7754457998089492,0.7754457998089492,1.0,-0.0,1.0,0.8783146143932921,0.2208366005207312,0.06386595974290667,0.5486458846513628,0.5184339687250313,0.7481380617756133,0.275,0.0,1.0,0.0,0.0,0.0
santander,4,uniform_voting,0.8904609558944468,0.22571587727996983,0.06571714913042345,0.5910863704423681,51.74773918057326,258.7386959028663,4.999999999999999,1.6094379124341005,5.0,0.8854386903724845,0.2291831191274452,0.06681776910489577,0.5640385681232928,0.5318103940605368,0.7561031003957422,0.18000000000000002,0.2,0.2,0.2,0.2,0.2
santander,4,stacking_lr,0.8883769759797483,0.21378001830968033,0.060195718423694596,0.5948011182476421,,,,,,0.882800664548298,0.22179362366466177,0.0631016732126471,0.5643467543899943,0.5310401696312875,0.7495672692678907,0.215,,,,,
santander,4,slsqp_direct_logloss,0.8925871291677444,0.20760006401033096,0.05946937392623377,0.5988231184852123,0.8605814550996391,1.8161375017371029,1.7727216575812406,0.6275975459765069,2.0,0.8854952516461605,0.21483994459240274,0.06201997764261898,0.5648613148056268,0.5305755395683454,0.7585684694924488,0.24000000000000002,1.5041011141820087e-17,0.6790312136380194,0.0,0.0,0.3209687863619807
santander,4,direct_auc_search,0.8933832582004642,0.21157489775314697,0.0605632095879891,0.6002683503747813,5.454195809711651,258.02311670267954,2.5785604006540463,1.055510827121675,4.0,0.8870956017577483,0.2172692668771687,0.06244579783549407,0.5681778373202916,0.5363301224878106,0.7508172727247586,0.24000000000000002,4.919253324428083e-06,0.4948369986531461,0.016685934971091654,0.13614190630871403,0.35233024081372377
santander,4,scheffe_optimum_logloss,0.8911272893928518,0.21003283830376362,0.060241825090505935,0.5944650427925467,27.75585115267594,254.43390420405194,1.6640331190670115,0.7240329753698669,3.0,0.8823474415028802,0.21755781250043796,0.0627858629935821,0.5578225361286371,0.5254427258462228,0.7559947621536565,0.23,0.0,0.7553489024871106,0.10698714360901669,5.40008731188426e-17,0.1376639539038727
santander,4,scheffe_optimum_auc,0.8915629741904589,0.21536170390253906,0.06223379090985773,0.5954587594766466,54.1483811055809,258.02311670267954,2.35424035152486,1.0692113697700398,4.0,0.8831014535438427,0.22117165221829369,0.06402328883954285,0.5595566578795643,0.5259931895573213,0.7538177649827571,0.20500000000000002,2.5017634190786446e-16,0.6003835366897949,0.2110954406411114,0.06284632805759878,0.12567469461149453
santander,4,cheapest_vertex,0.8605901980440508,0.2312377304317014,0.06624120847160907,0.5102918811734609,0.7155792001867667,0.7155792001867667,1.0,-0.0,1.0,0.854423397879972,0.2361665477188322,0.06795116875932282,0.48737593314056593,0.4809688581314879,0.7236835555408063,0.25,1.0,0.0,0.0,0.0,0.0
santander,5,best_single,0.8881245917646865,0.21115136164506065,0.060577332205466246,0.5818048497380078,0.786520799738355,0.786520799738355,1.0,-0.0,1.0,0.8789219791813584,0.21763156068729195,0.06213643113844174,0.5694562434676252,0.5320490769407178,0.7554693873600314,0.28,0.0,1.0,0.0,0.0,0.0
santander,5,uniform_voting,0.88887094677009,0.22711989530579013,0.06617271019745631,0.5829536253274159,50.68480329995509,253.42401649977546,4.999999999999999,1.6094379124341005,5.0,0.8883874471444888,0.22626135591999405,0.06564904861757284,0.5875895640575864,0.5440408212853846,0.7510784736683453,0.195,0.2,0.2,0.2,0.2,0.2
santander,5,stacking_lr,0.8863097784205474,0.21559867429304394,0.060811004533191784,0.5865092581734576,,,,,,0.8868931399146568,0.215340590142736,0.060743220716740404,0.589265491316523,0.5471981513575968,0.7630237500656805,0.20500000000000002,,,,,
santander,5,slsqp_direct_logloss,0.8912110758450298,0.2092563315349509,0.06007338162294161,0.5902484263205078,0.8755076431732373,1.879212399944663,1.7016656930351544,0.6027277033664804,2.0,0.8863423571414744,0.21154517726816666,0.060446225147623184,0.5873542020134292,0.543036922711623,0.7550475111933385,0.27,0.0,0.7093555515454969,9.444408766122314e-19,0.0,0.2906444484545032
santander,5,direct_auc_search,0.8918406989671547,0.2123258899934532,0.060861158993242896,0.5914431386750356,2.6378920300106623,252.7001623995602,2.407474271019909,0.9906998706186574,4.0,0.8888687814402142,0.21312354637909567,0.06071183542573899,0.5919835541702492,0.5476021733994804,0.7587364732756452,0.245,0.0006706943022002183,0.5367195026619693,0.00565036770410868,0.12155237090305916,0.33540706442866264
santander,5,scheffe_optimum_logloss,0.8896346774815115,0.21164583967343278,0.060812279598060584,0.5863182440881772,28.27278761998618,248.97685819887556,1.5682634820541157,0.6719409130382381,3.0,0.8826266181598954,0.2148514212320857,0.06134620405152746,0.5779244202452479,0.5361136999068034,0.7547460031692566,0.25,0.0,0.7837349744413491,0.11146138448134338,9.274453395274515e-18,0.10480364107730762
santander,5,scheffe_optimum_auc,0.8898549073274734,0.21654424537486758,0.06260851342815706,0.5871241396307186,53.3281850271599,252.7001623995602,2.174750227596608,1.0072810251462516,4.0,0.8838742502053379,0.2181953991799909,0.0626222017777102,0.5794320732395208,0.536439114391144,0.7569799695242521,0.215,1.5839435183891607e-16,0.634248338878073,0.2124983414817227,0.05855555661035711,0.09469776302984717
santander,5,cheapest_vertex,0.8594678882838569,0.2323254569526677,0.06664104862746831,0.5044254356890214,0.7238541002152488,0.7238541002152488,1.0,-0.0,1.0,0.8579384864172744,0.23236968873069208,0.06650551162478183,0.5087967463309093,0.49341507720254313,0.7339339987112796,0.24000000000000002,1.0,0.0,0.0,0.0,0.0
santander,6,best_single,0.8884082431320836,0.2107579573126168,0.060430607663573166,0.5837384939001412,0.7709249999606982,0.7709249999606982,1.0,-0.0,1.0,0.8775016627534922,0.21954993812189624,0.06284267154169253,0.5591763569334043,0.5301096933064697,0.7591465960912502,0.27,0.0,1.0,0.0,0.0,0.0
santander,6,uniform_voting,0.8896540860504911,0.2265077238914219,0.06597170314094057,0.5868022618381086,51.87412164115813,259.37060820579063,4.999999999999999,1.6094379124341005,5.0,0.8861980536450599,0.2274807119908166,0.06607340076734085,0.5809052635383142,0.5419791918703122,0.7507303670640681,0.195,0.2,0.2,0.2,0.2,0.2
santander,6,stacking_lr,0.8869988195686825,0.21488110793368004,0.060588792104230495,0.5905752544974894,,,,,,0.8826300162611069,0.21783323254746448,0.061448212307949834,0.5803008286352648,0.5393696275071633,0.7599768666395648,0.2,,,,,
santander,6,slsqp_direct_logloss,0.8920152084113494,0.20848626716016647,0.0598252706735142,0.5943003642550405,0.8691494208769266,1.8492916016839445,1.769385553246412,0.6264841989679922,2.0,0.884905399351215,0.21312920236256536,0.06094497614145595,0.579644358692747,0.5396085740913327,0.7568201239494579,0.26,3.1286581463081646e-17,0.6805103136559696,2.1764555099360785e-17,8.57254594951032e-18,0.31948968634403047
santander,6,direct_auc_search,0.8926675957956722,0.21189920647410462,0.060770781273811,0.5956058348415826,6.857803763338608,258.6561291042017,2.5216414188601455,1.047518316344649,4.0,0.8867420471295551,0.21494881799546828,0.06136873094030774,0.5838976512628906,0.5417256011315417,0.7557208399359512,0.24000000000000002,0.00018648958512242447,0.503582662685724,0.02240509472638936,0.11400204116143922,0.3598237118413249
santander,6,scheffe_optimum_logloss,0.8905395119596292,0.21088048802222287,0.06057623709258414,0.5902621273626202,27.850011530495273,255.07912490284073,1.666803798901907,0.7254265802529933,3.0,0.8819765541387006,0.21600196700592472,0.06181276037718988,0.5707841236769912,0.5333484831269174,0.7580910760262058,0.24000000000000002,2.6059415193823815e-16,0.7545446083812677,0.10709286638400792,6.505221688861738e-18,0.13836252523472417
santander,6,scheffe_optimum_auc,0.8908813341501225,0.2157998287995696,0.062413748129139184,0.591588586074391,54.86673219166112,258.6561291042017,2.3419379372406954,1.055575625275942,4.0,0.8832196853420502,0.21914211772174416,0.0630636923121314,0.5735308955468514,0.5348314606741572,0.7612783774291412,0.20500000000000002,1.5304488642938105e-17,0.5998486188853095,0.2135764941416707,0.04768909257391206,0.13888579439910773
santander,6,cheapest_vertex,0.859774246868828,0.23202073709871457,0.06656202428251094,0.5059493625924063,0.7144791015889496,0.7144791015889496,1.0,-0.0,1.0,0.8579210638027207,0.23318305385508475,0.06681458081945013,0.502471248374273,0.492250320475469,0.7286537711664025,0.25,1.0,0.0,0.0,0.0,0.0
santander,7,best_single,0.8871197926333192,0.2117518203513859,0.06070097567664818,0.5803380939804615,0.7781707972753793,0.7781707972753793,1.0,-0.0,1.0,0.8835753175478914,0.2150957335373123,0.061703577061096554,0.5743430441294516,0.5394584586901181,0.758088241394473,0.28500000000000003,0.0,1.0,0.0,0.0,0.0
santander,7,uniform_voting,0.8885548387403019,0.22732410651917284,0.06622281424244521,0.582473165784653,51.313649979420006,256.56824989710003,4.999999999999999,1.6094379124341005,5.0,0.8914236281073786,0.2249044317099394,0.06536225367291686,0.5911931261408334,0.5530220774520448,0.7576010304232036,0.195,0.2,0.2,0.2,0.2,0.2
santander,7,stacking_lr,0.8860685444847608,0.2159710780330554,0.0609129703803683,0.5863709160226834,,,,,,0.8886948594990584,0.2143251246269805,0.06062928374011642,0.5929924924403281,0.5507312614259597,0.7674833171551912,0.2,,,,,
santander,7,slsqp_direct_logloss,0.8909644023586265,0.2094694788428438,0.060128609190984256,0.5902628198704943,0.8640546995698775,1.8255540984682739,1.7683208021014196,0.6261277907233167,2.0,0.89059273532283,0.20941147485394826,0.060044176375692954,0.5911785565286322,0.5511090784358564,0.7675666968105553,0.25,1.6988366702192344e-17,0.6809810055449271,0.0,0.0,0.3190189944550729
santander,7,direct_auc_search,0.8916666005035461,0.21245011548465664,0.06093322185026856,0.5911709740526736,2.649486297153784,255.84341659559868,2.4517075923581486,0.9919848964689075,4.0,0.8925733132558442,0.21137774422227304,0.06041051369585444,0.5946209099289267,0.5556483359179292,0.761410913746996,0.245,0.00011635929147661131,0.5014824513388517,0.005688394162311677,0.11410849856157276,0.3786042966457872
santander,7,scheffe_optimum_logloss,0.8894132358694472,0.21180899913588574,0.060846397341421485,0.5867380843157932,27.21395227853787,251.99112909613177,1.6801342366828005,0.7317132578731566,3.0,0.8877872726417938,0.2121662769150998,0.06081377696778054,0.5844840425352358,0.54046881910659,0.7681268476959284,0.225,0.0,0.7505828623578006,0.1058478912742183,2.7573048926239603e-17,0.14356924636798116
santander,7,scheffe_optimum_auc,0.8899074920989868,0.21666269681517553,0.06268125526198073,0.5884498524248843,53.69748011681948,255.84341659559868,2.4335127876233003,1.079965345734099,4.0,0.8892534202251665,0.21564744448529063,0.0621449081860814,0.5877272103050692,0.5484056636353171,0.7645149046319265,0.21000000000000002,0.0,0.581670564263619,0.2114505366226536,0.04653081844421716,0.1603480806695103
santander,7,cheapest_vertex,0.8585965152313926,0.23291694267590993,0.06683543611316059,0.5024049422406376,0.7248333015013486,0.7248333015013486,1.0,-0.0,1.0,0.8616681738611003,0.23003597813269872,0.06581807842540263,0.5161453949276907,0.5019446350949439,0.7377549440125664,0.245,1.0,0.0,0.0,0.0,0.0
santander,8,best_single,0.8869515205001637,0.21202436293553173,0.060834667712229486,0.5791702360994502,0.7859083008952439,0.7859083008952439,1.0,-0.0,1.0,0.886305524213286,0.21257590307287783,0.06072335817421696,0.5841058461531251,0.5453532427011366,0.769514434497883,0.27,0.0,1.0,0.0,0.0,0.0
santander,8,uniform_voting,0.8884132894205201,0.22765419937602752,0.06633222517332799,0.5816846658094558,51.38206500210799,256.91032501053996,4.999999999999999,1.6094379124341005,5.0,0.8949265484694371,0.22278718825961882,0.06469096382070166,0.6004690417749794,0.5626688593915189,0.7687304859803263,0.19,0.2,0.2,0.2,0.2,0.2
santander,8,stacking_lr,0.8858803207783077,0.21645756027150856,0.061082084344445446,0.5848468509701049,,,,,,0.8918104447191502,0.21133442104610003,0.05936022984766259,0.6009203876601222,0.562706458594373,0.775404591826858,0.20500000000000002,,,,,
santander,8,slsqp_direct_logloss,0.8906406909719186,0.20981339396280427,0.060262285626162586,0.5890509017077338,0.8674189245312969,1.8289958010427654,1.7636024260177763,0.6245421048103693,2.0,0.8938713671774535,0.20664163527351675,0.05901069370075669,0.6013776490012831,0.5589479702687249,0.7722819338549056,0.255,1.555508629833365e-17,0.6830590348168248,0.0,0.0,0.3169409651831752
santander,8,direct_auc_search,0.8913337045002291,0.2144172803269952,0.06167944845666814,0.5901611833403608,16.69656841211822,256.1939792067278,2.7309104335096697,1.137169909739423,4.0,0.895872762369365,0.210074235958502,0.05997001436809235,0.6049424840843045,0.5592745997984999,0.7771362061288887,0.215,0.0,0.4776746472488055,0.061984808825833834,0.11141347132216436,0.34892707260319633
santander,8,scheffe_optimum_logloss,0.8891622589711872,0.21219191968855025,0.06100747421687705,0.5852031831010628,27.88096054804071,252.34128330484964,1.6549528296920895,0.7196803453895291,3.0,0.8905372664194314,0.20961064391948017,0.059857074457274895,0.5938686715154319,0.5520169851380043,0.7730421682582087,0.23500000000000001,0.0,0.75806514846611,0.10836139946478456,1.3697275536686759e-16,0.13357345206910543
santander,8,scheffe_optimum_auc,0.8897860350193593,0.2171725992091353,0.06288484751721071,0.5869500753069514,54.6149488884187,256.1939792067278,2.402578755737384,1.0743252644759271,4.0,0.8919943086125791,0.2132957678310372,0.06129440992150543,0.5969944989185173,0.5543331836551414,0.7734736545178499,0.20500000000000002,0.0,0.5882372426899658,0.21478444316234477,0.0501993666761831,0.1467789474715064
santander,8,cheapest_vertex,0.8579680031829655,0.23318268568421555,0.06687179486057507,0.5020903624951542,0.7163458038121462,0.7163458038121462,1.0,-0.0,1.0,0.8659137711940575,0.22787393337969958,0.06539590816030995,0.5213552722561908,0.5045986147382764,0.7407233565358311,0.245,1.0,0.0,0.0,0.0,0.0
santander,9,best_single,0.8869939504643051,0.21158710213554122,0.06061247508547885,0.5819294738307659,0.7912667002528906,0.7912667002528906,1.0,-0.0,1.0,0.8854591826857928,0.21432539570454123,0.06146599190043156,0.5735603846477768,0.5440926115083419,0.7648658458679366,0.275,0.0,1.0,0.0,0.0,0.0
santander,9,uniform_voting,0.8883609868470327,0.2274151882488979,0.06623170082590067,0.5838336346061622,51.29481334006414,256.4740667003207,4.999999999999999,1.6094379124341005,5.0,0.893668290011864,0.22391936923337644,0.0651738313708958,0.5924241301582075,0.5551877639538866,0.770400291483107,0.18000000000000002,0.2,0.2,0.2,0.2,0.2
santander,9,stacking_lr,0.885872958780649,0.21572608856792486,0.060796653739166436,0.5879665578904445,,,,,,0.8906884767380441,0.21383616512122275,0.060403040082950415,0.5921817587925611,0.5541019955654102,0.7760654758447894,0.185,,,,,
santander,9,slsqp_direct_logloss,0.890749118540853,0.2094054801627003,0.06006648171562977,0.59154259889638,0.8764033340772082,1.8555167014710605,1.7519819915215364,0.6205925831412211,2.0,0.8923323142486567,0.20853091266202492,0.05978074573548015,0.5913579450853291,0.55765639589169,0.7671365241607415,0.26,0.0,0.6881251214881232,0.0,0.0,0.31187487851187684
santander,9,direct_auc_search,0.8914483853699838,0.21345425167386783,0.06129955421587366,0.5925998487839379,12.89123006059523,255.75437920051627,2.634579645268918,1.1022040562966673,4.0,0.8942377882682198,0.21119866592679679,0.06046613414697063,0.5952931894830059,0.5581236479562792,0.7727217857350269,0.22,5.657035212740243e-05,0.48858819751838334,0.046820287362400285,0.10825080814002122,0.3562841366270678
santander,9,scheffe_optimum_logloss,0.8891960328458035,0.21182091496003086,0.06081250386816783,0.5877473642905527,27.568524708744125,251.88345839851536,1.6466253842232221,0.7152802622994692,3.0,0.8895951108824969,0.21124510988994116,0.060600386606026416,0.5837858899648918,0.551683541323287,0.7618042361842815,0.255,2.793414032754969e-17,0.7604617250870311,0.10729222352684846,7.2901001268271e-17,0.13224605138612036
santander,9,scheffe_optimum_auc,0.8869939504643051,0.21158710213554122,0.06061247508547885,0.5819294738307659,0.7912667002529724,0.7912667002528906,1.0000000000000013,2.426127709330532e-14,1.0,0.8854594834333059,0.21432539570454123,0.061465991900431546,0.5735597688580383,0.5440926115083419,0.7648658458679366,0.275,0.0,0.9999999999999993,3.26853578733215e-16,1.0706803684583464e-16,2.2204460492503116e-16
santander,9,cheapest_vertex,0.8578787356931716,0.2331113947916297,0.06682344282366964,0.5026764376583497,0.7196874998044223,0.7196874998044223,1.0,-0.0,1.0,0.8643351993506619,0.22917472346849005,0.06575441811320537,0.5160553926460866,0.502152414194299,0.7348198556965035,0.25,1.0,0.0,0.0,0.0,0.0
santander,10,best_single,0.889004619178051,0.21020330733942105,0.06024120679460774,0.5859491266692702,0.7878959004301578,0.7878959004301578,1.0,-0.0,1.0,0.8736886578779256,0.22219208021707965,0.06357101468063477,0.552268573316527,0.5236179749454086,0.7499397813600148,0.28,0.0,1.0,0.0,0.0,0.0
santander,10,uniform_voting,0.890190988322293,0.22615067883600717,0.06586984371882826,0.5882678842476247,44.75393999950029,223.76969999750145,4.999999999999999,1.6094379124341005,5.0,0.8831305188897093,0.22891074903132563,0.06646589015480929,0.5709690789587507,0.5397551767532318,0.7605841692040078,0.18000000000000002,0.2,0.2,0.2,0.2,0.2
santander,10,stacking_lr,0.8878811544803006,0.21440701570238757,0.06041937839654131,0.5920748870427461,,,,,,0.8811026613735105,0.21975945973568728,0.062105194684000095,0.5740926873248596,0.5411071849234393,0.755499185561907,0.215,,,,,
santander,10,slsqp_direct_logloss,0.8925161328117014,0.20800390772306013,0.059658727426094425,0.5961026530504633,0.8757192596175025,1.8566291953902692,1.753930889283477,0.6212594117946941,2.0,0.8816623179267642,0.21544284116319679,0.06166761031235956,0.5704551009495957,0.5361071257771401,0.7496450487971482,0.27,1.714494227824106e-17,0.6872803946413992,0.0,6.524748576298546e-18,0.3127196053586008
santander,10,direct_auc_search,0.8932379504178466,0.21144547571199326,0.060532660311136306,0.5974552309607244,1.8215181777486225,223.03904579603113,2.464855187941156,0.9899406742611415,4.0,0.8839630225747306,0.2168594981663749,0.061892079781278315,0.5748244129517265,0.5414065260925904,0.7556513568898144,0.24000000000000002,0.0,0.516525309461093,0.002029927205396273,0.13346964005612127,0.34797512327738944
santander,10,scheffe_optimum_logloss,0.8910110652931573,0.21041571560699568,0.06041056892721448,0.5921052431836118,23.859986963781644,218.5223499953281,1.6489420856532098,0.7163810030984438,3.0,0.8780999878318247,0.21843572292148775,0.0624717706071239,0.5623921731625335,0.5305348037471836,0.7479948091670607,0.255,0.0,0.7597571763104077,0.1067019635149626,4.064304019914045e-17,0.1335408601746297
santander,10,scheffe_optimum_auc,0.8913245773604004,0.21559267832254836,0.062321699389392984,0.5931040276663565,46.241926188219956,223.03904579603113,2.3197661222293426,1.0580140133878597,4.0,0.8793249566508757,0.22144025675828907,0.06365094214644516,0.5646426639304409,0.533094384707288,0.7480406472363033,0.225,0.0,0.6069599159163713,0.20935093850859884,0.060388783372604955,0.12330036220242478
santander,10,cheapest_vertex,0.8607075768652236,0.23142032763275946,0.06637496852390691,0.5082258092590698,0.7306542014703155,0.7306542014703155,1.0,-0.0,1.0,0.8527063093371386,0.23632518878975953,0.06769563593773768,0.49243540077829157,0.48301973382285457,0.7258098058899499,0.245,1.0,0.0,0.0,0.0,0.0
santander,11,best_single,0.888308639329296,0.21096641961535315,0.06051075349543759,0.5824785082120716,0.787662499351427,0.787662499351427,1.0,-0.0,1.0,0.8781977376873277,0.21826469289436437,0.06236895367002833,0.5666315674578699,0.5360534646500176,0.7534361958965594,0.29000000000000004,0.0,1.0,0.0,0.0,0.0
santander,11,uniform_voting,0.8895319889474693,0.22676226453282206,0.06607995223719922,0.5846014472172925,51.33030500030146,256.65152500150725,4.999999999999999,1.6094379124341005,5.0,0.8874127763074566,0.22649700098708744,0.06571987258508631,0.5864067146226517,0.5504201680672269,0.7513508057267857,0.2,0.2,0.2,0.2,0.2,0.2
santander,11,stacking_lr,0.8869115332991795,0.21534485208195242,0.06069849262819787,0.5885510077678927,,,,,,0.8852002114220449,0.216123039738568,0.06102058605549574,0.5877061021580682,0.5528219971056441,0.7575593405955215,0.23,,,,,
santander,11,slsqp_direct_logloss,0.8921138562845299,0.20868305647457072,0.05992238334310043,0.5926020741843605,0.871505612363625,1.8408167001325637,1.7610068368055427,0.6236654159583291,2.0,0.8860837695900707,0.21189977162510418,0.06061481840163003,0.5848542645530974,0.5460287752953563,0.7597954502086566,0.26,0.0,0.6841968597862721,4.0167933564149754e-17,0.0,0.31580314021372796
santander,11,direct_auc_search,0.8926918721725605,0.21111956456553904,0.060553058755678554,0.593679979688701,1.1997838964414294,5.634850001661107,2.3481704776463372,0.9378985653041356,3.0,0.8881866169430779,0.21296346609581204,0.06077690837825896,0.5889737496389749,0.5506732813607371,0.7605340446184863,0.245,1.9768772524917867e-05,0.5252668546551812,3.968008908861332e-05,0.10077069477378464,0.3739030017094206
santander,11,scheffe_optimum_logloss,0.8905495388487537,0.21104119659684806,0.06064639892642944,0.5889058760737941,27.06075724318418,252.136300096754,1.675330620363433,0.7292454048046569,3.0,0.8830078692142401,0.2147904279213235,0.061402062781489006,0.5772203965432021,0.5423887587822014,0.7574315747554612,0.25,2.656860553658595e-17,0.7519427688940215,0.10514761955583532,2.4375961122445276e-17,0.14290961155014326
santander,11,scheffe_optimum_auc,0.890912792963751,0.21580813696571718,0.06244104272255192,0.5905601229200796,53.62901360752466,255.93033339828256,2.4091613441041875,1.069206375942228,4.0,0.884737367913075,0.21774092487730373,0.06260544295307723,0.580862644124398,0.5428604303302266,0.7612789996653753,0.21000000000000002,0.0,0.5853090993845115,0.2111069066413648,0.04176652474296425,0.16181746923115944
santander,11,cheapest_vertex,0.8601383190555912,0.23214845377434887,0.06667780599549969,0.5040557470459286,0.7211916032247245,0.7211916032247245,1.0,-0.0,1.0,0.8562885855602477,0.23252376446685039,0.06621846653533435,0.5119923509697333,0.502475532527346,0.7368877541143642,0.245,1.0,0.0,0.0,0.0,0.0
santander,12,best_single,0.8880831574885264,0.21109810290247974,0.06056005153507731,0.5821306960780017,0.7846167020034045,0.7846167020034045,1.0,-0.0,1.0,0.8801368677734175,0.21721342849263964,0.06207293893751155,0.5679269689583453,0.5334079462786794,0.7612068202622242,0.265,0.0,1.0,0.0,0.0,0.0
santander,12,uniform_voting,0.8895737140647803,0.22683309343201746,0.06610836641478882,0.5838450551249614,51.39683584100567,256.98417920502834,4.999999999999999,1.6094379124341005,5.0,0.8886552023097409,0.22636134817123044,0.06581108200544179,0.5882170919593065,0.5535670507477323,0.7547201457968633,0.195,0.2,0.2,0.2,0.2,0.2
santander,12,stacking_lr,0.8866454317967657,0.21553482672748434,0.060804366781195995,0.5873001919855335,,,,,,0.8869083950729952,0.21502536986723653,0.06075826048311949,0.5880293755582053,0.5531864766167981,0.7625650928238186,0.21000000000000002,,,,,
santander,12,slsqp_direct_logloss,0.8918517358054164,0.20891828173605004,0.06002285180768381,0.5912783645755744,0.8653255266909866,1.8283500045072287,1.751062172963347,0.6202772333573562,2.0,0.8873571553018675,0.21113373532908963,0.06027930354195227,0.5876227467042339,0.5491612301957131,0.7624893874153413,0.255,0.0,0.6885231415829297,1.2772842855418853e-18,0.0,0.3114768584170703
santander,12,direct_auc_search,0.8925767081521274,0.21180824910613819,0.06076721324545483,0.5922790574631894,1.2355569928916776,6.401900004129857,2.4223200759241594,0.9683280185848842,4.0,0.8896833370667507,0.21260056167584832,0.06060705778604542,0.592635872506772,0.5542450075907975,0.764993611707997,0.23500000000000001,0.0011629211329618901,0.5097778729242175,6.657847062766237e-08,0.11537248284604466,0.37368665651830535
santander,12,scheffe_optimum_logloss,0.8901318983028704,0.21135997397280115,0.06074833584975215,0.5875427920930761,27.962119304432097,252.4106292054057,1.6343800294287052,0.7090794626022019,3.0,0.8843040218584676,0.21420021236330702,0.061249664048131806,0.5784220774386885,0.5429545187448584,0.7570327213294284,0.25,2.3946533189239287e-17,0.7641056563636127,0.10866609150263065,2.1605813896280834e-19,0.12722825213375671
santander,12,scheffe_optimum_auc,0.8908461289740329,0.21611420787199148,0.06254980791392124,0.5896346896695881,53.74818506084574,256.2650542065967,2.424529692714905,1.077137206918948,4.0,0.8864021056474161,0.21719897431997637,0.06253894099968559,0.5833899198523693,0.5460815792603163,0.7564865361906421,0.22,3.4859279843184813e-17,0.5833346953684951,0.21129581509917975,0.0459506132795347,0.15941887625279041
santander,12,cheapest_vertex,0.8599024161992046,0.23205502615991627,0.06660389781588842,0.5052221979230516,0.7191249984316528,0.7191249984316528,1.0,-0.0,1.0,0.8573394284829328,0.23297105826323486,0.06656840962446466,0.5066544700086316,0.4957304408031387,0.7324504492545609,0.245,1.0,0.0,0.0,0.0,0.0
santander,13,best_single,0.8874015079407526,0.21152446318333523,0.06064271671276507,0.5812363996365477,0.7806457986589521,0.7806457986589521,1.0,-0.0,1.0,0.8847726245094705,0.21389050631296605,0.061272945846844826,0.5768237626816425,0.5405344711430496,0.7649284151781393,0.265,0.0,1.0,0.0,0.0,0.0
santander,13,uniform_voting,0.8889936475953818,0.22704810258133565,0.0661387581774528,0.5840634317083087,51.7313191795256,258.656595897628,4.999999999999999,1.6094379124341005,5.0,0.89188568690732,0.22497957910022634,0.06544684414501141,0.5942805616696135,0.5563855421686746,0.7597988379392642,0.19,0.2,0.2,0.2,0.2,0.2
santander,13,stacking_lr,0.8866422932620589,0.2155939664406548,0.06077355363916195,0.5879730196352322,,,,,,0.8891511660707027,0.21332759207587032,0.06015605279614008,0.5950800731296803,0.557111445434556,0.7686110166233866,0.2,,,,,
santander,13,slsqp_direct_logloss,0.8912621459089154,0.20913608280388885,0.06001115875194673,0.5919581162032049,0.880589472388038,1.867854199372232,1.7839866336742851,0.6313197435299673,2.0,0.8916399174223381,0.20860823920434612,0.059732514473688506,0.5941240841412175,0.5556828597616865,0.7698909565568488,0.245,0.0,0.673986086171808,0.0,2.0131771203573517e-18,0.32601391382819195
santander,13,direct_auc_search,0.8919922652364674,0.21258417610361813,0.060930308354111125,0.5932016688366966,4.172167353513835,258.656595897628,2.520404250645203,1.0344060794384005,5.0,0.8930177558566257,0.21149602516656615,0.06037464694632046,0.5974138046291323,0.5549994438883327,0.7759153786376622,0.215,0.0011702897140729832,0.5005948961116329,0.011504788809415942,0.12593479729035026,0.3607952280745279
santander,13,scheffe_optimum_logloss,0.8897941720892378,0.21148879854408073,0.06074574869036567,0.5881820742220085,27.28571221048177,254.0748125000391,1.7014039316921428,0.741655693954929,3.0,0.8890651038857962,0.21128617493701568,0.06054678363346161,0.5874547447559576,0.5492144177449169,0.764254325924574,0.24000000000000002,8.896940098380175e-17,0.7443449012341805,0.10523541907812961,3.754433669009866e-17,0.15041967968768982
santander,13,scheffe_optimum_auc,0.8902657617238902,0.21656725909391616,0.06264295693638501,0.5896647693705169,53.74518173010962,257.93945839977823,2.4422264091235086,1.0894415425283417,4.0,0.8901872170553569,0.21539550729952098,0.062101756426456885,0.5903103506567156,0.5530628850401024,0.7652673956509836,0.21000000000000002,0.0,0.5823339435288915,0.20979195409054666,0.05529992887413955,0.15257417350642236
santander,13,cheapest_vertex,0.8587817503613547,0.2326547467797378,0.0667353629333007,0.5038367512486743,0.7171374978497624,0.7171374978497624,1.0,-0.0,1.0,0.8620865516774107,0.23043716036867495,0.0660580447458336,0.5126616834920111,0.502432952359398,0.7400299088216505,0.23500000000000001,1.0,0.0,0.0,0.0,0.0
santander,14,best_single,0.887619994900591,0.2110837683409617,0.06043081615133138,0.5835620076725604,0.7864292012527585,0.7864292012527585,1.0,-0.0,1.0,0.8826535229632825,0.21683520235942924,0.062403421540678156,0.5639989175100343,0.5323905109489052,0.7567520927878673,0.275,0.0,1.0,0.0,0.0,0.0
santander,14,uniform_voting,0.8888876586841203,0.2268551542418333,0.06604747911838152,0.5852180847192234,51.50295417988673,257.51477089943364,4.999999999999999,1.6094379124341005,5.0,0.8906879028979615,0.22606930392772884,0.0658573760952898,0.5834942827993564,0.5448275862068965,0.76267495208781,0.18000000000000002,0.2,0.2,0.2,0.2,0.2
santander,14,stacking_lr,0.8867792684240985,0.21527889532977584,0.06059468432488259,0.5884604500221078,,,,,,0.8874510542064552,0.2159982073947875,0.06116421928217621,0.5869424924122737,0.550126175728378,0.7662965052447601,0.2,,,,,
santander,14,slsqp_direct_logloss,0.8913430010453047,0.20888741749936862,0.0598726534749389,0.5930838923815024,0.8875238686486635,1.8954458995722234,1.7554670750335408,0.6217837589374333,2.0,0.8900105296198275,0.2106208417599637,0.060555400322046884,0.5834775452724492,0.5480910841735585,0.7676855439312609,0.245,3.959086812652199e-17,0.6866131876927642,0.0,7.552775821365029e-18,0.3133868123072358
santander,14,direct_auc_search,0.8921155391009358,0.21210595529867832,0.06073155620980991,0.594011187691058,1.455639200873365,6.4477042004000396,2.4683616167555376,0.986987420650882,4.0,0.8919372979460674,0.21263718121248165,0.0608689831888169,0.5887011579022602,0.5515364553804286,0.7695942881479207,0.225,0.0011013927862942253,0.5026151498489007,0.0006642657669832712,0.12598145675213038,0.3696377348456915
santander,14,scheffe_optimum_logloss,0.889710541213307,0.21126029751600528,0.060603934509851055,0.5893765922082869,27.443661539141633,252.96251259860583,1.6533211792585774,0.7185500946074934,3.0,0.886962899510231,0.21354096328461064,0.06142694910425831,0.5750131314170933,0.5413516609392898,0.7612901307802289,0.24000000000000002,0.0,0.7584552392121332,0.10633509510096115,4.5083020154096646e-17,0.13520966568690573
santander,14,scheffe_optimum_auc,0.8902574509272023,0.21626170576991327,0.062492002636100344,0.5910047679621832,53.179104970138155,256.79534589871764,2.4211424699374753,1.0840388345501004,4.0,0.8885574006012185,0.21694977567166399,0.06270276345918174,0.5791120843291361,0.5445955289237151,0.762012754460051,0.21000000000000002,0.0,0.5866161923256192,0.20847019645340045,0.05526052384840913,0.14965308737257124
santander,14,cheapest_vertex,0.8593200048500377,0.23205104965176132,0.06648977003627943,0.5069231319861943,0.7194250007160008,0.7194250007160008,1.0,-0.0,1.0,0.8597339801824673,0.23284474692540708,0.06699579686507141,0.5007854573615718,0.49009172234175064,0.7323699042309298,0.24000000000000002,1.0,0.0,0.0,0.0,0.0
santander,15,best_single,0.8878795647935648,0.21108755028140863,0.06048419562689659,0.5829958848919848,0.783362501533702,0.783362501533702,1.0,-0.0,1.0,0.8807879481137946,0.21727772954848523,0.06234103016345839,0.5663449032572763,0.5316063323369865,0.7623338974941856,0.265,0.0,1.0,0.0,0.0,0.0
santander,15,uniform_voting,0.8888668201101363,0.22704218064308734,0.06612530567916262,0.5852038320753487,51.59964834107087,257.9982417053543,4.999999999999999,1.6094379124341005,5.0,0.8909820547070098,0.2252295521355536,0.06548671395629994,0.589125372490983,0.5543867760952491,0.7672275780629925,0.185,0.2,0.2,0.2,0.2,0.2
santander,15,stacking_lr,0.8866906757462762,0.21537747673999724,0.06070939805124742,0.588961810130446,,,,,,0.888717004195255,0.21492897776656528,0.06079413756158899,0.5888424089591414,0.5521554612463704,0.7732492346494322,0.19,,,,,
santander,15,slsqp_direct_logloss,0.8913400839906719,0.2089455262642474,0.05993825786554198,0.5931043095672806,0.8676695858673943,1.8403292051516473,1.7433016058125193,0.6176004606548634,2.0,0.8889568624360134,0.21047804372167794,0.06031548350394769,0.5871731837973,0.5473369377660187,0.7640167008205222,0.255,0.0,0.6918648043726708,1.873402568477349e-17,0.0,0.3081351956273292
santander,15,direct_auc_search,0.8919993098153665,0.21196006109319168,0.06071220009158964,0.5943822168649066,1.252189889264022,5.680354207288474,2.413218354291546,0.9630826288992844,3.0,0.8915398065260136,0.21203521928825447,0.06053467631138733,0.5923341802901206,0.5522302488246761,0.7676375626038789,0.23500000000000001,0.0,0.5220984833395881,3.458438618975594e-08,0.12147171331016371,0.35642976876586197
santander,15,scheffe_optimum_logloss,0.889691041027204,0.21142524351986322,0.06069709098099279,0.5886522391236231,28.208901929809173,253.4388667030726,1.615651897589223,0.6990816725294926,3.0,0.8851505051175473,0.21393974363900065,0.06133078707519695,0.5768805619835834,0.5420454545454546,0.7633594119452765,0.24000000000000002,0.0,0.7696364644328474,0.1092134567137451,0.0,0.12115007885340764
santander,15,scheffe_optimum_auc,0.8899191330916747,0.2163872415401564,0.06253816227444578,0.5894902148076161,54.118949169538396,257.2788917052094,2.2476376547485626,1.031966814488158,4.0,0.8864240636727425,0.2173279998921016,0.06260298140130749,0.5790136221528153,0.5427661510464058,0.7636088595377752,0.21000000000000002,6.082656779127723e-17,0.6198954128951587,0.21184643844856962,0.05578359596012609,0.11247455269614554
santander,15,cheapest_vertex,0.8591821444159365,0.23236941534854505,0.06664763687458905,0.505296327307967,0.7193500001449138,0.7193500001449138,1.0,-0.0,1.0,0.8605743275009057,0.23131015892847012,0.06629230538219986,0.5088818264341092,0.49821889202800634,0.7231532028573088,0.275,1.0,0.0,0.0,0.0,0.0
santander,16,best_single,0.8880669209463622,0.21086603430433443,0.06039956169830524,0.5835912177817986,0.7810333976522088,0.7810333976522088,1.0,-0.0,1.0,0.8794335265031153,0.21823881281191393,0.06261877586507325,0.563564067567734,0.5285397455351931,0.7498660809349583,0.28500000000000003,0.0,1.0,0.0,0.0,0.0
santander,16,uniform_voting,0.8895725010022092,0.2264671042252252,0.06598190927911923,0.5856737217364005,51.0801117005758,255.400558502879,4.999999999999999,1.6094379124341005,5.0,0.8879842518922896,0.22742082769666214,0.0662015797446714,0.5806357455695178,0.5455399061032864,0.7588157046894488,0.185,0.2,0.2,0.2,0.2,0.2
santander,16,stacking_lr,0.8871997799999747,0.2147074650716831,0.06049983194530989,0.5897243114266005,,,,,,0.8828189548367114,0.21847918182560425,0.061879633877602626,0.5788699717423532,0.5439173320807891,0.7577650933769176,0.21000000000000002,,,,,
santander,16,slsqp_direct_logloss,0.8920597252579829,0.20848745408269911,0.05980836781619971,0.593683758159998,0.8818127576628514,1.8710666976403445,1.7842811215126466,0.631416286521828,2.0,0.8865319663494645,0.212544735531282,0.06100084847634546,0.5800239028248666,0.5430274135876043,0.7542616268297202,0.265,0.0,0.6738531007654666,2.5531551396814022e-17,0.0,0.3261468992345335
santander,16,direct_auc_search,0.8928080072480692,0.21195521491077188,0.060768806175200134,0.5947338939628913,4.243402475577215,254.67552510090172,2.535594463077663,1.0315087925034228,4.0,0.8881424658254032,0.21501805799185295,0.061534034078440276,0.5832152152268433,0.5448763250883393,0.7577115810607884,0.23500000000000001,8.740017862315905e-05,0.48663366856870427,0.011938356029256766,0.1246568202912113,0.3766837549322045
santander,16,scheffe_optimum_logloss,0.890416910098117,0.21093013727729332,0.060561854769879596,0.5898675015888952,27.62650829398101,250.81995009677485,1.6838447876781677,0.73391664690172,3.0,0.8836395012154348,0.21526964440212773,0.06175352135707999,0.5732471171535127,0.5387833154057607,0.7512626555936273,0.255,0.0,0.7496303560571093,0.1079973972690304,2.6187327523989963e-17,0.14237224667386045
santander,16,scheffe_optimum_auc,0.8880669209463622,0.21086603430433443,0.06039956169830524,0.5835912177817986,0.7810333976522097,0.7810333976522088,1.0000000000000009,2.0313330228415455e-14,1.0,0.8794338618193082,0.21823881281191393,0.06261877586507325,0.5635678079797947,0.5285397455351931,0.7498660809349583,0.28500000000000003,0.0,0.9999999999999996,0.0,2.3566890992225114e-16,3.1918911957973236e-16
santander,16,cheapest_vertex,0.8590777726333323,0.23236358202729918,0.06661959261193211,0.5048682467578196,0.7250334019772708,0.7250334019772708,1.0,-0.0,1.0,0.8604003398792586,0.2319469877606255,0.06662839158747547,0.5063853536393506,0.4904065783462768,0.7310614797054196,0.24000000000000002,1.0,0.0,0.0,0.0,0.0
santander,17,best_single,0.8876621361843627,0.21126021081678636,0.06055281820967007,0.5821880373274296,0.7798791979439557,0.7798791979439557,1.0,-0.0,1.0,0.8819064488563298,0.21663413036459533,0.06216074814504227,0.5683801065793961,0.5348220207826664,0.7646421865104716,0.265,0.0,1.0,0.0,0.0,0.0
santander,17,uniform_voting,0.8887631717570809,0.22720819670963996,0.06618040285272825,0.5838595415412976,51.62973751896061,258.14868759480305,4.999999999999999,1.6094379124341005,5.0,0.8908723475452089,0.22532786742380967,0.06555079169332881,0.5874610906451768,0.5461975028376844,0.7661242149452847,0.18000000000000002,0.2,0.2,0.2,0.2,0.2
santander,17,stacking_lr,0.8864517298617123,0.2154825549013467,0.06074176144877751,0.5878717968207827,,,,,,0.8877401762726114,0.2151381583823093,0.06078372077583432,0.5877977012804184,0.5511457595086227,0.7608105940558464,0.225,,,,,
santander,17,slsqp_direct_logloss,0.8910998833404596,0.20915509434784785,0.06000737781975608,0.5919130382720071,0.8754560480859138,1.8731208925601095,1.735970086449247,0.615044841342948,2.0,0.8892216170398701,0.21063959736652063,0.06037713167480435,0.585095663714741,0.5469144299151181,0.7643606591832389,0.255,6.551221742070087e-17,0.694995887647882,4.352266655773043e-17,0.0,0.3050041123521179
santander,17,direct_auc_search,0.8918350705642603,0.21252425435919614,0.0608514233993488,0.5932377650766215,1.661100788698678,257.42308339104056,2.438644204841528,0.9836977076055754,4.0,0.8910592534824487,0.2127583825194582,0.06072716722885766,0.5890707650130724,0.5486421450670333,0.7656183368869935,0.23500000000000001,5.374973927622864e-05,0.5294927923341313,0.0015077407137001385,0.1351149626480685,0.3338307545648238
santander,17,scheffe_optimum_logloss,0.8895328735712964,0.21160830084325727,0.06076565561475365,0.5876771465158084,28.112790619240492,253.6967833933886,1.6174768365499215,0.700039683684281,3.0,0.885967888462081,0.21353892603249677,0.06123410483305668,0.5772047034265564,0.5391169635941131,0.7671179262110792,0.23,0.0,0.7690877857524938,0.1087245500792156,0.0,0.12218766416829058
santander,17,scheffe_optimum_auc,0.8898070404056527,0.2166520836087676,0.06262579056406088,0.5884226480340214,54.001373873362645,257.42308339104056,2.252089339216013,1.0348011920018263,4.0,0.8870094496942746,0.21699153896792417,0.06252855777314319,0.579004726284791,0.5434930729048376,0.764382230039353,0.21000000000000002,3.970238817409116e-18,0.6194143808225413,0.21117966100143998,0.058133215969775616,0.11127274220624325
santander,17,cheapest_vertex,0.8585204903053189,0.23266766297144736,0.06668505023390654,0.5043013141125586,0.7256042037624866,0.7256042037624866,1.0,-0.0,1.0,0.8625372200974007,0.23052404145978203,0.0662241281675027,0.5109252163026227,0.4997070198054611,0.732086302782917,0.255,1.0,0.0,0.0,0.0,0.0
santander,18,best_single,0.8880727917889083,0.21085963107993794,0.06045799837002272,0.5842191033168521,0.7842082995921373,0.7842082995921373,1.0,-0.0,1.0,0.8802737908567225,0.21778110556974853,0.062208822515060595,0.563872641214577,0.5339751483264301,0.7615111629180391,0.27,0.0,1.0,0.0,0.0,0.0
santander,18,uniform_voting,0.8891688999161563,0.22689684741126853,0.06609032517478951,0.5859119006425834,51.218534980434924,256.0926749021746,4.999999999999999,1.6094379124341005,5.0,0.8893681744141991,0.22597289276198754,0.0657155799949525,0.5818397339345163,0.5474556213017752,0.7582674454298823,0.19,0.2,0.2,0.2,0.2,0.2
santander,18,stacking_lr,0.886507563151696,0.21517400903323583,0.06070767658010922,0.5897076199500964,,,,,,0.8861628730997597,0.21587455610820508,0.060920817166017355,0.5840982076924622,0.5519839868126692,0.761956407512189,0.22,,,,,
santander,18,slsqp_direct_logloss,0.8914444622556199,0.2088243189296906,0.05993619022845037,0.5934238631251145,0.8730791207002059,1.86479989788495,1.7237834725129535,0.6107379806631951,2.0,0.8878026764454547,0.21164720935842246,0.06053530819512937,0.5804191574163251,0.5453541045188378,0.7713481646796589,0.24000000000000002,0.0,0.7001490249360705,2.827861734126801e-17,6.276978154514481e-18,0.2998509750639296
santander,18,direct_auc_search,0.8921402230011602,0.21217133627418297,0.060820233971436655,0.5946357542409483,4.293007418306732,256.0926749021746,2.476620159291503,1.0315630454579479,5.0,0.8899409221264439,0.21327242316227984,0.060892429556647996,0.5849886545053151,0.5494949494949495,0.7705420922071133,0.225,0.002504113533685594,0.520375645359762,0.012228153803232162,0.12116452852483886,0.3437275587784814
santander,18,scheffe_optimum_logloss,0.8898343137860785,0.211286576135322,0.06067269516206186,0.5893954239560653,28.020093407012865,251.58631239901297,1.5976280765521447,0.6890731628105898,3.0,0.8841409337415203,0.21450865072643124,0.061363211272374325,0.572113063287083,0.5395119767181554,0.7649541342758138,0.23500000000000001,0.0,0.7749769075377445,0.10927079871784344,3.702778104308524e-17,0.11575229374441211
santander,18,scheffe_optimum_auc,0.8901810841655413,0.21626533746472082,0.06250953202721578,0.5904737363263289,53.72634524906835,255.36666240077466,2.2486006765014763,1.0327423333658594,4.0,0.8853000976219514,0.21772333359607646,0.06263838174029326,0.5743642451338359,0.5374246575342466,0.7681074200979539,0.2,0.0,0.6198060447657722,0.21185726767356347,0.056696805302237537,0.11163988225842685
santander,18,cheapest_vertex,0.859229891198322,0.23223132716343217,0.0665913468078351,0.5064729716321481,0.7260125013999641,0.7260125013999641,1.0,-0.0,1.0,0.8602476880467037,0.23195766681242813,0.06650577588741145,0.5034988279196352,0.5017740643241387,0.737547877621343,0.245,1.0,0.0,0.0,0.0,0.0
santander,19,best_single,0.8874041669981089,0.2112422139791946,0.06049886875891344,0.5832509778231156,0.7845833024475724,0.7845833024475724,1.0,-0.0,1.0,0.8817472704570533,0.21794311835254448,0.06270933526516104,0.559824789865107,0.531691334312507,0.7582258938769189,0.275,0.0,1.0,0.0,0.0,0.0
santander,19,uniform_voting,0.8885098767727393,0.22692789696509164,0.06605378715349577,0.5859955645853562,51.39150998089463,256.9575499044731,4.999999999999999,1.6094379124341005,5.0,0.8926343684578774,0.2255021202342361,0.0657496298141132,0.5824616301488929,0.5487035739313244,0.7616889150689024,0.185,0.2,0.2,0.2,0.2,0.2
santander,19,stacking_lr,0.8865368929475989,0.21538189510022493,0.06066642465658348,0.5895100042139757,,,,,,0.8888751801028211,0.21621034413795914,0.06115832627009238,0.5841390811107998,0.549777117384844,0.7668336333894729,0.2,,,,,
santander,19,slsqp_direct_logloss,0.8912150832298609,0.20888248134014412,0.05988510133199019,0.5939223156709779,0.8900566375228312,1.8950166064314544,1.7788127814814072,0.6296172728760621,2.0,0.8899475523992046,0.21090584194442122,0.0606190448758874,0.5813396773342442,0.5430987152739651,0.7712613281563279,0.23500000000000001,0.0,0.6763132282400626,0.0,1.2971266791288342e-17,0.32368677175993743
santander,19,direct_auc_search,0.8918300394012922,0.2114819589894857,0.06057603467558429,0.594980522760842,1.4170281282287847,5.769625009270385,2.3851562251410163,0.9558908813284457,3.0,0.8920072580399835,0.2121027256044419,0.06073717331859017,0.5862588949385591,0.5469396889336466,0.7696137848832547,0.225,0.00043206725025705245,0.5149047052742548,0.0007293024653826318,0.10588582325778477,0.37804810175232084
santander,19,scheffe_optimum_logloss,0.8897408937069562,0.2112626528191644,0.06062633019003304,0.590054640631036,27.142109291925795,252.36707070143896,1.6903501334620012,0.7364976682882782,3.0,0.887006476787823,0.21375881894708473,0.06149415435376525,0.5724623000979401,0.5385228177990213,0.7609128482103102,0.24000000000000002,0.0,0.7475725292932258,0.10537015445444384,0.0,0.14705731625233034
santander,19,scheffe_optimum_auc,0.8901000479556868,0.21609336656188124,0.06245752027106059,0.5914876221151806,54.20636174081476,256.24167910427786,2.3953377718526037,1.0658697278955256,4.0,0.8886638513933943,0.21673211975285764,0.06264972612312658,0.57604124272804,0.5416854438936457,0.7649304892989195,0.20500000000000002,0.0,0.5880122033017315,0.21322615001221912,0.042368463615682916,0.15639318307036648
santander,19,cheapest_vertex,0.8584643964251213,0.2324404572628685,0.06656406642575849,0.5063469326833605,0.7158708001952618,0.7158708001952618,1.0,-0.0,1.0,0.8629107415949713,0.23161278529060259,0.06684653528408895,0.5004150128612576,0.49314112996977444,0.7296064148407491,0.25,1.0,0.0,0.0,0.0,0.0
santander,20,best_single,0.8882312474930292,0.2107987721139727,0.060424199068140956,0.5840360517572749,0.7850792026147246,0.7850792026147246,1.0,-0.0,1.0,0.8795681023730707,0.21801361031259162,0.06239457895374844,0.5624569995676016,0.533716559805439,0.7639508129170711,0.26,0.0,1.0,0.0,0.0,0.0
santander,20,uniform_voting,0.8896184776726279,0.22664048314661395,0.06603364330556546,0.5860677900942864,51.53274834039621,257.66374170198105,4.999999999999999,1.6094379124341005,5.0,0.8873389445214174,0.22700503189277169,0.06599310452558273,0.5838723575932152,0.5486746422707014,0.760806445814286,0.185,0.2,0.2,0.2,0.2,0.2
santander,20,stacking_lr,0.8873438373385064,0.2151458045558384,0.06066052764690973,0.5895532986726457,,,,,,0.8834644903608694,0.21631196481245551,0.06088578905470699,0.5849546479457469,0.5546334716459198,0.7679863605817494,0.2,,,,,
santander,20,slsqp_direct_logloss,0.8920050393428215,0.20851690669962308,0.05984816194027974,0.5941405710917356,0.8863318954332631,1.8924625008367002,1.7572269425210532,0.6223830854787253,2.0,0.8867719974336212,0.21190522824777772,0.06062670355723867,0.5823977346368763,0.5521258008153757,0.7642730621489551,0.255,0.0,0.6858473280404057,0.0,9.614667284202195e-18,0.31415267195959434
santander,20,direct_auc_search,0.8927459828877641,0.21179870791536842,0.06069122221370178,0.5953131061389976,1.6584188707650873,256.9465917011257,2.4572178136470098,0.9855553915639799,4.0,0.888448391726747,0.21395107388043175,0.06103012118894366,0.5868991471138051,0.5541258411049462,0.7626769570712308,0.24000000000000002,0.0002585168601658267,0.5129333841540819,0.0014844323851760353,0.1284430260000794,0.35688064060049685
santander,20,scheffe_optimum_logloss,0.8904665423781858,0.21090092971026342,0.060578524681130536,0.590278220902906,27.37895552436363,253.15223750076257,1.6648677822887044,0.7242750060093973,3.0,0.8837951985486685,0.21478765612374645,0.06149250369741817,0.5740115270115544,0.5462370594393393,0.7610642590272649,0.245,0.0,0.7550535469071451,0.10599510520903008,1.2178926385170002e-17,0.1389513478838249
santander,20,scheffe_optimum_auc,0.890834932670118,0.215953219494124,0.06245814381731517,0.5913850876861199,53.67287152126552,256.9465917011257,2.3599218647311324,1.0663041510554419,4.0,0.8848591810264962,0.21834465873782768,0.0628667087669337,0.5768396646011363,0.548327566320646,0.7640597733953911,0.21000000000000002,0.0,0.5981338467411929,0.21031862832538414,0.05454518187606426,0.1370023430573587
santander,20,cheapest_vertex,0.8594959278772996,0.23217811635039626,0.06660539262243789,0.5057502030959444,0.7171500008553267,0.7171500008553267,1.0,-0.0,1.0,0.8581307470429952,0.23287910502808865,0.0666448852217561,0.5036079931162992,0.4962388876225211,0.7349595822997299,0.24000000000000002,1.0,0.0,0.0,0.0,0.0
santander,21,best_single,0.8881162874503423,0.21074703759851227,0.060343294348912016,0.5844794449822744,0.7937333022709936,0.7937333022709936,1.0,-0.0,1.0,0.8802463848074801,0.21833695953921578,0.06281228738145549,0.561143301863635,0.5236768802228412,0.7560878901766874,0.265,0.0,1.0,0.0,0.0,0.0
santander,21,uniform_voting,0.8897203494313729,0.2265595386818885,0.06599039849715761,0.5870054059308328,51.933516659773886,259.66758329886943,4.999999999999999,1.6094379124341005,5.0,0.8879074402860627,0.22663273001933784,0.06587264102635998,0.5794210895019148,0.5364386004011589,0.7639834457506796,0.17500000000000002,0.2,0.2,0.2,0.2,0.2
santander,21,stacking_lr,0.8872804266209773,0.21491297177047528,0.06056909740862873,0.5902020873125841,,,,,,0.8852185915890254,0.21749950270287505,0.06146455429990774,0.5810949792873695,0.5431295047663335,0.7593354793569673,0.21000000000000002,,,,,
santander,21,slsqp_direct_logloss,0.8918343371951178,0.20854591455101773,0.05979537169619013,0.5946268785012161,0.8805418580919346,1.865812501637265,1.751977535238546,0.6205910563246508,2.0,0.8877579998838493,0.2119999188557806,0.060881699310509955,0.5791463636313356,0.5393761035903474,0.7546000542036897,0.265,0.0,0.6881270508139578,8.031566056472411e-18,0.0,0.3118729491860423
santander,21,direct_auc_search,0.8926235353060301,0.21195515460600778,0.060721617899590755,0.5957465646060642,3.132501943582369,259.66758329886943,2.4961822120887893,1.0216587811910716,5.0,0.8895040224115665,0.21389946533040094,0.061157761691152064,0.5834773180168904,0.5420303169499311,0.7611810320271903,0.23,0.0019243496317711136,0.5059669505696185,0.00733428754881686,0.1260931500113838,0.3586812622384098
santander,21,scheffe_optimum_logloss,0.8903304442772392,0.2108819258152317,0.06051839252447816,0.5908348141619033,27.218123626140592,255.08060419815592,1.6623561510441178,0.7227559373117995,3.0,0.8847688876351981,0.2147364657699096,0.06169824784549185,0.5716738439968005,0.5302079894354571,0.7626896783453494,0.225,0.0,0.7557090284341796,0.10452966367026964,0.0,0.1397613078955507
santander,21,scheffe_optimum_auc,0.8881162874503423,0.21074703759851227,0.060343294348912016,0.5844794449822744,0.793733302270994,0.7937333022709936,1.0000000000000022,4.304645065574439e-14,1.0,0.8802468964239393,0.2183369595392157,0.06281228738145549,0.561146340848665,0.5236768802228412,0.7560878901766874,0.265,0.0,0.9999999999999989,0.0,0.0,1.2212453270876712e-15
santander,21,cheapest_vertex,0.8597899553160645,0.2318234598274659,0.06642111356223085,0.5079871371444049,0.7181541004683822,0.7181541004683822,1.0,-0.0,1.0,0.8579335742078933,0.23351798564831797,0.06712097156935551,0.49885780201713364,0.49131341209173035,0.7291617233454739,0.25,1.0,0.0,0.0,0.0,0.0
santander,22,best_single,0.8878379243788772,0.21119137566243934,0.06055827628354259,0.5824382583066434,0.7983916962984949,0.7983916962984949,1.0,-0.0,1.0,0.8806335471060485,0.21686782423531425,0.06194588560671948,0.5696438575927945,0.5365533821440279,0.768160932414083,0.26,0.0,1.0,0.0,0.0,0.0
santander,22,uniform_voting,0.8894225782230845,0.22687606095315146,0.06610266442637554,0.5848699744581893,51.14082083920948,255.7041041960474,4.999999999999999,1.6094379124341005,5.0,0.8896515269677184,0.22542114748225023,0.06543947062750201,0.5875148559146779,0.5544671308863449,0.7629257132901364,0.19,0.2,0.2,0.2,0.2,0.2
santander,22,stacking_lr,0.8871856305563808,0.2153982454047612,0.060778368107961146,0.5882171204786675,,,,,,0.8862666724742049,0.21505647655057838,0.06059490592954257,0.5882672061547729,0.5563412408759124,0.7712709382492762,0.20500000000000002,,,,,
santander,22,slsqp_direct_logloss,0.8916331775397981,0.20887805837168394,0.05996588175223328,0.5927857254928659,0.8968781620437336,1.9047374953515828,1.770106816858565,0.62672533494742,2.0,0.8887179582908139,0.21048187286384337,0.06015795969583509,0.5870776909476251,0.549467787114846,0.7708867419434235,0.245,0.0,0.6801910906063752,0.0,1.2312859765176212e-17,0.31980890939362483
santander,22,direct_auc_search,0.8923771025306535,0.2123724390991597,0.06086196838330179,0.5938947232860157,2.1088064508723443,255.7041041960474,2.502068176435214,1.0084938442942626,5.0,0.8907819227929281,0.21256966361014307,0.060573657358882725,0.5908616112807232,0.5523980680669438,0.7721603903771859,0.225,0.0012833698681440173,0.49940015984024233,0.0032655803677492717,0.1313564861601518,0.36469440376371254
santander,22,scheffe_optimum_logloss,0.8901246739469747,0.21125907106835565,0.06069243364209963,0.5890802957097743,26.920389427732456,251.24202919541858,1.6817492518362647,0.7322978781352381,3.0,0.8855647900021847,0.2131901173665494,0.06093399022008075,0.5801150440928602,0.5439256472670945,0.7701460734128136,0.23,2.684744596028472e-17,0.750051868081976,0.10492255542191678,1.24446521793383e-16,0.14502557649610717
santander,22,scheffe_optimum_auc,0.8905067579737438,0.21647342787798188,0.06261596706579278,0.5902575125706112,53.084874650111644,254.98341669444926,2.397926271369075,1.0799779123968727,4.0,0.8869295960442368,0.21671784363036958,0.06230904729047733,0.5826611063299133,0.5472480663602736,0.769421306474852,0.20500000000000002,1.2398821218867549e-17,0.5916980529086706,0.20950386713045838,0.0589750007868897,0.13982307917398146
santander,22,cheapest_vertex,0.8594484615643151,0.23234765659212445,0.06668104335031849,0.5042950116374371,0.7206875015981495,0.7206875015981495,1.0,-0.0,1.0,0.859730032439249,0.2314806247360848,0.0662268391649863,0.5109780063500272,0.49225281462490245,0.7365084665610249,0.23500000000000001,1.0,0.0,0.0,0.0,0.0
santander,23,best_single,0.8876015902305612,0.21131317779996697,0.060564441743804244,0.5819906000841334,0.7823874999303371,0.7823874999303371,1.0,-0.0,1.0,0.8802631782720638,0.21782974766059696,0.06240348211300136,0.565806120462865,0.5357341336000888,0.7640786478944909,0.27,0.0,1.0,0.0,0.0,0.0
santander,23,uniform_voting,0.8886616794315162,0.2271187294504045,0.06613935011472101,0.5839763144127522,51.344397518550984,256.7219875927549,4.999999999999999,1.6094379124341005,5.0,0.890463254876258,0.2253972253980547,0.06555318854999774,0.5872405574331199,0.5482002952197116,0.7672721025224074,0.18000000000000002,0.2,0.2,0.2,0.2,0.2
santander,23,stacking_lr,0.8861505420261755,0.2157772009534082,0.060804036776583144,0.5874101942975747,,,,,,0.8869048206715173,0.21612309193915144,0.061063752187654884,0.58577425882789,0.5483097578518341,0.7561731365407537,0.23,,,,,
santander,23,slsqp_direct_logloss,0.8913406051710997,0.20912188153386602,0.06001074860297358,0.5914978652087379,0.8868894082773047,1.898595894454047,1.7546869584986882,0.6215176208865465,2.0,0.8884178952375421,0.21088656367974476,0.06040474988971191,0.5860723853075043,0.5499648958577111,0.7620495355352199,0.265,3.766141867780752e-17,0.6869521649498264,1.1075406012987616e-19,0.0,0.31304783505017364
santander,23,direct_auc_search,0.8919514627727329,0.21152826342469902,0.06064454950493821,0.5924727947521611,1.2156461010775825,5.746600095881149,2.348980096671806,0.9374380722878182,3.0,0.8905125567272033,0.21186965216728398,0.06052046111879749,0.590637450431739,0.5529302756543897,0.7659427985143764,0.24000000000000002,1.682259579066971e-05,0.5240729970338323,0.0,0.10044341769690487,0.3754667626734721
santander,23,scheffe_optimum_logloss,0.8896761778775766,0.21154532669726714,0.06075162086697809,0.5876653837812847,27.664070275061462,252.15510009438734,1.6427348274164901,0.7133134792450917,3.0,0.884931795995011,0.21402914006576856,0.06131453648865161,0.5766666889672799,0.5442845442845442,0.7587170456776706,0.255,0.0,0.7616150681231159,0.10757836189151883,0.0,0.1308065699853654
santander,23,scheffe_optimum_auc,0.8900738221219913,0.21621970985856181,0.06251907496236614,0.5892979858281283,54.069591920518526,256.0031042958144,2.348630003508278,1.0517014391247526,4.0,0.8866352229956388,0.21675305442061626,0.062430968135803684,0.5806233587947153,0.5456909800212791,0.7574510023534358,0.225,1.1272066099259337e-16,0.5971211345194354,0.21289621308046616,0.04088502306783172,0.14909762933226664
santander,23,cheapest_vertex,0.8584487018068845,0.23266551333916083,0.06665870383945699,0.5046669310772347,0.7188832969404757,0.7188832969404757,1.0,-0.0,1.0,0.8622767900353707,0.23079234278763178,0.06638812961818633,0.5092003217570719,0.4963452016033954,0.7290616124491495,0.255,1.0,0.0,0.0,0.0,0.0
santander,24,best_single,0.888999088010311,0.21033600733555968,0.060324396331902355,0.5849730118980901,0.7852624985389411,0.7852624985389411,1.0,-0.0,1.0,0.876947488792834,0.2201003314032445,0.06294413508611041,0.5585361161294754,0.5318308550185874,0.7527531879236391,0.29000000000000004,0.0,1.0,0.0,0.0,0.0
santander,24,uniform_voting,0.8901559132252324,0.2263544781840505,0.06594987133787929,0.5872907655654155,51.650186678161845,258.2509333908092,4.999999999999999,1.6094379124341005,5.0,0.8853296676705411,0.22763409670664633,0.0661133756187214,0.5765870126841766,0.5445477216050781,0.7654043567598362,0.18000000000000002,0.2,0.2,0.2,0.2,0.2
santander,24,stacking_lr,0.8874280181332551,0.2147511349467771,0.06052699703458791,0.5910954285558669,,,,,,0.8834083646525571,0.2182242387922487,0.06169406498844946,0.577827322118326,0.5493175074183977,0.758753135379246,0.225,,,,,
santander,24,slsqp_direct_logloss,0.8926880601223508,0.20814650487001157,0.05976982083587561,0.5949198389233329,0.8786897844967182,1.870504196267575,1.7509905435102369,0.620252659051857,2.0,0.8846122085514617,0.21327480085192255,0.060968674077754144,0.5785194415397227,0.545117572107031,0.7612553546884808,0.26,2.8222565687789426e-17,0.6885541190518069,3.833928237107681e-17,0.0,0.31144588094819314
santander,24,direct_auc_search,0.893312947676377,0.21091867933716832,0.06050024520238893,0.5960710191519687,2.3514092802382316,258.2509333908092,2.399350763793859,0.9791021164055549,5.0,0.8868355277531188,0.214151578041386,0.06111331811075831,0.5831859670315749,0.5501937301866855,0.7614846141720525,0.245,0.00139393315944122,0.5167448993568342,0.004533288370704108,0.10485311239486583,0.3724747667181546
santander,24,scheffe_optimum_logloss,0.8911193524113131,0.21052923586328176,0.06049239316476105,0.5910397682932617,26.95004238233475,253.72658759588376,1.6512924527814847,0.7171307023041396,3.0,0.8814180694636877,0.2161676584202337,0.06181542172374273,0.5697909446701898,0.5402910898118566,0.7541053072602524,0.26,3.587514198505516e-18,0.7589384872051386,0.1040490444070466,0.0,0.13701246838781492
santander,24,scheffe_optimum_auc,0.8914492773404671,0.21544506714794762,0.06232677653502735,0.5924997385431812,53.995500063783425,257.5286750914529,2.365518846616764,1.05974396706275,4.0,0.882913282392927,0.21889690433434802,0.06294714214046652,0.5731563643071901,0.5437981779957953,0.7587851459766205,0.22,0.0,0.5947465224848698,0.21122300398558275,0.04420547364903304,0.14982499988051445
santander,24,cheapest_vertex,0.8607926342889091,0.23141832325052356,0.06640714057016442,0.5078869675492116,0.7222582993563265,0.7222582993563265,1.0,-0.0,1.0,0.853857169820713,0.23566526716784184,0.06742991286978679,0.4949616932338151,0.4879581151832461,0.7263850978570184,0.25,1.0,0.0,0.0,0.0,0.0
santander,25,best_single,0.8878592651184144,0.2111971240872362,0.0605635476462969,0.5822317752886033,0.7878083968535066,0.7878083968535066,1.0,-0.0,1.0,0.8806726235415474,0.2166015872308914,0.06187097773314607,0.5694156219619213,0.5383993532740501,0.757851999037608,0.28,0.0,1.0,0.0,0.0,0.0
santander,25,uniform_voting,0.8886885794289491,0.22709261787911372,0.0661373560374998,0.5838585139184859,50.70538833853789,253.52694169268943,4.999999999999999,1.6094379124341005,5.0,0.8894988855057674,0.22592086836215877,0.06566214481462072,0.5901852187855102,0.5491029272898961,0.7597592913697218,0.185,0.2,0.2,0.2,0.2,0.2
santander,25,stacking_lr,0.8859903486218059,0.21582483715162942,0.060818720196418846,0.5877731468854906,,,,,,0.8882115547885918,0.21482907833082746,0.06060237270766951,0.5900640959682292,0.5499409681227864,0.7602019087442167,0.21000000000000002,,,,,
santander,25,slsqp_direct_logloss,0.891431175611963,0.20900453468628635,0.05998384480957568,0.5919796179156409,0.8859807573646046,1.8883583950810134,1.7566670972565162,0.6221925873677036,2.0,0.8879954659719744,0.2107396913209188,0.06024520435020533,0.5878503705699258,0.5443773498917626,0.7642321328322257,0.245,3.265246084256158e-17,0.6860911369648706,0.0,0.0,0.3139088630351294
santander,25,direct_auc_search,0.8919476273860861,0.21108342509549965,0.06053029565204645,0.5929842396722831,1.158761271611171,5.513933394104242,2.298678156784243,0.9184010095521953,3.0,0.8901763694036764,0.21162131590324135,0.060434933422018375,0.591882254852288,0.5490150637311703,0.7635094400150443,0.23500000000000001,0.0,0.5337439321743436,0.0,0.08916157479018091,0.3770944930354755
santander,25,scheffe_optimum_logloss,0.889838736473058,0.21139584269320644,0.060717253558369294,0.5880677041497265,27.264711841512778,249.17983339400962,1.6486758684466172,0.7163239505866552,3.0,0.8847956576207345,0.21374528195702205,0.061120594868469116,0.5795464408304913,0.5408424482196881,0.757787355606625,0.245,8.446362666608122e-17,0.7598579067141032,0.10724116261301081,0.0,0.1329009306728859
santander,25,scheffe_optimum_auc,0.8901918811570888,0.215963931323329,0.062445829505938834,0.5898472987615778,53.51568472357847,252.80540839303285,2.363260209205148,1.050950133244038,4.0,0.8863583970088413,0.21678846656670295,0.0623950838165356,0.5833914493270539,0.5449289327872802,0.7532721329428456,0.225,7.181287278311744e-18,0.5928863389485869,0.2132855406809332,0.03627306616134308,0.15755505420913685
santander,25,cheapest_vertex,0.8591113183294529,0.23261203928921104,0.06676434022013275,0.5029418821960647,0.7215332996565849,0.7215332996565849,1.0,-0.0,1.0,0.8597033938146953,0.23096897332534372,0.06593666409547268,0.5165481115270372,0.501788908765653,0.7418615648826463,0.23500000000000001,1.0,0.0,0.0,0.0,0.0
santander,26,best_single,0.8877273213354211,0.2109042096971186,0.06035098358572338,0.5843711243669286,0.780854100594297,0.780854100594297,1.0,-0.0,1.0,0.8813833210268833,0.21746736255060314,0.06257479617787401,0.5616156815670317,0.5318249342932238,0.7560204121139715,0.27,0.0,1.0,0.0,0.0,0.0
santander,26,uniform_voting,0.888817755251213,0.22672445379323863,0.06598020161730687,0.5863718794394597,51.394927500514314,256.97463750257157,4.999999999999999,1.6094379124341005,5.0,0.8899191092895722,0.22678956620117352,0.06613862791149643,0.5797266019983702,0.5395371263259403,0.7500369193498876,0.19,0.2,0.2,0.2,0.2,0.2
santander,26,stacking_lr,0.8865322803279511,0.21505209086972435,0.060491726207582044,0.5903044645859915,,,,,,0.8875175678030083,0.21725596941744935,0.06164344575303495,0.5816216460190989,0.5459440477583986,0.7596022804266604,0.20500000000000002,,,,,
santander,26,slsqp_direct_logloss,0.8912309602180317,0.20876530576331043,0.05978481454932628,0.5939654280866271,0.8797780571673768,1.8819499004166573,1.7450931074271736,0.6182209609545306,2.0,0.88865697222614,0.21161876293727233,0.06092445274954539,0.5794871982514297,0.5471175833433625,0.754695878583735,0.27,1.8570496971427416e-17,0.6910959540511684,8.984019167712678e-18,0.0,0.3089040459488316
santander,26,direct_auc_search,0.8918324300896223,0.2115900300008319,0.06055365411054936,0.5950815520979523,3.1296173874553865,256.2548040994443,2.407683816407693,0.9861116745847046,4.0,0.890799525164616,0.2132319979011091,0.061217282197743896,0.5835750614185943,0.5498017261488221,0.7626283535076148,0.23500000000000001,0.0,0.5244694538647665,0.007599541071202889,0.11000733574004776,0.3579236693239829
santander,26,scheffe_optimum_logloss,0.8897166488774736,0.211119515340297,0.060536576034189396,0.5901219827028275,27.558342788785765,252.41859160014428,1.6419609551664058,0.7128422297459174,3.0,0.8854727612631672,0.2146088134186389,0.06174550289535117,0.5716458969108017,0.5401353965183753,0.7498173390966236,0.26,0.0,0.7618225545311775,0.10704654880684698,3.3909079970605654e-17,0.1311308966619756
santander,26,scheffe_optimum_auc,0.8900390205798316,0.2159539839795788,0.06236613574352068,0.5913210531156734,53.9897711452534,256.2548040994443,2.3213434461624347,1.049692385753163,4.0,0.8867466724188949,0.21799390884942987,0.06301613366243927,0.5744982739029805,0.5405470538619112,0.750686603115606,0.225,0.0,0.6041067318434294,0.21228774635415384,0.04753932878532657,0.13606619301709025
santander,26,cheapest_vertex,0.8594784696294396,0.23200529228598288,0.06648125901476037,0.5068877887899612,0.719833403127268,0.719833403127268,1.0,-0.0,1.0,0.8597989347315673,0.23260130967940867,0.06685585402084891,0.5024668321186786,0.48751016614383635,0.7263566132649704,0.245,1.0,0.0,0.0,0.0,0.0
santander,27,best_single,0.8884893869488424,0.2107639197941022,0.060463584511746216,0.5835320386914089,0.7805250003002584,0.7805250003002584,1.0,-0.0,1.0,0.8803427484589282,0.21764132937354144,0.062326880585070354,0.564911261934087,0.5308342010875854,0.7529581801940823,0.28,0.0,1.0,0.0,0.0,0.0
santander,27,uniform_voting,0.8899200505593762,0.22659177631222505,0.06603674003732722,0.5864391147903212,51.73133752075955,258.65668760379776,4.999999999999999,1.6094379124341005,5.0,0.8876762380426937,0.22636861606287112,0.06563894009836779,0.5859577114342416,0.5458545622973598,0.7617667637355192,0.18000000000000002,0.2,0.2,0.2,0.2,0.2
santander,27,stacking_lr,0.8874292525875601,0.21483618861275108,0.060612769222176795,0.5900532810351772,,,,,,0.8849138686777341,0.2161396828559749,0.06089323333954844,0.5864514580300313,0.5488479262672812,0.764612180896518,0.2,,,,,
santander,27,slsqp_direct_logloss,0.8923202571307512,0.20844866126670777,0.059854508167454024,0.5942010384277521,0.8721868913651429,1.8463415966834873,1.7734485465433818,0.627839454789112,2.0,0.8867059850829233,0.21161757618493876,0.060439598078998756,0.5850213047330318,0.5440541486754581,0.7591026938680694,0.255,0.0,0.6787080575684864,0.0,3.670453495151665e-17,0.3212919424315137
santander,27,direct_auc_search,0.8929705113918641,0.21209078879607324,0.060892649645441256,0.5953917204486332,8.824504122663962,258.65668760379776,2.5659465654170432,1.079986990266392,5.0,0.8884184898188324,0.21368799607699537,0.060914725570589384,0.5896122834149383,0.5489721886336155,0.7548230221875614,0.245,0.002631009029028619,0.4984343708566867,0.03023378201485153,0.11081567635025666,0.3578851617491765
santander,27,scheffe_optimum_logloss,0.8908310328921912,0.21083096524683761,0.06060055304728299,0.590196483093566,27.341307238792034,254.09996249945834,1.6792045154805861,0.7311849473904595,3.0,0.8842002812507778,0.21433909029041046,0.06129638801422524,0.5765815544511819,0.5380756953944368,0.76029164903664,0.23500000000000001,5.3743745234393684e-18,0.750829866143646,0.10545773178142169,8.440190186664589e-18,0.14371240207493238
santander,27,scheffe_optimum_auc,0.8913703280131046,0.21582332512960484,0.06248285446477234,0.5920311583027782,54.35778064260247,257.9401916998904,2.4420530011932224,1.0822943665158538,4.0,0.8856103653494617,0.21760502173397217,0.06256333614453727,0.580629657247619,0.540766550522648,0.7581181087337078,0.21000000000000002,1.929358571387524e-16,0.5799278965665843,0.21230165896574837,0.04679370150049226,0.16097674296717485
santander,27,cheapest_vertex,0.8598985985309637,0.23200622048530878,0.06658832827731083,0.5060508234134579,0.7164959039073437,0.7164959039073437,1.0,-0.0,1.0,0.8576563783362233,0.23274298275091568,0.06650335278930333,0.505734195923259,0.4960182025028441,0.7351520607081325,0.24000000000000002,1.0,0.0,0.0,0.0,0.0
santander,28,best_single,0.8880766837880228,0.21082198565705493,0.06038149171245459,0.5841723112355939,0.7850124966353178,0.7850124966353178,1.0,-0.0,1.0,0.8809472509603179,0.21691593028238332,0.062207101951069606,0.5678950819780565,0.5333178815621741,0.7541206557540259,0.28500000000000003,0.0,1.0,0.0,0.0,0.0
santander,28,uniform_voting,0.8893612383982665,0.22663715634246984,0.06599099717882555,0.5866477938578412,51.12713002017699,255.63565010088496,4.999999999999999,1.6094379124341005,5.0,0.8895178153147547,0.2263762333710267,0.06587716753352088,0.5822469860781464,0.5443534022087638,0.7557666780051936,0.19,0.2,0.2,0.2,0.2,0.2
santander,28,stacking_lr,0.8871504683798374,0.2151611709131867,0.06062760353228876,0.5899434516727954,,,,,,0.8870098783459025,0.2159867558067877,0.06105929354905852,0.5849871813443406,0.5447675749942753,0.7634469398422009,0.2,,,,,
santander,28,slsqp_direct_logloss,0.8917514863612035,0.20857523221009538,0.059823840542254356,0.5943358591452643,0.8749574864733918,1.8551999994087964,1.7600915426128627,0.6233555161272135,2.0,0.8886057967527565,0.21106007009365485,0.060518775360947595,0.5837359394445412,0.5437048917401763,0.7626867745762571,0.25,2.1924700926256167e-17,0.6845972195947059,4.411608486052582e-18,3.367903117808956e-18,0.31540278040529424
santander,28,direct_auc_search,0.8924065989227876,0.21162664708501366,0.06062786542685716,0.5954172967511775,2.392280436687861,254.91565419943072,2.437741805672993,0.9893516046422011,4.0,0.8904176518740372,0.21295155487951853,0.06086710537813308,0.5871260343476438,0.5458540534289348,0.7620287251900586,0.23500000000000001,0.0003655093388018313,0.5138532037554113,0.004707637718460465,0.11718290801256404,0.3638907411747623
santander,28,scheffe_optimum_logloss,0.8902225486926384,0.2109490861118979,0.060546406403204106,0.5905101201249613,27.195131960419854,251.28918749978766,1.6624580263745377,0.7230890008374002,3.0,0.8853882062726943,0.2138742112691154,0.061316397436361296,0.5770112170879568,0.5399203933505033,0.7560210343502056,0.25,0.0,0.7557624895440216,0.10605599137432688,9.747731166220054e-18,0.13818151908165166
santander,28,scheffe_optimum_auc,0.8906620222040184,0.21585563766298052,0.06239587823425179,0.5921127971222341,53.5166313774267,254.91565419943072,2.392791072525793,1.0704750290769502,4.0,0.8866925655214755,0.21724877616142288,0.06261367694773588,0.5799038449245136,0.54287045666356,0.7587559700109789,0.215,2.315249013088908e-16,0.5901797861333404,0.21135121742743726,0.04802171239288208,0.15044728404634009
santander,28,cheapest_vertex,0.8594546025045124,0.23204852642632237,0.0664845521272857,0.5066481185622767,0.7199959014542401,0.7199959014542401,1.0,-0.0,1.0,0.8597507252508995,0.2325284328458153,0.06692085807506203,0.5022701682729894,0.4874181316787315,0.7282028573087869,0.245,1.0,0.0,0.0,0.0,0.0
santander,29,best_single,0.8890324232463418,0.21051775831333408,0.06038595182092954,0.5834273150192489,0.7865541963838041,0.7865541963838041,1.0,-0.0,1.0,0.8755776979471735,0.2199568010642793,0.06283140212640871,0.5636272192142081,0.5293590318242941,0.7584559138714433,0.265,0.0,1.0,0.0,0.0,0.0
santander,29,uniform_voting,0.8907288175692338,0.22627883491265166,0.06599818445860715,0.5859095825832202,51.48912167875096,257.4456083937548,4.999999999999999,1.6094379124341005,5.0,0.8852362216156571,0.22731164373998766,0.06587723707809617,0.5838378194518918,0.5426543135603418,0.7521791404290388,0.19,0.2,0.2,0.2,0.2,0.2
santander,29,stacking_lr,0.8883533396262543,0.21462398569349525,0.06055461023472467,0.5897095942019113,,,,,,0.8810988864736905,0.21764562726890727,0.061384595633036984,0.5855389056688004,0.5430663721957457,0.75932158274774,0.20500000000000002,,,,,
santander,29,slsqp_direct_logloss,0.893241182946536,0.2080757838602295,0.059790990951316646,0.5940181494489348,0.8905571476198867,1.8886791949626058,1.7918187540036754,0.6338743323951467,2.0,0.8839422260570411,0.2131697826172756,0.06088438789714149,0.5821417728325808,0.5397263424169254,0.7595363233858501,0.245,9.84699837786774e-17,0.6704291065184891,0.0,2.411954775830806e-18,0.3295708934815108
santander,29,direct_auc_search,0.8939807094511614,0.2110986096494674,0.060600226219506476,0.5950720509655922,1.4163193833169236,6.423854193417355,2.4529662024713925,0.9798706091490115,4.0,0.885813573876034,0.21458730750098542,0.06110999882699751,0.586311590492837,0.5427395649617872,0.7568117583289777,0.23500000000000001,0.0015088388626321176,0.4905888290347906,0.0006280257210923732,0.11520662812338711,0.39206767825809774
santander,29,scheffe_optimum_logloss,0.8916141302534367,0.21045470692592472,0.0605284356847563,0.5902492786030596,26.97377822356882,252.91043339530006,1.710404371700528,0.7456151359260199,3.0,0.8808548350520881,0.2160447926890898,0.06168232186827511,0.5751268492276989,0.5345387111729254,0.7548259259566537,0.24000000000000002,0.0,0.741665279309469,0.104456385500904,0.0,0.15387833518962704
santander,29,scheffe_optimum_auc,0.8923502275982828,0.2153651720859593,0.06242404190359467,0.5926602341669496,53.721137486925954,256.7262166936416,2.5711436744553025,1.1062812124343167,4.0,0.8830230794332949,0.21876832661971457,0.06282964747041302,0.5803295613490003,0.5377326178787533,0.7597809313631951,0.2,0.0,0.55108219271267,0.21080364140375776,0.0401487703808397,0.19796539550273262
santander,29,cheapest_vertex,0.8601511705179126,0.23207909493565745,0.06660355190418403,0.5045373028886297,0.7193917001131922,0.7193917001131922,1.0,-0.0,1.0,0.8565826371201248,0.2327928550346526,0.06653887476497164,0.5087923695967519,0.4967169680912338,0.7333481978655915,0.245,1.0,0.0,0.0,0.0,0.0
bnp,0,best_single,0.7486220438830112,0.47365314406666764,0.15444203152591457,0.9001091726873048,3.5061959002632648,3.5061959002632648,1.0,-0.0,1.0,0.7542936274680027,0.4688428967862162,0.153168663168265,0.9038968977567224,0.8712432296258974,0.5390614986851701,0.3,0.0,0.0,0.0,0.0,1.0
bnp,0,uniform_voting,0.7360499036367372,0.5236618529209768,0.1736474184008639,0.8894449075202232,32.65381001983769,163.26905009918846,4.999999999999999,1.6094379124341005,5.0,0.7421569840673546,0.5219200148281603,0.17303609183700705,0.8932342798878772,0.871060756845033,0.5584507420186823,0.41500000000000004,0.2,0.2,0.2,0.2,0.2
bnp,0,stacking_lr,0.7537329543732526,0.47215024658554494,0.15361943478060142,0.9025425615356302,,,,,,0.758620580798116,0.4696831278422167,0.1528079240729741,0.90561104071312,0.8711847133757963,0.5563534330268027,0.375,,,,,
bnp,0,slsqp_direct_logloss,0.7536936288855747,0.468885468860347,0.1529672813068994,0.9031958735174838,3.9319832331574744,16.865354200126603,2.102111972042987,0.9114016608219271,4.0,0.7588281966046976,0.46582465784960825,0.15206420426983425,0.9064788613576455,0.8713407383042785,0.5460303342162004,0.41000000000000003,0.19127383146379884,0.002192981786192704,1.3574802750378169e-17,0.16465218299672563,0.6418810037532828
bnp,0,direct_auc_search,0.7544200668207721,0.4696939064140638,0.15311161042129462,0.9032538494084135,4.4396861575141555,13.121833399054594,2.61141518243808,1.0246908602136136,3.0,0.7591650329943924,0.4671231104482843,0.15233889275281234,0.9063935359201476,0.8714615755667827,0.5515644582363916,0.45,0.17009695763427077,0.0006196437272239551,0.00013054619271313982,0.3429750041789366,0.4861778482668555
bnp,0,scheffe_optimum_logloss,0.7486220438830112,0.47365314406666764,0.15444203152591457,0.9001091726873048,3.5061959002632648,3.5061959002632648,1.0,-0.0,1.0,0.7542936274680027,0.4688428967862162,0.153168663168265,0.9038968977567224,0.8712432296258974,0.5390614986851701,0.3,0.0,0.0,0.0,0.0,1.0
bnp,0,scheffe_optimum_auc,0.7486220438830112,0.47365314406666764,0.15444203152591457,0.9001091726873048,3.5061959002632643,3.5061959002632648,1.0000000000000053,9.128583186583478e-14,1.0,0.7542936537751246,0.4688428967862162,0.153168663168265,0.9038969131729258,0.8712432296258974,0.5390614986851701,0.3,2.397779421031111e-15,2.1915138104138955e-16,0.0,0.0,0.9999999999999973
bnp,0,cheapest_vertex,0.7332790513874963,0.48497652994120877,0.1586958645514707,0.8925657340618911,3.379862499423325,3.379862499423325,1.0,-0.0,1.0,0.7367623877606642,0.48248151289591606,0.15801969819190662,0.8950066185936987,0.8684163903723013,0.5395501797828716,0.455,1.0,0.0,0.0,0.0,0.0
bnp,1,best_single,0.746116793074389,0.4750593137358247,0.154899858287121,0.8992129417388637,3.496149997226894,3.496149997226894,1.0,-0.0,1.0,0.7564579249152648,0.4666412371056206,0.1520945019404066,0.9042398600441888,0.8721334610150699,0.5416956045008329,0.305,0.0,0.0,0.0,0.0,1.0
bnp,1,uniform_voting,0.7361065454670014,0.5237134465623001,0.17370677056583483,0.8896772004949697,33.645320838550106,168.22660419275053,4.999999999999999,1.6094379124341005,5.0,0.7396669465744444,0.5241454892198117,0.1735847842691198,0.8896485963232041,0.872276674622924,0.5537694159713694,0.405,0.2,0.2,0.2,0.2,0.2
bnp,1,stacking_lr,0.7524500645035077,0.47290951560156685,0.15390624888963034,0.9021428688367044,,,,,,0.7593268060102303,0.4675802662887278,0.1517428953599785,0.9042810861176338,0.8726313386266202,0.5530852466503141,0.36,,,,,
bnp,1,slsqp_direct_logloss,0.7522330195923551,0.4698136197326199,0.15331812142711126,0.9026951396686318,3.8229011043023267,16.767383291153237,2.1594994580106586,0.9314120369468637,4.0,0.7600107438286122,0.46479138288258276,0.15131925854893172,0.9055783343839385,0.8723215417776088,0.5518031953682628,0.425,0.23773224911952698,0.004850921916738099,1.6734562733916192e-17,0.13407604618624985,0.6233407827774852
bnp,1,direct_auc_search,0.7530903909925973,0.4707286133515516,0.15352388259313415,0.902764083299873,4.365700802380066,13.054220791673288,2.791721783878694,1.062283963127868,3.0,0.7606882890163557,0.46621227926261727,0.15170472934379575,0.9055438476859096,0.8727033122988419,0.5517708376082406,0.45,0.22471864796483323,8.108379797772251e-05,8.143901235830858e-05,0.3271491530127759,0.44796967621205486
bnp,1,scheffe_optimum_logloss,0.746116793074389,0.4750593137358247,0.154899858287121,0.8992129417388637,3.496149997226894,3.496149997226894,1.0,-0.0,1.0,0.7564579249152648,0.4666412371056206,0.1520945019404066,0.9042398600441888,0.8721334610150699,0.5416956045008329,0.305,0.0,0.0,0.0,0.0,1.0
bnp,1,scheffe_optimum_auc,0.746116793074389,0.4750593137358247,0.154899858287121,0.8992129417388637,3.4961499972269308,3.496149997226894,1.0000000000000027,4.851821811140214e-14,1.0,0.7564579354381136,0.4666412371056206,0.1520945019404066,0.9042398696556859,0.8721334610150699,0.5416956045008329,0.305,0.0,4.030789124896974e-16,2.3481073531994737e-16,7.006114438601321e-16,0.9999999999999987
bnp,1,cheapest_vertex,0.7343890100050681,0.48444233168501905,0.15858850253523618,0.8933210984318308,3.3195082971360534,3.3195082971360534,1.0,-0.0,1.0,0.7365244240581788,0.48289329152877314,0.157772505783978,0.8936255102681361,0.8696291414231032,0.5448669280542305,0.465,1.0,0.0,0.0,0.0,0.0
bnp,2,best_single,0.7470577601576581,0.47488519813121793,0.15476495866875525,0.8994857231394371,3.4876084013376385,3.4876084013376385,1.0,-0.0,1.0,0.7511761756389737,0.47152407914839833,0.1535565636412952,0.9007893460794183,0.8720585627802122,0.5494581259016766,0.365,0.0,0.0,0.0,0.0,1.0
bnp,2,uniform_voting,0.7345401485006604,0.5151456690799485,0.17088026322367622,0.8904247631648398,33.354443380376324,166.77221690188162,4.999999999999999,1.6094379124341005,5.0,0.7343808250544821,0.5145599868694468,0.17058074115882776,0.8899952855608625,0.8721296484454378,0.5539687450345308,0.405,0.2,0.2,0.2,0.2,0.2
bnp,2,stacking_lr,0.753686342051804,0.47214085352192614,0.15361755218121734,0.9025177698460692,,,,,,0.7544738522991898,0.4713168659900008,0.1532115447356387,0.9021316817440607,0.8728638209824507,0.5643420378338505,0.39,,,,,
bnp,2,slsqp_direct_logloss,0.7532959350846044,0.469271600352176,0.1530829818660049,0.9028529852713799,3.874689203684535,16.593708499567583,2.237246668097658,0.9592761804776633,4.0,0.7550414231942528,0.4685115928005121,0.15262085707568482,0.9028235631080848,0.8723523137095545,0.5542614117664391,0.435,0.223180518255563,0.0050453306622456106,2.3424155374573127e-17,0.16303587815920478,0.6087382729229865
bnp,2,direct_auc_search,0.7541978897529346,0.47020226172340357,0.1533019893938922,0.9029838928371081,4.394161095009468,12.889975099824369,2.7869319412633673,1.0594822921947298,3.0,0.7554174361499842,0.46973657373267863,0.1529673969157063,0.9027958944127982,0.8731148714278412,0.5659096003106345,0.48000000000000004,0.21093532525778189,0.0,0.00014923922661783185,0.3548976282017169,0.4340178073138834
bnp,2,scheffe_optimum_logloss,0.7470577601576581,0.47488519813121793,0.15476495866875525,0.8994857231394371,3.4876084013376385,3.4876084013376385,1.0000000000000018,3.1886202711164416e-14,1.0,0.7511761914232469,0.47152407914839833,0.1535565636412952,0.9007893281091471,0.8720585627802122,0.5494581259016766,0.365,8.94599870543457e-16,0.0,0.0,0.0,0.9999999999999991
bnp,2,scheffe_optimum_auc,0.7470577601576581,0.47488519813121793,0.15476495866875525,0.8994857231394371,3.4876084013377104,3.4876084013376385,1.0000000000000062,1.1031101019713512e-13,1.0,0.7511762177303688,0.47152407914839817,0.1535565636412952,0.900789372923304,0.8720585627802122,0.5494581259016766,0.365,2.036837508556972e-15,6.004864704481774e-16,4.894641679856618e-16,0.0,0.9999999999999969
bnp,2,cheapest_vertex,0.735354346117856,0.48375756398076364,0.1583656179486198,0.8939584854757301,3.325962502276525,3.325962502276525,1.0,-0.0,1.0,0.7327751698650865,0.486078209733891,0.1585276076299882,0.8903168515794874,0.8681174089068826,0.5384853990211645,0.455,1.0,0.0,0.0,0.0,0.0
bnp,3,best_single,0.7502753632590883,0.4725341577929328,0.15388287325546518,0.9007153503268167,3.4744500007946044,3.4744500007946044,1.0,-0.0,1.0,0.74865205463884,0.4734479731826492,0.15459035237838664,0.9011929694649977,0.8709677419354839,0.5389914954336098,0.315,0.0,0.0,0.0,0.0,1.0
bnp,3,uniform_voting,0.7360272709770311,0.5151852127142222,0.17079593271870733,0.8907940749975726,33.27570999856107,166.37854999280535,4.999999999999999,1.6094379124341005,5.0,0.7317252105358971,0.5161381841600357,0.17123191167630333,0.8890440489525299,0.8703252032520326,0.5500095494852748,0.405,0.2,0.2,0.2,0.2,0.2
bnp,3,stacking_lr,0.7558501114012778,0.47070000672338697,0.15305378439987213,0.9033909500595366,,,,,,0.7516138735342986,0.47390805811836756,0.15425659576299067,0.9016148743403639,0.8711675204526341,0.5568220944046857,0.375,,,,,
bnp,3,slsqp_direct_logloss,0.755722915735341,0.46763693384798166,0.15244422041604602,0.9038419971787504,3.814622905029223,16.402766696410254,2.1116428704899888,0.9205897776021578,4.0,0.7520682448835279,0.4702714764124107,0.15350448266170302,0.9026155776257907,0.8714081923782352,0.556646099758711,0.445,0.20202145904424404,0.004266091200022841,0.0,0.15422035547270463,0.6394920942830286
bnp,3,direct_auc_search,0.7565171924552311,0.46853346701589926,0.15265683664613786,0.903983736452553,4.242991782447815,12.649858399527147,2.689030187752271,1.0384417051876844,3.0,0.7524384492267284,0.47123767259327776,0.153714321741868,0.9023644802312845,0.8711625181524038,0.5562618579352276,0.465,0.19170852996939608,0.0,0.0,0.33910123612988763,0.46919023390071635
bnp,3,scheffe_optimum_logloss,0.7502753632590883,0.4725341577929328,0.15388287325546518,0.9007153503268167,3.4744500007946053,3.4744500007946044,1.0000000000000007,1.2945875670753864e-14,1.0,0.7486520599002644,0.47344797318264936,0.15459035237838664,0.90119294542675,0.8709677419354839,0.5389914954336098,0.315,0.0,0.0,0.0,3.5453411040275985e-16,0.9999999999999997
bnp,3,scheffe_optimum_auc,0.7502753632590883,0.4725341577929328,0.15388287325546518,0.9007153503268167,3.4744500007946053,3.4744500007946044,1.0000000000000022,4.3559779809127564e-14,1.0,0.7486520704231132,0.4734479731826492,0.15459035237838664,0.9011929396052603,0.8709677419354839,0.5389914954336098,0.315,7.969063530110258e-16,0.0,0.0,4.163336342344334e-16,0.9999999999999989
bnp,3,cheapest_vertex,0.7359203553212473,0.483526971343926,0.15817878686927844,0.8938049704011299,3.382654197048396,3.382654197048396,1.0,-0.0,1.0,0.7299444709269473,0.4871763749124445,0.1594502826299404,0.8908034375654711,0.8671239837398373,0.542430493953045,0.465,1.0,0.0,0.0,0.0,0.0
bnp,4,best_single,0.7493997737878455,0.4726574727870305,0.153902026535334,0.9002257574200916,3.508612501900643,3.508612501900643,1.0,-0.0,1.0,0.7517558530715669,0.4712237884391578,0.1540627805822672,0.9026649717802694,0.8706413410087998,0.5478960616133842,0.375,0.0,0.0,0.0,0.0,1.0
bnp,4,uniform_voting,0.7385903915713873,0.5234404324869226,0.1734529299781752,0.8903513295132719,33.434647500980645,167.17323750490323,4.999999999999999,1.6094379124341005,5.0,0.7424800986622302,0.5228400454371211,0.17333148596307674,0.893380026669959,0.8709162336839437,0.5476859466302155,0.4,0.2,0.2,0.2,0.2,0.2
bnp,4,stacking_lr,0.7551003673053561,0.47094052094426236,0.15308252654698984,0.9027781414396401,,,,,,0.7560888307326112,0.47141239434559723,0.15356490497949776,0.9042688426273525,0.8714637927966856,0.5533708630735347,0.365,,,,,
bnp,4,slsqp_direct_logloss,0.7548588750965001,0.4679799320341251,0.1525119810710084,0.903397620787582,3.896160172088772,16.925941704539582,2.0767708022219216,0.9069806132234384,4.0,0.7561007899502585,0.4679327961147303,0.1528839600127107,0.9051708141056481,0.8707863739283079,0.5531787947760369,0.44,0.20129892432021612,0.0036417361654985103,8.908872944065739e-18,0.14760709253126506,0.6474522469830204
bnp,4,direct_auc_search,0.7558072447715274,0.4690600500711519,0.15278112594039722,0.9035141255541939,4.46918867183963,13.19819170748815,2.699374304192983,1.0397713876130417,3.0,0.7565160952233633,0.4692777547901593,0.15317118458136872,0.9050675470409296,0.8714064207823898,0.5533134083191538,0.46,0.18920202768957106,7.441945076762471e-06,0.0,0.3507684851589723,0.4600220452063799
bnp,4,scheffe_optimum_logloss,0.7493997737878455,0.4726574727870305,0.153902026535334,0.9002257574200916,3.5086125019006427,3.508612501900643,1.0000000000000024,4.4140294016866275e-14,1.0,0.7517558425487182,0.4712237884391578,0.1540627805822672,0.902664965436729,0.8706413410087998,0.5478960616133842,0.375,1.2507356261792765e-15,0.0,0.0,0.0,0.9999999999999988
bnp,4,scheffe_optimum_auc,0.7493997737878455,0.4726574727870305,0.153902026535334,0.9002257574200916,3.5086125019006515,3.508612501900643,1.0000000000000058,1.0222873859399696e-13,1.0,0.7517558478101426,0.4712237884391577,0.15406278058226716,0.9026649709692127,0.8706413410087998,0.5478960616133842,0.375,0.0,0.0,0.0,2.969846590872285e-15,0.9999999999999971
bnp,4,cheapest_vertex,0.7349264105426482,0.4840831884431252,0.15831695525047929,0.8931679770996155,3.3650375029537827,3.3650375029537827,1.0,-0.0,1.0,0.7348227320893221,0.4842030457779179,0.15867741677727878,0.8942346892510005,0.8676157665416961,0.5390259314562675,0.46,1.0,0.0,0.0,0.0,0.0
bnp,5,best_single,0.7484343797960639,0.4738207835074423,0.15444965670840075,0.8998825429712387,3.447391599183902,3.447391599183902,1.0,-0.0,1.0,0.7548483657489691,0.46871236209606953,0.1528257007008797,0.90327612875881,0.8716692344606369,0.5440712691502695,0.325,0.0,0.0,0.0,0.0,1.0
bnp,5,uniform_voting,0.7358320227687543,0.5164109763401309,0.17126134712630292,0.8906662776304493,32.99005415872671,164.95027079363354,4.999999999999999,1.6094379124341005,5.0,0.7352446825414364,0.5156254769681277,0.17093778750786717,0.890384067737914,0.8721663108671344,0.5548378271159081,0.405,0.2,0.2,0.2,0.2,0.2
bnp,5,stacking_lr,0.754075410896131,0.4718161587694266,0.15348703578943443,0.902451020987103,,,,,,0.7559313615619275,0.47040230981743764,0.15293379604089866,0.9037743900237488,0.8718013553150603,0.5461470063021342,0.325,,,,,
bnp,5,slsqp_direct_logloss,0.7539457866144619,0.46884860478873125,0.1529139081022281,0.9030540319525948,3.8108739240547522,16.61617499194108,2.1268570783489467,0.925464228630208,4.0,0.7576381992038412,0.4663459111200765,0.15204781064754194,0.90511202767574,0.8719809214532169,0.5517385850767063,0.42000000000000004,0.2178999498415134,0.005061869948577719,6.97151319930747e-18,0.14277820944029346,0.6342599707696154
bnp,5,direct_auc_search,0.7547556334413882,0.4697670994633753,0.15309887494402888,0.903049404109951,4.3844014306994445,12.94379579485394,2.7139542058805746,1.0468756860331145,3.0,0.7574899638329687,0.4678608032441755,0.15246688273962522,0.9048865676394447,0.8718169391991091,0.547827715710508,0.435,0.1969710342676858,0.00016988222255903836,0.00024650582795066696,0.3397640179143605,0.462848559767444
bnp,5,scheffe_optimum_logloss,0.7484343797960639,0.4738207835074423,0.15444965670840075,0.8998825429712387,3.447391599184048,3.447391599183902,1.000000000000002,3.576798534404901e-14,1.0,0.7548483710103934,0.4687123620960695,0.1528257007008797,0.9032761082567817,0.8716692344606369,0.5440712691502695,0.325,0.0,0.0,1.0068586787846515e-15,0.0,0.999999999999999
bnp,5,scheffe_optimum_auc,0.7484343797960639,0.4738207835074423,0.15444965670840075,0.8998825429712387,3.4473915991839443,3.447391599183902,1.0000000000000018,3.595343415374239e-14,1.0,0.7548483815332422,0.4687123620960695,0.1528257007008797,0.9032761219242982,0.8716692344606369,0.5440712691502695,0.325,0.0,0.0,2.7649082360836134e-16,7.216449660063512e-16,0.9999999999999991
bnp,5,cheapest_vertex,0.7346042337010649,0.4845598429596353,0.15842700793469242,0.8925603869610544,3.3261041971854866,3.3261041971854866,1.0,-0.0,1.0,0.7345399673581231,0.48417143856933187,0.15841591098598246,0.8933086355812516,0.8680276238901117,0.5378389804201352,0.455,1.0,0.0,0.0,0.0,0.0
bnp,6,best_single,0.7481416337650896,0.4742400510848223,0.15453473542901458,0.8996539956175241,3.4573249984532595,3.4573249984532595,1.0,-0.0,1.0,0.7527157683836799,0.46925618116778095,0.1529967380808001,0.902095111890255,0.8723974125732767,0.5464701629884049,0.325,0.0,0.0,0.0,0.0,1.0
bnp,6,uniform_voting,0.7371618058046107,0.5238174827351968,0.17360513775679448,0.889618955867874,33.05772164021619,165.28860820108093,4.999999999999999,1.6094379124341005,5.0,0.7400188674678764,0.5230655829901268,0.17347263078738884,0.8918173562633865,0.8720701377706208,0.5634119758437484,0.41500000000000004,0.2,0.2,0.2,0.2,0.2
bnp,6,stacking_lr,0.7536828726007578,0.4722021672541211,0.15358544932204748,0.902119220111736,,,,,,0.7568251512922585,0.4695557630237263,0.1526687771781032,0.9045236838842129,0.8722782929453352,0.5672258771583678,0.395,,,,,
bnp,6,slsqp_direct_logloss,0.7537216061441814,0.4692092846646221,0.15300571371991828,0.9028759622994519,3.8110624487834937,16.631329100346193,2.1400788339124763,0.9213781546631484,4.0,0.7571344388638269,0.4662059059080788,0.1520167975105233,0.9050404676951136,0.8729004636080359,0.5516918110138449,0.41500000000000004,0.2258007418151175,0.0028808316047734322,2.2950571920047296e-19,0.14192557350450927,0.6293928530755999
bnp,6,direct_auc_search,0.7543993790267994,0.46997562785463065,0.15317370721020343,0.9029370387914216,4.380282471842702,12.934916600352153,2.726495505376458,1.0531199917089726,3.0,0.7577424911581763,0.4672294653717877,0.1522793886804169,0.9053828525322697,0.8728703821251745,0.5550586227905964,0.445,0.21375823461248442,0.0,0.0007355636277489607,0.3134811979136046,0.472025003846162
bnp,6,scheffe_optimum_logloss,0.7481416337650896,0.4742400510848223,0.15453473542901458,0.8996539956175241,3.457324998453264,3.4573249984532595,1.0000000000000036,6.176578354356331e-14,1.0,0.752715784167953,0.46925618116778084,0.15299673808080008,0.9020951267079325,0.8723974125732767,0.5464701629884049,0.325,0.0,0.0,0.0,1.7659484985443865e-15,0.9999999999999982
bnp,6,scheffe_optimum_auc,0.7481416337650896,0.4742400510848223,0.15453473542901458,0.8996539956175241,3.45732499845326,3.4573249984532595,1.0000000000000004,9.196333505299883e-15,1.0,0.7527157736451043,0.46925618116778084,0.1529967380808001,0.9020951191873493,0.8723974125732767,0.5464701629884049,0.325,0.0,0.0,0.0,2.4980018054066017e-16,0.9999999999999998
bnp,6,cheapest_vertex,0.733999884926037,0.4846974049660661,0.15854403160955136,0.8926817501797203,3.3297749992925674,3.3297749992925674,1.0,-0.0,1.0,0.7357588078875066,0.4828406606949845,0.15837638724400863,0.8954534695628551,0.8676057762828457,0.5364420196293221,0.45,1.0,0.0,0.0,0.0,0.0
bnp,7,best_single,0.7475616954556782,0.47466359368383937,0.15472343093636526,0.8995690336978622,3.46189999836497,3.46189999836497,1.0,-0.0,1.0,0.755620390334553,0.4664764892980274,0.15210240483622217,0.9040681667145105,0.8729621965376269,0.5458613898789136,0.325,0.0,0.0,0.0,0.0,1.0
bnp,7,uniform_voting,0.7378667818142939,0.5237332315177428,0.17358791093085615,0.8901747038510256,33.2719333388377,166.3596666941885,4.999999999999999,1.6094379124341005,5.0,0.7424735481888599,0.5221611876688605,0.17308988414799528,0.8930441527149001,0.8723903768964735,0.5450067241003753,0.39,0.2,0.2,0.2,0.2,0.2
bnp,7,stacking_lr,0.7535471384678104,0.47231229039792844,0.15368996591863482,0.9022333688943849,,,,,,0.757789002149818,0.4682229037131217,0.152068781063818,0.9046356754100575,0.8739602675959606,0.5604490046963474,0.37,,,,,
bnp,7,slsqp_direct_logloss,0.7535310296915029,0.46927614836440473,0.15310875330392393,0.9030786062483414,3.857510734733107,16.73184579703957,2.189179485899089,0.936196777706976,4.0,0.7583791550783794,0.46528278596784856,0.15157687856909632,0.905535165112466,0.8725757575757576,0.5459565953533204,0.4,0.2268615534911626,0.002637489558194732,0.0,0.1523522550034046,0.6181487019472381
bnp,7,direct_auc_search,0.7542976645878636,0.47014687125290244,0.15329611052334255,0.9031618411961485,4.384141678832963,13.04195830016397,2.7540313044848483,1.0544846571252904,3.0,0.7586980921022863,0.4668785853161467,0.15201312832552,0.905399896475374,0.8742011864449932,0.5624223808366297,0.465,0.20890533248534499,0.0001802969523667773,6.410611693824981e-05,0.3373711318088408,0.4534791326365092
bnp,7,scheffe_optimum_logloss,0.7385123798958262,0.5302079337665626,0.17695679520008295,0.8915365380361917,3.5170055112800913,7.151787495240569,1.5786975729475685,0.5530362605491813,2.0,0.7461085505512395,0.526585359644771,0.17583274647743563,0.895379636140339,0.8727612128550528,0.5447570958200088,0.245,0.0,0.24170409901906292,0.0,0.0,0.758295900980937
bnp,7,scheffe_optimum_auc,0.7480686437499526,0.4806466414585051,0.1565410442998591,0.8982220265875729,18.422761982252286,160.1116249919869,2.1251498198243737,1.0148692880822234,4.0,0.7534916916847396,0.4774021453975422,0.1552550372562932,0.9011214405218585,0.8727676319241247,0.5446942481056242,0.35500000000000004,0.15203655182316528,0.09085521711850342,0.10234872166034417,6.45831845219723e-17,0.6547595093979871
bnp,7,cheapest_vertex,0.7345231110295894,0.4843015619048485,0.15848256222587537,0.8932764331953218,3.3320165995974094,3.3320165995974094,1.0,-0.0,1.0,0.7335286005768625,0.4849591200626021,0.15854685864888185,0.8920789320477607,0.8687520646456433,0.5465602911882717,0.465,1.0,0.0,0.0,0.0,0.0
bnp,8,best_single,0.7459028558705716,0.4755656025490448,0.15508406798177507,0.898968661986918,3.520883299643174,3.520883299643174,1.0,-0.0,1.0,0.7556523271806237,0.4668763021378366,0.15244031145233228,0.9045352829352926,0.8725462951266959,0.5465509521599726,0.34500000000000003,0.0,0.0,0.0,0.0,1.0
bnp,8,uniform_voting,0.7367878101630041,0.5237558685035354,0.1736139363126539,0.8896274257652937,33.94489835947752,169.7244917973876,4.999999999999999,1.6094379124341005,5.0,0.7403249876619598,0.5221626280668196,0.17312030740164008,0.8921223614843564,0.8717857324711035,0.5566765897130735,0.41000000000000003,0.2,0.2,0.2,0.2,0.2
bnp,8,stacking_lr,0.7525539701227582,0.47289839419144397,0.15385890582895273,0.9015940137631735,,,,,,0.7575478973769695,0.46915115722218703,0.15249369614429387,0.9051142979187675,0.8731258086612376,0.5544139667667389,0.36,,,,,
bnp,8,slsqp_direct_logloss,0.7522812400290279,0.47011091196308363,0.15334875240732607,0.9023367122666485,3.9762659945792738,16.954962600721046,2.263621863192691,0.9581976372883603,4.0,0.7587864208950104,0.46548058612695903,0.15179563315244718,0.9061808337368629,0.8729388449909803,0.5562365504838932,0.44,0.2215349994368306,0.002391687380895135,2.832256340071218e-17,0.17409562697080733,0.601977686211467
bnp,8,direct_auc_search,0.7531379089887551,0.4710487077366272,0.1535367476747163,0.9023398249821991,4.508658888035043,16.954962600721046,2.788380493085815,1.0656720327159332,4.0,0.7584584131754485,0.4675240774834633,0.15236789201289036,0.9057740194187548,0.8732530120481928,0.5544031808467316,0.455,0.20550583951365453,0.0014255050024018592,0.0,0.36557076195662674,0.4274978935273168
bnp,8,scheffe_optimum_logloss,0.7368956104465901,0.5308308301670533,0.17720021801296865,0.8907897238134075,3.575243120629392,7.266624999465421,1.5788192326106585,0.5530902751657052,2.0,0.7443996346466901,0.5258950384705983,0.1758518299255136,0.8954775160244206,0.8723865182125046,0.541674032660818,0.24000000000000002,0.0,0.2417513463714362,0.0,0.0,0.7582486536285639
bnp,8,scheffe_optimum_auc,0.7531037505167015,0.4706928227888835,0.15345254010282944,0.9024346875445549,4.394337494538655,13.2092209008988,2.744390987048856,1.051532990281239,3.0,0.758644572893352,0.46696693602246897,0.15221186507377246,0.9059184037197485,0.8734122658012828,0.554078156354801,0.45,0.2132383151006684,0.0,0.0,0.3247805008762317,0.4619811840230999
bnp,8,cheapest_vertex,0.7342697884859529,0.48433714967696373,0.15847441103885132,0.8931145856089053,3.3962709014303982,3.3962709014303982,1.0,-0.0,1.0,0.7355643193347876,0.48353524132715064,0.15819982220769924,0.8937270855615119,0.8682386277387035,0.5385374608155418,0.455,1.0,0.0,0.0,0.0,0.0
bnp,9,best_single,0.7493196074351987,0.47292400592297684,0.15419024393155953,0.9004882671734166,3.5282917029689997,3.5282917029689997,1.0,-0.0,1.0,0.7523225137402098,0.4701579730451617,0.1529126197376945,0.9009240638533684,0.8719346049046321,0.5430207994629138,0.32,0.0,0.0,0.0,0.0,1.0
bnp,9,uniform_voting,0.7350026786135224,0.5166148987136785,0.17141578625100312,0.8905449545368732,34.20391250052489,171.01956250262447,4.999999999999999,1.6094379124341005,5.0,0.7356367533644178,0.515443079017472,0.17096279638031278,0.890264040146328,0.8719121683440073,0.5542363147720804,0.405,0.2,0.2,0.2,0.2,0.2
bnp,9,stacking_lr,0.754544323812344,0.47161353298556585,0.1534682810274981,0.9031036917313584,,,,,,0.7566037926451601,0.46918030028910146,0.15229279197585333,0.9027906020211384,0.8721815965874465,0.5534659633194536,0.35500000000000004,,,,,
bnp,9,slsqp_direct_logloss,0.7543636025737841,0.46840922888795977,0.152830032320655,0.9036040037711064,3.9034996647014846,16.936950001399964,2.04689868638898,0.9013587992850418,4.0,0.7569009368492275,0.4667390188525776,0.15188420874503164,0.9035446924374181,0.8719596145020653,0.559278442997202,0.445,0.1922386429293405,0.00473620408296957,0.0,0.14740517865628883,0.6556199743314011
bnp,9,direct_auc_search,0.7552437315997417,0.4694162240208467,0.1530385470000949,0.9036862987837878,4.464013257248776,13.173433300107718,2.6512574673134477,1.0304681219706562,3.0,0.7576739558440219,0.4678315759998122,0.1521568382385954,0.9035444297127898,0.8723026148768724,0.5535180251138309,0.45,0.17884012546075118,0.00010532691051827594,7.180646724222753e-05,0.3465016233653865,0.4744811177961018
bnp,9,scheffe_optimum_logloss,0.7421738484500637,0.4953234325391858,0.16296528192350096,0.8954988577176665,3.567812842398675,7.291808404261246,1.388061554977138,0.45272345380100276,2.0,0.7436339553389252,0.4943211755911665,0.16252014931866102,0.8957352485221624,0.871538306044067,0.5444250210193905,0.28500000000000003,0.0,0.16801419794406752,0.0,0.0,0.8319858020559325
bnp,9,scheffe_optimum_auc,0.7519812288689055,0.4703858658898114,0.15338814285674948,0.9021510997149328,31.25338055829341,160.9725125017576,1.8283273151429325,0.7959886976536814,3.0,0.7542736971923987,0.46893183054647375,0.1525487101831826,0.9019658273616136,0.8722446683373396,0.5644875425254626,0.47000000000000003,0.1076254815128575,0.0,0.18427254754293826,0.0,0.7081019709442044
bnp,9,cheapest_vertex,0.7333474097677011,0.4849196775356555,0.1587593157539685,0.8929110961677309,3.3616082975640893,3.3616082975640893,1.0,-0.0,1.0,0.7375767878583162,0.4827873593384112,0.15781060986077386,0.8940740779051389,0.8689431224313766,0.5444575892363884,0.46,1.0,0.0,0.0,0.0,0.0
bnp,10,best_single,0.7471470135123246,0.47485704570436077,0.15482563477469768,0.8998480947291913,3.4840709005948156,3.4840709005948156,1.0,-0.0,1.0,0.7535029669172157,0.46934173824246667,0.15280670562366422,0.901848529516539,0.8723237134821497,0.5505570270005777,0.37,0.0,0.0,0.0,0.0,1.0
bnp,10,uniform_voting,0.733892389164884,0.515837898236373,0.1711323609611985,0.890138199054931,33.199748339829966,165.99874169914983,4.999999999999999,1.6094379124341005,5.0,0.7365097815140906,0.5126857367009452,0.16986266451557694,0.8912504250026699,0.8711734693877552,0.5582855332927151,0.41500000000000004,0.2,0.2,0.2,0.2,0.2
bnp,10,stacking_lr,0.753301283958658,0.472563848765812,0.15381052312443416,0.9026966283008622,,,,,,0.7567318399306334,0.4697758166625639,0.1526443484031088,0.9032677644792587,0.8720782842366779,0.5507958693609368,0.35500000000000004,,,,,
bnp,10,slsqp_direct_logloss,0.7532161357373952,0.46935551438478035,0.15319304301497824,0.9031738202885609,3.856460036522121,16.856637498131022,2.193661861801464,0.9441619205310693,4.0,0.757299110924506,0.46678401004303727,0.15202064070713442,0.9040875338334328,0.8720918367346938,0.5604509777304951,0.455,0.23427240423230022,0.005109157017322438,0.0,0.1440054918286618,0.6166129469217156
bnp,10,direct_auc_search,0.7540000461979605,0.47018096132470333,0.1533788646121776,0.9032931499755436,4.3617684311939025,13.111758296145126,2.7739397161594326,1.0593227960063465,3.0,0.7576837526162433,0.46818530804049363,0.15241775436811256,0.9039328329528158,0.8721319796954315,0.5527225766668455,0.455,0.22079022465252257,0.0002507000939989255,0.0,0.32482238643497763,0.4541366888185009
bnp,10,scheffe_optimum_logloss,0.7400040156182781,0.4958441062848294,0.16310986385618886,0.8947730218391351,3.5280885046294315,7.228950102580711,1.3900055039182981,0.45393655379848996,2.0,0.7452333178647457,0.4911727709913492,0.16127032432218574,0.8967366882399759,0.8722676730579266,0.5498764880623542,0.31,0.0,0.16877378442265012,0.0,0.0,0.83122621557735
bnp,10,scheffe_optimum_auc,0.7471470135123246,0.47485704570436077,0.15482563477469768,0.8998480947291913,3.484070900594816,3.4840709005948156,1.0,3.250456130531677e-15,1.0,0.75350297217864,0.46934173824246667,0.15280670562366422,0.901848529516539,0.8723237134821497,0.5505570270005777,0.37,0.0,0.0,0.0,8.792123866405502e-17,1.0
bnp,10,cheapest_vertex,0.7349799005986162,0.4840784242906482,0.15842451202268504,0.8934962537578496,3.3518790965899825,3.3518790965899825,1.0,-0.0,1.0,0.7344849275975389,0.4848079649438986,0.15831780576801344,0.8919945984416464,0.8684311078279032,0.5495769814787338,0.47500000000000003,1.0,0.0,0.0,0.0,0.0
bnp,11,best_single,0.746581330535989,0.4746892245060708,0.15475414365188142,0.8995034572744324,3.369466698495671,3.369466698495671,1.0,-0.0,1.0,0.7624821137877731,0.4634138382121786,0.15130573682759568,0.9074504036258343,0.8718724778046811,0.5424031082390749,0.305,0.0,0.0,0.0,0.0,1.0
bnp,11,uniform_voting,0.7366135917609358,0.5243123489694489,0.1738655782487192,0.8897874866096925,33.31330334069207,166.56651670346037,4.999999999999999,1.6094379124341005,5.0,0.7478357919969526,0.5210697646866888,0.1723898847840435,0.8945788634596091,0.8721647913438825,0.5539346246973366,0.405,0.2,0.2,0.2,0.2,0.2
bnp,11,stacking_lr,0.7522980002728732,0.4728063045215672,0.1538299826421822,0.9018102972400285,,,,,,0.7649080987001124,0.46548604816636896,0.1512321197575708,0.9078940642198894,0.8720263758559472,0.551298651076014,0.35000000000000003,,,,,
bnp,11,slsqp_direct_logloss,0.7522287326005221,0.46969526205378936,0.15324115956479245,0.9026407214203903,3.70355043021812,16.342620900832117,2.1023371521225487,0.9144620876187097,4.0,0.7659603941017328,0.46179681723093513,0.1505593360179666,0.9092182393021907,0.8720174637018987,0.5526076671580837,0.425,0.225212190930789,0.004732748946967101,1.1125337469228331e-17,0.1316249144313036,0.6384301456909403
bnp,11,direct_auc_search,0.7530600012322964,0.4706116846100474,0.15343527982868788,0.9026539236289567,4.25781032683412,12.73257089778781,2.7258960711370586,1.0484811733615484,3.0,0.7663467931092177,0.4634231006606928,0.15097867247267502,0.9093911049240143,0.8722731906218145,0.559314325911568,0.465,0.20652314100560282,4.156624861950077e-05,8.20988864657698e-05,0.32777310439671703,0.4655800894625949
bnp,11,scheffe_optimum_logloss,0.746581330535989,0.4746892245060708,0.15475414365188142,0.8995034572744324,3.369466698495678,3.369466698495671,1.0000000000000058,1.031551864702344e-13,1.0,0.7624821032649243,0.46341383821217846,0.15130573682759568,0.9074503623947697,0.8718724778046811,0.5424031082390749,0.305,5.669060693967273e-16,0.0,0.0,2.38697950294408e-15,0.9999999999999971
bnp,11,scheffe_optimum_auc,0.746581330535989,0.4746892245060708,0.15475414365188142,0.8995034572744324,3.369466698495673,3.369466698495671,1.0000000000000027,5.154985001510903e-14,1.0,0.7624821032649243,0.46341383821217846,0.15130573682759568,0.9074503773226711,0.8718724778046811,0.5424031082390749,0.305,8.862787649438431e-16,0.0,0.0,5.551115123125777e-16,0.9999999999999987
bnp,11,cheapest_vertex,0.7328993605844474,0.4852575231048945,0.15879078202811683,0.8923755666982145,3.236316697439179,3.236316697439179,1.0,-0.0,1.0,0.7411253187107827,0.48035746681434993,0.15718219742611428,0.8965511201293072,0.8685875620761805,0.533743093065127,0.445,1.0,0.0,0.0,0.0,0.0
bnp,12,best_single,0.7486752425708628,0.4732654616584936,0.15424786826980943,0.900194011917993,3.4741792012937367,3.4741792012937367,1.0,-0.0,1.0,0.7493601897480093,0.4733977438853688,0.15449451827695188,0.9006831805430837,0.8708470290771175,0.543798411681204,0.35000000000000003,0.0,0.0,0.0,0.0,1.0
bnp,12,uniform_voting,0.7383723068114947,0.5226322627481973,0.1731852851077783,0.8904515904844196,32.8988625202328,164.49431260116398,4.999999999999999,1.6094379124341005,5.0,0.7354781792946113,0.5241858971236628,0.17389780894349854,0.889167027918423,0.8707517629388254,0.5541161175318027,0.41000000000000003,0.2,0.2,0.2,0.2,0.2
bnp,12,stacking_lr,0.7543675607076981,0.4713331436651898,0.15328031732727362,0.902634009539689,,,,,,0.7531927322892563,0.47325889366949825,0.15418745414706544,0.902689209452939,0.8713157827930239,0.5511407031157103,0.36,,,,,
bnp,12,slsqp_direct_logloss,0.7542770313843056,0.4682739154776245,0.1526997559436565,0.9034330050067471,3.8285798885673428,16.776470898184925,2.1253851320787276,0.9171586500795814,4.0,0.753836578053757,0.46937709523922416,0.15331120692739056,0.9034936738161174,0.8713832084338881,0.5523186308090071,0.435,0.2273006729870069,0.0031941514226317075,8.377907556321493e-18,0.137004675785551,0.6325004998048104
bnp,12,direct_auc_search,0.7550676847476434,0.4691671089080372,0.1528867998592463,0.9035129460534396,4.373056474709097,13.096195901744068,2.743697436346998,1.0550701709598465,3.0,0.7544247632095952,0.47014387850570294,0.15347054749473799,0.9036355780223204,0.8711291756636607,0.5517171184651793,0.455,0.2120266423466574,0.0004408884991383933,0.00010141975230500846,0.3248230564284296,0.46260799297346955
bnp,12,scheffe_optimum_logloss,0.7486752425708628,0.4732654616584936,0.15424786826980943,0.900194011917993,3.4741792012938375,3.4741792012937367,1.0000000000000044,8.109196536610904e-14,1.0,0.7493601950094337,0.4733977438853688,0.15449451827695188,0.9006831752840908,0.8708470290771175,0.543798411681204,0.35000000000000003,1.6011362275460154e-15,0.0,6.969642032756556e-16,0.0,0.9999999999999978
bnp,12,scheffe_optimum_auc,0.7486752425708628,0.4732654616584936,0.15424786826980943,0.900194011917993,3.474179201293744,3.4741792012937367,1.0000000000000027,5.1183673299002237e-14,1.0,0.7493601792251605,0.4733977438853688,0.15449451827695188,0.9006831569619854,0.8708470290771175,0.543798411681204,0.35000000000000003,1.7233268678773874e-16,5.916559997902469e-17,2.1842479205445526e-17,1.1796119636642288e-15,0.9999999999999987
bnp,12,cheapest_vertex,0.7352133213187065,0.48375919599267597,0.15824621728532706,0.8935351719329584,3.3350666984915733,3.3350666984915733,1.0,-0.0,1.0,0.7327616743115163,0.4856497618670272,0.1590911987600735,0.8927661600379596,0.8665900676624538,0.5488589022774601,0.48000000000000004,1.0,0.0,0.0,0.0,0.0
bnp,13,best_single,0.7460175891368074,0.4755224028092814,0.15508494642323242,0.8989814956943191,3.3920250018127263,3.3920250018127263,1.0,-0.0,1.0,0.7568427928482511,0.4669493878004872,0.15248597037131048,0.9048304315842144,0.8720068993506495,0.5514871942191678,0.38,0.0,0.0,0.0,0.0,1.0
bnp,13,uniform_voting,0.7340948525159051,0.517412995717688,0.171637784298689,0.8898766422878577,34.00984832085669,170.04924160428345,4.999999999999999,1.6094379124341005,5.0,0.7375242314900459,0.5131514367447985,0.1703088361621773,0.8927638993612602,0.8716226530300717,0.5551952093678609,0.41000000000000003,0.2,0.2,0.2,0.2,0.2
bnp,13,stacking_lr,0.7526448266597802,0.4729258258587373,0.15389927077619164,0.9019972958955546,,,,,,0.7584902237473338,0.469164952219542,0.15262751131538832,0.9053900571157029,0.872406876063276,0.554038748286091,0.365,,,,,
bnp,13,slsqp_direct_logloss,0.7523324570190593,0.46997614153726114,0.1533424220924831,0.902546007818189,3.81631185339745,16.459499904885888,2.260643003716742,0.9599321230413844,4.0,0.7597953200682301,0.46539236391954475,0.15184791516889048,0.906449292644792,0.8721390900603093,0.543782127572705,0.405,0.22703601432406761,0.003285000680404604,0.0,0.16736189899042045,0.6023170860051074
bnp,13,direct_auc_search,0.7532350753226701,0.47091797647390515,0.1535311650280047,0.9025815842149171,4.382101560607438,12.748512404505163,2.7792698938092615,1.0582129861309064,3.0,0.7597696337943394,0.4671306739252796,0.15231662288024808,0.9062706700391561,0.8726699387127126,0.5570069019365198,0.465,0.2048853723025827,8.497391595142065e-05,0.00018740080216506511,0.3662637525779415,0.42857850040135936
bnp,13,scheffe_optimum_logloss,0.7460175891368074,0.4755224028092814,0.15508494642323242,0.8989814956943191,3.3920250018127263,3.3920250018127263,1.0000000000000007,1.2775117655151257e-14,1.0,0.7568427875868267,0.46694938780048734,0.1524859703713105,0.9048304315842144,0.8720068993506495,0.5514871942191678,0.38,3.495964421259621e-16,0.0,0.0,0.0,0.9999999999999997
bnp,13,scheffe_optimum_auc,0.7460175891368074,0.4755224028092814,0.15508494642323242,0.8989814956943191,3.392025001812727,3.3920250018127263,1.0000000000000007,1.4172942946817233e-14,1.0,0.7568428086325242,0.4669493878004872,0.1524859703713105,0.9048304460848499,0.8720068993506495,0.5514871942191678,0.38,0.0,0.0,1.2507050985198072e-18,3.885780586188047e-16,0.9999999999999997
bnp,13,cheapest_vertex,0.734719489851392,0.4842498480961406,0.1584067394052324,0.8931505097249303,3.269879100844264,3.269879100844264,1.0,-0.0,1.0,0.7358593642305219,0.48345431621317564,0.1583706287413998,0.8942740709378527,0.8678854079749172,0.5367921411156114,0.455,1.0,0.0,0.0,0.0,0.0
bnp,14,best_single,0.7486349219591218,0.4736915027968035,0.15449317933624393,0.9004287483940541,3.427458298392594,3.427458298392594,1.0,-0.0,1.0,0.7514383997693391,0.4716470394103351,0.15361196787156436,0.9010491659806282,0.871553599433399,0.5461057304277643,0.35500000000000004,0.0,0.0,0.0,0.0,1.0
bnp,14,uniform_voting,0.7352054675338834,0.51551441923953,0.17099533056749258,0.890711787693001,32.88794997963123,164.43974989815615,4.999999999999999,1.6094379124341005,5.0,0.7322479120037293,0.5164811812346485,0.17135418483186013,0.8887723469802585,0.8711203298510106,0.5451145833004495,0.395,0.2,0.2,0.2,0.2,0.2
bnp,14,stacking_lr,0.7544438748186809,0.47167342616629127,0.15346833723583764,0.9029397351310099,,,,,,0.7533385474049077,0.47248040562058363,0.15373328537554698,0.9020309246792712,0.8714975845410627,0.5539598269201831,0.37,,,,,
bnp,14,slsqp_direct_logloss,0.754226416861982,0.46863528861209497,0.15290422844344723,0.9035337244321013,3.8906616926582074,16.616099898237735,2.1795280705030207,0.9404876193033374,4.0,0.7547337140500024,0.46884255867533725,0.1528681066874598,0.9032131750925597,0.8715760773522507,0.5431447323145111,0.4,0.1976808508130529,0.003725789388216983,3.6464418327730866e-17,0.17474418737903902,0.6238491724196911
bnp,14,direct_auc_search,0.7550599625059878,0.4695119782824409,0.15307105786021394,0.9035755495465108,4.422844522317404,12.945020699407905,2.685986618006344,1.0361704559807863,3.0,0.754544628980136,0.47031630895793514,0.15328273299468367,0.9028261415769686,0.8716800651266918,0.5552526641222418,0.465,0.18054793796944796,9.231963156698394e-05,5.060332071716065e-07,0.36478903796869283,0.4545701983970851
bnp,14,scheffe_optimum_logloss,0.7486349219591218,0.4736915027968035,0.15449317933624393,0.9004287483940541,3.4274582983925987,3.427458298392594,1.000000000000004,6.991686805756014e-14,1.0,0.7514384102921879,0.4716470394103351,0.15361196787156434,0.9010491895523591,0.871553599433399,0.5461057304277643,0.35500000000000004,2.62475365455307e-16,0.0,0.0,1.7208456881689893e-15,0.999999999999998
bnp,14,scheffe_optimum_auc,0.7486349219591218,0.4736915027968035,0.15449317933624393,0.9004287483940541,3.4274582983925947,3.427458298392594,1.0000000000000004,1.112935289032626e-14,1.0,0.7514384102921879,0.4716470394103351,0.15361196787156436,0.9010491839632854,0.871553599433399,0.5461057304277643,0.35500000000000004,0.0,0.0,0.0,3.05311331771918e-16,0.9999999999999998
bnp,14,cheapest_vertex,0.7349971117066684,0.484050312216976,0.15832382185504912,0.8933214614355959,3.297266596928239,3.297266596928239,1.0,-0.0,1.0,0.7313949667109678,0.4863225966109856,0.15921556276061327,0.8918161534417636,0.86840239084186,0.5405790776302124,0.455,1.0,0.0,0.0,0.0,0.0
bnp,15,best_single,0.7478293950098205,0.4745013053404753,0.15480554454898052,0.9001006115585497,3.48315829760395,3.48315829760395,1.0,-0.0,1.0,0.7528603681102963,0.46952227951887787,0.15291076364183498,0.9020004551442586,0.8725128960943257,0.5554626738769226,0.385,0.0,0.0,0.0,0.0,1.0
bnp,15,uniform_voting,0.7349259389603923,0.515598590640479,0.17107017121645518,0.890736568169113,32.84180749789812,164.20903748949058,4.999999999999999,1.6094379124341005,5.0,0.7341022536785249,0.5172872092800754,0.1715362102873019,0.8893356568026595,0.8717765954738692,0.5564593191927292,0.41000000000000003,0.2,0.2,0.2,0.2,0.2
bnp,15,stacking_lr,0.7537000429304281,0.47235981934742133,0.15376885202157733,0.902729513624944,,,,,,0.7545165961109656,0.47025159806378075,0.1526257900669332,0.9020754724850149,0.8726729312834022,0.5508389078124786,0.34500000000000003,,,,,
bnp,15,slsqp_direct_logloss,0.7536113848085952,0.4692030139110428,0.15314843157253016,0.9032708230258671,3.8765444149878014,16.77524169208482,2.1763381722713917,0.9451023729547374,4.0,0.7560441770237806,0.46717989434394847,0.15209961578703518,0.9036231751959789,0.8729211628792687,0.5551789252593619,0.43,0.2161040706306555,0.006208345760905268,0.0,0.15395135597752108,0.6237362276309182
bnp,15,direct_auc_search,0.7543983832450205,0.47003241110747135,0.15330527538926159,0.9033085204823003,4.38951870535526,13.05687089334242,2.7357649975263416,1.0536990579591972,3.0,0.7560702947344717,0.4685544063895899,0.15249284031077798,0.9034679435733326,0.8731898837446462,0.5621028545331906,0.47000000000000003,0.20308911888360126,0.0007640709433175474,4.4127256609635694e-05,0.337252676081984,0.4588500068344876
bnp,15,scheffe_optimum_logloss,0.7478293950098205,0.4745013053404753,0.15480554454898052,0.9001006115585497,3.48315829760396,3.48315829760395,1.000000000000003,5.4491963570168086e-14,1.0,0.7528603891559938,0.46952227951887776,0.15291076364183495,0.9020004527039559,0.8725128960943257,0.5554626738769226,0.385,1.470901967314206e-15,0.0,7.271484567690178e-17,0.0,0.9999999999999984
bnp,15,scheffe_optimum_auc,0.7478293950098205,0.4745013053404753,0.15480554454898052,0.9001006115585497,3.4831582976039503,3.48315829760395,1.0,3.469511831049302e-15,1.0,0.752860378633145,0.46952227951887787,0.15291076364183498,0.9020004607176155,0.8725128960943257,0.5554626738769226,0.385,8.120969117508873e-17,1.1820752136016448e-17,0.0,0.0,1.0
bnp,15,cheapest_vertex,0.7345809564798375,0.4842447925764843,0.15849048325612325,0.8933553121905398,3.330529195955023,3.330529195955023,1.0,-0.0,1.0,0.7342809158666671,0.4844426609782657,0.1583164323482432,0.89242178551109,0.8690787968165985,0.5482768835110117,0.465,1.0,0.0,0.0,0.0,0.0
bnp,16,best_single,0.7481670794754353,0.47393918541857083,0.1545220209208127,0.9000214541890146,3.43550419784151,3.43550419784151,1.0,-0.0,1.0,0.7566054236867221,0.4680285157594266,0.1527592735015589,0.9045640462732801,0.8713076437144662,0.5439150837671378,0.34500000000000003,0.0,0.0,0.0,0.0,1.0
bnp,16,uniform_voting,0.7333517191218726,0.5163708518347657,0.17126769804490546,0.8896021794260466,32.933104179101065,164.66552089550532,4.999999999999999,1.6094379124341005,5.0,0.7382558588591338,0.5130837687515272,0.17007319193757667,0.8925537508066732,0.8710504276324138,0.5500418020168092,0.405,0.2,0.2,0.2,0.2,0.2
bnp,16,stacking_lr,0.7537673144352105,0.4722027107785379,0.15360990678362535,0.9026883486438262,,,,,,0.7592355413426944,0.4695476880037164,0.15272926233489337,0.9053098072630589,0.8715742591795936,0.546820389703182,0.34500000000000003,,,,,
bnp,16,slsqp_direct_logloss,0.7535550040915187,0.46898990491334974,0.1529989824703256,0.9031708422597229,3.8250835952049647,16.53920419048518,2.127734134839205,0.925869403202773,4.0,0.7602623661888241,0.4656655274942429,0.15192203586204064,0.9063867546744796,0.8710360473909754,0.539546338943064,0.39,0.20608185591775016,0.004446350594375861,1.2382449232430072e-17,0.15404816080524736,0.6354236326826266
bnp,16,direct_auc_search,0.7543411724905562,0.46985794207446663,0.15316451170039802,0.903190350115519,4.334286791105178,12.872566696023569,2.7003503846181456,1.0407233057880005,3.0,0.760258651623202,0.4672425098745497,0.15235195094326948,0.9061296095361516,0.8716277659896939,0.5441682372018483,0.435,0.19302549079103598,4.876273222649638e-07,5.7144191584811724e-06,0.34239181215079095,0.4645764950116923
bnp,16,scheffe_optimum_logloss,0.7481670794754353,0.47393918541857083,0.1545220209208127,0.9000214541890146,3.43550419784151,3.43550419784151,1.0,-0.0,1.0,0.7566054236867221,0.4680285157594266,0.1527592735015589,0.9045640462732801,0.8713076437144662,0.5439150837671378,0.34500000000000003,0.0,0.0,0.0,0.0,1.0
bnp,16,scheffe_optimum_auc,0.7481670794754353,0.47393918541857083,0.1545220209208127,0.9000214541890146,3.4355041978415115,3.43550419784151,1.000000000000001,2.3921919199571464e-14,1.0,0.7566054342095709,0.4680285157594265,0.1527592735015589,0.9045640462732801,0.8713076437144662,0.5439150837671378,0.34500000000000003,2.6711648846891587e-16,0.0,0.0,3.8857805861880464e-16,0.9999999999999994
bnp,16,cheapest_vertex,0.7334133766931185,0.48489818468235607,0.15865777004176898,0.8925875916432587,3.3058916975278407,3.3058916975278407,1.0,-0.0,1.0,0.7383649387096672,0.48237515795571084,0.1578479733797491,0.8949997375149513,0.8677018161554244,0.539112113587839,0.46,1.0,0.0,0.0,0.0,0.0
bnp,17,best_single,0.7506348325886938,0.4723531182017596,0.1539394099292855,0.9011855607654112,3.427787497639656,3.427787497639656,1.0,-0.0,1.0,0.7496997462941157,0.471899402870326,0.1539016682667147,0.9009587656493793,0.872095086038673,0.550327207983054,0.36,0.0,0.0,0.0,0.0,1.0
bnp,17,uniform_voting,0.7354294671323084,0.5148282724200024,0.1706963715456207,0.8906332448854614,33.01708081969991,165.08540409849957,4.999999999999999,1.6094379124341005,5.0,0.7342820891643069,0.5136820071533913,0.1704609656668632,0.8907803090833409,0.8721468151085355,0.5550263702590621,0.405,0.2,0.2,0.2,0.2,0.2
bnp,17,stacking_lr,0.7555983657313632,0.47122808982041453,0.1532579519313495,0.9034198353332034,,,,,,0.7535221711162533,0.47204127720203626,0.15358356172778678,0.9022150479295559,0.8725482733247063,0.5532791827534718,0.34500000000000003,,,,,
bnp,17,slsqp_direct_logloss,0.7555314368965326,0.4678608476048758,0.15259889358015855,0.9039450488777089,3.7871400024728863,16.611062397714704,2.0311035072889823,0.8991217092038755,4.0,0.7536294252525221,0.4687465392267218,0.15282569960840123,0.9029175056577714,0.8719918595777155,0.5559116312204505,0.43,0.197175018290398,0.0062011788561773555,7.051995250121486e-19,0.13742685417976758,0.6591969486736571
bnp,17,direct_auc_search,0.7563502858801353,0.4687673417246096,0.15278972396614307,0.9040222542116682,4.308939003149736,12.93062079930678,2.6313835386012134,1.0265841388952315,3.0,0.7540931251072015,0.46976744329749665,0.15306260979978312,0.9027610835827062,0.8720091731430755,0.558495543047396,0.46,0.18359670525795438,0.0,0.0,0.3273830260421635,0.48902026869988213
bnp,17,scheffe_optimum_logloss,0.7506348325886938,0.4723531182017596,0.1539394099292855,0.9011855607654112,3.4277874976396774,3.427787497639656,1.0000000000000013,2.7351241510993643e-14,1.0,0.7496997305098425,0.471899402870326,0.1539016682667147,0.9009587656493793,0.872095086038673,0.550327207983054,0.36,0.0,0.0,1.319540509002154e-16,6.244072784872606e-16,0.9999999999999993
bnp,17,scheffe_optimum_auc,0.7506348325886938,0.4723531182017596,0.1539394099292855,0.9011855607654112,3.4277874976396703,3.427787497639656,1.0000000000000009,1.9350728348472463e-14,1.0,0.7496997410326913,0.471899402870326,0.1539016682667147,0.9009587656493793,0.872095086038673,0.550327207983054,0.36,1.425395124615802e-16,0.0,8.876308470629921e-17,2.9143354396410344e-16,0.9999999999999996
bnp,17,cheapest_vertex,0.7345969665987694,0.4841358943101579,0.1584644352061566,0.893449578480914,3.327054198598489,3.327054198598489,1.0,-0.0,1.0,0.7341900615902339,0.4851545804700973,0.1585331529259937,0.8919433249443149,0.8682525160109789,0.5455745370209605,0.465,1.0,0.0,0.0,0.0,0.0
bnp,18,best_single,0.749301605752709,0.47327140047487576,0.1542723822464036,0.9003668124671654,3.466491703875363,3.466491703875363,1.0,-0.0,1.0,0.7519345889196507,0.4702889257641583,0.15353727382005303,0.9022027632592249,0.8721258572004841,0.5423815363990601,0.32,0.0,0.0,0.0,0.0,1.0
bnp,18,uniform_voting,0.733568459510592,0.5145780353616136,0.1706196298084781,0.8898919738308241,33.442568361060694,167.21284180530347,4.999999999999999,1.6094379124341005,5.0,0.7347371234530097,0.5118606036545108,0.16988170238088451,0.8917213769085299,0.8704126694076443,0.5485694450144321,0.405,0.2,0.2,0.2,0.2,0.2
bnp,18,stacking_lr,0.7546778703824139,0.4717248968253444,0.1534533794029617,0.9029195817494411,,,,,,0.7553394407947698,0.4714179632290161,0.153469605705836,0.9038516019396577,0.8719894758146124,0.5473769957898083,0.34,,,,,
bnp,18,slsqp_direct_logloss,0.754499302505508,0.46853242046460175,0.1528115675756606,0.9033787783155889,3.83116569844566,16.744866804219782,2.0843983602398395,0.9154575361890305,4.0,0.7557100870976194,0.4677777657614499,0.1526797879393979,0.9043664844408242,0.8718039862891964,0.5525322709465197,0.43,0.20596886848714907,0.005840161404525219,0.0,0.14242610051570126,0.6457648695926245
bnp,18,direct_auc_search,0.7552423760473993,0.46939834125240587,0.15298540035093827,0.9034330278867357,4.362924384144565,13.010900100925937,2.66458276301414,1.0389572288856324,3.0,0.7558970044606356,0.4691518497256435,0.15302965311843295,0.9042020831145032,0.8710244200555117,0.5551521709163192,0.465,0.18883384705470785,0.0007169355148046413,0.00010116730874995075,0.32999905933252216,0.48034899078921534
bnp,18,scheffe_optimum_logloss,0.7417330709731164,0.49397080902360735,0.16238819272029267,0.8952782555500973,3.5115914253250198,7.200458407169208,1.389593550083451,0.4536798738234191,2.0,0.7450204353723457,0.49079255963555696,0.1615841311629498,0.8975616109535375,0.8718478397783096,0.5405051283103567,0.265,0.0,0.16861284810807836,0.0,0.0,0.8313871518919217
bnp,18,scheffe_optimum_auc,0.752084683623949,0.4705073843863571,0.1533899469307253,0.9018878810286652,29.242084082794356,157.26210420252755,1.8523904762543268,0.8091300254797499,3.0,0.7537837323071451,0.46961324895287854,0.1531722198736405,0.9030487435068798,0.8718155881536092,0.5438719400871082,0.41500000000000004,0.12147742023941763,3.636004472763236e-17,0.17545714132382748,2.123878907271793e-16,0.7030654384367546
bnp,18,cheapest_vertex,0.7346835404191112,0.48431818233298346,0.15845771048226842,0.8931995223679908,3.327637497568503,3.327637497568503,1.0,-0.0,1.0,0.7329992381457477,0.48570946838435736,0.15885434357250006,0.8926957894716769,0.8683442094304649,0.5444145507848467,0.465,1.0,0.0,0.0,0.0,0.0
bnp,19,best_single,0.7483757325902092,0.4741451822126999,0.15456460507591646,0.8999934099206524,3.391533298417926,3.391533298417926,1.0,-0.0,1.0,0.7561307116707864,0.4673545362996245,0.152539042551186,0.904450291560022,0.871685785915065,0.548181467579629,0.36,0.0,0.0,0.0,0.0,1.0
bnp,19,uniform_voting,0.7382741637695599,0.5232128279359269,0.17349048478953233,0.8907430511523046,32.596189158502966,162.98094579251483,4.999999999999999,1.6094379124341005,5.0,0.7394434675733154,0.5226020000296934,0.17317792725585734,0.8904836049438688,0.8719097690760496,0.5570087697421797,0.41000000000000003,0.2,0.2,0.2,0.2,0.2
bnp,19,stacking_lr,0.7536652632457655,0.47222151709229315,0.15367407135369926,0.9025390494788382,,,,,,0.7570792938747549,0.4692981166356271,0.15248022374876202,0.9034729400140983,0.8716962025316456,0.5477756539161308,0.34500000000000003,,,,,
bnp,19,slsqp_direct_logloss,0.7537695615213714,0.46904221294832266,0.15306133864603333,0.9033704625407308,3.783541879166958,16.396766592515633,2.154175483071405,0.9289725812739247,4.0,0.7586206860266038,0.4658695916028301,0.15182251001137897,0.9052089105873657,0.8717844536428045,0.5527208140896736,0.435,0.2140805942089749,0.003141484644603863,1.5192980176280594e-18,0.15474183100275712,0.6280360901436641
bnp,19,direct_auc_search,0.7544778418954255,0.469855133820007,0.15322267201412812,0.9034398243139822,4.28827388954042,12.7615540928673,2.694904687072784,1.0404009734134063,3.0,0.7582320772208735,0.46752141814854814,0.15225295696096153,0.9046100353842841,0.8721499403991985,0.5516308311051201,0.45,0.1935370097049225,6.7036075243458e-05,0.0,0.33809482318165746,0.4683011310381766
bnp,19,scheffe_optimum_logloss,0.7483757325902092,0.4741451822126999,0.15456460507591646,0.8999934099206524,3.391533298417926,3.391533298417926,1.0,-0.0,1.0,0.7561307116707864,0.4673545362996245,0.152539042551186,0.904450291560022,0.871685785915065,0.548181467579629,0.36,0.0,0.0,0.0,0.0,1.0
bnp,19,scheffe_optimum_auc,0.7483757325902092,0.4741451822126999,0.15456460507591646,0.8999934099206524,3.3915332984179254,3.391533298417926,1.0000000000000062,1.1049139327808829e-13,1.0,0.7561307537621815,0.4673545362996245,0.15253904255118597,0.9044503199618865,0.871685785915065,0.548181467579629,0.36,3.2179399508234785e-15,0.0,0.0,0.0,0.9999999999999969
bnp,19,cheapest_vertex,0.7345538842382241,0.48415447291345093,0.1585183468490063,0.8936772473185292,3.238733299076557,3.238733299076557,1.0,-0.0,1.0,0.7346950583649808,0.48461899006335596,0.1581089233760518,0.8916522703271565,0.8700913993467859,0.5440803977215928,0.455,1.0,0.0,0.0,0.0,0.0
bnp,20,best_single,0.7487564389065121,0.47353455399965566,0.15442347520513414,0.9002954741505497,3.3842916949652135,3.3842916949652135,1.0,-0.0,1.0,0.749761347050919,0.47234268619653524,0.15445941162981652,0.9020982527449292,0.8714040577369535,0.5420691656327967,0.33,0.0,0.0,0.0,0.0,1.0
bnp,20,uniform_voting,0.7350908276632966,0.5157963201490477,0.1710684157099638,0.8905248991685203,32.998723338823766,164.99361669411883,4.999999999999999,1.6094379124341005,5.0,0.7333593089855658,0.5155950697688187,0.1711177531104305,0.8901650404942291,0.8713695051112295,0.5500148372167907,0.405,0.2,0.2,0.2,0.2,0.2
bnp,20,stacking_lr,0.753800046650469,0.47196822908467995,0.15351537538219867,0.902493339734918,,,,,,0.7543869283067789,0.47195851475657546,0.15362978850775297,0.90332460329732,0.8713876132240631,0.5504493782574794,0.365,,,,,
bnp,20,slsqp_direct_logloss,0.7537521748031903,0.468886603578113,0.1529395473066981,0.9031600687334159,3.7647174675473725,16.39276669593528,2.098326686047223,0.9148107149439313,4.0,0.754643270164672,0.468482722791433,0.15305840000037435,0.9044193848023486,0.8710933549104884,0.5444627717394164,0.41500000000000004,0.20704299495116152,0.00407535198022783,1.707280549704269e-17,0.14693358066384302,0.6419480724047677
bnp,20,direct_auc_search,0.7544670810065978,0.46967763245288074,0.15307898614720195,0.9031642432147461,4.2603174186342425,12.785737495869398,2.6642714362833995,1.0345737039185838,3.0,0.7556574518079833,0.46916470966434365,0.1531189346283483,0.9043928752255727,0.87141041931385,0.5529704423700401,0.46,0.1918827892782283,4.632494853168245e-05,0.0,0.3264827288652465,0.4815881569079935
bnp,20,scheffe_optimum_logloss,0.7417054942634551,0.49586014798389666,0.16305650867068375,0.8950873038343617,3.4217526850475486,6.9913208950310946,1.388497242210447,0.45299575173536105,2.0,0.739273581441062,0.4955999517343352,0.16322496949290138,0.8947212606490701,0.871100350558624,0.5404441484016319,0.275,0.0,0.16818447376163287,0.0,0.0,0.8318155262383672
bnp,20,scheffe_optimum_auc,0.7512486939078886,0.47086787270418895,0.15352894924508995,0.9016982227860676,29.67649178427723,155.24735829094425,1.8190031199215235,0.7925146552664925,3.0,0.752508015780064,0.470375067639683,0.15362249782032275,0.9032720657355208,0.8712350919749344,0.5437032062067971,0.42000000000000004,0.10803292061263285,0.0,0.18114592802610405,0.0,0.7108211513612632
bnp,20,cheapest_vertex,0.7341033133724469,0.48464964773115043,0.15855779949826998,0.8928427696185459,3.2622165977954865,3.2622165977954865,1.0,-0.0,1.0,0.7352160446084606,0.4835031331945966,0.15834250086984228,0.8941659182254543,0.8674589127686473,0.5357381462739118,0.455,1.0,0.0,0.0,0.0,0.0
bnp,21,best_single,0.7487119944164661,0.4737734872441575,0.1544276510892511,0.9000190681199398,3.4036665980238467,3.4036665980238467,1.0,-0.0,1.0,0.7503065042780642,0.4722024223581925,0.1540077966348728,0.9010533719996113,0.8714923228197564,0.5409091793966829,0.315,0.0,0.0,0.0,0.0,1.0
bnp,21,uniform_voting,0.7393613450299413,0.5242726964614296,0.17368721258930428,0.890552896406133,33.8408008182887,169.2040040914435,4.999999999999999,1.6094379124341005,5.0,0.735198897626361,0.5243733935956535,0.17397920086337,0.8895926684937344,0.8708494601751885,0.5546996884184474,0.41000000000000003,0.2,0.2,0.2,0.2,0.2
bnp,21,stacking_lr,0.7542009336618335,0.47180813974486135,0.15345412412860834,0.9023354922354698,,,,,,0.7536600835724651,0.4727220045860918,0.15395968889505318,0.9030505887355266,0.8714354393866552,0.5463337868681161,0.34,,,,,
bnp,21,slsqp_direct_logloss,0.7543053197425037,0.4686754458788185,0.1528585226363546,0.9032435865976305,3.787680921447074,16.61197489593178,2.15979553853618,0.925575781061738,4.0,0.754153231619477,0.46889981415333076,0.1530828097454512,0.9037492530825488,0.8714256743054147,0.5491690895526,0.42000000000000004,0.22894726809872157,0.002412731539689229,0.0,0.14434042565637858,0.6242995747052106
bnp,21,direct_auc_search,0.7549496905262821,0.4694525426429349,0.15302273726913534,0.9033271516695756,4.399098332452359,12.930708198109642,2.7456156631414035,1.0577145223232332,3.0,0.7546954634946591,0.4697777478374435,0.153312692158414,0.9038778620185475,0.8713268937468226,0.5531643784731978,0.455,0.21825455617998069,4.787106405020737e-07,0.0008795071116359694,0.31392854658116776,0.4669369114165751
bnp,21,scheffe_optimum_logloss,0.7487119944164661,0.4737734872441575,0.1544276510892511,0.9000190681199398,3.4036665980238467,3.4036665980238467,1.0,-0.0,1.0,0.7503065042780642,0.4722024223581925,0.1540077966348728,0.9010533719996113,0.8714923228197564,0.5409091793966829,0.315,0.0,0.0,0.0,0.0,1.0
bnp,21,scheffe_optimum_auc,0.7487119944164661,0.4737734872441575,0.1544276510892511,0.9000190681199398,3.4036665980238467,3.4036665980238467,1.0000000000000016,2.9854327255452293e-14,1.0,0.7503064990166398,0.4722024223581925,0.15400779663487277,0.9010533689227285,0.8714923228197564,0.5409091793966829,0.315,7.298052227749058e-16,9.878884779260955e-17,0.0,0.0,0.9999999999999992
bnp,21,cheapest_vertex,0.7354887641614113,0.4836822311339406,0.15825153427580102,0.8937381164088949,3.2946999999694526,3.2946999999694526,1.0,-0.0,1.0,0.7303985002835908,0.48676877316308126,0.15937925008942366,0.8915853101783524,0.8676675358869845,0.5382430315064616,0.455,1.0,0.0,0.0,0.0,0.0
bnp,22,best_single,0.7477703150269442,0.47467168458507697,0.15468468111610123,0.8993927472645447,3.5287374979816377,3.5287374979816377,1.0,-0.0,1.0,0.7545959278679761,0.46831215937785176,0.15275859282093945,0.9034457933876244,0.8723592662871601,0.5483735358771268,0.34,0.0,0.0,0.0,0.0,1.0
bnp,22,uniform_voting,0.7337434106081041,0.5172873604840854,0.17160361246867203,0.8896196399632174,33.94733501947485,169.73667509737425,4.999999999999999,1.6094379124341005,5.0,0.7372732141936393,0.5143240704276216,0.17069221362567513,0.8923678323968168,0.8709111704155548,0.551984688202729,0.405,0.2,0.2,0.2,0.2,0.2
bnp,22,stacking_lr,0.7536233124853198,0.4724485951382098,0.1536957552498852,0.9024218389314063,,,,,,0.757326738663998,0.4699048349684326,0.15282241486105425,0.9052116591717213,0.8717349917502221,0.5519774274370655,0.35500000000000004,,,,,
bnp,22,slsqp_direct_logloss,0.7533980500724855,0.46944337144712195,0.15312117574022152,0.9027756437057298,3.924622511712935,16.89528760034591,2.19321691672926,0.9399495437153753,4.0,0.758251733902409,0.4658828151488826,0.15197704731373904,0.9059648105341446,0.871982890314696,0.5572206473025203,0.44,0.21872199220534153,0.00298013297293711,0.0,0.15977013458464992,0.6185277402370716
bnp,22,direct_auc_search,0.7541786226251723,0.47028132752172497,0.15329593503813968,0.9028325608741261,4.424701995928773,13.115008402382955,2.728617472219018,1.047476326786669,3.0,0.7581069605487876,0.4675533983995841,0.15244760962480272,0.9058425812565434,0.8718872953420485,0.5523383348433621,0.45,0.19872597667152864,0.0001124123137100166,4.010635110229284e-07,0.3455156720604476,0.45564553789080275
bnp,22,scheffe_optimum_logloss,0.7477703150269442,0.47467168458507697,0.15468468111610123,0.8993927472645447,3.5287374979817514,3.5287374979816377,1.0000000000000053,9.483934523212639e-14,1.0,0.7545959226065517,0.4683121593778517,0.15275859282093943,0.9034457839623733,0.8723592662871601,0.5483735358771268,0.34,1.2892163600072815e-16,0.0,7.256665117367485e-16,1.8318679906315043e-15,0.9999999999999973
bnp,22,scheffe_optimum_auc,0.7477703150269442,0.47467168458507697,0.15468468111610123,0.8993927472645447,3.5287374979816386,3.5287374979816377,1.0000000000000009,1.9274253287108107e-14,1.0,0.7545959331294005,0.46831215937785176,0.15275859282093945,0.9034457860783064,0.8723592662871601,0.5483735358771268,0.34,1.9234011311394817e-16,0.0,0.0,3.330669073875469e-16,0.9999999999999996
bnp,22,cheapest_vertex,0.7345353037657968,0.48442268376670633,0.15849847573301626,0.8930100615707365,3.3779250050429255,3.3779250050429255,1.0,-0.0,1.0,0.7347050024570851,0.48378976285843245,0.15842081166291846,0.8938766837599537,0.8679054736416885,0.5345170749005854,0.445,1.0,0.0,0.0,0.0,0.0
bnp,23,best_single,0.748189888402986,0.4741765219569668,0.15451025101275837,0.8997490882998952,3.4929582965560257,3.4929582965560257,1.0,-0.0,1.0,0.7540258157049309,0.46790984953248027,0.15267440151951814,0.9035640876779437,0.8723581968665367,0.5489966200609694,0.36,0.0,0.0,0.0,0.0,1.0
bnp,23,uniform_voting,0.738038095743221,0.5235576136580435,0.17358681615330335,0.890452380244247,33.67377083864994,168.36885419324972,4.999999999999999,1.6094379124341005,5.0,0.739943344982127,0.5228164886787979,0.17335489945942978,0.8917987805478573,0.8724187854004216,0.5545361370411643,0.405,0.2,0.2,0.2,0.2,0.2
bnp,23,stacking_lr,0.7541613746850331,0.47196545587762284,0.15355278974658618,0.902531816398264,,,,,,0.7574718961016003,0.46900319646299765,0.15245466647548203,0.9042129708582931,0.8732530857900642,0.5627205457570296,0.39,,,,,
bnp,23,slsqp_direct_logloss,0.7540899592416126,0.46892194207005744,0.15295774395196185,0.9032281320912714,3.8679211467059336,16.854454192798585,2.158244025364361,0.9291746383494444,4.0,0.7581828197656982,0.46565218633581207,0.15183227731387405,0.9055805119106543,0.8734264484334704,0.565042280806429,0.46,0.22554886606220786,0.003397383968163182,0.0,0.14553327130535124,0.6255204786642777
bnp,23,direct_auc_search,0.7548337464051883,0.46973257688282705,0.1531281665001766,0.9032845084429376,4.390240224159224,13.12753749662079,2.71731801205951,1.0453211060921652,3.0,0.7586514864050055,0.4669870951686384,0.1521931570126575,0.9055789525429725,0.8732114163287169,0.5628175138086083,0.47500000000000003,0.20239220832068208,3.938824440307732e-06,0.0,0.33186401955226846,0.46573983330260915
bnp,23,scheffe_optimum_logloss,0.7428675919886633,0.5001285728348355,0.1642189832617278,0.8944283997530063,3.5321293199379085,7.219874992733821,1.3865602373954449,0.4517833222065244,2.0,0.746164931975044,0.4978157441063044,0.16343891559430548,0.8963726064546773,0.8721503934417935,0.5479551737164492,0.3,0.0,0.16742730094413455,0.0,0.0,0.8325726990558655
bnp,23,scheffe_optimum_auc,0.748154370432295,0.48225167698679433,0.15714408910418787,0.8980206270623832,16.05151319225409,162.08600419340655,2.107484256637932,1.0065733477953387,4.0,0.7515238137329491,0.48017245569643263,0.15634230080258368,0.900214297768749,0.8725686607663632,0.5524675554264753,0.385,0.156464515576087,0.10095733583115372,0.08483252342751446,0.0,0.6577456251652449
bnp,23,cheapest_vertex,0.7340731459200992,0.48445906866969124,0.15857444880113336,0.8932335060235341,3.351729200221598,3.351729200221598,1.0,-0.0,1.0,0.736857540620827,0.4827463977116678,0.1579094903308507,0.8943204372801651,0.8679139905054455,0.5430804377084182,0.465,1.0,0.0,0.0,0.0,0.0
bnp,24,best_single,0.7517924335107167,0.47182357341427855,0.1536918057399251,0.9013301310144695,3.4383875026833266,3.4383875026833266,1.0,-0.0,1.0,0.7473281382028868,0.4747189405356113,0.15492556265715401,0.8998518235461328,0.8705810954331665,0.5433225947661455,0.335,0.0,0.0,0.0,0.0,1.0
bnp,24,uniform_voting,0.7370933402167242,0.5146114986019451,0.17053055771086228,0.8910731721421945,32.748991660773754,163.74495830386877,4.999999999999999,1.6094379124341005,5.0,0.7271932352814283,0.5178775987892414,0.17219180611380203,0.8882787225627934,0.8706784870576879,0.5505715485319047,0.4,0.2,0.2,0.2,0.2,0.2
bnp,24,stacking_lr,0.7568481405952318,0.47038129444074134,0.15295659666967582,0.9037487281955546,,,,,,0.7502706950236396,0.4749836163191093,0.15483257194155692,0.9022454673529063,0.8710126230047305,0.544936826077303,0.325,,,,,
bnp,24,slsqp_direct_logloss,0.7568339701074992,0.46705375656845316,0.152274285415104,0.9043139286961343,3.7874629531857353,16.66822080151178,2.039755599019609,0.9029016577153663,4.0,0.7509645137970332,0.47051410076382455,0.15374209171466915,0.9027681351727913,0.8704258234786582,0.5484437495856628,0.41500000000000004,0.2025742076949889,0.006831313203153814,5.461114490456439e-18,0.133904793734624,0.6566896853672334
bnp,24,direct_auc_search,0.7576200799698272,0.46787005449145735,0.15243768774729413,0.904417365757657,4.374531579323152,12.977208301890641,2.608978665239439,1.0288438216483977,3.0,0.7515189206082628,0.4710136307623434,0.15379481408338885,0.9030793817194743,0.8708771041640299,0.5456335438955375,0.43,0.18259874930858866,0.00045796750647815823,0.0005193674643701853,0.31690214776088277,0.4995217679596802
bnp,24,scheffe_optimum_logloss,0.7517924335107167,0.47182357341427855,0.1536918057399251,0.9013301310144695,3.438387502683331,3.4383875026833266,1.0000000000000038,6.854697609427936e-14,1.0,0.7473281592485844,0.4747189405356112,0.15492556265715401,0.899851862282321,0.8705810954331665,0.5433225947661455,0.335,3.053113317719176e-16,0.0,0.0,1.6375789613221035e-15,0.9999999999999981
bnp,24,scheffe_optimum_auc,0.7517924335107167,0.47182357341427855,0.1536918057399251,0.9013301310144695,3.4383875026833284,3.4383875026833266,1.0000000000000016,2.961117364742992e-14,1.0,0.7473281487257356,0.4747189405356113,0.15492556265715401,0.899851831250046,0.8705810954331665,0.5433225947661455,0.335,3.421000348415494e-16,0.0,0.0,4.718447854656913e-16,0.9999999999999992
bnp,24,cheapest_vertex,0.7359398947433666,0.48367795764309346,0.15809597628488867,0.8932732292663271,3.3057083026506007,3.3057083026506007,1.0,-0.0,1.0,0.7288726030265817,0.4867364634353403,0.1598075025086264,0.8925556763862212,0.8669855485446774,0.5443105324245802,0.465,1.0,0.0,0.0,0.0,0.0
bnp,25,best_single,0.7477753774657504,0.4740081817476619,0.1544334257084662,0.8998284070377722,3.3970542019233108,3.3970542019233108,1.0,-0.0,1.0,0.7528068909927571,0.4701607571275811,0.15327308414101054,0.9022296918894648,0.8710974037464925,0.5441198057903028,0.34500000000000003,0.0,0.0,0.0,0.0,1.0
bnp,25,uniform_voting,0.733225420580339,0.5156481018311568,0.17101695920921536,0.8896806373721049,33.18322752020322,165.9161376010161,4.999999999999999,1.6094379124341005,5.0,0.739837811331635,0.511294137297931,0.16937600167768282,0.8933384066938832,0.8716334560223378,0.5517368224995344,0.405,0.2,0.2,0.2,0.2,0.2
bnp,25,stacking_lr,0.7540638443054015,0.4717892802941989,0.15344044813132282,0.9026271927334186,,,,,,0.7578685285795311,0.46940247172840366,0.15254225955114822,0.9047104352171303,0.8725177802136174,0.560321651918894,0.38,,,,,
bnp,25,slsqp_direct_logloss,0.7535642732808255,0.46878311217356344,0.1528800528053785,0.9029932442856441,3.740104906561963,16.421654203440994,2.1126516572437657,0.9239562199271494,4.0,0.7573433279351119,0.4666866408516637,0.1521675254323661,0.9049269641591599,0.8716853532657057,0.5542866139892857,0.44,0.220087394017745,0.006420043669517275,0.0,0.13603354720057043,0.6374590151121674
bnp,25,direct_auc_search,0.7545606858092494,0.4699071147695452,0.15312674395873818,0.9029783219494457,4.344249240870908,12.79227920458652,2.7163411510725863,1.0431431839693432,3.0,0.7582966033296398,0.4678496861813522,0.15245079315192342,0.905139828431135,0.8723729851050808,0.5608010992167843,0.47500000000000003,0.19191888625467562,0.0,0.0,0.35499023148391196,0.45309088226141236
bnp,25,scheffe_optimum_logloss,0.7477753774657504,0.4740081817476619,0.1544334257084662,0.8998284070377722,3.397054201923312,3.3970542019233108,1.0000000000000009,1.6142867579807962e-14,1.0,0.7528068962541815,0.4701607571275811,0.15327308414101054,0.9022297203588566,0.8710974037464925,0.5441198057903028,0.34500000000000003,0.0,0.0,0.0,4.440892098500624e-16,0.9999999999999996
bnp,25,scheffe_optimum_auc,0.7477753774657504,0.4740081817476619,0.1544334257084662,0.8998284070377722,3.3970542019233108,3.3970542019233108,1.0,-0.0,1.0,0.7528068909927571,0.4701607571275811,0.15327308414101054,0.9022296918894648,0.8710974037464925,0.5441198057903028,0.34500000000000003,0.0,0.0,0.0,0.0,1.0
bnp,25,cheapest_vertex,0.7338958974211646,0.4845198757845101,0.15855019218721977,0.892964295116297,3.250958299031481,3.250958299031481,1.0,-0.0,1.0,0.7367274887326597,0.483045634656524,0.15797706173172185,0.8940573293732483,0.8674317776077531,0.5490689120321409,0.47500000000000003,1.0,0.0,0.0,0.0,0.0
bnp,26,best_single,0.7466084257976567,0.47524476896772416,0.15500375989749432,0.8992727410544886,3.433045803103596,3.433045803103596,1.0,-0.0,1.0,0.7603927442853039,0.464998191843563,0.15158945529957396,0.9057171338025122,0.8716558573165789,0.5487758243862811,0.37,0.0,0.0,0.0,0.0,1.0
bnp,26,uniform_voting,0.7375612714920489,0.5242110428219301,0.17377403434268993,0.8901644650500034,33.283545821905136,166.41772910952568,4.999999999999999,1.6094379124341005,5.0,0.7468434347420271,0.520756004930745,0.17236041565335283,0.8947731130684721,0.8716339339947359,0.5471579626922919,0.4,0.2,0.2,0.2,0.2,0.2
bnp,26,stacking_lr,0.7527497708123391,0.4727409139141181,0.15385845936212192,0.9018135277200614,,,,,,0.7627195513478191,0.4664264269527801,0.15144837347204718,0.9064487979803414,0.8721419518377693,0.5507904764009331,0.35500000000000004,,,,,
bnp,26,slsqp_direct_logloss,0.7526789607963476,0.4698584737713676,0.1533214188186604,0.9027034982363209,3.8565407556227154,16.62360410555266,2.2021930545076995,0.9442450391748322,4.0,0.7638294856536741,0.46338097852689214,0.1510083442265886,0.9078584210186426,0.8723231503095504,0.5527063977868344,0.435,0.2173433680800962,0.003377168152717928,3.169447340455944e-17,0.1624778852825931,0.6168015784845928
bnp,26,direct_auc_search,0.7534926164556924,0.47077689200468814,0.15350824098425125,0.9027933463971317,4.515100402552328,12.948404107009992,2.762666383158908,1.0640985667011984,3.0,0.7637437665274494,0.46530709534259923,0.15153423772380623,0.9074671371961446,0.8721846418889817,0.5500704241655118,0.45,0.20263113524540555,0.0009362044007923005,0.000904872040306356,0.350457203919772,0.4450705843937238
bnp,26,scheffe_optimum_logloss,0.7411252987871509,0.5009344894498337,0.16451726035391576,0.8937002921863636,3.4736537753271817,7.108245801646262,1.387244155026381,0.4522119468440816,2.0,0.7542270178351764,0.4940324490082864,0.16185848329132121,0.9002861267506447,0.8714516617840186,0.5434356364692474,0.28500000000000003,0.0,0.167694687882469,0.0,0.0,0.8323053121175311
bnp,26,scheffe_optimum_auc,0.7449492955021497,0.49510090950319946,0.1618916806507749,0.8955381456662033,4.161965529235903,16.62360410555266,2.5569652504309914,1.1085799928372095,4.0,0.7566341089725175,0.48990404493048567,0.15977838289760107,0.9012483895490122,0.872253410216679,0.5543009250636369,0.375,0.051080573081829166,0.14651535473486738,0.0,0.2510579486616268,0.5513461235216767
bnp,26,cheapest_vertex,0.7334776256647666,0.48503745360375466,0.15875319862093876,0.8927250680376283,3.2914250041358173,3.2914250041358173,1.0,-0.0,1.0,0.7393718964172856,0.481143135009174,0.15751690372490612,0.8960677302408884,0.8682045734698498,0.529602404681405,0.44,1.0,0.0,0.0,0.0,0.0
bnp,27,best_single,0.7484871016399329,0.4739795328409084,0.15445152837651,0.899974311186351,3.4225499955937266,3.4225499955937266,1.0,-0.0,1.0,0.7487260144815445,0.47253048598254077,0.15413092999313754,0.9003993555492095,0.8714263874025377,0.5570806407993998,0.4,0.0,0.0,0.0,0.0,1.0
bnp,27,uniform_voting,0.7354927545234012,0.5153775136945927,0.17087334197015477,0.89059619751868,32.71676330012269,163.58381650061347,4.999999999999999,1.6094379124341005,5.0,0.7355579267041491,0.5138004922638073,0.17040683925522412,0.8914713222567711,0.8721162349968413,0.5458399232673866,0.39,0.2,0.2,0.2,0.2,0.2
bnp,27,stacking_lr,0.7543735955793708,0.4717776419919105,0.1534587981585399,0.9027560148385174,,,,,,0.7534244664652593,0.4721437053453951,0.1537040768314128,0.902773015649803,0.8724388631857236,0.5558738805004246,0.365,,,,,
bnp,27,slsqp_direct_logloss,0.7541976858610248,0.46867729265005276,0.15285442862558035,0.9032278806677572,3.794278524527724,16.614824900170788,2.149927415045013,0.9369669981466269,4.0,0.7533437509536332,0.46900527714201534,0.15299495025537185,0.9030859207583705,0.8723161550356155,0.5512429588988049,0.42000000000000004,0.22082021465279086,0.006645648552094245,0.0,0.14344845911151313,0.6290856776836018
bnp,27,direct_auc_search,0.7550334006518648,0.4695976307808989,0.15306030311546737,0.9033390205447277,4.348543034003922,12.914808298228309,2.7505119786139343,1.0546901597898706,3.0,0.7539865812632259,0.4699674360824704,0.15324898898858705,0.9033671590491675,0.8720980169256031,0.545405382226698,0.43,0.20871541646354,0.0002073886832800128,0.00015391471138401523,0.3353506290911128,0.45557265105068323
bnp,27,scheffe_optimum_logloss,0.7415914890886521,0.4948743941969089,0.16264131072449803,0.8949988452338633,3.469374737422524,7.122566597536206,1.3899653958344629,0.45391157259637904,2.0,0.7430826317223904,0.49385281064742453,0.16229386638359347,0.8959370679736753,0.8715596330275229,0.5405608204875657,0.26,0.0,0.16875811631884371,0.0,0.0,0.8312418836811563
bnp,27,scheffe_optimum_auc,0.7520565544329837,0.4705268502946348,0.15340979432688195,0.9019469926351601,27.886371623148023,153.6868333001621,1.9837928863216485,0.8617828922327677,3.0,0.7513735158837141,0.4707123268397381,0.15347402931621923,0.9019088867673278,0.8725706322057519,0.5512213870587901,0.435,0.15877663775281464,0.0,0.17056519825548008,4.768721657149445e-17,0.6706581639917053
bnp,27,cheapest_vertex,0.7355941466815763,0.4837430062721664,0.1582091788943342,0.8934376121278126,3.2952917041257024,3.2952917041257024,1.0,-0.0,1.0,0.7318856997641829,0.4854855438822786,0.15898538008594768,0.8924514661065576,0.8683909942381399,0.5439746167841543,0.46,1.0,0.0,0.0,0.0,0.0
bnp,28,best_single,0.7468985626699012,0.4750428323077878,0.15487204461787044,0.8991806841320984,3.4756874956656247,3.4756874956656247,1.0,-0.0,1.0,0.7565922806485863,0.46716072733071173,0.15260255974156534,0.9051265552068453,0.8714058916916564,0.5399197948465401,0.315,0.0,0.0,0.0,0.0,1.0
bnp,28,uniform_voting,0.7321064946650301,0.5150243819088548,0.17074176389455872,0.8890401468713014,33.45086917979643,167.25434589898214,4.999999999999999,1.6094379124341005,5.0,0.7396961790483767,0.5081065671245605,0.1685046564959798,0.8948178029045067,0.8720222171265509,0.5583698476186267,0.41500000000000004,0.2,0.2,0.2,0.2,0.2
bnp,28,stacking_lr,0.7530744864370575,0.4728487122637135,0.15385723441233903,0.9020645002432258,,,,,,0.7597026032475616,0.4684916286524372,0.1523364705063684,0.906891133612177,0.872267967876385,0.5550784320534392,0.37,,,,,
bnp,28,slsqp_direct_logloss,0.7528465777045485,0.4697921255929618,0.1532550688004277,0.9025748412669297,3.883601516669291,16.8093541986309,2.1835750429692546,0.9389944247145527,4.0,0.7605047915791955,0.46452526776485087,0.15165250649362874,0.9076817648683474,0.8722592460701022,0.5563874481355091,0.445,0.21911520851352584,0.003589138389250511,0.0,0.1564346219824404,0.6208610311147833
bnp,28,direct_auc_search,0.7536316549530107,0.4706588965661481,0.15343129631761554,0.9026235902297972,4.4052573697068995,13.078441697871312,2.744428134358344,1.0509369096190198,3.0,0.7605143989401387,0.46620267963967665,0.15206260540983135,0.9073223166840043,0.8723420509816904,0.5583428828186082,0.47000000000000003,0.20446799131525137,3.9958968340501696e-05,3.7575414337884395e-05,0.34207850729212474,0.45337596700994554
bnp,28,scheffe_optimum_logloss,0.7468985626699012,0.4750428323077878,0.15487204461787044,0.8991806841320984,3.4756874956656265,3.4756874956656247,1.0000000000000009,1.8414580677149378e-14,1.0,0.7565922911714351,0.46716072733071173,0.15260255974156534,0.9051265552068453,0.8714058916916564,0.5399197948465401,0.315,0.0,0.0,0.0,5.103598113851191e-16,0.9999999999999996
bnp,28,scheffe_optimum_auc,0.7468985626699012,0.4750428323077878,0.15487204461787044,0.8991806841320984,3.475687495665827,3.4756874956656247,1.0000000000000053,9.51326285670239e-14,1.0,0.7565922964328595,0.46716072733071173,0.1526025597415653,0.905126643323552,0.8714058916916564,0.5399197948465401,0.315,1.280978095887454e-15,3.749294243131907e-17,1.3771331467544047e-15,0.0,0.9999999999999973
bnp,28,cheapest_vertex,0.7335004293305905,0.4852648472294983,0.15869244459817844,0.8920803275059631,3.3517333038616925,3.3517333038616925,1.0,-0.0,1.0,0.7397496456430671,0.47997083764180515,0.15743592633709477,0.8978680351766374,0.8685987903225807,0.5333372794016288,0.45,1.0,0.0,0.0,0.0,0.0
bnp,29,best_single,0.7503271991597233,0.47266663955670074,0.15392092088365353,0.9004714251545224,3.3871249994263053,3.3871249994263053,1.0,-0.0,1.0,0.7465625167707902,0.47432669950325623,0.15525821621523336,0.9013040217509714,0.8711328393552823,0.5553299281394657,0.4,0.0,0.0,0.0,0.0,1.0
bnp,29,uniform_voting,0.7358868479878736,0.5137057167713227,0.17018500195085318,0.8906412781571499,32.94271501945332,164.71357509726658,4.999999999999999,1.6094379124341005,5.0,0.7268001700492364,0.5157053147410402,0.17159158997445592,0.8891200339678571,0.8698928289590917,0.5520081278484036,0.41000000000000003,0.2,0.2,0.2,0.2,0.2
bnp,29,stacking_lr,0.7560779523890554,0.47073442189053744,0.1530173897013216,0.9032392292382629,,,,,,0.7498424729536479,0.4755024596199765,0.1551718982147358,0.9031087102614159,0.8706002815819788,0.5622269978417637,0.4,,,,,
bnp,29,slsqp_direct_logloss,0.7559359913314105,0.46763620262514277,0.15240116567912587,0.9037287195543751,3.7548311100805964,16.377633396768942,2.118532792845749,0.9233848567433567,4.0,0.7505265843990349,0.4706299148209285,0.15409113071331565,0.9040157316021333,0.8710965496058155,0.5632755997234595,0.46,0.21441520137362766,0.005079672892580785,4.533761184831722e-18,0.14384742465382952,0.6366577010799621
bnp,29,direct_auc_search,0.7567070335816026,0.46848947952874587,0.15259630221966974,0.9038364188383866,4.241700760799292,12.771087599685416,2.721389608203695,1.0485954782149993,3.0,0.7509875904044246,0.4715886521059846,0.15424759412963898,0.9038641000940799,0.8708785582633627,0.5629200852771665,0.48000000000000004,0.20839594404574682,0.00022262911305868602,2.0051030647170873e-06,0.32190043119114287,0.46947899054698694
bnp,29,scheffe_optimum_logloss,0.7503271991597233,0.47266663955670074,0.15392092088365353,0.9004714251545224,3.3871249994263053,3.3871249994263053,1.0000000000000009,1.5340133127578702e-14,1.0,0.7465625115093658,0.4743266995032561,0.15525821621523336,0.9013040217509714,0.8711328393552823,0.5553299281394657,0.4,4.2073847694424043e-16,0.0,0.0,0.0,0.9999999999999996
bnp,29,scheffe_optimum_auc,0.7503271991597233,0.47266663955670074,0.15392092088365353,0.9004714251545224,3.387124999426307,3.3871249994263053,1.0000000000000018,3.0712287193643044e-14,1.0,0.7465625115093658,0.4743266995032561,0.15525821621523336,0.9013040217509714,0.8711328393552823,0.5553299281394657,0.4,2.3835740026094418e-17,0.0,0.0,8.32667268468867e-16,0.9999999999999991
bnp,29,cheapest_vertex,0.7360683887403678,0.4835366325343795,0.15805937032658043,0.8934243935993057,3.262295899912715,3.262295899912715,1.0,-0.0,1.0,0.7290585891174802,0.4864498580972081,0.15997691921622098,0.8935323770456074,0.8656100295586586,0.5434290070745112,0.47000000000000003,1.0,0.0,0.0,0.0,0.0
porto,0,best_single,0.6199732199846973,0.15310434248328442,0.03483929726197542,0.06182491151489305,1.3726499979384243,1.3726499979384243,1.0,-0.0,1.0,0.6437245805779795,0.15198949544524284,0.034787778015251354,0.06407237465972632,0.11567092956671121,0.5587898552442283,0.06,1.0,0.0,0.0,0.0,0.0
porto,0,uniform_voting,0.6133529780527668,0.19389253118561384,0.04527229631992297,0.059024262259618786,48.21084333991166,241.0542166995583,4.999999999999999,1.6094379124341005,5.0,0.6240370453652934,0.19378476919975574,0.045380623504862605,0.060767255741314384,0.11029305615706655,0.5650084289783742,0.23500000000000001,0.2,0.2,0.2,0.2,0.2
porto,0,stacking_lr,0.6189126702647937,0.15344748861278817,0.034879706591998474,0.05964577844051076,,,,,,0.6352863841764839,0.15282979120337425,0.034870856458343404,0.06277579562144533,0.11769674785301984,0.5755379074821838,0.049999999999999996,,,,,
porto,0,slsqp_direct_logloss,0.6252888774927022,0.15276778544960617,0.03481403549105299,0.06280173286905337,20.7415256645571,241.0542166995583,2.423378348246702,1.0578374837357152,5.0,0.6457572445686423,0.1517991750361873,0.03475780840001992,0.065441191489497,0.11805414207205374,0.5583921988013147,0.06,0.5533803170924004,0.001116179297145909,0.07981347497255899,0.3116496529075865,0.05404037573030814
porto,0,direct_auc_search,0.6253656947573769,0.1527723810162885,0.034814977521401884,0.06277608945623721,23.715905630352346,241.0542166995583,2.588053646253262,1.1208371885231578,5.0,0.6452769106069882,0.15180623039869287,0.034757493521643666,0.06539853984966013,0.11953295072234317,0.5608468989595303,0.06,0.5290235151621809,0.0020391960286287817,0.09277767417571756,0.30462377221517445,0.07153584241829825
porto,0,scheffe_optimum_logloss,0.6148738646878302,0.15348688546566686,0.034880017604876565,0.05883678236697507,4.392520801047792,4.3925208010477945,1.0000000000000022,4.1957954241507994e-14,1.0,0.6336033112008143,0.1524741187770421,0.03480198484162502,0.0629566257011473,0.11359588363348506,0.5555082731260907,0.06,0.0,2.835128898051369e-16,0.0,0.9999999999999989,8.856904254307061e-16
porto,0,scheffe_optimum_auc,0.6239377547102873,0.15282001082090946,0.0348162456042613,0.06273754069856886,2.5365669587541335,7.3906791978515685,1.9333494570111625,0.7075906157007161,3.0,0.6466610027405658,0.15176620163026144,0.03475679257383892,0.06546228410087047,0.11627906976744187,0.5574192342431704,0.06,0.6075561969684632,0.0,4.2247870595907146e-17,0.3847775483361434,0.007666254695393355
porto,0,cheapest_vertex,0.6199732199846973,0.15310434248328442,0.03483929726197542,0.06182491151489305,1.3726499979384243,1.3726499979384243,1.0,-0.0,1.0,0.6437245805779795,0.15198949544524284,0.034787778015251354,0.06407237465972632,0.11567092956671121,0.5587898552442283,0.06,1.0,0.0,0.0,0.0,0.0
porto,1,best_single,0.6244313929724038,0.15285683577089937,0.03482259348689473,0.06262889620280991,1.383916602935642,1.383916602935642,1.0,-0.0,1.0,0.6326822558811904,0.15248374287901828,0.0348160409323068,0.06217509409971438,0.11534968210717529,0.5688168088983361,0.055,1.0,0.0,0.0,0.0,0.0
porto,1,uniform_voting,0.6108975138037289,0.20111567490777493,0.047014648700593756,0.05928663288234225,48.07434082147665,240.37170410738327,4.999999999999999,1.6094379124341005,5.0,0.6248101673630726,0.1986489911429038,0.04656345075783532,0.060706948909722606,0.1078073378542862,0.5546391092495678,0.24000000000000002,0.2,0.2,0.2,0.2,0.2
porto,1,stacking_lr,0.6187509699615811,0.15334742728523199,0.03487871187615727,0.060515337474177616,,,,,,0.6341227950852468,0.15290918177396762,0.03486259550455422,0.061242183965608495,0.11097744360902254,0.5639751023574731,0.049999999999999996,,,,,
porto,1,slsqp_direct_logloss,0.628093027414769,0.15259469233045697,0.03479967764000557,0.06366550006318025,11.32088728204319,238.78885830636136,2.1985820479094307,0.9779731669396766,4.0,0.6395494192678409,0.15213328786280014,0.03478848100847497,0.06329456341837131,0.1124949779027722,0.5539898789619633,0.06,0.60871837469397,2.2715560594767166e-19,0.0395103644864213,0.2780325105311609,0.07373875028844774
porto,1,direct_auc_search,0.6281024311817319,0.1525956941030361,0.03480000975372242,0.06365253325350782,13.804278986275545,238.78885830636136,2.233016589289129,0.9933027442626534,4.0,0.6392954786323637,0.1521509088352976,0.03478951075622203,0.06323746048962117,0.11344368187323375,0.5546571360094654,0.06,0.6008024184174032,3.2888141083212217e-06,0.05025716264577784,0.2827663450598761,0.06617078506283458
porto,1,scheffe_optimum_logloss,0.6244313929724038,0.15285683577089937,0.03482259348689473,0.06262889620280991,1.383916602935642,1.383916602935642,1.0,-0.0,1.0,0.6326822558811904,0.15248374287901828,0.0348160409323068,0.06217509409971438,0.11534968210717529,0.5688168088983361,0.055,1.0,0.0,0.0,0.0,0.0
porto,1,scheffe_optimum_auc,0.6273503656140107,0.15264687934300636,0.03480401702087505,0.06334057145569072,2.2702717581871195,5.748429102823138,1.71787757411936,0.6086238413468531,2.0,0.6371480163908626,0.15223788537527858,0.03479605409044278,0.06295319446533423,0.11425251742835012,0.5569155526912049,0.06,0.7026248488908531,3.2979920062784434e-16,5.153094606194414e-16,0.29737515110914614,0.0
porto,1,cheapest_vertex,0.6244313929724038,0.15285683577089937,0.03482259348689473,0.06262889620280991,1.383916602935642,1.383916602935642,1.0,-0.0,1.0,0.6326822558811904,0.15248374287901828,0.0348160409323068,0.06217509409971438,0.11534968210717529,0.5688168088983361,0.055,1.0,0.0,0.0,0.0,0.0
porto,2,best_single,0.6272403131790955,0.15279347135696744,0.03482791752499075,0.06232029404189647,1.3647707994095981,1.3647707994095981,1.0,-0.0,1.0,0.6196174639690804,0.15311040356878855,0.0348412757148181,0.06218012152627574,0.10852713178294572,0.5622609941702917,0.055,1.0,0.0,0.0,0.0,0.0
porto,2,uniform_voting,0.6164923113733587,0.19757723807412098,0.0462215498842641,0.059379119949589325,48.123682498699054,240.61841249349527,4.999999999999999,1.6094379124341005,5.0,0.6168232272078581,0.19768358643754375,0.046328990473383715,0.0589520737215337,0.10534979423868313,0.5610110972947475,0.23500000000000001,0.2,0.2,0.2,0.2,0.2
porto,2,stacking_lr,0.6238142684020119,0.15322577342638583,0.03487665544952717,0.06055551607083768,,,,,,0.624352033187176,0.15331601657002783,0.03490381329569926,0.06026168390359775,0.10541031734936389,0.560297020498686,0.049999999999999996,,,,,
porto,2,slsqp_direct_logloss,0.6316745880307012,0.1524481527981659,0.034794142684166945,0.06362996590675729,9.71601245678491,239.03383749420755,2.35267500327038,1.0213545349388837,4.0,0.6294207469961866,0.15252055023852312,0.03479868219624545,0.06374518760901267,0.11584533737680061,0.56931541875576,0.055,0.5654177350084919,0.0008478355362645665,0.03211550644349437,0.30959793440557254,0.0920209886061767
porto,2,direct_auc_search,0.6316825281244147,0.1524495652154212,0.034794438654769784,0.0636141595836571,11.76455643894679,239.03383749420755,2.364893938780726,1.043000480385074,4.0,0.6292778497780449,0.15253317487887053,0.03479990930471431,0.06366390142998188,0.11606060606060606,0.5696064628407796,0.055,0.575697140552194,0.0009701827948181883,0.041355096421447024,0.2825314727101046,0.09944610752143623
porto,2,scheffe_optimum_logloss,0.6197462238386869,0.1532631012068446,0.03486217568887384,0.059457274311999715,4.3711374979465045,4.37113749794662,1.0000000000000777,1.2510867151285716e-12,1.0,0.6233872812151054,0.15297618357528467,0.034842199859966116,0.06063238344677904,0.11443584878119985,0.5695534502862536,0.055,3.5887959271007983e-14,0.0,0.0,0.9999999999999611,3.0269928659617376e-15
porto,2,scheffe_optimum_auc,0.6312584832988921,0.15247588940600731,0.03479640549402261,0.06349404365574213,2.3213586311341934,7.358916598604992,1.9317662345312745,0.7737677776117681,3.0,0.628041495216698,0.15257558492329268,0.034800609073986195,0.06364971343818443,0.11363290175171362,0.566501429078954,0.055,0.6457605588758032,0.0,0.0,0.3147995823614456,0.039439858762751176
porto,2,cheapest_vertex,0.6272403131790955,0.15279347135696744,0.03482791752499075,0.06232029404189647,1.3647707994095981,1.3647707994095981,1.0,-0.0,1.0,0.6196174639690804,0.15311040356878855,0.0348412757148181,0.06218012152627574,0.10852713178294572,0.5622609941702917,0.055,1.0,0.0,0.0,0.0,0.0
porto,3,best_single,0.6263624784844481,0.1528228352068778,0.03482538327574301,0.062464886144082896,1.3799665961414576,1.3799665961414576,1.0,-0.0,1.0,0.6219250493947458,0.15300220937434825,0.03483823991122166,0.062203845876083,0.1128701260627382,0.5674383045264643,0.055,1.0,0.0,0.0,0.0,0.0
porto,3,uniform_voting,0.6135669056876225,0.2013430262283592,0.04707928769954252,0.059155625702100485,48.28882165835239,241.44410829176195,4.999999999999999,1.6094379124341005,5.0,0.6169695233511138,0.19981035110861484,0.046769412102710135,0.0610300588041439,0.11071245515120451,0.5582985948950352,0.24000000000000002,0.2,0.2,0.2,0.2,0.2
porto,3,stacking_lr,0.6227435730685973,0.15325828344491782,0.03488406250591171,0.06030713984890872,,,,,,0.6258300673400027,0.15305200264815058,0.03485127259454538,0.061956505306523295,0.11097922848664687,0.5645870868321797,0.049999999999999996,,,,,
porto,3,slsqp_direct_logloss,0.631653481551026,0.15245702282879145,0.03479444667685119,0.06354063692514463,17.423520044939778,239.86270829336718,2.4860193981322998,1.082091888328051,4.0,0.6301941893115158,0.1524547626069505,0.034795469902966475,0.06383720551358958,0.11130434782608695,0.5739298599948934,0.049999999999999996,0.5498145350643561,2.5891711115478993e-21,0.06549439792241434,0.296437627977164,0.0882534390360658
porto,3,direct_auc_search,0.631693625792866,0.15246045892581314,0.03479514912777381,0.06349403218825829,22.355754209066713,239.86270829336718,2.5994807893028624,1.1281179236792993,4.0,0.630055367244427,0.15246648985714284,0.03479615473084485,0.06383317171973092,0.11124595469255662,0.5526514142838422,0.06,0.5404044598919204,0.00010817195560044074,0.08710548812833879,0.27488624978957854,0.09749563023456176
porto,3,scheffe_optimum_logloss,0.6194532166964598,0.15325005298807182,0.03486351675746996,0.05933949896214005,4.3641542026307585,4.364154202630743,1.0000000000000102,1.7435161644709766e-13,1.0,0.6240496089314214,0.15294028196350698,0.034841897490636375,0.06060146314432355,0.1134237158678633,0.556680350632403,0.06,4.9960036108131965e-15,0.0,1.291634064570024e-16,0.9999999999999949,0.0
porto,3,scheffe_optimum_auc,0.6300903563756967,0.1525353222244484,0.034799169147176456,0.06346465580191947,2.249724853270804,7.397920795483515,1.7682678658206612,0.6800111790320017,3.0,0.6281805842150786,0.15256101654339763,0.03480407533750431,0.06341140359577073,0.1130421641227142,0.5661827487075365,0.055,0.6936744359787058,4.5991205066556794e-17,0.0,0.2899532778909702,0.016372286130324033
porto,3,cheapest_vertex,0.6263624784844481,0.1528228352068778,0.03482538327574301,0.062464886144082896,1.3799665961414576,1.3799665961414576,1.0,-0.0,1.0,0.6219250493947458,0.15300220937434825,0.03483823991122166,0.062203845876083,0.1128701260627382,0.5674383045264643,0.055,1.0,0.0,0.0,0.0,0.0
porto,4,best_single,0.6268129161414349,0.15271372532530025,0.034807034054518474,0.06360547476153691,1.3925042003393173,1.3925042003393173,1.0,-0.0,1.0,0.6193827156934744,0.1533197360371764,0.03487542204858863,0.060606499004494274,0.10365310365310364,0.555767214274432,0.055,1.0,0.0,0.0,0.0,0.0
porto,4,uniform_voting,0.6179250839890411,0.19478941537094768,0.045526429161815034,0.0610593634841975,48.53052169899456,242.6526084949728,4.999999999999999,1.6094379124341005,5.0,0.6096850573784828,0.1980417012237331,0.0462930954414323,0.05885320144487112,0.10367290367290367,0.5584249779639321,0.23500000000000001,0.2,0.2,0.2,0.2,0.2
porto,4,stacking_lr,0.6259458015186824,0.15302161987704735,0.03485140664105562,0.06199870352088857,,,,,,0.6162936711160198,0.1535731865718195,0.034921058314562214,0.0599153828551973,0.1029817780231916,0.5576928566125536,0.049999999999999996,,,,,
porto,4,slsqp_direct_logloss,0.6333350085496313,0.15228136440035087,0.03477233212804276,0.06516268921586846,17.730907659014218,242.6526084949728,2.614922219759848,1.1169048680295406,5.0,0.6245893795940209,0.15284403364169194,0.03483031972277918,0.06213310087505757,0.10576333537706926,0.5570678814816523,0.055,0.5119356600617194,0.001127670835405478,0.06607903361628753,0.32750603040383136,0.09335160508275626
porto,4,direct_auc_search,0.6333758868525234,0.1522867508807062,0.03477351001757678,0.06513078928489167,20.46646503370598,241.0741417959798,2.724556230124531,1.1466957541067397,4.0,0.6246057691753296,0.1528370043308351,0.0348292936973107,0.06215460556698283,0.10124069478908188,0.559563795831302,0.049999999999999996,0.49442626680202334,0.00023164021348696812,0.07786723188212724,0.32586275676039633,0.1016121043419661
porto,4,scheffe_optimum_logloss,0.6233118631152846,0.15301861347484022,0.034839252543236374,0.060856043926300625,4.33451249846256,4.334512498462573,1.000000000000008,1.365039346805598e-13,1.0,0.6136034663768718,0.15354658873195484,0.034886049847079686,0.05878648777644031,0.10131332082551596,0.5539493232010486,0.055,3.996802888650548e-15,0.0,0.0,0.999999999999996,0.0
porto,4,scheffe_optimum_auc,0.6323589286808704,0.15232690162072013,0.034774256422254186,0.06507910897174783,2.5381414474264163,7.383095897966996,2.0847692541037888,0.8159576626846449,3.0,0.6239808652261061,0.1528984873897202,0.03483464289669388,0.061923658059772596,0.10481283422459892,0.5560836346275799,0.055,0.5737638200903333,0.0,0.0,0.38578225813535283,0.04045392177431392
porto,4,cheapest_vertex,0.6268129161414349,0.15271372532530025,0.034807034054518474,0.06360547476153691,1.3925042003393173,1.3925042003393173,1.0,-0.0,1.0,0.6193827156934744,0.1533197360371764,0.03487542204858863,0.060606499004494274,0.10365310365310364,0.555767214274432,0.055,1.0,0.0,0.0,0.0,0.0
porto,5,best_single,0.6254009441466559,0.15284380150954469,0.0348341993161608,0.06189357851005914,1.3866707973647863,1.3866707973647863,1.0,-0.0,1.0,0.6262221449189201,0.1528840232215111,0.03482228829812239,0.06310658739480321,0.10975430336913344,0.563491725379094,0.055,1.0,0.0,0.0,0.0,0.0
porto,5,uniform_voting,0.6166280425985327,0.19716376912136346,0.04607150866633952,0.05927715536482394,48.37632081937045,241.88160409685224,4.999999999999999,1.6094379124341005,5.0,0.6137131662400392,0.19753446154356025,0.04618210625010848,0.059702835299655865,0.10194690265486726,0.5481193836321576,0.24000000000000002,0.2,0.2,0.2,0.2,0.2
porto,5,stacking_lr,0.6254707950607248,0.15320249863835853,0.034892372963181345,0.06051117160670001,,,,,,0.621203160409548,0.15333157993197022,0.034871566546012756,0.06016418292052061,0.10527821484766128,0.5591954484442141,0.049999999999999996,,,,,
porto,5,slsqp_direct_logloss,0.6338074079786403,0.15232477034220626,0.03478899467634395,0.06357111349058633,8.06222241261872,240.30282489256933,2.5444859327900557,1.0502562468079237,4.0,0.6289804527282834,0.1526483797002002,0.034807417847371826,0.06379801484951499,0.10905125408942201,0.5602095738075343,0.055,0.4663046551837312,0.0005553994089607568,0.023522316999416707,0.40507189911984043,0.1045457292880509
porto,5,direct_auc_search,0.634000189094127,0.15233717387544213,0.034791000248341086,0.06344856292200912,15.040301229536295,240.30282489256933,2.8185694112570676,1.1515086887126769,4.0,0.6284053403626664,0.15268054211782803,0.03481174965608405,0.06361791941164928,0.10728092783505154,0.5568964048198822,0.055,0.41887661478149907,0.0001996596648648845,0.05369573999530886,0.400479527520888,0.12674845803743917
porto,5,scheffe_optimum_logloss,0.6252387911724612,0.15293600678141597,0.03483705117866308,0.06068206502296054,4.355137498350762,4.355137498350814,1.0000000000000353,5.80076018409466e-13,1.0,0.6178064597230222,0.1533366230804616,0.034870179860689236,0.059583956237178416,0.10455764075067023,0.5567384882677291,0.055,1.7763568394002293e-14,0.0,0.0,0.9999999999999823,0.0
porto,5,scheffe_optimum_auc,0.6334761429090343,0.15233463696364719,0.0347888859274856,0.06362471358914643,2.764432583535619,7.385433296440169,2.307993133140777,0.9079795524848401,3.0,0.6288973303240567,0.15265308468825944,0.03480689107331165,0.06389416564110201,0.10938724337878077,0.560346634128098,0.055,0.4671169726383627,0.0,0.0,0.45761738272548824,0.07526564463614907
porto,5,cheapest_vertex,0.6254009441466559,0.15284380150954469,0.0348341993161608,0.06189357851005914,1.3866707973647863,1.3866707973647863,1.0,-0.0,1.0,0.6262221449189201,0.1528840232215111,0.03482228829812239,0.06310658739480321,0.10975430336913344,0.563491725379094,0.055,1.0,0.0,0.0,0.0,0.0
porto,6,best_single,0.6237408795361147,0.1529893210722635,0.034839874432896274,0.06159936498910611,1.391637499909848,1.391637499909848,1.0,-0.0,1.0,0.6280475634547287,0.15251054775286255,0.03478737813013604,0.06506158213948983,0.11426871001339087,0.5683926550758693,0.055,1.0,0.0,0.0,0.0,0.0
porto,6,uniform_voting,0.6150379462406073,0.19641457621167258,0.04592687751427452,0.05812848162375681,48.078767518745735,240.39383759372868,4.999999999999999,1.6094379124341005,5.0,0.6192469633362396,0.19767340953765097,0.04631913745061989,0.06216001637128024,0.11161846778285137,0.5596556735818955,0.24000000000000002,0.2,0.2,0.2,0.2,0.2
porto,6,stacking_lr,0.6252428068200803,0.15302121477519645,0.03484319055344578,0.06154334051563979,,,,,,0.6287402056680689,0.15269202299119994,0.0347857331505042,0.0656963105289538,0.11222389902592948,0.569921779877922,0.049999999999999996,,,,,
porto,6,slsqp_direct_logloss,0.6294059701247651,0.1526176176966581,0.034810491237801555,0.0625065435234752,15.188932727475997,238.79437509458512,2.4481206428752875,1.059980788345068,4.0,0.6332705190617771,0.15220277133725488,0.03476691727344395,0.06679558510464023,0.11215620907250863,0.5775882245289357,0.049999999999999996,0.542138207104324,0.0007561093939041636,0.0557151411754706,0.32499497630736535,0.07639556601893598
porto,6,direct_auc_search,0.6294601049029299,0.15262290487917393,0.034811715623880524,0.06242291513930597,16.991195178854845,238.79437509458512,2.543805818187113,1.1005084750500431,4.0,0.6335278942132072,0.1521804405683781,0.03476475119739899,0.06692804805420263,0.11264508246792913,0.5768053328458812,0.049999999999999996,0.5384204952162323,0.00030215006454266315,0.06386107466827022,0.29912467082982197,0.09829160922113289
porto,6,scheffe_optimum_logloss,0.6180612834561894,0.1533521815392636,0.03487090729008776,0.05895610985641775,4.354620899539586,4.354620899539441,1.000000000000003,5.4116540932239056e-14,1.0,0.6216280972304704,0.1530914013327558,0.03485465650450744,0.059965740087588225,0.10992498557414888,0.5645876562856019,0.055,0.0,0.0,6.487931647942521e-16,0.9999999999999984,8.611860443662294e-16
porto,6,scheffe_optimum_auc,0.6288474786809095,0.15264160055194076,0.0348107311721525,0.0625644742972226,2.446297549897398,7.377020898275077,2.060489394121615,0.821801216311118,3.0,0.6328742328661608,0.15222513097250617,0.034767743024662755,0.06651849697447274,0.11272987819441127,0.5782684544372131,0.049999999999999996,0.5991921411884207,5.252791758445942e-17,3.252094631444207e-17,0.35200687044984147,0.04880098836173784
porto,6,cheapest_vertex,0.6237408795361147,0.1529893210722635,0.034839874432896274,0.06159936498910611,1.391637499909848,1.391637499909848,1.0,-0.0,1.0,0.6280475634547287,0.15251054775286255,0.03478737813013604,0.06506158213948983,0.11426871001339087,0.5683926550758693,0.055,1.0,0.0,0.0,0.0,0.0
porto,7,best_single,0.6232654537735863,0.15297350063906273,0.03483557116269396,0.061971153154404233,1.365620899014175,1.365620899014175,1.0,-0.0,1.0,0.6359589264635611,0.15212438604594003,0.03476331057925623,0.06559910823941041,0.11810584958217271,0.5622344434044801,0.06,1.0,0.0,0.0,0.0,0.0
porto,7,uniform_voting,0.6151669797147878,0.19582847375399565,0.045757266784235535,0.05967829655638227,48.35218833992258,241.76094169961289,4.999999999999999,1.6094379124341005,5.0,0.6223523174156154,0.19521991991719534,0.04569793801006784,0.06334069361698043,0.10907051731389317,0.5648273783809429,0.23500000000000001,0.2,0.2,0.2,0.2,0.2
porto,7,stacking_lr,0.6232708874936924,0.15323461333796323,0.03486524888856749,0.060892455456087936,,,,,,0.6300136013949901,0.15280282978109283,0.0348142193513741,0.06408110347528778,0.1133257403189066,0.5694445957055098,0.049999999999999996,,,,,
porto,7,slsqp_direct_logloss,0.6302321992152362,0.15252580467136567,0.0347988302075316,0.06366396371840208,13.045468962258184,241.76094169961289,2.6474609323373435,1.1194030084271511,5.0,0.6400142890099974,0.1519336599642338,0.03474670387264141,0.06690509201535923,0.11946833463643472,0.5719099909108115,0.055,0.5084834119711419,0.0011687083910806432,0.04626671114240063,0.3180067301492286,0.12607443834614837
porto,7,direct_auc_search,0.6302436672508547,0.15253472072762883,0.03479989520731177,0.06364090768271218,16.301119319352917,240.1810041978024,2.793809391776566,1.1577522643690175,4.0,0.6398019184743432,0.1519625099171988,0.034749940779450546,0.06687330036300722,0.11909448818897637,0.5690266168935902,0.055,0.48312713799271234,3.2537217152872886e-06,0.06029809970497928,0.31954845661673176,0.13702305196386133
porto,7,scheffe_optimum_logloss,0.6126306174889539,0.20005680357040478,0.047247865201192826,0.05723239310614505,3.7303686049877105,5.882933305110782,1.4973068347806717,0.5143383464119953,2.0,0.6227424463961037,0.19923389820340393,0.04715599607876684,0.06154409695922916,0.10746629100422618,0.549479825653293,0.255,3.6505962104460334e-12,0.21028826228748862,1.194671038430686e-13,0.7897117377082332,5.081149202914642e-13
porto,7,scheffe_optimum_auc,0.6297719874241194,0.1525423559699765,0.034799417259511085,0.06363007300320231,2.4086108258365657,7.306658400921151,2.3247758961806615,0.9370391952131696,3.0,0.6403864446168465,0.15191620720762117,0.034745491795551336,0.06687637471195183,0.12116418854792788,0.5732129181363014,0.055,0.5472372964155546,5.356195487848349e-18,0.0,0.34508960115543247,0.10767310242901292
porto,7,cheapest_vertex,0.6232654537735863,0.15297350063906273,0.03483557116269396,0.061971153154404233,1.365620899014175,1.365620899014175,1.0,-0.0,1.0,0.6359589264635611,0.15212438604594003,0.03476331057925623,0.06559910823941041,0.11810584958217271,0.5622344434044801,0.06,1.0,0.0,0.0,0.0,0.0
porto,8,best_single,0.6199486422860166,0.1531598129739497,0.034847338465393576,0.06136519600928677,1.368483400437981,1.368483400437981,1.0,-0.0,1.0,0.6430798525314945,0.15184439797379481,0.034760981088486846,0.06551194045384626,0.12019587475886631,0.5756332197487302,0.055,1.0,0.0,0.0,0.0,0.0
porto,8,uniform_voting,0.6117840048577224,0.19414437629459955,0.04528976808296885,0.058147836172879726,48.48551583942026,242.4275791971013,4.999999999999999,1.6094379124341005,5.0,0.6313167065746743,0.19202429485322256,0.045073307761399325,0.06145242767697627,0.11491303108069574,0.5713538662577422,0.23500000000000001,0.2,0.2,0.2,0.2,0.2
porto,8,stacking_lr,0.6196272914894688,0.15345483544448105,0.03489636881800328,0.059182572422657946,,,,,,0.6375945924418298,0.15273642191856648,0.03483785196881052,0.06307332801255555,0.1181012296253932,0.5751724073622071,0.049999999999999996,,,,,
porto,8,slsqp_direct_logloss,0.6262917383555139,0.1527459609532966,0.03481773276290978,0.06248334364834353,15.152069479802543,240.84521670010872,2.59554128333098,1.1060698540907348,4.0,0.6465715985532751,0.1516932398126738,0.0347446638411226,0.06619349580241732,0.11769367941351297,0.559145194179702,0.06,0.5127464106413616,0.0009699146638917024,0.055019628622974374,0.33040303530779624,0.10086101076397594
porto,8,direct_auc_search,0.6263687035446126,0.15275209796922953,0.03481935922939086,0.06231881858972238,17.155314063826548,240.84521670010872,2.761592482089762,1.1568671960586414,4.0,0.6462594668962134,0.15171047488044784,0.034746690927929175,0.0661010553911862,0.12060778727445395,0.5725529928016104,0.055,0.4922311222054834,0.0007373924176821296,0.06381341656352493,0.31521620914890647,0.12800185966440314
porto,8,scheffe_optimum_logloss,0.6099911886425504,0.1981360153601733,0.046683398811821715,0.05773779146939153,3.768084748366296,5.931812495691702,1.4968178766908156,0.514089212578212,2.0,0.6293971324745833,0.19601303389388713,0.04644319869612533,0.06071275550167097,0.1113930474498858,0.5729061251050731,0.245,2.3877263227463694e-17,0.21010006007194412,1.7653294234831252e-16,0.7898999399280557,0.0
porto,8,scheffe_optimum_auc,0.6257722900619203,0.1527668071964812,0.034817616798166716,0.062539321336355,2.461400486918463,7.357554201735184,2.2373232992510257,0.9002055701243952,3.0,0.6469641833016468,0.15167134719762426,0.03474114754736481,0.06651684395602567,0.12201907790143084,0.5628988709802906,0.06,0.5577797038816532,2.811364589469982e-16,2.5479034615560045e-16,0.35906861790714206,0.08315167821120426
porto,8,cheapest_vertex,0.6199486422860166,0.1531598129739497,0.034847338465393576,0.06136519600928677,1.368483400437981,1.368483400437981,1.0,-0.0,1.0,0.6430798525314945,0.15184439797379481,0.034760981088486846,0.06551194045384626,0.12019587475886631,0.5756332197487302,0.055,1.0,0.0,0.0,0.0,0.0
porto,9,best_single,0.6268510439398091,0.15278073502367873,0.03482608554161069,0.06211477775403311,1.375487499171868,1.375487499171868,1.0,-0.0,1.0,0.62590387384215,0.1527910771597541,0.03481484267778607,0.06404391140491254,0.10368450286983891,0.5485023588540291,0.06,1.0,0.0,0.0,0.0,0.0
porto,9,uniform_voting,0.6177521258586023,0.1982666293150842,0.04640603466391494,0.058588955904493444,47.83023829921149,239.15119149605744,4.999999999999999,1.6094379124341005,5.0,0.6131323148516513,0.1993858650976979,0.04666455553301651,0.059795489727317144,0.1011712782210151,0.5485520080742801,0.24000000000000002,0.2,0.2,0.2,0.2,0.2
porto,9,stacking_lr,0.6242659728704204,0.1532841584665453,0.03489361845874498,0.05960994214575681,,,,,,0.6232596524668473,0.15319035331710498,0.034858417780293624,0.06176443495263842,0.1057231463208345,0.5603506025066343,0.049999999999999996,,,,,
porto,9,slsqp_direct_logloss,0.6324401592095673,0.1524342412485786,0.03479959079946892,0.0627501347799915,15.98052717986369,237.5628373993095,2.415403322330773,1.0537550737569272,4.0,0.6308739743343071,0.15244627604573627,0.03479177352514898,0.06482840203563088,0.11327267022278006,0.5647083448202765,0.055,0.5558109134394935,0.00035357282565436825,0.06012262701545457,0.30986304460848596,0.07384984211091165
porto,9,direct_auc_search,0.6325277404785786,0.15243930587405283,0.034800960124799274,0.06264856599790304,19.476594934752608,237.5628373993095,2.5982195510174755,1.1126887211831609,4.0,0.6311051368328952,0.15243573028893048,0.03479159334888796,0.06480816078022876,0.11289288005131494,0.5632954241071985,0.055,0.523094137298634,1.5799626789148471e-09,0.07532931670062473,0.31246884836449607,0.08910769605628255
porto,9,scheffe_optimum_logloss,0.6161211078214499,0.176934842144841,0.039763796385633716,0.05819034000390217,3.6659976929911884,5.5627873982302845,1.290506661561852,0.38498637410523895,2.0,0.6115255842253999,0.1777117756211536,0.03991520440500906,0.056109291234780395,0.10530421216848673,0.5632700834299091,0.17,0.0,0.1292646144684422,0.0,0.8707353855315578,0.0
porto,9,scheffe_optimum_auc,0.6314768119634192,0.15247635859613645,0.03480022468663272,0.0628808585911842,2.338932115158536,7.0016790996305645,1.957102807727219,0.7443080320390246,3.0,0.629230727507355,0.15253581301538335,0.03479791615572729,0.0646012367274659,0.11207162704538437,0.5640709840774417,0.055,0.6121094842834162,1.2015002069983755e-18,0.0,0.36866190579793023,0.019228609918653695
porto,9,cheapest_vertex,0.6268510439398091,0.15278073502367873,0.03482608554161069,0.06211477775403311,1.375487499171868,1.375487499171868,1.0,-0.0,1.0,0.62590387384215,0.1527910771597541,0.03481484267778607,0.06404391140491254,0.10368450286983891,0.5485023588540291,0.06,1.0,0.0,0.0,0.0,0.0
porto,10,best_single,0.6265149374039003,0.152791434321401,0.03482320132712032,0.06264952037392935,1.3873625022824854,1.3873625022824854,1.0,-0.0,1.0,0.6191173503987135,0.15310744178312272,0.03483221956445492,0.06272506355711135,0.11324824734855295,0.5588575490197962,0.06,1.0,0.0,0.0,0.0,0.0
porto,10,uniform_voting,0.6150032885490249,0.20447526021051463,0.04791581114517902,0.059031813743678684,47.56644834182225,237.83224170911126,4.999999999999999,1.6094379124341005,5.0,0.6121702321924974,0.20024370631803773,0.04687267562887972,0.05968820979083147,0.1059073975518893,0.5630619482040827,0.23500000000000001,0.2,0.2,0.2,0.2,0.2
porto,10,stacking_lr,0.6241899502824454,0.15321808261736922,0.034877859837834646,0.05999265802632984,,,,,,0.6194872548850028,0.15327449326600318,0.0348754078595475,0.06104588802660102,0.11164413432184911,0.5663429430733786,0.049999999999999996,,,,,
porto,10,slsqp_direct_logloss,0.632037533395774,0.1524061323363846,0.034793960272520984,0.06352544969756439,13.244029605226409,236.24282920500264,2.428733671863264,1.046834897656483,4.0,0.6252711043175317,0.1527001046478556,0.034800495295471516,0.06428957620899806,0.11329374143444494,0.5661195749685074,0.055,0.5395662259713012,0.0007900075737760116,0.047593232754476925,0.3353444959993392,0.07670603770110657
porto,10,direct_auc_search,0.6320392006041331,0.15240862034486105,0.034794307834185835,0.06348164989349603,12.880643599018683,236.24282920500264,2.46197699540757,1.057501800859844,4.0,0.6253954409131925,0.1526936761413111,0.03480036376109324,0.06430267111879422,0.11389450754628909,0.5658003251436677,0.055,0.5370871926682634,0.00022588578072746323,0.046077062721728,0.32832565923751844,0.0882841995917627
porto,10,scheffe_optimum_logloss,0.6152670111041282,0.17996248230392017,0.04034572207046281,0.058366672688844226,4.048397457880974,6.000529206357896,1.2887330193476019,0.3836136458557383,2.0,0.6114316244107314,0.17785372805623229,0.03989067983738478,0.059318448270981934,0.10857048856719856,0.5575021786932026,0.17500000000000002,2.5237373550406567e-15,0.1285461617866947,4.0595091813906667e-16,0.8714538382133024,6.610659573807265e-17
porto,10,scheffe_optimum_auc,0.6311456647884669,0.15245650526762505,0.03479622028492534,0.06344869083711116,2.542539295403178,7.425416703335941,1.9025762667501476,0.6776656330504864,3.0,0.624030389878421,0.15276096997612018,0.03480359236043241,0.06414106282820571,0.11510574018126889,0.5686351888474825,0.055,0.6162487855111051,0.0,0.0,0.3818861932194183,0.0018650212694767759
porto,10,cheapest_vertex,0.6265149374039003,0.152791434321401,0.03482320132712032,0.06264952037392935,1.3873625022824854,1.3873625022824854,1.0,-0.0,1.0,0.6191173503987135,0.15310744178312272,0.03483221956445492,0.06272506355711135,0.11324824734855295,0.5588575490197962,0.06,1.0,0.0,0.0,0.0,0.0
porto,11,best_single,0.6275970134641567,0.15275994336394905,0.03482421135753468,0.06243240115050602,1.376116694882512,1.376116694882512,1.0,-0.0,1.0,0.6217634936793162,0.15289343261969218,0.03481548828795938,0.06355907650365122,0.11218292247231151,0.5580475905037663,0.06,1.0,0.0,0.0,0.0,0.0
porto,11,uniform_voting,0.6172628207811207,0.19776372190063804,0.046288129675882216,0.05979410796211275,48.26589417876676,241.3294708938338,4.999999999999999,1.6094379124341005,5.0,0.6093260169957645,0.19929771286222323,0.0465997799730062,0.058463251429344394,0.10713067212555442,0.5546227552590981,0.24000000000000002,0.2,0.2,0.2,0.2,0.2
porto,11,stacking_lr,0.624108111928953,0.1532040696954687,0.034872442862236064,0.06067154909638418,,,,,,0.619357081391764,0.15335251231345218,0.034887846313240004,0.060326140886991945,0.10888888888888887,0.5650259218756885,0.049999999999999996,,,,,
porto,11,slsqp_direct_logloss,0.6326042752409695,0.15238717115233075,0.03479023380255591,0.06368602018210665,13.982937893060857,239.74369169445708,2.4460112221401977,1.0510761725862645,4.0,0.627382246107946,0.1525909444688801,0.0347945134362207,0.06440769722026493,0.11407543698252069,0.5667033537033941,0.055,0.5344142382772413,0.0004924003945534296,0.050079957457876946,0.33904373667544324,0.07596966719488504
porto,11,direct_auc_search,0.6326401396844331,0.15238896244461445,0.03479056913702783,0.0636750342519846,15.589540159916988,239.74369169445708,2.4867544832072563,1.0739609342026308,4.0,0.627661580806971,0.15257387038573766,0.034793657254143344,0.06444711401666683,0.11280772826425677,0.5644934473350612,0.055,0.5393625550682339,0.0002215534971924199,0.05731069684306723,0.317066971012182,0.08603822357932445
porto,11,scheffe_optimum_logloss,0.6218181300658665,0.15309666529917393,0.034849894149133726,0.060250677865298224,4.3833874980922385,4.383387498091906,1.0000000000000577,9.492603972728107e-13,1.0,0.6157107821521054,0.15355997660346965,0.03487242033959787,0.059811097482978186,0.11221507890122732,0.5667969932005126,0.055,2.4216739724636167e-14,0.0,1.8063748256244597e-15,0.9999999999999711,2.9850671540331026e-15
porto,11,scheffe_optimum_auc,0.6318485404802016,0.1524288385722572,0.034793084726081176,0.06364207516845383,2.4269533822192284,7.407358393538743,1.9144326311261874,0.7318338326928069,3.0,0.6259731870008874,0.1526483357840432,0.034796143436997155,0.06431679086617428,0.11486357565350123,0.5580520927448858,0.06,0.6333091406729756,0.0,0.0,0.34771758352441684,0.018973275802607447
porto,11,cheapest_vertex,0.6275970134641567,0.15275994336394905,0.03482421135753468,0.06243240115050602,1.376116694882512,1.376116694882512,1.0,-0.0,1.0,0.6217634936793162,0.15289343261969218,0.03481548828795938,0.06355907650365122,0.11218292247231151,0.5580475905037663,0.06,1.0,0.0,0.0,0.0,0.0
porto,12,best_single,0.6253195812645268,0.15281159507973516,0.034817573911054375,0.06307788275156652,1.3708333019167185,1.3708333019167185,1.0,-0.0,1.0,0.6315695083033072,0.15256050753494887,0.034816317494148756,0.062470334076927266,0.10986588278522874,0.5547197580904917,0.06,1.0,0.0,0.0,0.0,0.0
porto,12,uniform_voting,0.6137717320776458,0.19380696467285177,0.04523235413712298,0.06026764800288639,48.17144497996196,240.8572248998098,4.999999999999999,1.6094379124341005,5.0,0.6198408320739515,0.19532827918437712,0.04574508166542821,0.05804846262612605,0.10508329773601026,0.5591362252883019,0.23500000000000001,0.2,0.2,0.2,0.2,0.2
porto,12,stacking_lr,0.6225388317629231,0.1532167872933649,0.034865192521175085,0.06129876664481206,,,,,,0.6302471395820739,0.15324453008692826,0.03491853773293035,0.0595481291169991,0.10861042543923334,0.5626800762982168,0.049999999999999996,,,,,
porto,12,slsqp_direct_logloss,0.6307471908684728,0.15244553362454544,0.0347869000473997,0.06445226018707176,17.815892662662453,239.27379990345798,2.5031844102924827,1.0911207706033852,4.0,0.6377139997063044,0.15223296282782317,0.03479175368923752,0.06317912467410328,0.11191047162270185,0.5623371229746766,0.055,0.5506225292475215,1.886008258176937e-22,0.0674572281099611,0.28797547914755267,0.09394476349496472
porto,12,direct_auc_search,0.6307926103399644,0.15245017509927503,0.03478775023040381,0.0644169753537889,22.426143538466725,239.27379990345798,2.6841296406170136,1.1517203093986972,4.0,0.6375174670939561,0.15225408119978978,0.034794613073603764,0.06297168311606792,0.1112540192926045,0.5613675395462268,0.055,0.5262946592260549,0.00018405346868351306,0.08761010643055087,0.2749156220994958,0.11099555877521483
porto,12,scheffe_optimum_logloss,0.619246055769848,0.15324166650277293,0.03485796388868472,0.06010096806765337,4.400566598633235,4.400566598633304,1.0000000000000455,7.379350379028476e-13,1.0,0.6281354016451083,0.15286137933241423,0.03483706965067586,0.06036131035853998,0.1120117907148121,0.566138758430669,0.055,2.276651089871935e-14,0.0,0.0,0.9999999999999772,0.0
porto,12,scheffe_optimum_auc,0.6295769129239518,0.15249839158216139,0.03478961537758407,0.06425401674042767,2.2629616699493718,7.372191600734368,1.904461334096878,0.7761967844294714,3.0,0.6370761584871445,0.1522310159599296,0.03478834599374832,0.06345063097529847,0.11064879026044074,0.56250464905333,0.055,0.6620052832405983,1.230946039697039e-16,1.2701201259229532e-16,0.29088182939095614,0.04711288736844545
porto,12,cheapest_vertex,0.6253195812645268,0.15281159507973516,0.034817573911054375,0.06307788275156652,1.3708333019167185,1.3708333019167185,1.0,-0.0,1.0,0.6315695083033072,0.15256050753494887,0.034816317494148756,0.062470334076927266,0.10986588278522874,0.5547197580904917,0.06,1.0,0.0,0.0,0.0,0.0
porto,13,best_single,0.6255023113046684,0.15284330079656192,0.03482573260567103,0.0624293013653069,1.3790500001050532,1.3790500001050532,1.0,-0.0,1.0,0.6255416747724802,0.15296312762413336,0.03484843785384155,0.06117705688400444,0.11230024923031813,0.5667394606094476,0.055,1.0,0.0,0.0,0.0,0.0
porto,13,uniform_voting,0.6167431266882959,0.18394750023488113,0.04280478019339074,0.05874068179640148,47.40383330034092,237.0191665017046,4.999999999999999,1.6094379124341005,5.0,0.6232862566189172,0.18306921695659,0.04272149394807658,0.061345437112194916,0.11378413524057217,0.5636733276345283,0.23500000000000001,0.2,0.2,0.2,0.2,0.2
porto,13,stacking_lr,0.6252022315954255,0.15328924443865213,0.034886619230606195,0.06041893853829769,,,,,,0.628701482835357,0.15303727732803626,0.03486936635322862,0.062174574903988006,0.11538461538461539,0.5696290274326357,0.049999999999999996,,,,,
porto,13,slsqp_direct_logloss,0.6315174166617373,0.15245373781056965,0.034793222388811336,0.06382439389731011,11.582446867181934,235.43999990215525,2.434056014253217,1.042499650707025,4.0,0.6322879449771325,0.15240605280507208,0.0347949938192254,0.06347252747284672,0.11689125665935442,0.5688754626008262,0.055,0.537332053737698,0.00025354533446745025,0.0404681368799589,0.33638065480732204,0.08556560924055365
porto,13,direct_auc_search,0.63168732843881,0.152463969590158,0.03479512794005389,0.06367591828269582,17.030809558788697,235.43999990215525,2.677440675790134,1.1329077674550367,4.0,0.6320326874806164,0.1524192638285411,0.03479662540916996,0.06339236405781486,0.11819495744339167,0.5691067140765114,0.055,0.5091795648637569,1.2976330845786313e-05,0.06480390800712717,0.31120593294848,0.11479761784979015
porto,13,scheffe_optimum_logloss,0.6205628400660167,0.1531782977360747,0.03485412666528449,0.06034984670084014,4.374483297579026,4.3744832975789905,1.0000000000000024,4.1981504984511646e-14,1.0,0.6262459373947179,0.15277612514286398,0.03482153708151969,0.06268158966908158,0.11461234061263373,0.5695607819990648,0.055,0.0,0.0,1.7060183803990026e-16,0.9999999999999988,1.0008172232448297e-15
porto,13,scheffe_optimum_auc,0.6310352264153924,0.15246534143357754,0.034793260279557627,0.06383743429612262,2.431431465485526,7.406924897804856,2.153738461423573,0.8708436832964831,3.0,0.6321983984264863,0.15242600421971816,0.034796720532934075,0.06332353664761689,0.11569992266047952,0.5681546235453757,0.055,0.5833438863461431,0.0,3.0908534732866628e-18,0.3447422817028174,0.0719138319510396
porto,13,cheapest_vertex,0.6255023113046684,0.15284330079656192,0.03482573260567103,0.0624293013653069,1.3790500001050532,1.3790500001050532,1.0,-0.0,1.0,0.6255416747724802,0.15296312762413336,0.03484843785384155,0.06117705688400444,0.11230024923031813,0.5667394606094476,0.055,1.0,0.0,0.0,0.0,0.0
porto,14,best_single,0.6296874080199257,0.15260208330336533,0.034810050888076656,0.06307891608429754,1.388008298818022,1.388008298818022,1.0,-0.0,1.0,0.6158386778316551,0.15338899355914573,0.03486251178982364,0.061921647031186244,0.10738255033557047,0.5609727303704245,0.055,1.0,0.0,0.0,0.0,0.0
porto,14,uniform_voting,0.6187997544356685,0.1969580254585647,0.046093056111012755,0.059713302687672894,47.388559977989644,236.94279988994822,4.999999999999999,1.6094379124341005,5.0,0.6087271655406081,0.1992598036949733,0.046538414831560876,0.0576408654637213,0.10846514861811228,0.5553249803058092,0.24000000000000002,0.2,0.2,0.2,0.2,0.2
porto,14,stacking_lr,0.6280765232754477,0.15310525387022023,0.0348796304534942,0.06079177181257615,,,,,,0.6170769276051729,0.15353437634496864,0.03491255774834905,0.05868761522648464,0.1074856046065259,0.5509801752621034,0.055,,,,,
porto,14,slsqp_direct_logloss,0.6355959799862747,0.1522035998909535,0.03477778197503866,0.06426973431648153,13.320341533976565,235.35967899370007,2.5060510551894484,1.0802996484451084,4.0,0.6212966041570527,0.1530333574909464,0.034837451066397705,0.06241930899771864,0.1096355775169858,0.5612496626878244,0.055,0.539108223399568,0.0004332497706258567,0.048563980524243766,0.3089261200188677,0.10296842628669467
porto,14,direct_auc_search,0.6357240536200189,0.15221180100662846,0.03477959364932555,0.06414960144526831,15.812269238306923,235.35967899370007,2.5764223486717692,1.116860334490458,4.0,0.6214121142246689,0.1530398999678057,0.03483889347943804,0.06233279306895802,0.10960629921259844,0.5603928844232351,0.055,0.5458699829006985,5.063065163217881e-05,0.060109762122836544,0.263849841279998,0.13011978304483474
porto,14,scheffe_optimum_logloss,0.623612893767254,0.1529657788757651,0.03483939122933366,0.06068164758182642,4.302695801015943,4.302695801015943,1.0,-0.0,1.0,0.6106316135341711,0.15382569458961923,0.03490069683631902,0.0584925467887607,0.10391479562464018,0.5572619227352784,0.055,0.0,0.0,0.0,1.0,0.0
porto,14,scheffe_optimum_auc,0.6351777364674911,0.15222489117105079,0.03477865319243255,0.06426199227908917,2.2145436196238792,7.317670696647838,2.110758216144038,0.8832832892322061,3.0,0.6211214972297159,0.15304931133806898,0.034838054379759356,0.062490075251562055,0.10662604722010663,0.5504353151095426,0.06,0.6225569127801714,8.621381681415845e-16,1.5123711472341013e-16,0.2751930808009618,0.10225000641886578
porto,14,cheapest_vertex,0.6296874080199257,0.15260208330336533,0.034810050888076656,0.06307891608429754,1.388008298818022,1.388008298818022,1.0,-0.0,1.0,0.6158386778316551,0.15338899355914573,0.03486251178982364,0.061921647031186244,0.10738255033557047,0.5609727303704245,0.055,1.0,0.0,0.0,0.0,0.0
porto,15,best_single,0.6213618666334391,0.1530262670996123,0.03483478987153125,0.061991652278967295,1.373225002316758,1.373225002316758,1.0,-0.0,1.0,0.6383436372371003,0.15211775029945745,0.0347749619857597,0.06478678103355581,0.10981697171381032,0.5623455935943323,0.055,1.0,0.0,0.0,0.0,0.0
porto,15,uniform_voting,0.6129335578118724,0.19873621876647818,0.046434826237567665,0.060091702882523974,48.36034666048363,241.80173330241814,4.999999999999999,1.6094379124341005,5.0,0.6280052103564501,0.19556593527950994,0.04591285674506706,0.060496482976386705,0.10906490255676739,0.5549092793075788,0.24000000000000002,0.2,0.2,0.2,0.2,0.2
porto,15,stacking_lr,0.621193628738008,0.15324275418113553,0.03486162409879435,0.061203890101204986,,,,,,0.6373063422376629,0.1528339313080876,0.034868017154544864,0.06190300282098758,0.10896100029770765,0.5620252226580676,0.049999999999999996,,,,,
porto,15,slsqp_direct_logloss,0.6282592744476497,0.15256929720179296,0.03479714846457591,0.06393854341781526,13.474869796014785,240.22228750400245,2.645559552168411,1.1145576730736837,4.0,0.6465693563304251,0.15173983589664208,0.03474895618820729,0.06593505829745175,0.11188463451019395,0.5747195139373369,0.049999999999999996,0.5025911538443147,0.0005655859505938663,0.04795162217337303,0.3301398867216322,0.11875175131008628
porto,15,direct_auc_search,0.6283048574145577,0.152571945117091,0.034797858634151364,0.06395539247815708,15.653269226316473,240.22228750400245,2.7294016459745007,1.1360130147939342,4.0,0.646524743213877,0.15175719279004043,0.034750908817119806,0.06589142242301971,0.11289092295957284,0.574893232821957,0.049999999999999996,0.4808047321794324,2.7710834080392085e-05,0.057193667889557986,0.34329550304081624,0.11867838605611292
porto,15,scheffe_optimum_logloss,0.6111492867346751,0.17659257245079288,0.039603675724577125,0.0576179255259491,3.961805414582302,5.886858300073072,1.2841583343354523,0.3800464404239453,2.0,0.6285233951752631,0.17406238200229987,0.039278043321777596,0.06029056827744847,0.10919970082273749,0.5534608211418695,0.17500000000000002,0.0,0.1266903612365902,0.0,0.8733096387634098,0.0
porto,15,scheffe_optimum_auc,0.6273060160921131,0.1526299993625811,0.03480257132679352,0.063519186256028,2.639616683193333,7.306404103292152,2.1126253873181207,0.8126492074390236,3.0,0.6457212088442665,0.151760102622914,0.03474775130317144,0.06623445288344319,0.11500789889415482,0.5663468758610759,0.055,0.5370570405278328,0.0,0.0,0.4286469461043397,0.034296013367827664
porto,15,cheapest_vertex,0.6213618666334391,0.1530262670996123,0.03483478987153125,0.061991652278967295,1.373225002316758,1.373225002316758,1.0,-0.0,1.0,0.6383436372371003,0.15211775029945745,0.0347749619857597,0.06478678103355581,0.10981697171381032,0.5623455935943323,0.055,1.0,0.0,0.0,0.0,0.0
porto,16,best_single,0.6292726157003007,0.15266222456334042,0.034818041392922154,0.0625061524752349,1.3803208013996482,1.3803208013996482,1.0,-0.0,1.0,0.6123987075827493,0.15350594515155727,0.03486170582562412,0.06269751688059312,0.10679497711536205,0.5703110012920186,0.049999999999999996,1.0,0.0,0.0,0.0,0.0
porto,16,uniform_voting,0.6169550968270127,0.21057851139044814,0.04947404493309113,0.06010769085518539,47.89972081896849,239.49860409484245,4.999999999999999,1.6094379124341005,5.0,0.6025338257112348,0.20408839162222717,0.04768900501631485,0.05744502173229037,0.09978235392600035,0.547488233490709,0.24000000000000002,0.2,0.2,0.2,0.2,0.2
porto,16,stacking_lr,0.6275828127194397,0.1530059857608112,0.03486786487621246,0.061522410241781164,,,,,,0.6102258690731199,0.15379970171362806,0.03493335443538409,0.05824510281224611,0.09886398526251153,0.5490117171447976,0.049999999999999996,,,,,
porto,16,slsqp_direct_logloss,0.6367497593525429,0.15215208143076575,0.03477324049112518,0.06449352790270031,9.778508179003193,237.91523749823682,2.6316137532620245,1.0912251765859247,4.0,0.6176597364896997,0.15318676074114468,0.03484344862644628,0.06272006670214716,0.10644862696698551,0.5576127416342131,0.055,0.48340702648742895,0.0005302090032899937,0.0316348651609401,0.36048562884792373,0.12394227050041715
porto,16,direct_auc_search,0.6367988380071579,0.15215479905105359,0.03477380501256798,0.06448259180790991,14.642448310836139,237.91523749823682,2.728698114241338,1.1335359960196993,4.0,0.617855343740237,0.15317299431180387,0.03484336559175167,0.06265977799102727,0.10483619344773791,0.555343612109968,0.055,0.4711715206203696,0.0004485599619522085,0.05292284742842743,0.35739847150459697,0.11805860048465378
porto,16,scheffe_optimum_logloss,0.6265397987170784,0.15283898931053158,0.034831520838382736,0.06100156948863075,4.4835917011383435,4.483591701136902,1.0000000000000127,2.1491044956690653e-13,1.0,0.6099290058859418,0.15375416850249327,0.034902159120940246,0.058139119416498214,0.09848204368752314,0.5435066685487102,0.06,0.0,0.0,6.38151480658078e-15,0.9999999999999937,0.0
porto,16,scheffe_optimum_auc,0.6360978530787392,0.1521925023043902,0.03477554744663888,0.06440136434638112,2.62892253441492,7.523900002706796,2.1610695064406373,0.8514604419926485,3.0,0.6175632319300506,0.15316041112602166,0.03483860293776341,0.06316550895335829,0.10759299108515216,0.5590809349200868,0.055,0.549417455254735,7.118868583680412e-19,0.0,0.3975730025541087,0.05300954219115636
porto,16,cheapest_vertex,0.6292726157003007,0.15266222456334042,0.034818041392922154,0.0625061524752349,1.3803208013996482,1.3803208013996482,1.0,-0.0,1.0,0.6123987075827493,0.15350594515155727,0.03486170582562412,0.06269751688059312,0.10679497711536205,0.5703110012920186,0.049999999999999996,1.0,0.0,0.0,0.0,0.0
porto,17,best_single,0.6255601297346582,0.1528517263687385,0.03482645407102294,0.06244265333627105,1.3694249966647476,1.3694249966647476,1.0,-0.0,1.0,0.6196951498726666,0.15306776884332496,0.03483601854940171,0.06250426535243628,0.10896309314586995,0.5627336583061651,0.055,1.0,0.0,0.0,0.0,0.0
porto,17,uniform_voting,0.612769864421682,0.20327242652402155,0.04758050845700658,0.05943887049546325,47.8904941806104,239.45247090305202,4.999999999999999,1.6094379124341005,5.0,0.6166166579789429,0.19958092780624734,0.046673620044213354,0.059675411663496755,0.11063829787234045,0.5583691003468755,0.24000000000000002,0.2,0.2,0.2,0.2,0.2
porto,17,stacking_lr,0.6223189332087369,0.15323803454387325,0.034869602880395735,0.06060216721916032,,,,,,0.6249884774659095,0.15323734494538244,0.034907153610620335,0.06068884084836311,0.11262543058259698,0.5661161938388128,0.049999999999999996,,,,,
porto,17,slsqp_direct_logloss,0.6315073856062391,0.1524265260084589,0.03478944984641354,0.06403536426081866,14.509031744062318,237.8843209007755,2.4011102967477482,1.012999773190244,4.0,0.6276866367575493,0.15264141582458884,0.03481231365734895,0.06285037852329771,0.11216700420626266,0.563768657696494,0.055,0.5113452154784099,1.7034501295183126e-21,0.05210522325524472,0.3870902902058969,0.04945927106044856
porto,17,direct_auc_search,0.6315336994705293,0.15242819421239737,0.03478978912559673,0.06405053523480135,17.883224821275974,237.8843209007755,2.5007063121447413,1.0540789400115693,4.0,0.6277264807016862,0.15264189728670186,0.034813067195740365,0.06276920381527164,0.1125703564727955,0.564067033494325,0.055,0.4915605595740435,0.00016522253720341974,0.06681115891124217,0.38858066379208467,0.052882395185426256
porto,17,scheffe_optimum_logloss,0.6231700269490273,0.1530488121085657,0.03484373486590929,0.060913845863168316,4.446266702143451,4.446266702143475,1.0000000000000158,2.656095202755834e-13,1.0,0.6191922246260275,0.15326149741959105,0.03487608501251771,0.05800540781630306,0.10583836640782282,0.5596754442928986,0.055,7.938094626069808e-15,0.0,0.0,0.9999999999999921,0.0
porto,17,scheffe_optimum_auc,0.6308220450759399,0.15246028880100604,0.03479178808323489,0.06388754499783562,2.6943023685283904,5.815691698808223,1.96219369827568,0.6834823213195244,2.0,0.6266178260702753,0.15270320165551093,0.03481440495861104,0.06283705074667785,0.11236632022895013,0.5655414373815848,0.055,0.5694034667092178,0.0,2.5440790793080845e-17,0.43059653329078196,1.145004663977514e-16
porto,17,cheapest_vertex,0.6255601297346582,0.1528517263687385,0.03482645407102294,0.06244265333627105,1.3694249966647476,1.3694249966647476,1.0,-0.0,1.0,0.6196951498726666,0.15306776884332496,0.03483601854940171,0.06250426535243628,0.10896309314586995,0.5627336583061651,0.055,1.0,0.0,0.0,0.0,0.0
porto,18,best_single,0.6277565316040599,0.1527018394498536,0.03481601154071894,0.06281429234926778,1.3812749995850027,1.3812749995850027,1.0,-0.0,1.0,0.6210301622394154,0.15310035754949516,0.03483721963830763,0.062136582481636136,0.11178114428592438,0.5659571383798153,0.055,1.0,0.0,0.0,0.0,0.0
porto,18,uniform_voting,0.6174837342303221,0.19229047842641114,0.04489657424590131,0.05953703902480352,47.999315820634365,239.99657910317183,4.999999999999999,1.6094379124341005,5.0,0.6162559448267968,0.1951820871453004,0.045626666237506996,0.06129846567676998,0.10751156995372019,0.5535172326215094,0.24000000000000002,0.2,0.2,0.2,0.2,0.2
porto,18,stacking_lr,0.630218089672044,0.15276961488517227,0.03482306749584027,0.06320367684350255,,,,,,0.6271520089711692,0.15281190492859179,0.03481858542614203,0.06399272509110708,0.11662987490802061,0.561216919116046,0.055,,,,,
porto,18,slsqp_direct_logloss,0.6337553552645506,0.15231009950563737,0.034783838864802324,0.06414113939292575,11.488934276139235,238.418824900873,2.46101771294279,1.0479796688412144,4.0,0.6298309314143892,0.1525385486745174,0.03478994280539501,0.06447357940191668,0.11380107941403239,0.5661156243853906,0.055,0.5232436800638455,0.0006732578061246897,0.039269335533488645,0.35183542744029095,0.08497829915625019
porto,18,direct_auc_search,0.63380357306575,0.15231257469800694,0.0347845361840678,0.06411965603492632,13.854530131006047,238.418824900873,2.592393783376971,1.0941068661071323,4.0,0.6302397455852945,0.15251922262340187,0.034788862932123375,0.06456520024305996,0.11229428848015488,0.5768482020113237,0.049999999999999996,0.49771391870854886,0.0005249784242234584,0.04951501446220401,0.3551762242301819,0.09706986417484176
porto,18,scheffe_optimum_logloss,0.6173208127164501,0.17370526271965758,0.03914224450314097,0.05884506875111879,4.052769456441801,5.999683303525671,1.291816916268412,0.38599679964021466,2.0,0.6136829763109511,0.17549460670539635,0.03947077740894216,0.060329518271522026,0.10753992318576915,0.5494093202014527,0.18000000000000002,1.3505632816822444e-16,0.12979498726473968,2.5781954916622526e-17,0.8702050127352602,0.0
porto,18,scheffe_optimum_auc,0.6326636318625277,0.15236765073244213,0.03478765402572607,0.06394933917139715,2.7619030486196157,5.803204100811854,1.9832547718935702,0.6889195663189094,2.0,0.627514430483582,0.15267065348627118,0.03480001362922255,0.06401971844816913,0.11549596221240285,0.5686628251338803,0.055,0.5459437335245981,0.0,0.0,0.45405626647540104,9.904925340519897e-16
porto,18,cheapest_vertex,0.6277565316040599,0.1527018394498536,0.03481601154071894,0.06281429234926778,1.3812749995850027,1.3812749995850027,1.0,-0.0,1.0,0.6210301622394154,0.15310035754949516,0.03483721963830763,0.062136582481636136,0.11178114428592438,0.5659571383798153,0.055,1.0,0.0,0.0,0.0,0.0
porto,19,best_single,0.6205947383553715,0.1531294072772791,0.034846905103505486,0.06116395684118057,1.3554457982536405,1.3554457982536405,1.0,-0.0,1.0,0.6406006124898647,0.1517846073917618,0.034736872166609395,0.06713527810728566,0.11523378582202111,0.5688613686286259,0.055,1.0,0.0,0.0,0.0,0.0
porto,19,uniform_voting,0.6138304091366239,0.1962995882637565,0.04585170612930644,0.05973773565151677,47.46772415819578,237.3386207909789,4.999999999999999,1.6094379124341005,5.0,0.6191683787639715,0.19484643767041057,0.045604143417412514,0.060305170514586094,0.10718152291591485,0.5527236280959492,0.24000000000000002,0.2,0.2,0.2,0.2,0.2
porto,19,stacking_lr,0.621501599047454,0.1532622098562282,0.03486951746194657,0.06067298307724432,,,,,,0.6299478295247221,0.15305540466010228,0.034896904820491945,0.0618888503485484,0.1128306133933596,0.5694226005670759,0.049999999999999996,,,,,
porto,19,slsqp_direct_logloss,0.628442677377089,0.15260743288226264,0.034802765222025876,0.0631507888868238,12.119924159215943,235.77694579144008,2.6623153071840515,1.105460500505,4.0,0.640484764309279,0.15185923488986136,0.03475235531719575,0.06613161741999846,0.11816192560175054,0.5594046513952071,0.06,0.4523622305060669,0.0009617571632012502,0.04214533069192216,0.3970558174181237,0.10747486422068608
porto,19,direct_auc_search,0.628476539835865,0.1526107975946962,0.03480329256491872,0.06308773720014632,13.801075293681658,235.77694579144008,2.7683544320113875,1.1399608944701964,4.0,0.6407401285783119,0.15185432285785988,0.0347531801174983,0.06593686854975096,0.11807668898356664,0.5585405414178066,0.06,0.4489687895500535,0.0005688401059050221,0.049789435392951144,0.3765039026535475,0.12416903229754284
porto,19,scheffe_optimum_logloss,0.6202787973663348,0.15317049352066153,0.03485288704237851,0.06056687620990103,4.275475000031252,4.275475000031292,1.0000000000000282,4.703746648144757e-13,1.0,0.6232401130962969,0.15296196302453915,0.03484164929077625,0.061197962277531624,0.11034894124664478,0.5636045305429547,0.055,1.1768364061026642e-14,0.0,0.0,0.9999999999999859,2.339769164916165e-15
porto,19,scheffe_optimum_auc,0.6205947383553715,0.1531294072772791,0.034846905103505486,0.06116395684118057,1.3554457982536803,1.3554457982536405,1.0000000000000042,7.873824980616948e-14,1.0,0.640600630285284,0.15178460739176178,0.034736872166609395,0.06713528906017362,0.11523378582202111,0.5688613686286259,0.055,0.9999999999999979,0.0,1.4664378276623448e-16,2.1094237467877947e-15,0.0
porto,19,cheapest_vertex,0.6205947383553715,0.1531294072772791,0.034846905103505486,0.06116395684118057,1.3554457982536405,1.3554457982536405,1.0,-0.0,1.0,0.6406006124898647,0.1517846073917618,0.034736872166609395,0.06713527810728566,0.11523378582202111,0.5688613686286259,0.055,1.0,0.0,0.0,0.0,0.0
porto,20,best_single,0.6265396663636462,0.15277614427805966,0.03482657511834683,0.06210065080340481,1.3911749992985278,1.3911749992985278,1.0,-0.0,1.0,0.6215593179343163,0.15273718045325632,0.03476890743530295,0.0685373953880631,0.1153788671349574,0.569493657676919,0.055,1.0,0.0,0.0,0.0,0.0
porto,20,uniform_voting,0.6144734366083383,0.19685102622421768,0.04600005154888629,0.058573892666517996,47.98532083979808,239.9266041989904,4.999999999999999,1.6094379124341005,5.0,0.6154534247960948,0.1974016301376058,0.046128141675975794,0.06284664374808012,0.10987775748208514,0.5657467609311388,0.23500000000000001,0.2,0.2,0.2,0.2,0.2
porto,20,stacking_lr,0.6229774515930779,0.15330262574149967,0.03489185249898918,0.059940474399538514,,,,,,0.620632470205663,0.15320148056686586,0.03483706863414427,0.06261790530820303,0.11062463514302394,0.5649136683698307,0.049999999999999996,,,,,
porto,20,slsqp_direct_logloss,0.6320311637478264,0.15242380353533272,0.034796589493860094,0.06314840111873384,13.307061640099567,238.34112079930492,2.3886590487980786,1.0282377775562164,4.0,0.6270854007161873,0.1524882155602349,0.03477269939616043,0.06852141732010848,0.11768457981183224,0.568891816591296,0.055,0.5455989235789537,0.00017471986664300014,0.04756312248719844,0.3375273143460842,0.06913591972112071
porto,20,direct_auc_search,0.6320736191697668,0.1524261857044921,0.03479710048261974,0.06312407428584148,15.291403888884426,238.34112079930492,2.492898942622249,1.0582114599420025,4.0,0.627173683792053,0.15249762829671248,0.03477551814876411,0.06831194476348616,0.11646716273050793,0.5668432257002302,0.055,0.5116766354000319,5.07703094002085e-07,0.055890690580192304,0.3623390926972714,0.0700930736194103
porto,20,scheffe_optimum_logloss,0.6141122885806295,0.1759422130630026,0.03954015257682355,0.057451755883408326,3.938005422556728,5.870308401063085,1.2885772268269884,0.383492795223524,2.0,0.613044983830726,0.1763762617845658,0.03957835623925898,0.05922548177200991,0.11120528903203934,0.5591254768549572,0.17500000000000002,0.0,0.12848302660303287,0.0,0.8715169733969671,0.0
porto,20,scheffe_optimum_auc,0.6312059000588601,0.15247094838840963,0.03479959587334404,0.06298737642592157,2.5641589135001848,5.67600000067614,1.93083131120133,0.675127041526735,2.0,0.6263618745524007,0.15250316066563888,0.034770316359017506,0.06888674103544434,0.11346682371417355,0.5556882026120971,0.06,0.594635179320627,0.0,5.716988639767683e-18,0.405364820679373,8.284700816259714e-17
porto,20,cheapest_vertex,0.6265396663636462,0.15277614427805966,0.03482657511834683,0.06210065080340481,1.3911749992985278,1.3911749992985278,1.0,-0.0,1.0,0.6215593179343163,0.15273718045325632,0.03476890743530295,0.0685373953880631,0.1153788671349574,0.569493657676919,0.055,1.0,0.0,0.0,0.0,0.0
porto,21,best_single,0.6264826820939429,0.15273207514246684,0.03481224019079468,0.06323516177610211,1.372912502847612,1.372912502847612,1.0,-0.0,1.0,0.6292219098770201,0.15254644774962203,0.034797736481130485,0.06415117533871224,0.11447440836543753,0.5592427842599372,0.06,1.0,0.0,0.0,0.0,0.0
porto,21,uniform_voting,0.6184403859499041,0.18391888082774754,0.04283901532733441,0.060418188050939244,47.571754162199795,237.85877081099898,4.999999999999999,1.6094379124341005,5.0,0.6235840807587454,0.18368409597646151,0.042836186448448735,0.06205578318412301,0.1120323559150657,0.5533502582008589,0.24000000000000002,0.2,0.2,0.2,0.2,0.2
porto,21,stacking_lr,0.6289758882031958,0.1528268207374184,0.03481907795681519,0.06377645280081976,,,,,,0.6325100940957716,0.15262721084127598,0.034803241957572416,0.06512626801139428,0.1142750790991997,0.5584751254559275,0.055,,,,,
porto,21,slsqp_direct_logloss,0.6320435059834251,0.15236022772819738,0.03478154851447249,0.06461545980402286,6.256504868418667,237.85877081099898,2.403354073597259,1.0157793351096023,5.0,0.6360562318170853,0.1521322568866119,0.03476424113995794,0.06580847243719125,0.11594634873323398,0.5703148984888771,0.055,0.543279616653062,0.0012107413971532317,0.01698391414018183,0.3299202332818281,0.10860549452777475
porto,21,direct_auc_search,0.6320435793895303,0.1523610677231855,0.03478168933113438,0.06462854321304842,5.10449072646733,236.26330420956947,2.4279743020123212,1.0090162231481707,4.0,0.6360828715599942,0.15212871680413537,0.03476415869089565,0.06582812004571076,0.11526339486717696,0.5691450810008343,0.055,0.5284371206774139,0.0009145718886911066,0.011703081457853915,0.34602093859324434,0.1129242873827967
porto,21,scheffe_optimum_logloss,0.6216062444553921,0.1531198604920544,0.0348507394590016,0.06043101963762086,4.377912502968672,4.377912502968684,1.0000000000000075,1.2958312612269702e-13,1.0,0.6228473681891502,0.15297177079480417,0.03483966209822673,0.06128142120274759,0.11469666236400515,0.5592501159727485,0.06,3.7886360715333325e-15,0.0,0.0,0.9999999999999962,0.0
porto,21,scheffe_optimum_auc,0.6318278599783793,0.1523738466826872,0.034782052926590944,0.06460282166038624,2.511927584789185,7.3807000066153705,2.1978814517320715,0.8783921906369069,3.0,0.6352361477073912,0.15217534052555187,0.03476791091993228,0.06562658473908878,0.1180112207390211,0.5604097722762883,0.06,0.557648790994575,1.3067042456672526e-16,1.5619992199361444e-19,0.3731198753634786,0.06923133364194634
porto,21,cheapest_vertex,0.6264826820939429,0.15273207514246684,0.03481224019079468,0.06323516177610211,1.372912502847612,1.372912502847612,1.0,-0.0,1.0,0.6292219098770201,0.15254644774962203,0.034797736481130485,0.06415117533871224,0.11447440836543753,0.5592427842599372,0.06,1.0,0.0,0.0,0.0,0.0
porto,22,best_single,0.623929771240239,0.15286002496922108,0.03482158505181494,0.06280739907228959,1.4256082999054343,1.4256082999054343,1.0,-0.0,1.0,0.6350071384545561,0.15247533448161393,0.03481238687807915,0.0626063317720439,0.11129722687511631,0.5556278583447598,0.06,1.0,0.0,0.0,0.0,0.0
porto,22,uniform_voting,0.615707623465154,0.184824850889873,0.04303022168733569,0.0599870810593383,47.19772250042297,235.98861250211485,4.999999999999999,1.6094379124341005,5.0,0.6254606255346189,0.18280634037411275,0.04277958785116087,0.059196510001817956,0.10373511662045343,0.5525566892661375,0.23500000000000001,0.2,0.2,0.2,0.2,0.2
porto,22,stacking_lr,0.6217299426403804,0.15327135510662748,0.034865576491129625,0.061057067762284596,,,,,,0.6327937174908829,0.15316742555047963,0.03491067166189949,0.06069462060007021,0.10778797749481787,0.5608463828923664,0.049999999999999996,,,,,
porto,22,slsqp_direct_logloss,0.6296680777455538,0.15247194498026348,0.034791184626136375,0.0642404937629999,7.16085240346066,234.36635000398383,2.349544196243954,0.9855152658426458,4.0,0.6387697841465448,0.15221437311703262,0.03477978826203351,0.06416853042049174,0.11551001397298556,0.56775415542619,0.055,0.5305164081843144,0.0005053293386689048,0.02043095086357106,0.37116099839896755,0.07738631321447811
porto,22,direct_auc_search,0.6296922483740147,0.15247424380661492,0.03479188804186411,0.06422310311476154,10.078993299067644,234.36635000398383,2.4309689163909507,1.02213711268899,4.0,0.6386125438203306,0.15222121514079281,0.034780125636677456,0.0642391069217773,0.1143671788373198,0.5654996893275673,0.055,0.5111626027899967,0.0,0.033284175548525405,0.37810824520559494,0.077444976455883
porto,22,scheffe_optimum_logloss,0.6203241311973705,0.15314706844867226,0.03485403547730883,0.060625995580576526,4.4172458001413455,4.417245800141245,1.000000000000019,3.221188091135632e-13,1.0,0.6275952394832808,0.15293560309180457,0.03482279212329813,0.06291859049728565,0.11694021101992967,0.5723950762494573,0.055,9.048317650694939e-15,0.0,5.692725761320834e-16,0.9999999999999905,0.0
porto,22,scheffe_optimum_auc,0.6290006638759178,0.1525140004378303,0.034794159038688426,0.06407590077776287,2.7047868045838857,5.842854100046679,1.95891012283827,0.6826222603224935,2.0,0.6379503406719508,0.15224197030287465,0.03477905536394464,0.06421702514437821,0.11668467356073468,0.569396637050106,0.055,0.572415272713483,2.495008628334596e-17,2.533022962105701e-17,0.4275847272865167,1.2533751409417403e-16
porto,22,cheapest_vertex,0.623929771240239,0.15286002496922108,0.03482158505181494,0.06280739907228959,1.4256082999054343,1.4256082999054343,1.0,-0.0,1.0,0.6350071384545561,0.15247533448161393,0.03481238687807915,0.0626063317720439,0.11129722687511631,0.5556278583447598,0.06,1.0,0.0,0.0,0.0,0.0
porto,23,best_single,0.6239296722532183,0.15292009563234515,0.034833169900730175,0.062170830333452054,1.3622416998259723,1.3622416998259723,1.0,-0.0,1.0,0.6297613424266503,0.15258073994664662,0.034796413786253706,0.06435743471298226,0.11216644052464948,0.5652633661573404,0.055,1.0,0.0,0.0,0.0,0.0
porto,23,uniform_voting,0.6126254312363995,0.19597912228579772,0.04574704587448385,0.05863779944489996,47.68007665988989,238.40038329944946,4.999999999999999,1.6094379124341005,5.0,0.623423512689095,0.1940008028854295,0.04538588089173854,0.061404362919822555,0.10665699256303282,0.5520321158917438,0.24000000000000002,0.2,0.2,0.2,0.2,0.2
porto,23,stacking_lr,0.6275438324092528,0.15289098406994237,0.03482116749876036,0.06285038494629845,,,,,,0.6298783117186609,0.15277100281801662,0.03483529479734344,0.0639276408882026,0.10668758580113748,0.5495728956969893,0.055,,,,,
porto,23,slsqp_direct_logloss,0.6308715452595529,0.15247621310263537,0.03479743527024283,0.06367864396846158,22.96176906296598,236.82715829927474,2.5937406601260076,1.0966019606587731,4.0,0.6319446001543646,0.15243880730364756,0.03478855198331487,0.06476729282682088,0.11153275037122587,0.5605829572983251,0.055,0.5021041986437098,1.193257135368758e-19,0.09006446309160494,0.3491054121264309,0.058725926138254315
porto,23,direct_auc_search,0.6309679497199677,0.15248215801470302,0.03479858840791443,0.0636782649171743,30.149739952372734,236.82715829927474,2.7487984229878624,1.1417653356581838,4.0,0.6309018241657383,0.15249773084228282,0.034793421189691275,0.0645266118656881,0.11099932930918846,0.5593499660712533,0.055,0.4787461078906937,8.09348360537827e-10,0.12167895838124346,0.34114101446000644,0.058433918458708045
porto,23,scheffe_optimum_logloss,0.6116603011116656,0.17535171733567967,0.03938302824323052,0.05819633778527476,3.9818110724789255,5.9069457987789065,1.2861051987048313,0.38156925974405526,2.0,0.6247233257161819,0.17355161534965147,0.03911646464874272,0.06059623028482646,0.10650244520920123,0.5519283330055417,0.17500000000000002,2.1704853640421966e-15,0.12748062370747512,1.8121201197201685e-15,0.8725193762925164,4.370902490698595e-15
porto,23,scheffe_optimum_auc,0.6298373455508853,0.1525212695325151,0.034800185290653714,0.0635521119084213,10.698836548687812,235.17262499663047,2.0605937982440876,0.8028778875884708,3.0,0.6333565243239538,0.15237788726204077,0.03478380448387945,0.06487394095369663,0.11156893819334389,0.5623354324098293,0.055,0.580244712349154,1.487417706926572e-16,0.035929621972333965,0.3838256656785119,3.303748898090076e-17
porto,23,cheapest_vertex,0.6239296722532183,0.15292009563234515,0.034833169900730175,0.062170830333452054,1.3622416998259723,1.3622416998259723,1.0,-0.0,1.0,0.6297613424266503,0.15258073994664662,0.034796413786253706,0.06435743471298226,0.11216644052464948,0.5652633661573404,0.055,1.0,0.0,0.0,0.0,0.0
porto,24,best_single,0.6236250447020937,0.1529839035925624,0.03483852112870221,0.06182299918759579,1.3822791981510818,1.3822791981510818,1.0,-0.0,1.0,0.6330500960988241,0.15225352930902838,0.03477067898083341,0.06549538102931951,0.11384568926468369,0.5671726367095729,0.055,1.0,0.0,0.0,0.0,0.0
porto,24,uniform_voting,0.6109833377750701,0.20124460466511207,0.047006794339571535,0.05806378118484348,47.81871419865638,239.0935709932819,4.999999999999999,1.6094379124341005,5.0,0.6323548379588255,0.1972355422227909,0.046283528356966565,0.06614856683994913,0.11752360965372509,0.5643208317664467,0.24000000000000002,0.2,0.2,0.2,0.2,0.2
porto,24,stacking_lr,0.6194102657833092,0.15343366803610842,0.034894857318541674,0.0589591106762158,,,,,,0.6384714172464236,0.15236387507903174,0.034770723830165995,0.06668982048517876,0.1196831915517747,0.5756760889141727,0.049999999999999996,,,,,
porto,24,slsqp_direct_logloss,0.6279820574035386,0.15266479788332796,0.0348126352392061,0.06260915135827938,9.912267716781368,237.5179334951099,2.2685798274634545,0.9770600779379373,4.0,0.6417805199807325,0.15178124357599782,0.03473315378712938,0.06813452676298416,0.11998110533774207,0.5721248883960269,0.055,0.5705657060185897,0.00014738944408326533,0.03291248924326018,0.33164056326511776,0.06473385202894928
porto,24,direct_auc_search,0.6279833275516016,0.1526657795730189,0.0348126960805801,0.06259374001952513,8.24675947078504,237.5179334951099,2.268441661340901,0.9743700406826785,4.0,0.6417902362797494,0.1517740479373904,0.03473221244795646,0.06818161763060805,0.11970389037643722,0.5717949257286815,0.055,0.5733184089914708,5.9138927723619526e-05,0.025702205553288726,0.32517607022933204,0.07574417629818486
porto,24,scheffe_optimum_logloss,0.617031684975662,0.15338848485819792,0.03487841034572227,0.0582037603581368,4.34783339733252,4.347833397332579,1.0000000000000397,6.490374266280548e-13,1.0,0.6360588299483242,0.15230649758531944,0.034785945122648626,0.06405271247858602,0.11744032801288624,0.573042028723373,0.055,1.9290125052862025e-14,0.0,0.0,0.9999999999999801,5.697223957072555e-16
porto,24,scheffe_optimum_auc,0.6272810813728298,0.15270422926987917,0.03481505296587618,0.06260176610957446,2.38226856875697,5.730112595483661,1.8082963779537535,0.6391617861115547,2.0,0.6400942972158212,0.15187411790144087,0.034741336550994935,0.06713516558000732,0.11812122151604403,0.570827602318501,0.055,0.6627984843838334,0.0,0.0,0.3372015156161665,1.240718063559302e-16
porto,24,cheapest_vertex,0.6236250447020937,0.1529839035925624,0.03483852112870221,0.06182299918759579,1.3822791981510818,1.3822791981510818,1.0,-0.0,1.0,0.6330500960988241,0.15225352930902838,0.03477067898083341,0.06549538102931951,0.11384568926468369,0.5671726367095729,0.055,1.0,0.0,0.0,0.0,0.0
porto,25,best_single,0.6271601303557184,0.15269092095851816,0.03481283377832624,0.06324677451747066,1.3707624981179833,1.3707624981179833,1.0,-0.0,1.0,0.6189849613757539,0.15330270640326313,0.03486814023650012,0.060830773579736236,0.1052784222737819,0.5586483282733837,0.055,1.0,0.0,0.0,0.0,0.0
porto,25,uniform_voting,0.6180463486504203,0.19596442461588995,0.04584268457228995,0.060512837491458665,47.395324158715084,236.97662079357542,4.999999999999999,1.6094379124341005,5.0,0.6041013708238688,0.2030081997085755,0.04749690807738806,0.05674230460978291,0.10222147987305828,0.5501538805510231,0.24000000000000002,0.2,0.2,0.2,0.2,0.2
porto,25,stacking_lr,0.6250644433309851,0.1530973819613087,0.034863717581821156,0.061333706789119806,,,,,,0.6114675266694612,0.15393578685355572,0.034961551902441095,0.05758998074309601,0.099361249112846,0.5454537365718434,0.055,,,,,
porto,25,slsqp_direct_logloss,0.6327796913637193,0.15231489642665128,0.03477951185236445,0.0646664633952075,9.40440892469134,235.3966832975857,2.350755454452007,0.9972187691471561,4.0,0.6219976013198222,0.15300948992326485,0.0348486542374671,0.06083502617373296,0.10697399527186761,0.5599529460637208,0.055,0.5328948028152249,0.0009318895919641164,0.030649963546595483,0.36882078621937353,0.06670255782684202
porto,25,direct_auc_search,0.6328111692362897,0.15231809963464274,0.03477979067944694,0.06465114162421581,7.066342267553978,236.97662079357542,2.403233783401011,1.0041364678058302,5.0,0.6217972782831321,0.153029620344128,0.034851246057948294,0.060739952690662694,0.10699826489300172,0.5608802297801504,0.055,0.5076404256328578,0.001416707545654217,0.020065215165186116,0.3889635767836781,0.0819140748726237
porto,25,scheffe_optimum_logloss,0.6236068944864737,0.15298959891367686,0.03483942471839385,0.06098747579012742,4.260962497210088,4.26096249721013,1.0000000000000313,5.231366387603192e-13,1.0,0.6109086882149265,0.15369638803971922,0.03491878472591274,0.05598952932677456,0.1023734629682585,0.5555974459729286,0.055,3.2474023470285703e-15,0.0,0.0,0.9999999999999843,1.2467210805073352e-14
porto,25,scheffe_optimum_auc,0.6321228857884997,0.1523487786273286,0.034782243236211124,0.06455308819006791,2.6017562217135364,5.631724995328113,1.9570401526312404,0.682130948836875,2.0,0.6214332551829693,0.1530336299191234,0.03484903948214414,0.060683663947641124,0.10979579757324653,0.5632858501715372,0.055,0.5740800899653223,0.0,0.0,0.4259199100346777,2.5084254650897634e-17
porto,25,cheapest_vertex,0.6271601303557184,0.15269092095851816,0.03481283377832624,0.06324677451747066,1.3707624981179833,1.3707624981179833,1.0,-0.0,1.0,0.6189849613757539,0.15330270640326313,0.03486814023650012,0.060830773579736236,0.1052784222737819,0.5586483282733837,0.055,1.0,0.0,0.0,0.0,0.0
porto,26,best_single,0.6256869877188116,0.1528024039172819,0.034818592115216054,0.06292665815771252,1.3744750001933426,1.3744750001933426,1.0,-0.0,1.0,0.6225166225233492,0.15311032227646137,0.03485072619006365,0.06136169373972073,0.10887996430165103,0.5619603583541913,0.055,1.0,0.0,0.0,0.0,0.0
porto,26,uniform_voting,0.6150399993871257,0.19316074894130428,0.04506618867973743,0.05961004278085704,47.71437999908812,238.57189999544062,4.999999999999999,1.6094379124341005,5.0,0.6121805090472269,0.19614425878530597,0.04577688831337233,0.059086608690142935,0.10900725535303486,0.5552245785493017,0.24000000000000002,0.2,0.2,0.2,0.2,0.2
porto,26,stacking_lr,0.6270724061672446,0.15288357452677057,0.03482391018009745,0.06328623508298592,,,,,,0.6261378035284615,0.15298156487284,0.03484785699660951,0.06222058251818724,0.10630444411634431,0.5591762649820526,0.049999999999999996,,,,,
porto,26,slsqp_direct_logloss,0.6307209937866225,0.1524413273964167,0.03478827403520978,0.06421839032091839,5.744058974356658,236.98294169735163,2.257403197887184,0.9441601259385055,4.0,0.6289464456817244,0.1526600393482833,0.034807882371037366,0.06296551740703779,0.10930576070901032,0.5715462347419404,0.049999999999999996,0.5577035878757562,0.0,0.014428005854864598,0.355725836142801,0.07214257012657826
porto,26,direct_auc_search,0.6307520657011869,0.15244434240565607,0.03478919797447197,0.0641634612617396,8.726716129694992,236.98294169735163,2.3869469585078824,1.0128642518715525,4.0,0.6291410207979338,0.15265285117161842,0.034807769674454925,0.06290956964337775,0.11061396967437236,0.5729140262713065,0.049999999999999996,0.5409943125217399,2.970889584584436e-06,0.027640942502169183,0.34309724042592293,0.0882645336605834
porto,26,scheffe_optimum_logloss,0.6140969177870841,0.17411510835454627,0.039169964363223383,0.05902525512728518,3.9890195819382703,5.933454196201637,1.2898639618594328,0.3844896102275111,2.0,0.6130284874769006,0.17566428837000872,0.03946557698480086,0.0603079172373852,0.11039837947332885,0.5584452469466797,0.17500000000000002,0.0,0.12900434244531123,0.0,0.8709956575546889,0.0
porto,26,scheffe_optimum_auc,0.630255276537615,0.15246314697030042,0.03478875657092076,0.06420788718269607,2.4810966862693746,7.371620897902176,1.9591942043302963,0.7439222863616899,3.0,0.6282458756090216,0.15269410145451776,0.03481056778513502,0.06291986561630876,0.10960561335591582,0.5729072640119175,0.049999999999999996,0.6103612806426352,6.979871456797252e-17,0.0,0.3708362117243115,0.018802507633053155
porto,26,cheapest_vertex,0.6256869877188116,0.1528024039172819,0.034818592115216054,0.06292665815771252,1.3744750001933426,1.3744750001933426,1.0,-0.0,1.0,0.6225166225233492,0.15311032227646137,0.03485072619006365,0.06136169373972073,0.10887996430165103,0.5619603583541913,0.055,1.0,0.0,0.0,0.0,0.0
porto,27,best_single,0.6269281114525697,0.1527282739745233,0.03480797283839793,0.06358912388092312,1.3763459050096571,1.3763459050096571,1.0,-0.0,1.0,0.6217267105473238,0.15317413798882903,0.034879638938542,0.05943474398031647,0.10630551914955584,0.5597363580136582,0.055,1.0,0.0,0.0,0.0,0.0
porto,27,uniform_voting,0.618296935961546,0.18626546680618442,0.04342590001653454,0.06011596082936004,47.538520835805684,237.69260417902842,4.999999999999999,1.6094379124341005,5.0,0.6123087962260044,0.18763850370404322,0.043686646605872605,0.0589157263773485,0.10581683168316831,0.5567785279614799,0.23500000000000001,0.2,0.2,0.2,0.2,0.2
porto,27,stacking_lr,0.6255616745995087,0.15314959442659504,0.034869353061368985,0.06134372398903864,,,,,,0.6199391695618035,0.15347809457509776,0.03489859307678224,0.060133505893307106,0.10601108426886459,0.5603782387930321,0.049999999999999996,,,,,
porto,27,slsqp_direct_logloss,0.6325472587170684,0.15237306736049083,0.03478131929745764,0.06463164338975236,18.308576815433234,236.12523328047246,2.441942868235427,1.0737400059232591,4.0,0.62677408764842,0.15277078779227768,0.03483042237606379,0.06122816761105337,0.11020219169624941,0.5619225608832906,0.055,0.5590876025376696,0.000856364760454678,0.07052230534119049,0.2935770794978391,0.07595664786284605
porto,27,direct_auc_search,0.6325951495274356,0.15237589112488137,0.034782117461470675,0.06457926185869571,21.17068842701165,236.12523328047246,2.5727146351226726,1.1184022031918874,4.0,0.6269210244267758,0.15276341411545635,0.034829376568828826,0.06125582410522773,0.10956214411937953,0.5521420915839126,0.06,0.5396735145298672,0.000672715749328482,0.0831767334259903,0.2873866033147056,0.08909043298010833
porto,27,scheffe_optimum_logloss,0.6157010458332417,0.1712550549567179,0.0387073553392042,0.05894771279533231,3.9931103101354073,5.933279194869101,1.3002763528682433,0.3924467710886501,2.0,0.6079801405254447,0.1724055377315881,0.038859180133231544,0.05924970878210777,0.10541132311542072,0.5559070862712681,0.17500000000000002,0.0,0.13321172212188434,0.0,0.8667882778781157,0.0
porto,27,scheffe_optimum_auc,0.6315581437035642,0.15241600077207762,0.03478241711608424,0.06462233264965137,2.421580671507842,7.373958290554583,1.9794006399709136,0.7781551910036156,3.0,0.6259222565104364,0.15281248673372425,0.034835495301299486,0.060980447960050935,0.10684474123539231,0.5587160042535323,0.055,0.6195421446749565,1.6470604968904698e-17,1.39498349178759e-17,0.34674869453198987,0.033709160793053604
porto,27,cheapest_vertex,0.6269281114525697,0.1527282739745233,0.03480797283839793,0.06358912388092312,1.3763459050096571,1.3763459050096571,1.0,-0.0,1.0,0.6217267105473238,0.15317413798882903,0.034879638938542,0.05943474398031647,0.10630551914955584,0.5597363580136582,0.055,1.0,0.0,0.0,0.0,0.0
porto,28,best_single,0.6220766218798668,0.15304938701356186,0.03484215272195903,0.06143844037911657,1.3766459072940052,1.3766459072940052,1.0,-0.0,1.0,0.6362911046606274,0.15220667716649136,0.0347837208200573,0.06433522455912405,0.11542649727767694,0.5606128358075728,0.06,1.0,0.0,0.0,0.0,0.0
porto,28,uniform_voting,0.6138817311263027,0.19936526165374743,0.04660926107474662,0.0591752991752234,47.789436681196094,238.94718340598047,4.999999999999999,1.6094379124341005,5.0,0.6191554414940351,0.19782343531832133,0.04633711093426127,0.06071966759771708,0.10943329188132883,0.5555099814863574,0.24000000000000002,0.2,0.2,0.2,0.2,0.2
porto,28,stacking_lr,0.6204731678352207,0.15337624754344847,0.03489892096879223,0.059654935398499385,,,,,,0.6259369021406395,0.15313173784844153,0.03486079120691967,0.061926150288437065,0.11291502120813224,0.5675996200037313,0.049999999999999996,,,,,
porto,28,slsqp_direct_logloss,0.6287507171998922,0.15262395481664542,0.03480723178484034,0.06299797869997824,16.907597104578247,237.3634251067415,2.6049588268773975,1.1053217644712316,4.0,0.6385149181492564,0.15199040574242953,0.03476362708996613,0.06591308456803888,0.11495384615384614,0.5797191548257725,0.049999999999999996,0.503802200275367,0.0004245176220819722,0.0633862855761194,0.34380484365605857,0.08858215287037313
porto,28,direct_auc_search,0.628813254752676,0.1526272949924878,0.034808116159305826,0.06293041973659254,20.546823539457215,237.3634251067415,2.7426774431409435,1.1479040268670533,4.0,0.6379349654295504,0.152022040551485,0.03476644140645249,0.06587435871185515,0.114063675106543,0.5773552646929838,0.049999999999999996,0.48385875024944924,0.00010182955228195342,0.07936172422684551,0.3384345012201768,0.09824319475124654
porto,28,scheffe_optimum_logloss,0.6188973411792625,0.15327850963300763,0.034860403418291455,0.05968791953187375,4.327137500513305,4.327137500513345,1.000000000000027,4.4950220049458944e-13,1.0,0.630722980200318,0.152524162592766,0.034811414713855356,0.06232536353503165,0.11045130641330167,0.5639271614974888,0.055,1.310063169057667e-14,0.0,0.0,0.9999999999999865,4.873033374313965e-16
porto,28,scheffe_optimum_auc,0.6278030288106418,0.15266464242561598,0.03480853991893347,0.06303165632896818,2.5749203468686357,7.356137607712299,2.1021034675346155,0.8174681480654408,3.0,0.6403353539676204,0.1519142353337168,0.034757244910254226,0.06592981782083811,0.11737379993806135,0.5700249755152824,0.055,0.5587497662448621,1.398668772133999e-16,0.0,0.40250665942431213,0.038743574330825814
porto,28,cheapest_vertex,0.6220766218798668,0.15304938701356186,0.03484215272195903,0.06143844037911657,1.3766459072940052,1.3766459072940052,1.0,-0.0,1.0,0.6362911046606274,0.15220667716649136,0.0347837208200573,0.06433522455912405,0.11542649727767694,0.5606128358075728,0.06,1.0,0.0,0.0,0.0,0.0
porto,29,best_single,0.6241427001071782,0.15290599042834466,0.0348291273284149,0.0624339710451797,1.3785083079710603,1.3785083079710603,1.0,-0.0,1.0,0.6262264425127161,0.15295440634841928,0.034856052296492746,0.06068389543406716,0.10660432495616598,0.5702258324145558,0.049999999999999996,1.0,0.0,0.0,0.0,0.0
porto,29,uniform_voting,0.6126805169572908,0.19864892269124587,0.04642216352631802,0.05880292656908904,47.41180834360421,237.05904171802104,4.999999999999999,1.6094379124341005,5.0,0.6195734203059545,0.19623143132285442,0.04592222862260612,0.059672076395370595,0.11390866469873241,0.5609416773634933,0.24000000000000002,0.2,0.2,0.2,0.2,0.2
porto,29,stacking_lr,0.6239581204556283,0.15328017523504556,0.03488745596641529,0.060511210277999994,,,,,,0.6243117354598432,0.15336420859774877,0.03491077256146366,0.059592835821851556,0.11209701271813075,0.566081225839604,0.049999999999999996,,,,,
porto,29,slsqp_direct_logloss,0.631727367020347,0.15242365839131555,0.03479052748528901,0.06378966310362238,7.050175016295779,235.45870000962168,2.5234402251517296,1.0413028583203658,4.0,0.6290664223996212,0.15270389090708353,0.03482916462647813,0.06109949312044774,0.10990712074303408,0.5614572284602286,0.055,0.49247330695231406,8.516770905161463e-05,0.020080199407004465,0.37519243245856015,0.11216889347306978
porto,29,direct_auc_search,0.6318696825507157,0.15243554908160364,0.03479342679438267,0.06355793077637818,10.452349345835554,235.45870000962168,2.782490384576893,1.128010585880428,4.0,0.628986681125089,0.15271879934402896,0.034831170209010325,0.06090849296132644,0.1120351482818139,0.563297684125468,0.055,0.43998683898811647,0.0,0.0350062237099645,0.3781760329921428,0.1468309043097762
porto,29,scheffe_optimum_logloss,0.6225023739534424,0.15308649903848318,0.03484607689104215,0.060437457158769754,4.285112500656396,4.285112500656396,1.0,-0.0,1.0,0.615677655978809,0.15351537149649133,0.034897355819235226,0.0566262641062582,0.10411516649701903,0.5571152706836338,0.055,0.0,0.0,0.0,1.0,0.0
porto,29,scheffe_optimum_auc,0.6241427001071782,0.15290599042834466,0.0348291273284149,0.0624339710451797,1.3785083079711973,1.3785083079710603,1.0000000000000047,8.477040416614757e-14,1.0,0.6262264514104258,0.15295440634841928,0.034856052296492746,0.060683893202632365,0.10660432495616598,0.5702258324145558,0.049999999999999996,0.9999999999999977,9.629588292258807e-17,5.810972045834995e-16,1.72084568816899e-15,0.0
porto,29,cheapest_vertex,0.6241427001071782,0.15290599042834466,0.0348291273284149,0.0624339710451797,1.3785083079710603,1.3785083079710603,1.0,-0.0,1.0,0.6262264425127161,0.15295440634841928,0.034856052296492746,0.06068389543406716,0.10660432495616598,0.5702258324145558,0.049999999999999996,1.0,0.0,0.0,0.0,0.0
uci_credit,0,best_single,0.7850183671819755,0.4262941241958189,0.13382277955083002,0.5591227631937539,5.772590166695106,5.772590166695106,1.0,-0.0,1.0,0.7790191404033271,0.4304040825190059,0.1351383155964658,0.5505785831402353,0.540041067761807,0.7110470110727647,0.265,0.0,0.0,0.0,1.0,0.0
uci_credit,0,uniform_voting,0.7684160353933047,0.4688785174691095,0.14768585246718452,0.5460857788245459,6.290847233807048,31.45423616903524,4.999999999999999,1.6094379124341005,5.0,0.7679563739876547,0.4691009883812615,0.14821172763321291,0.5406025940801933,0.5354659248956884,0.7067769422411064,0.36,0.2,0.2,0.2,0.2,0.2
uci_credit,0,stacking_lr,0.7844947681871945,0.42758015976032215,0.13388221467789566,0.5604031146271854,,,,,,0.779431166003421,0.43106206476380576,0.13517980166828866,0.5528138647208005,0.5408056042031524,0.7099914676029351,0.24000000000000002,,,,,
uci_credit,0,slsqp_direct_logloss,0.7857144433558793,0.42552679191761755,0.13356082161432967,0.5610339339220605,6.212866794426837,30.355909669500157,1.6215091495101626,0.689083625868735,3.0,0.7803111752792381,0.4294793489690004,0.1348931915843301,0.5538040145042666,0.5436265709156193,0.7102244918660019,0.28,0.0,1.5882716627887316e-18,0.06982290415076262,0.7644374142266732,0.16573968162256417
uci_credit,0,direct_auc_search,0.7860048479641631,0.4259038936463498,0.13368469158087734,0.5606547303706916,6.6909026519192,30.872736169840213,1.7636971740811667,0.859430191194066,4.0,0.7808812380958063,0.4292897425389838,0.1348688313972261,0.5531103302253857,0.540948275862069,0.7083963399225714,0.275,0.05453550674116492,0.000587569279279454,0.09763839105831458,0.7363303722575867,0.11090816066365439
uci_credit,0,scheffe_optimum_logloss,0.7850961355951388,0.42716141475129793,0.13398551632687483,0.5592112676112894,5.665531155571216,6.354090165890133,1.0420971292870789,0.10045626422282246,2.0,0.7793924630116313,0.4307013497138332,0.13527658136001577,0.5506935725029065,0.5414817343803345,0.7122331771398844,0.275,0.0,0.02062360846555013,0.0,0.9793763915344497,2.4201874050146603e-16
uci_credit,0,scheffe_optimum_auc,0.7858918282993158,0.4257843438149902,0.13369210806927262,0.5604534390796106,7.654070665570696,30.872736169840213,1.7665460824689954,0.8203096362572924,4.0,0.7808133465977087,0.4294570260248804,0.13493023271230134,0.552750989907856,0.5432011331444759,0.7108894576436877,0.27,0.01732559971912355,0.0,0.14048529287712422,0.7304477767928185,0.11174133061093387
uci_credit,0,cheapest_vertex,0.7229731510322948,0.46576309629146795,0.1449845884322461,0.5027265711553984,0.5168265003400544,0.5168265003400544,1.0,-0.0,1.0,0.7274233757362236,0.46477484433795313,0.14458527080842215,0.5010140068780703,0.5162324649298597,0.6865858333181478,0.28500000000000003,1.0,0.0,0.0,0.0,0.0
uci_credit,1,best_single,0.7834756764700586,0.42796289108089636,0.13444643145280796,0.5511113773555159,5.751444502190377,5.751444502190377,1.0,-0.0,1.0,0.7831031929806964,0.4251812485315902,0.13297913704253997,0.5708404604091696,0.5503847563209968,0.7133136356606786,0.29000000000000004,0.0,0.0,0.0,1.0,0.0
uci_credit,1,uniform_voting,0.7678527913373102,0.46528665458887464,0.1464529296368719,0.540505969751549,6.257605568195383,31.288027840976913,4.999999999999999,1.6094379124341005,5.0,0.7644372238279484,0.4654450987796934,0.1463525993968843,0.5564300939888166,0.5363128491620112,0.7030241227684701,0.375,0.2,0.2,0.2,0.2,0.2
uci_credit,1,stacking_lr,0.7829138331927902,0.42895714266071094,0.13441412638372469,0.5525335341988656,,,,,,0.7805707272179273,0.42581329922062894,0.1327930587391941,0.5703373847502273,0.54487406881873,0.7119082332713171,0.24000000000000002,,,,,
uci_credit,1,slsqp_direct_logloss,0.7839256186899516,0.42730390294893045,0.13419351936539078,0.5534627099442054,5.874424773435477,30.726715340279043,1.5386391705119935,0.6475670147485333,4.0,0.7834532937939269,0.42459088225198865,0.1327213997366698,0.5730373874052441,0.550202280250092,0.7129322499290849,0.29000000000000004,0.0018432033048016564,0.0009402039828801113,0.05086599036405504,0.7890420432370118,0.15730855911125147
uci_credit,1,direct_auc_search,0.7841450673053519,0.4274952387930266,0.13425474678427182,0.5533130921474332,6.314288262297293,31.288027840976913,1.5436743677202271,0.7238586849509128,5.0,0.7835755307429958,0.42489079704405025,0.13284429788593166,0.572933598151087,0.5512960934647682,0.714178808789643,0.28500000000000003,0.021670385303131402,0.00621871780877176,0.06945460441383226,0.7941682005543407,0.10848809191992392
uci_credit,1,scheffe_optimum_logloss,0.7835813596822969,0.42802533159774103,0.13445496591636136,0.5511806524631896,5.726406746117151,6.312757002888247,1.0096947573676691,0.030544868429972227,2.0,0.7830365915823251,0.42530451786465184,0.13301861659844416,0.5707584837761781,0.551470588235294,0.7137928270777741,0.295,0.0,0.0048241077618113885,0.0,0.9951758922381886,0.0
uci_credit,1,scheffe_optimum_auc,0.7840452089140035,0.42801084653185323,0.13446976530606394,0.5526498270809809,7.311132843675275,30.726715340279043,1.8019130654206574,0.8760334530329719,4.0,0.7839048286981394,0.42534428664053664,0.1330532473607546,0.5727043672898834,0.5529715762273901,0.7144860137869733,0.28,0.07365216034352466,1.9356363827327902e-18,0.12850076216369288,0.7266037670240564,0.071243310468726
uci_credit,1,cheapest_vertex,0.7234737026821355,0.46612753417171116,0.14525933851250025,0.4993270992861122,0.5179096672994395,0.5179096672994395,1.0,-0.0,1.0,0.7281862278306441,0.462253377520139,0.1440868218459444,0.516064027864448,0.507870753935377,0.6802552333298555,0.3,1.0,0.0,0.0,0.0,0.0
uci_credit,2,best_single,0.7834024026418727,0.42760479220960423,0.13412502987282887,0.5572044630550487,5.758124995433415,5.758124995433415,1.0,-0.0,1.0,0.781757699597376,0.42763481691695515,0.13438255586540215,0.5547731605501555,0.5485141424991049,0.7137225972739225,0.28,0.0,0.0,0.0,1.0,0.0
uci_credit,2,uniform_voting,0.7692525824640704,0.46101806145167634,0.14472585966251547,0.5443327610750885,6.35122226473565,31.756111323678248,4.999999999999999,1.6094379124341005,5.0,0.7624073325398145,0.46045727426713906,0.14489690362220817,0.5385699927569628,0.5388367729831144,0.7041965008947648,0.365,0.2,0.2,0.2,0.2,0.2
uci_credit,2,stacking_lr,0.783728763929976,0.42836843537347236,0.13414902026186748,0.558173671684882,,,,,,0.7801394307531715,0.42950997098517973,0.1344163845584187,0.5554852877563261,0.5421728566469975,0.7115636153819236,0.23,,,,,
uci_credit,2,slsqp_direct_logloss,0.7843591949771017,0.4267459618684256,0.13382627881025044,0.5590960187028817,6.3286141756693866,31.756111323678248,1.7083037700441732,0.7617816911673623,5.0,0.7809609017539068,0.4276250903951335,0.13432584658849145,0.5553465092875386,0.5379073756432247,0.7093770576082744,0.255,0.004205759769418838,0.0017854055220432442,0.07942852156401821,0.7408546492959045,0.1737256638486152
uci_credit,2,direct_auc_search,0.7846430189486362,0.42708997411172844,0.13398113812082424,0.5588369576027442,7.512604137250708,31.756111323678248,1.8732699709367875,0.9119888687320483,5.0,0.781560959389112,0.42781811551668036,0.1344085375751496,0.5549339008250231,0.5432774546698598,0.7133589504135657,0.25,0.03331840205403057,0.006236705970169722,0.13799562206881044,0.7073856385017939,0.11506363140519538
uci_credit,2,scheffe_optimum_logloss,0.7839007069992247,0.4271214663095575,0.13393066340667437,0.5583857585411867,5.411643897844232,6.6112569960144665,1.1511418344309152,0.2552872942487585,2.0,0.7815458007173277,0.4274677050556856,0.13429187333466353,0.555712941550916,0.5435393258426967,0.7117080259200387,0.27,1.9433997037860633e-17,0.0,0.0,0.9293615509843125,0.0706384490156875
uci_credit,2,scheffe_optimum_auc,0.7845739071464496,0.427392015339818,0.13411142479696064,0.5585159662957907,7.81954705477501,31.186625157715753,2.0535526544775804,0.9827510716583288,4.0,0.7818644553497291,0.4280712850768306,0.13453244491439048,0.5543870198600767,0.5453221696396068,0.7104201032370053,0.275,0.07315875183590007,8.724605224755029e-19,0.16005089637512468,0.6680078595708213,0.09878249221815404
uci_credit,2,cheapest_vertex,0.7237987841220502,0.4652587242173987,0.144643437915251,0.5061715887034473,0.5122431612107903,0.5122431612107903,1.0,-0.0,1.0,0.7227572462885846,0.46621535074399645,0.1453298445182111,0.49656117463818905,0.5059101654846336,0.6810173597431799,0.28,1.0,0.0,0.0,0.0,0.0
uci_credit,3,best_single,0.7861676809329194,0.4250830676096482,0.1334097786140376,0.5604123153219663,5.778375004107754,5.778375004107754,1.0,-0.0,1.0,0.7770345638680802,0.4320001896289914,0.13565471237737933,0.5552640926123773,0.5386840202458424,0.7064519983725392,0.28500000000000003,0.0,0.0,0.0,1.0,0.0
uci_credit,3,uniform_voting,0.768430738531157,0.4672441055809574,0.1472036015327619,0.5460913816188184,6.305536101960268,31.527680509801336,4.999999999999999,1.6094379124341005,5.0,0.7624311187535185,0.47062905216732437,0.14866390220433037,0.5379904249967473,0.5371148459383753,0.7074655329700306,0.365,0.2,0.2,0.2,0.2,0.2
uci_credit,3,stacking_lr,0.7857359034875148,0.4265201507338875,0.1334466990386286,0.5616588479444208,,,,,,0.7770106970231433,0.43301043002064976,0.13603721164212448,0.5562421891878058,0.5419493038200643,0.7094801043239143,0.245,,,,,
uci_credit,3,slsqp_direct_logloss,0.7868526314973723,0.4242602340893181,0.13312432722475762,0.5627002351383535,5.109927683824529,30.96595133926409,1.476519679479309,0.5651788657319469,4.0,0.7766289887666179,0.43177300725283385,0.13554033828829962,0.5559736145279801,0.5376811594202899,0.7056426220567382,0.28500000000000003,0.0043672441516156854,0.0,0.01318795364758592,0.8030528265697735,0.17939197563102496
uci_credit,3,direct_auc_search,0.7871893726566118,0.42475387187806835,0.1332627003177922,0.5624326370784952,5.6875716278769595,30.96595133926409,1.7193104150904,0.8296364949627715,4.0,0.777333705742121,0.4313748609266031,0.13549125036102988,0.5553482665586063,0.5382131324004306,0.7066239847923044,0.275,0.0802096903861575,5.677059085266614e-05,0.051511970085342015,0.7468703639364135,0.12135120500123431
uci_credit,3,scheffe_optimum_logloss,0.786233154741436,0.4258406766507422,0.13355229040604885,0.5604394392932359,5.682564463702084,6.340104174644997,1.0374067928493385,0.09161111051777107,2.0,0.7775547965827193,0.43211068441806993,0.13573554001119723,0.5554324339812182,0.5364452423698385,0.7053866178922963,0.29000000000000004,0.0,0.018366311124497537,0.0,0.9816336888755025,0.0
uci_credit,3,scheffe_optimum_auc,0.7870804747075847,0.4245520180645267,0.13324018278928476,0.5624036107006792,6.583422445039561,30.96595133926409,1.8506717134980584,0.8816952425746502,4.0,0.7774449768435162,0.43121875947789595,0.1354631795309995,0.5556495286994629,0.5400206114737204,0.7107726229872227,0.255,0.038662053925587865,1.6671551380862107e-17,0.09750514257711101,0.7114148671705309,0.15241793632677023
uci_credit,3,cheapest_vertex,0.725271516518018,0.4642606355087595,0.1444796928560512,0.5068541843492596,0.513485991784061,0.513485991784061,1.0,-0.0,1.0,0.7187589853430157,0.46945200390256064,0.1460517322125299,0.4913682632020977,0.5154719937328633,0.6871529934103319,0.28500000000000003,1.0,0.0,0.0,0.0,0.0
uci_credit,4,best_single,0.7812539910226611,0.42904507871402053,0.13480156140150173,0.553926576459318,5.79869433810624,5.79869433810624,1.0,-0.0,1.0,0.7895453059640827,0.4226751908625171,0.13229769366371688,0.5623143233856809,0.5506101938262742,0.7149553681936556,0.28,0.0,0.0,0.0,1.0,0.0
uci_credit,4,uniform_voting,0.7648539659456987,0.46207720372070027,0.14529390887177673,0.5393357030362719,6.3769944380813595,31.884972190406796,4.999999999999999,1.6094379124341005,5.0,0.7796328247168917,0.45338955970227374,0.1419225598026036,0.5554427607197165,0.5496518871381458,0.7128298482633081,0.36,0.2,0.2,0.2,0.2,0.2
uci_credit,4,stacking_lr,0.780823669782479,0.43024767086382154,0.1349122343656465,0.5538576361639461,,,,,,0.7907954932301211,0.42313256416042533,0.13204742320516655,0.5639036403806942,0.5553602811950791,0.7197696172161228,0.23500000000000001,,,,,
uci_credit,4,slsqp_direct_logloss,0.7817183945193313,0.4285521679233693,0.13464652443865582,0.5545826511705975,5.875452884697984,30.810888846948124,1.4448714487302539,0.5803098635613504,3.0,0.7905798046821266,0.421714907943478,0.1319711347687861,0.5648456969261266,0.5556772544724353,0.7170815331738662,0.28500000000000003,0.0007798809813606831,0.0009758445508958291,0.04167334886822167,0.8194971988141159,0.137073726785406
uci_credit,4,direct_auc_search,0.7819580889222196,0.4289036337065094,0.1347739280727331,0.5543256215577571,6.969594778997859,31.884972190406796,1.6842106958695575,0.821599912685971,5.0,0.7915707625344074,0.4217303177901939,0.13194421940351794,0.5655654016899768,0.5591240875912408,0.7193934725146672,0.28,0.04992453410956819,0.0021094593222047604,0.10258065960261595,0.7569022238732747,0.08848312309233641
uci_credit,4,scheffe_optimum_logloss,0.7815382483286215,0.4286818224202017,0.13467351503790714,0.5544568826937608,5.43914284956589,6.638826346412922,1.155410466443715,0.2600868276222518,2.0,0.7899121780737554,0.4222227036795475,0.13213722012403284,0.5633425292821049,0.5561261922230374,0.7170211403804279,0.29000000000000004,0.0,8.682389622763445e-18,0.0,0.9274887629465606,0.07251123705343944
uci_credit,4,scheffe_optimum_auc,0.781869900327741,0.4288386558712953,0.13478620148196752,0.5539996819847265,7.850294088978877,31.32036801738044,1.6949637157406223,0.7801363797496017,4.0,0.7915233513694651,0.4214503687264114,0.13189265521080862,0.5659922223345732,0.5602343463932625,0.7198726639317627,0.28,0.015460688375826568,4.572564784289434e-17,0.14151335449173336,0.748905469659801,0.0941204874726391
uci_credit,4,cheapest_vertex,0.7206675196367762,0.46727402233178117,0.14559036291686608,0.4993924245945013,0.5094791704323143,0.5094791704323143,1.0,-0.0,1.0,0.7351853413708697,0.45892396550581815,0.14246794535888205,0.5161878635984849,0.5269275474622239,0.694800382063034,0.275,1.0,0.0,0.0,0.0,0.0
uci_credit,5,best_single,0.7815964562273428,0.4284510229298859,0.13451661789441846,0.5533313087792325,5.783805507235229,5.783805507235229,1.0,-0.0,1.0,0.7824080711219078,0.42584996000929154,0.13337899648080032,0.5705481553557014,0.5513841486537732,0.7115465215605499,0.3,0.0,0.0,0.0,1.0,0.0
uci_credit,5,uniform_voting,0.7663780434323839,0.46645906631593803,0.1468847167309971,0.5410993000001325,6.324834702536464,31.624173512682322,4.999999999999999,1.6094379124341005,5.0,0.7686436746168525,0.46250293711918616,0.14514430384289,0.5589905575460237,0.5421863536316949,0.7078291798303874,0.365,0.2,0.2,0.2,0.2,0.2
uci_credit,5,stacking_lr,0.7812828631884914,0.42934558882445284,0.134529585276403,0.5542612139638289,,,,,,0.7807026399149437,0.4269690347699001,0.13343177330741504,0.5694818546666229,0.5504994450610432,0.7127090626764312,0.255,,,,,
uci_credit,5,slsqp_direct_logloss,0.7819542695327433,0.4280001521467586,0.13435345129173007,0.5550394552773774,5.56698020669567,31.624173512682322,1.4108832933124362,0.5637858789777203,5.0,0.7827554304732198,0.42549534741739214,0.13324512830518906,0.570826953875943,0.5503703703703703,0.712546268217216,0.28500000000000003,0.007216831262454214,0.0010690535724569893,0.026922886396021032,0.8306675779621506,0.13412365080691702
uci_credit,5,direct_auc_search,0.7822521819118975,0.4285697591328238,0.13448190899012666,0.5546491150657897,5.736183761275666,31.624173512682322,1.4881679681077309,0.7128643984425818,5.0,0.7832522801303194,0.4257693104990069,0.13328259331020667,0.5719134790280525,0.5467075038284839,0.7079322265460273,0.305,0.04923063794255667,0.014255128295839525,0.03886899060148813,0.8127910294026668,0.08485421375744884
uci_credit,5,scheffe_optimum_logloss,0.7816199167516196,0.42845613029432117,0.13451748600701877,0.5533433322008687,5.779255685415163,5.783805507235229,1.0017433278958787,0.0070069061541409815,1.0,0.7824296802923237,0.42584914019027126,0.13337858126423613,0.5705630058810452,0.5520636122680802,0.7120861057710837,0.3,2.6308307527976273e-17,0.0008709054727488488,3.292327813343135e-16,0.9991290945272505,2.93764777549823e-16
uci_credit,5,scheffe_optimum_auc,0.7820433751837981,0.42825210984626444,0.13448821996819504,0.5544083986486229,6.932291456118612,31.06461100590726,1.6888806126658342,0.8084073318937671,4.0,0.7837454207507059,0.42521187624408685,0.13317251205599726,0.5724940639759406,0.5499243570347958,0.7107975380381872,0.29000000000000004,0.039591773270382456,4.15043793290403e-17,0.10286270906326044,0.754554711878896,0.10299080578746107
uci_credit,5,cheapest_vertex,0.7231147506141734,0.4658838124174616,0.14515948847955265,0.5027356166182376,0.51315266561384,0.51315266561384,1.0,-0.0,1.0,0.7253436543461605,0.4637852273253929,0.14406999730497635,0.5152729077940624,0.5161547666533706,0.686753223757638,0.28500000000000003,1.0,0.0,0.0,0.0,0.0
uci_credit,6,best_single,0.7839392334529662,0.42605359827389216,0.13357481725528494,0.5599162861151747,5.742055509472266,5.742055509472266,1.0,-0.0,1.0,0.7762680027369465,0.4322293312013003,0.13613000110431708,0.5495058162977422,0.5428156748911466,0.7089733370251687,0.28500000000000003,0.0,0.0,0.0,1.0,0.0
uci_credit,6,uniform_voting,0.7686123358883168,0.46643045439442166,0.1467830728586198,0.5465403094209722,6.32615833504436,31.630791675221797,4.999999999999999,1.6094379124341005,5.0,0.7639117500831711,0.47081465249874344,0.14835964504900184,0.5452082638248126,0.5368188512518408,0.7040612823171997,0.375,0.2,0.2,0.2,0.2,0.2
uci_credit,6,stacking_lr,0.7833861727559844,0.427046985038859,0.1335233465713994,0.5607189840066947,,,,,,0.7753318741230345,0.434380122904861,0.1366340187500416,0.5505901764163683,0.5431286549707602,0.7086943529593517,0.255,,,,,
uci_credit,6,slsqp_direct_logloss,0.7842235209915611,0.4254479922798455,0.13336669567380047,0.5614270049292844,6.201365466439464,30.553909678322572,1.553127184223446,0.6512063804868966,3.0,0.776874027083386,0.43169193539218037,0.13590070522514017,0.5519401865275676,0.5447924253459577,0.7100433134856865,0.28500000000000003,0.0,0.0,0.06521795213668462,0.7857462923031971,0.14903575556011828
uci_credit,6,direct_auc_search,0.7847454471139066,0.42623542271890097,0.13367067355099999,0.5605341772601452,7.495298556190618,31.068833341123536,1.7262508056577186,0.8338810062101636,4.0,0.7777182360917977,0.43152415038562936,0.13583146128439474,0.55254153865252,0.5418828762045959,0.706954814740873,0.28500000000000003,0.07110268979462164,0.0006576481457700366,0.1309830709794567,0.7445101200456239,0.052746471034527787
uci_credit,6,scheffe_optimum_logloss,0.7841432936574684,0.42631090847524455,0.13361960463966469,0.5600421232167146,5.687604465263569,6.304013843570526,1.0212441118702975,0.058339339108071334,2.0,0.776428297627942,0.4322720916454684,0.13614832378749203,0.5497289697022228,0.5401834862385321,0.7064848152843275,0.295,0.0,0.010511587401787491,0.0,0.9894884125982125,0.0
uci_credit,6,scheffe_optimum_auc,0.7846371034298429,0.42593641666701676,0.1335987934273402,0.5605645607639456,7.977518279703769,31.068833341123536,1.7917033141913454,0.8510659467986426,4.0,0.7774979515635283,0.431459845077997,0.13582389052608976,0.5524130242733337,0.5435259692757863,0.7089083482514553,0.28,0.03849135109913001,8.562067577804915e-19,0.15544902688278367,0.7252223601917077,0.08083726182637864
uci_credit,6,cheapest_vertex,0.7236847567027237,0.4652684735428202,0.14473984093581385,0.5046061243251273,0.5149236628009627,0.5149236628009627,1.0,-0.0,1.0,0.7262476110981474,0.46455525246050977,0.14481362743688944,0.505992215716101,0.5128814902893382,0.6850412614208095,0.29000000000000004,1.0,0.0,0.0,0.0,0.0
uci_credit,7,best_single,0.7843650802632606,0.42584095361998836,0.13345929380298388,0.5619105091913815,5.740305670769885,5.740305670769885,1.0,-0.0,1.0,0.7765064292926174,0.4327306363469391,0.1362797925198523,0.5406738877872264,0.5379549393414211,0.7087166878108637,0.26,0.0,0.0,0.0,1.0,0.0
uci_credit,7,uniform_voting,0.7696578610054433,0.4587102976735167,0.14384241843259704,0.5503066147779142,6.370515333643805,31.85257666821902,4.999999999999999,1.6094379124341005,5.0,0.7610418426107362,0.4642448019742805,0.14635111892480282,0.529516305408562,0.5241228070175439,0.6961158806277175,0.35500000000000004,0.2,0.2,0.2,0.2,0.2
uci_credit,7,stacking_lr,0.7841314978912889,0.4265114564948966,0.1333557031010476,0.5635950956890564,,,,,,0.775274706578912,0.435339684260774,0.1368751449420497,0.5401491064286077,0.5367751060820368,0.7065911678805161,0.23500000000000001,,,,,
uci_credit,7,slsqp_direct_logloss,0.7851583543566873,0.42500048865026385,0.13315096211519137,0.5639593132435002,6.022751136127614,31.34113916894421,1.6491625968457935,0.7082622180937275,4.0,0.776535134011528,0.4323643760195858,0.1361548405287088,0.5419295476942655,0.5387299371946964,0.7088144934963654,0.26,0.0,0.002102793677619646,0.06348255756842572,0.7551035935298448,0.17931105522410987
uci_credit,7,direct_auc_search,0.785384141747762,0.42550634060209314,0.13332878937404818,0.5634121592688394,7.669860629463699,31.85257666821902,1.7547934178206879,0.8255403583612938,5.0,0.777261460157447,0.43213195052588654,0.13614448629922202,0.542233587900378,0.5379770285290848,0.7044288801079684,0.29000000000000004,0.003958367214877726,0.014253424275326701,0.138665491571765,0.7338054489273975,0.10931726801063302
uci_credit,7,scheffe_optimum_logloss,0.7848537001000669,0.4253443661185862,0.13330722538739928,0.5631862528921949,7.7730342532292696,30.780882176865514,2.341855138803671,0.9656211887156598,3.0,0.7761560059544553,0.4325428060179243,0.13627632509853851,0.5422811189154525,0.5368188512518408,0.7040612823171997,0.28,0.0,0.0,0.17512169930858143,0.5799685204333083,0.24490978025811022
uci_credit,7,scheffe_optimum_auc,0.7852827414920606,0.4257870292569726,0.13348678790999516,0.5626239995365035,7.971386979579465,31.292319676140323,1.8681609175882758,0.8976608082804529,4.0,0.7777642765257808,0.4321166623549208,0.13617557076487757,0.5428265354544227,0.5365853658536585,0.7046146544685588,0.27,0.0596999348966067,7.163284919069761e-17,0.15759492673034398,0.708032126448827,0.07467301192422228
uci_credit,7,cheapest_vertex,0.7257131649185469,0.4646077097086997,0.14443064183788817,0.5053645587750855,0.5114374992748102,0.5114374992748102,1.0,-0.0,1.0,0.714914326896112,0.4692747613818661,0.14644160672855533,0.4913487566898359,0.4946564885496183,0.6751462771511566,0.275,1.0,0.0,0.0,0.0,0.0
uci_credit,8,best_single,0.7806441786321807,0.4288867267576032,0.13467621864635715,0.5536125391912888,5.740541664029782,5.740541664029782,1.0,-0.0,1.0,0.7933560186619376,0.42113871634553757,0.131893021495928,0.5711193498790899,0.5564899451553932,0.7175095237580734,0.28500000000000003,0.0,0.0,0.0,1.0,0.0
uci_credit,8,uniform_voting,0.7654448627846036,0.46525618752746795,0.14642328509769997,0.5418472173807012,6.302640266949311,31.513201334746554,4.999999999999999,1.6094379124341005,5.0,0.7737670637862395,0.460695558309365,0.14466821314944975,0.5519173652437667,0.5440786984487326,0.7070342365052746,0.375,0.2,0.2,0.2,0.2,0.2
uci_credit,8,stacking_lr,0.7807472517603178,0.429935281332358,0.1347133738247297,0.5550854280643922,,,,,,0.7930748575528324,0.4224160797669048,0.13199577396262321,0.5721298354224185,0.5596797671033479,0.7199888535383646,0.245,,,,,
uci_credit,8,slsqp_direct_logloss,0.7817819737494268,0.4279660413694264,0.1343820912014042,0.5559636036494201,6.708139932717149,30.434638824469097,1.7745066525561897,0.7759480308864297,3.0,0.7940808128144315,0.42037798249219366,0.13164031198090387,0.5731606227732621,0.5576020223907547,0.7191932651633888,0.27,1.7044052169171948e-18,0.0005843587430163954,0.10099741711564333,0.7228497887964288,0.17556843534491157
uci_credit,8,direct_auc_search,0.782121304837678,0.42842994131857554,0.1345421861713367,0.5555975165479782,7.302501367083159,30.945972161134705,2.0274503084960624,0.9780864502849959,4.0,0.7936789467496824,0.42152996595192294,0.13203858700641966,0.5717107986048945,0.5561338289962825,0.7160351816645867,0.28,0.07030372544746692,0.0003304175412196419,0.1380880677935895,0.6750660141126189,0.11621177510510505
uci_credit,8,scheffe_optimum_logloss,0.7813968704527283,0.42831520160450326,0.1345460671732573,0.555265760262205,8.391718215501449,30.434638824469097,2.5061452162372717,1.0061292682280485,3.0,0.7930509907078954,0.4210174206555326,0.13189756739650108,0.5721112475426294,0.5562477097838037,0.7171839348396429,0.275,1.6287523263679234e-17,1.083967102594652e-17,0.2127483881704094,0.5417385155621272,0.24551309626746345
uci_credit,8,scheffe_optimum_auc,0.782102661379812,0.42865626289579556,0.13463207344369324,0.5552885436383878,7.774947828070292,30.945972161134705,2.1058742208517307,1.003625602979147,4.0,0.793438665675655,0.421930505425171,0.13218914781151647,0.571157838584854,0.5601476014760146,0.719216890114627,0.275,0.0795938608095451,0.0,0.162575585000317,0.6572519356379593,0.10057861855217874
uci_credit,8,cheapest_vertex,0.7232672238668831,0.4659323905263465,0.1449836264850771,0.503381975417196,0.5113333366656055,0.5113333366656055,1.0,-0.0,1.0,0.7264600743968259,0.4652665934099368,0.14473216997932364,0.5066248174820918,0.5193236714975845,0.6882465948220879,0.28500000000000003,1.0,0.0,0.0,0.0,0.0
uci_credit,9,best_single,0.78057842265241,0.4285082520350082,0.1344608787149259,0.5575200342506214,5.737902839124824,5.737902839124824,1.0,-0.0,1.0,0.792006816241904,0.4239692205140882,0.13343369702441943,0.5571791100378224,0.5545390570021111,0.719123035359537,0.265,0.0,0.0,0.0,1.0,0.0
uci_credit,9,uniform_voting,0.7644370075299113,0.4625459164980961,0.145397017872375,0.5451067141073249,6.380312468778964,31.901562343894817,4.999999999999999,1.6094379124341005,5.0,0.7747193186467305,0.4585955543462413,0.14436077182674886,0.5412973090949449,0.5343915343915344,0.7009077947986726,0.365,0.2,0.2,0.2,0.2,0.2
uci_credit,9,stacking_lr,0.7808578880858217,0.4295541700660042,0.134529382589366,0.559253338210434,,,,,,0.7922324224315445,0.42674880424215506,0.1338905945252005,0.5565581450979701,0.5488069414316703,0.7132250219357269,0.24000000000000002,,,,,
uci_credit,9,slsqp_direct_logloss,0.7815156544731969,0.42772801204520633,0.13421005446531506,0.5600583422399456,6.4029350532275355,31.38940967619419,1.674420643523233,0.7303324475522726,4.0,0.7921558227602942,0.42375034537485967,0.13340523781657398,0.5578903505967356,0.5508982035928144,0.7165413039134692,0.26,0.0,0.002044449304499597,0.08068422022470363,0.7501952860607201,0.16707604441007673
uci_credit,9,direct_auc_search,0.7818066234239891,0.4280524639388717,0.13431648378090924,0.5595425888235382,7.163932631602583,31.901562343894817,1.872313831821503,0.9196701511251875,5.0,0.7930440564218665,0.4242284383675422,0.1335553381975843,0.5580616327839264,0.5494426465300252,0.7140389942318028,0.265,0.04815073889719097,0.004344190330393424,0.12243029415139563,0.70952034999088,0.11555442663014004
uci_credit,9,scheffe_optimum_logloss,0.7807940115681548,0.4283206121602211,0.13439083305861488,0.5581067786971339,5.617326372375379,6.583625004471591,1.0505069223299524,0.1156102092051828,2.0,0.7920434228216384,0.4238618197524507,0.1333975320845278,0.5572875476308311,0.5530116238112011,0.7179926661055808,0.265,7.959481167824997e-17,2.2348936971015332e-17,8.306425863020358e-17,0.9753532269575135,0.024646773042486348
uci_credit,9,scheffe_optimum_auc,0.7817874760888835,0.42820905709657686,0.13438516518538346,0.5593884852217226,7.510727136970555,31.337624842611454,2.075634887227119,0.9932587579141676,4.0,0.7931475869249037,0.42453410633183036,0.13369385208359819,0.5582555190947077,0.5498207885304659,0.7145273776094484,0.26,0.07110251178385345,0.0,0.14698495953391502,0.6642935595277666,0.11761896915446494
uci_credit,9,cheapest_vertex,0.7231122110728857,0.46533997286339795,0.1447088573778788,0.5048578865586084,0.5121526677006235,0.5121526677006235,1.0,-0.0,1.0,0.7231467757747009,0.46616844661704226,0.14561966580085173,0.498765307559559,0.505511811023622,0.6808033644510763,0.28,1.0,0.0,0.0,0.0,0.0
uci_credit,10,best_single,0.786594485109969,0.4245383676223135,0.13303941401563915,0.5639225142912965,4.895083334607382,4.895083334607382,1.0,-0.0,1.0,0.7677634234473367,0.4391038778693919,0.1384955151283169,0.5281346605473463,0.5253752680486061,0.6981901997251765,0.28,0.0,0.0,0.0,1.0,0.0
uci_credit,10,uniform_voting,0.7683791011916404,0.46342155043384076,0.14562865215531048,0.5482989262899928,6.109270771654945,30.546353858274717,4.999999999999999,1.6094379124341005,5.0,0.7568401490645729,0.4728150207253645,0.14981878994258505,0.5194268594599579,0.5161787365177195,0.6883575433985516,0.385,0.2,0.2,0.2,0.2,0.2
uci_credit,10,stacking_lr,0.7861501913539322,0.4254471283556892,0.13298123606096207,0.5647128435107043,,,,,,0.7693407316252305,0.44100360617016265,0.13901498570104973,0.5285734222458663,0.5235988200589972,0.6952973123513664,0.26,,,,,
uci_credit,10,slsqp_direct_logloss,0.7871655694958121,0.4237381835172798,0.13274954660479907,0.5655492473701179,5.039871403382907,29.46531935594976,1.5547308919756189,0.637432669298897,3.0,0.7696134264548817,0.4382576883951007,0.13822513860193672,0.5295378685036368,0.5241134751773049,0.6977714011015195,0.27,0.0,0.00024588167445639675,0.04496870542070879,0.7818334159521703,0.17295199695266464
uci_credit,10,direct_auc_search,0.7874712818946357,0.42430018096766114,0.1329503643682149,0.5650414763002883,6.077892350905104,30.546353858274717,1.7003570358258304,0.8407684257573445,5.0,0.7703474931991586,0.43782953896009713,0.13817203302216705,0.5300563916777503,0.5224518888096935,0.6963666437620211,0.27,0.04716427226633463,0.006043451775675201,0.09616471749706745,0.753048055637944,0.09757950282297878
uci_credit,10,scheffe_optimum_logloss,0.7867251606332927,0.4248042775864134,0.13308949807838225,0.563966514715875,4.848292346750316,5.461881829736133,1.0218547084902547,0.059693622099376537,2.0,0.7683096194189681,0.4389650463066453,0.13848739537916688,0.5284411508058519,0.525563103324991,0.6982971973712282,0.28500000000000003,0.0,0.010810514925061378,1.9300643985979217e-15,0.9891894850749363,3.695170101482003e-16
uci_credit,10,scheffe_optimum_auc,0.7873104644348379,0.4239960991917845,0.132916042285505,0.5648121404156811,6.935819705662397,29.979555363145966,1.7288070300118548,0.7762435213555394,4.0,0.769889991583712,0.4380427788442483,0.1382265629644009,0.5294448084110649,0.5236728837876614,0.6968412391988417,0.27,0.004840953196110634,2.6191952904414405e-17,0.13555052237974566,0.7384891910439642,0.12111933338017956
uci_credit,10,cheapest_vertex,0.7260325727007434,0.4644652403143777,0.14421560340841041,0.5077412203777946,0.5142360071962079,0.5142360071962079,1.0,-0.0,1.0,0.7132392936639493,0.47038004003780787,0.14766025042671743,0.4808723992872947,0.49179046129788895,0.6725881706563269,0.28,1.0,0.0,0.0,0.0,0.0
uci_credit,11,best_single,0.7854814202876436,0.42628288329503294,0.1338018786032239,0.5574663151508565,5.748409836087376,5.748409836087376,1.0,-0.0,1.0,0.7751543241481995,0.432146411386029,0.13586106448999843,0.548952764280659,0.5367294204503508,0.7038426910448211,0.29000000000000004,0.0,0.0,0.0,1.0,0.0
uci_credit,11,uniform_voting,0.7694545465392557,0.4649207812198397,0.14629401952554755,0.5468042308426508,6.280369470672062,31.401847353360306,4.999999999999999,1.6094379124341005,5.0,0.7593312510048668,0.4695562239333563,0.1481675610963893,0.537969077395045,0.5288753799392097,0.6970841004723216,0.38,0.2,0.2,0.2,0.2,0.2
uci_credit,11,stacking_lr,0.7851573012532566,0.4276804121660054,0.13396494350601085,0.5585422553027921,,,,,,0.7754196009044244,0.4328978026139954,0.13579400161068078,0.5498539829678345,0.5370026031982149,0.7035637069790042,0.26,,,,,
uci_credit,11,slsqp_direct_logloss,0.7862825850986429,0.4256106960882141,0.1336271908971229,0.5596574065349504,6.481619544509488,30.322909840227414,1.6273379960238772,0.7033884555149825,3.0,0.7755977959291226,0.4317779355850395,0.1356965068319668,0.5506462895049661,0.539705353934603,0.7075357627738821,0.27,0.0,0.0008225458612147236,0.08252756475282043,0.764564644198079,0.15208524518788588
uci_credit,11,direct_auc_search,0.7865692408602639,0.4259446614747541,0.13372640187873414,0.5594574411979135,7.184039823980056,31.401847353360306,1.8280019958550797,0.8964222491865331,5.0,0.7752644664123343,0.43232445481012677,0.1359222044971471,0.5495446082216263,0.5404821878373516,0.7079637533580894,0.265,0.052981090316506746,0.00249336396485839,0.12344772190825505,0.720303665683398,0.10077415812698187
uci_credit,11,scheffe_optimum_logloss,0.7856583416640197,0.4264896400880513,0.13383810879313268,0.5575761729432411,5.69717495221326,6.312257008782278,1.0199596763412446,0.055459524509928235,2.0,0.7753878321986637,0.4321354154860483,0.1358503353730022,0.5490507850365709,0.5348924933987176,0.7013403813631549,0.305,1.1487967201160873e-16,0.00988219975348743,6.856225664544935e-17,0.9901178002465124,0.0
uci_credit,11,scheffe_optimum_auc,0.7863163448736976,0.42585860093573674,0.13374190217290144,0.5589872413783704,8.099834793899937,30.322909840227414,1.603283673980653,0.6839879406470785,3.0,0.7748537309119666,0.43249092640955283,0.13596627142885004,0.5476800377924562,0.5395314787701317,0.7062196191593355,0.275,0.0,0.0,0.15174120948675437,0.7712050782219597,0.07705371229128596
uci_credit,11,cheapest_vertex,0.7273397411133161,0.4635175221041626,0.1440245284818321,0.5083337524504357,0.5150903404379884,0.5150903404379884,1.0,-0.0,1.0,0.7097996458998777,0.4729295028853324,0.14733300970083948,0.48787294333570513,0.5035460992907801,0.6795659975510682,0.28,1.0,0.0,0.0,0.0,0.0
uci_credit,12,best_single,0.7811217232472603,0.4283346628758339,0.13443939470204902,0.5540007960708525,5.6787221498476965,5.6787221498476965,1.0,-0.0,1.0,0.7875679862397963,0.42570399043107804,0.13364249553458454,0.5627944507683071,0.5420765027322404,0.7082151615422562,0.28500000000000003,0.0,0.0,0.0,1.0,0.0
uci_credit,12,uniform_voting,0.7671963904572544,0.4638836340734594,0.1459003494339196,0.5448934834389069,6.258548567226778,31.292742836133886,4.999999999999999,1.6094379124341005,5.0,0.7701603481076091,0.4646966236001089,0.14603506260650326,0.5491400538649939,0.5336806847785635,0.701358765284255,0.37,0.2,0.2,0.2,0.2,0.2
uci_credit,12,stacking_lr,0.7806118549072589,0.4291831711114428,0.13437430041512502,0.5558348397769576,,,,,,0.7865442114757273,0.4275043410240063,0.13398068336877839,0.5623924525257156,0.5491476242292348,0.7132204259554519,0.25,,,,,
uci_credit,12,slsqp_direct_logloss,0.7814982303982507,0.4276704163590701,0.13417177861264487,0.556761172860509,6.313723596745129,31.292742836133886,1.6238525889682667,0.7107869068714918,5.0,0.789203026380443,0.4249584212652044,0.13352431026077677,0.5634129118581979,0.5476279417258125,0.7101693401027016,0.295,0.0010198313041072146,0.0021721996694646388,0.07739742809709452,0.7656182100152363,0.15379233091409727
uci_credit,12,direct_auc_search,0.7818713514941911,0.4280928266721863,0.13431262261204877,0.555945995691662,6.561641454286888,31.292742836133886,1.4636413837313822,0.6826842840343378,5.0,0.7888890483595495,0.42570648690409035,0.13366579849851962,0.5639569229785282,0.5456578456951173,0.7090435668290204,0.295,0.02468002338511443,0.01059775246059543,0.07728380112752137,0.8197243917416525,0.06771403128511633
uci_credit,12,scheffe_optimum_logloss,0.7811217232472603,0.4283346628758339,0.13443939470204902,0.5540007960708525,5.678722149847696,5.6787221498476965,1.0000000000000004,9.675582604053408e-15,1.0,0.7875679862397963,0.42570399043107804,0.13364249553458454,0.5627944507683071,0.5420765027322404,0.7082151615422562,0.28500000000000003,0.0,2.5232231480976582e-17,0.0,0.9999999999999998,2.3592239273284576e-16
uci_credit,12,scheffe_optimum_auc,0.7816512276832897,0.428017266317378,0.1343651000401499,0.5557638948716673,8.174916719910064,30.730617834099878,1.6480691658323683,0.7377543499797683,4.0,0.7887863241688412,0.42567660146278946,0.13379556561463982,0.5633718319794329,0.5454545454545454,0.7097597334395945,0.28,0.010907382255364043,8.904092057657637e-18,0.16046505959776897,0.758980886010658,0.06964667213620897
uci_credit,12,cheapest_vertex,0.7230328000199213,0.4660569241958418,0.1450769387534425,0.5034314921615124,0.5175138358026743,0.5175138358026743,1.0,-0.0,1.0,0.7288704644729919,0.4632971620818815,0.14447408403857528,0.5078663016881833,0.5196975726223637,0.6890139622655506,0.28500000000000003,1.0,0.0,0.0,0.0,0.0
uci_credit,13,best_single,0.7821542987193285,0.42883986477435354,0.1348700159253371,0.5518971827811123,4.930027838175495,4.930027838175495,1.0,-0.0,1.0,0.7878734173500029,0.4245260865937035,0.13273728530151166,0.5657426506252478,0.5595667870036103,0.7205376297094486,0.28,0.0,0.0,0.0,1.0,0.0
uci_credit,13,uniform_voting,0.7653221082114868,0.46556383689774594,0.1467137195896117,0.5409367511198102,6.1432361641588304,30.716180820794154,4.999999999999999,1.6094379124341005,5.0,0.7713546579292513,0.4646141806926878,0.14566704949819306,0.5496898940036549,0.5461876832844574,0.7105179089225071,0.37,0.2,0.2,0.2,0.2,0.2
uci_credit,13,stacking_lr,0.7815911604775543,0.4300329782701154,0.13482066541894536,0.5541074496292133,,,,,,0.7877355379417523,0.425089035365717,0.1328457728477298,0.5655322968795712,0.5561613958560523,0.717732711010727,0.25,,,,,
uci_credit,13,slsqp_direct_logloss,0.7828660454753844,0.4279173163104465,0.13450985906515894,0.5550488997719342,5.314796401674407,30.146646002928414,1.7217510173411912,0.7791115706455202,4.0,0.7881802998224017,0.4242026261449987,0.13262327081307812,0.5665524316044616,0.5581051073279053,0.7176539342961885,0.29000000000000004,0.01600132218388979,0.00019600376885035725,0.06349901460367874,0.7367711100990281,0.18353254934455304
uci_credit,13,direct_auc_search,0.78321341844438,0.4282447006345254,0.13464704515630957,0.5542584077915341,6.295639153685711,30.146646002928414,1.7991921980710985,0.8753965825556125,4.0,0.7883896185029973,0.42450630547754264,0.13277190760575644,0.566274795011496,0.5582959641255605,0.7170493613119411,0.29000000000000004,0.05466143225944593,0.00027631769847152713,0.10852202224952345,0.7274142832414053,0.10912594455115376
uci_credit,13,scheffe_optimum_logloss,0.7822042228762303,0.42887670973721076,0.1348750643222912,0.5519260728462358,4.9164654977238325,5.499562656041235,1.0062399009471972,0.02106119852683326,2.0,0.7879584026694744,0.42457839496274125,0.132745626505477,0.565743911156042,0.5589928057553957,0.7204352280436718,0.28,7.299728652288832e-17,0.003110276839911121,8.632057203924245e-17,0.9968897231600887,0.0
uci_credit,13,scheffe_optimum_auc,0.7830328691518785,0.4282291052035942,0.13467680036734436,0.553815123041418,7.231700679424586,30.146646002928414,1.713502918118948,0.7769243394909124,4.0,0.7883772012931315,0.4243125041805154,0.13275468605944052,0.5660788209459943,0.5571587125416203,0.7170631492527662,0.28500000000000003,0.008828628382702156,1.3856484917738617e-17,0.14588018912554912,0.7427879480993378,0.10250323439241102
uci_credit,13,cheapest_vertex,0.7239573542893593,0.4655156391476017,0.14512550874419353,0.5024354268176597,0.5157916651417812,0.5157916651417812,1.0,-0.0,1.0,0.7262618828263698,0.4661386280513955,0.14441270503726378,0.5078093194834693,0.5278614457831325,0.6969350939539315,0.27,1.0,0.0,0.0,0.0,0.0
uci_credit,14,best_single,0.7839169822340645,0.42682277447392614,0.1339688658639835,0.5579508226338664,5.742291667653869,5.742291667653869,1.0,-0.0,1.0,0.7807643228081085,0.4288501665467385,0.1346778586422333,0.5541836776140928,0.540463458110517,0.7085683263423367,0.28,0.0,0.0,0.0,1.0,0.0
uci_credit,14,uniform_voting,0.7679693683754693,0.4662880740322002,0.1468086531094157,0.5462750392394536,6.344797237155338,31.72398618577669,4.999999999999999,1.6094379124341005,5.0,0.7635073844502023,0.4689434721928345,0.14762414960439968,0.5403337865858204,0.5371100752958049,0.7059262021028303,0.37,0.2,0.2,0.2,0.2,0.2
uci_credit,14,stacking_lr,0.7833515009631261,0.4278783958791852,0.1339616055822944,0.5593909584730158,,,,,,0.7793623875617615,0.4299011714737087,0.13454861155058329,0.5559096811029116,0.5404821878373516,0.7079637533580894,0.25,,,,,
uci_credit,14,slsqp_direct_logloss,0.7845236705856592,0.4261751880879979,0.1337259092421578,0.5600227966338653,5.682217497402869,31.142625026404858,1.5653532469213882,0.6924993673739529,4.0,0.7803689878732238,0.4286203886513407,0.13448256210360532,0.5564642189556811,0.540948275862069,0.7083963399225714,0.28,0.019139405394482945,0.0,0.04351436589900915,0.7827309491356809,0.1546152795708271
uci_credit,14,direct_auc_search,0.7849333328590169,0.4266573116174904,0.13392383219454088,0.5593915812559126,6.971712462113649,31.142625026404858,1.8269504923303403,0.8938968173370923,4.0,0.7801374149723491,0.4293888886743242,0.1347745497685085,0.5546481619037709,0.536639526276832,0.7036240997724426,0.29000000000000004,0.0763390833851583,5.9664053529842095e-05,0.11286319022219335,0.7217124722300748,0.08902559010904365
uci_credit,14,scheffe_optimum_logloss,0.7840502476863997,0.4269638302831709,0.13399486983187472,0.5580350855059072,5.701761239170188,6.323652827025702,1.0158299697616666,0.04588601184169437,2.0,0.7807782720113993,0.42905349266123083,0.13470061769902372,0.554146525892929,0.5403283369022127,0.7084055318831215,0.28500000000000003,0.0,0.0078533180050845,2.6952612051450094e-18,0.9921466819949155,0.0
uci_credit,14,scheffe_optimum_auc,0.7847815549568979,0.4266070899745159,0.1339439786028796,0.5589577548164795,8.0365875070358,31.142625026404858,1.7255771138949159,0.805270946204745,4.0,0.7802910981022472,0.42905606470758934,0.13476964089280324,0.5545236004877302,0.537269372693727,0.7042194807961399,0.29000000000000004,0.02528599811218734,0.0,0.15405939479895187,0.7407857667281315,0.07986884036072935
uci_credit,14,cheapest_vertex,0.7255305295742734,0.4641897864396314,0.1444592629889178,0.50672158911441,0.5201180077468356,0.5201180077468356,1.0,-0.0,1.0,0.7195514290999087,0.46977455381728395,0.1459342161178235,0.4937644191972181,0.5070084100921105,0.6810501766549681,0.29000000000000004,1.0,0.0,0.0,0.0,0.0
uci_credit,15,best_single,0.7831618718027666,0.4269872926798788,0.13383994260708865,0.5578059597710354,5.7679930080970125,5.7679930080970125,1.0,-0.0,1.0,0.781999028877431,0.42921139569573324,0.13518813900002638,0.5522561761038681,0.5338317757009345,0.7011913748447647,0.295,0.0,0.0,0.0,1.0,0.0
uci_credit,15,uniform_voting,0.7671991718596171,0.4642282956207429,0.14592388333509748,0.5462450759659665,6.31166110203291,31.558305510164548,4.999999999999999,1.6094379124341005,5.0,0.7705142385887858,0.46597527377731723,0.14680254601865594,0.545875027981832,0.5373864430468204,0.7077911218884609,0.35000000000000003,0.2,0.2,0.2,0.2,0.2
uci_credit,15,stacking_lr,0.7830028481459419,0.42790762560180434,0.13386732909515517,0.5586230153220716,,,,,,0.7815460426110263,0.43114581313698697,0.13540294092798597,0.5551348635773944,0.5321100917431193,0.6987960628091503,0.275,,,,,
uci_credit,15,slsqp_direct_logloss,0.7839771250213858,0.4263438179756384,0.1336195726545799,0.5595447309897891,6.1591777180417235,31.558305510164548,1.6299488109972378,0.7410339151949837,5.0,0.7834387801720057,0.42827825028768135,0.13487584243426534,0.5559988519714005,0.5337787676317743,0.7015773565566334,0.29000000000000004,0.01430854702456718,0.0011265167624744967,0.06727051413945354,0.7652987604749022,0.15199566159860262
uci_credit,15,direct_auc_search,0.784171278999357,0.4266277023888293,0.1337429651208941,0.5594355401264223,6.933318784986586,30.992638843599707,1.8943312652006015,0.9249240893991126,4.0,0.7838433876986733,0.42886484062157965,0.13508913512706616,0.5551158337136257,0.5379310344827587,0.7056938228896266,0.27,0.0676666900311821,0.0004183884568510283,0.11459047923744184,0.7054544205559685,0.11187002171855653
uci_credit,15,scheffe_optimum_logloss,0.7832035525280282,0.42699436811946756,0.1338416669086568,0.5578233510704015,5.759531621831392,6.333659674661854,1.003258214790718,0.012069217585863674,2.0,0.7820341840949733,0.4292222451795022,0.13518637748693657,0.5523078733088804,0.5325310267017677,0.70000061279737,0.3,0.0,0.0016264620306634813,6.56464387695451e-17,0.9983735379693365,0.0
uci_credit,15,scheffe_optimum_auc,0.7840950322954574,0.42700741747086285,0.13390611300148497,0.558810150386162,7.858543436139863,30.992638843599707,1.9462867560128259,0.9370325137967372,4.0,0.7836771260964437,0.4294521908043227,0.1353172734954177,0.5539312860096168,0.5395213923132706,0.7068241921435829,0.265,0.07774058840715457,0.0,0.15815282033733224,0.6909331653584829,0.07317342589703033
uci_credit,15,cheapest_vertex,0.7251517247430702,0.46503930255963605,0.14440955630347185,0.5071765174836912,0.513229169882834,0.513229169882834,1.0,-0.0,1.0,0.7217763673404158,0.46686795466523184,0.14602942050407258,0.4950185229645292,0.5042219541616405,0.6792174287312627,0.28,1.0,0.0,0.0,0.0,0.0
uci_credit,16,best_single,0.7802828482636476,0.42955752158762867,0.13498180323974127,0.5518747798331441,5.758479179348797,5.758479179348797,1.0,-0.0,1.0,0.7937726402423065,0.4195078743526208,0.13118032123504567,0.5747658570970716,0.5599999999999999,0.7216817869042299,0.28500000000000003,0.0,0.0,0.0,1.0,0.0
uci_credit,16,uniform_voting,0.7636391783862382,0.4661144406280452,0.14679933515636232,0.5391090380686339,6.312744466898342,31.563722334491707,4.999999999999999,1.6094379124341005,5.0,0.7828908103132507,0.4553116343239852,0.14253162898504623,0.5704453484668651,0.5529283375773009,0.7155277693159778,0.37,0.2,0.2,0.2,0.2,0.2
uci_credit,16,stacking_lr,0.7796238977647593,0.4308030715800064,0.13504226914818335,0.5526960342989878,,,,,,0.7954605744717324,0.41878027644234606,0.1303221729252531,0.5780620361908329,0.5553250345781466,0.721029964017506,0.23500000000000001,,,,,
uci_credit,16,slsqp_direct_logloss,0.7807093803469878,0.4290431776804424,0.13482558031473846,0.5532769904154975,6.344129313894396,30.99102084524929,1.5225533275853003,0.6435583949833683,4.0,0.7954215489550112,0.417795800735133,0.13052961071018024,0.5789577770669534,0.5569620253164557,0.7208441896569158,0.275,0.0014426440435263428,1.8555881278812035e-19,0.06883835574955041,0.7964178922517416,0.13330110795518157
uci_credit,16,direct_auc_search,0.7812538297819444,0.4297552094731052,0.13508037715174145,0.5529149080180706,7.200602260707587,30.99102084524929,1.7910276549984052,0.8727463470955749,4.0,0.7952999570558054,0.4192582459458352,0.13100482907272262,0.5779176923551351,0.5580229226361032,0.7201188310857914,0.275,0.08931977013449857,0.00042488492562671573,0.1216989323820696,0.7294193935090005,0.05913701904880453
uci_credit,16,scheffe_optimum_logloss,0.7802828482636476,0.42955752158762867,0.13498180323974127,0.5518747798331441,5.758479179348799,5.758479179348797,1.0000000000000004,8.604115571474559e-15,1.0,0.7937726402423065,0.4195078743526208,0.13118032123504567,0.5747658570970716,0.5599999999999999,0.7216817869042299,0.28500000000000003,7.604993168008275e-17,0.0,1.52655665885959e-16,0.9999999999999998,0.0
uci_credit,16,scheffe_optimum_auc,0.7811564303115254,0.4294617651498094,0.1350142589492053,0.55289903835761,7.704472054064725,30.99102084524929,1.6846497915593834,0.8002092831706681,4.0,0.7952978606437501,0.41885170244977676,0.1309091923293469,0.5775463305506834,0.5600290170475155,0.7204772369160102,0.28500000000000003,0.04575293414576704,2.627426251761111e-18,0.13769957066758684,0.7540813339246965,0.06246616126194973
uci_credit,16,cheapest_vertex,0.7221090116438875,0.4676677548563582,0.14577413258735744,0.49801441700874627,0.5151319977206489,0.5151319977206489,1.0,-0.0,1.0,0.7341051247437741,0.4556522042676706,0.1421436958851768,0.52343884297352,0.5200155460551885,0.6903347018603723,0.28500000000000003,1.0,0.0,0.0,0.0,0.0
uci_credit,17,best_single,0.780023018926264,0.43009113880782496,0.13523376509817864,0.5475476744447734,5.746437488899876,5.746437488899876,1.0,-0.0,1.0,0.7932784514158925,0.4189301488997706,0.13082483753989996,0.5851902725038657,0.5571327182398864,0.7202396166726683,0.265,0.0,0.0,0.0,1.0,0.0
uci_credit,17,uniform_voting,0.7662257112653014,0.4658005316838681,0.1466741725045328,0.5391596930653226,6.371763860806824,31.858819304034114,4.999999999999999,1.6094379124341005,5.0,0.7773466873706171,0.4575247247115947,0.1428409186589032,0.572386420579597,0.5453131077401788,0.7060298938683334,0.38,0.2,0.2,0.2,0.2,0.2
uci_credit,17,stacking_lr,0.7801865422068386,0.43095679267427434,0.1351486413823073,0.5502641124495957,,,,,,0.7927828918585192,0.41973897282107836,0.13069730207215982,0.5858878817891965,0.5531603945926198,0.7153603788764876,0.24000000000000002,,,,,
uci_credit,17,slsqp_direct_logloss,0.7814345705477969,0.4289892485553681,0.13482614310911273,0.5510857468686712,6.29050214732248,31.287013805316143,1.8526107158472849,0.8445349221990909,4.0,0.7921999280446878,0.41923503227340825,0.1309064854463331,0.5849716382335561,0.5537906137184115,0.7166673305304841,0.265,0.014217666936608874,0.0007513143484161954,0.08586310757868894,0.7025188878365666,0.19664902329971942
uci_credit,17,direct_auc_search,0.7816331788005664,0.42923860964696975,0.13494383401107415,0.5507586607926491,7.747447709260581,31.858819304034114,2.2010405885051925,1.0218895762661342,5.0,0.7922141191416773,0.41976433313005274,0.1310939583792201,0.584967727684628,0.5522710886806056,0.7157555525489064,0.26,0.042215501534895006,0.0013478543379671928,0.16355175291529167,0.6325189078445974,0.16036598336724872
uci_credit,17,scheffe_optimum_logloss,0.7801078315432373,0.43001604403702715,0.13520469961330575,0.5477554137488324,5.708735385304467,6.6218679809632395,1.015600013029904,0.04533735303295324,2.0,0.7932800640405504,0.41890413143873906,0.13081257744659658,0.5852778505840185,0.5575539568345325,0.7194676532489308,0.27,4.568796967711246e-17,3.538804903850017e-17,3.4048254037592116e-16,0.9922598954138431,0.007740104586156462
uci_credit,17,scheffe_optimum_auc,0.7814833962523163,0.4291683579997865,0.1349335567225534,0.5506332361405436,8.269839386340674,30.772159652163587,2.0333921998370044,0.8786823291604368,3.0,0.7922231498397615,0.41938949357365163,0.13102218200419133,0.5848082032880396,0.5543318649045521,0.7157837734804198,0.27,0.0,2.823866715571718e-17,0.17995335477121782,0.658184138380295,0.1618625068484872
uci_credit,17,cheapest_vertex,0.7234930213355026,0.4661827406673978,0.1453499104223732,0.5000415099409536,0.5148541531525552,0.5148541531525552,1.0,-0.0,1.0,0.7252850354398458,0.46167492241486807,0.14302436740038882,0.5224764030546626,0.5224232887490164,0.6912326919011248,0.28,1.0,0.0,0.0,0.0,0.0
uci_credit,18,best_single,0.78094500342178,0.4274690202262456,0.1339517871563664,0.5609145394298676,5.770708337270965,5.770708337270965,1.0,-0.0,1.0,0.792041407040816,0.4249014070951486,0.13412581820536157,0.5513557667179794,0.5473361441165198,0.7082532194841826,0.31,0.0,0.0,0.0,1.0,0.0
uci_credit,18,uniform_voting,0.7647157524188702,0.4641259069971273,0.14589693474209678,0.5479706306554353,6.3439819690150525,31.719909845075257,4.999999999999999,1.6094379124341005,5.0,0.7726186331361147,0.46521779762252885,0.14664538331702281,0.5400027114607413,0.5400616332819723,0.7033549527170386,0.385,0.2,0.2,0.2,0.2,0.2
uci_credit,18,stacking_lr,0.7806802512037653,0.42817924758399567,0.13382815549392088,0.562830513076457,,,,,,0.7909272446646717,0.4290936282559908,0.1350666873519348,0.5521608936369893,0.5472822040208488,0.7101739360829766,0.26,,,,,
uci_credit,18,slsqp_direct_logloss,0.7815258227158924,0.42652331493594686,0.13358450077799486,0.5635379985864505,5.757584987630057,31.719909845075257,1.6680261673884793,0.7246093118624253,5.0,0.7923003945608751,0.42453023933012535,0.13398724861579767,0.5538403579902981,0.5497835497835498,0.7140343982515278,0.275,0.005044921324706395,0.0011407175392679676,0.052937847699240266,0.7479787976127826,0.19289771582400272
uci_credit,18,direct_auc_search,0.7820766512367027,0.42724381452438337,0.1338115915377462,0.5627993851124661,6.514832205875017,31.719909845075257,1.7745196155856962,0.8922621397492219,5.0,0.7922363733619563,0.42543509096568644,0.1341167247423359,0.5531495065133051,0.5507868383404865,0.7153367539252493,0.27,0.06696014523959795,0.008158125852787669,0.08933893741575048,0.7355254324543712,0.10001735903749265
uci_credit,18,scheffe_optimum_logloss,0.7810545060234947,0.4275368837279158,0.13396266755037367,0.560958854300629,5.746673361357275,6.333000007240722,1.0092718710835884,0.029423924500148874,2.0,0.7920593071745188,0.4250452852497092,0.13413763742552104,0.5512965550243831,0.5501066098081023,0.7153459458857994,0.275,0.0,0.004614641540601942,8.782313516420206e-17,0.995385358459398,0.0
uci_credit,18,scheffe_optimum_auc,0.7820166092248293,0.42744030383120496,0.1339442534649439,0.5621962415263972,7.48535937850675,31.1576181751055,2.0353980195451955,0.9813836252240125,4.0,0.7922816881148433,0.4255552514854141,0.13420806509312663,0.5532771984464113,0.550530035335689,0.7160529205358236,0.255,0.08680601130657195,0.0,0.14458747364613705,0.6736867315042153,0.09491978354307565
uci_credit,18,cheapest_vertex,0.7238243105430094,0.4646564394807164,0.14446160366106214,0.5077263487335433,0.5164931644685566,0.5164931644685566,1.0,-0.0,1.0,0.7232629653813026,0.4673904291527386,0.1453597869192065,0.49616149069570864,0.5217741935483872,0.6896421602010363,0.29000000000000004,1.0,0.0,0.0,0.0,0.0
uci_credit,19,best_single,0.7828294438326983,0.42847217881381744,0.13458495098241965,0.5552044544451197,5.7718958317612605,5.7718958317612605,1.0,-0.0,1.0,0.7897984880353732,0.4216160231910567,0.13201500439845013,0.5714635009701418,0.5503166783954961,0.7162203109753138,0.28,0.0,0.0,0.0,1.0,0.0
uci_credit,19,uniform_voting,0.7669606464519247,0.4664719428214583,0.14698595731402989,0.5428219248681149,6.304963903191189,31.524819515955944,4.999999999999999,1.6094379124341005,5.0,0.7670975707260891,0.4644612458304255,0.14567089828126692,0.5622303611694554,0.5429602888086643,0.7094105195699258,0.37,0.2,0.2,0.2,0.2,0.2
uci_credit,19,stacking_lr,0.7820421658784229,0.42923665288167384,0.134563449987414,0.5563576117799944,,,,,,0.7851384865614343,0.4236130186410159,0.1320294468681456,0.5705434678483545,0.5481274063703184,0.7150991336819075,0.245,,,,,
uci_credit,19,slsqp_direct_logloss,0.7830373939694903,0.4277949622849199,0.1343293207286999,0.5573978748294723,6.102807848721145,31.0067570147415,1.5906058036257384,0.6804275735842658,4.0,0.7888023697841873,0.4213977249159155,0.1318531287505016,0.5731389470263255,0.5509700176366843,0.7164855071003058,0.28,2.834934252551375e-19,0.002323232421777285,0.062825290916988,0.7738284345890409,0.16102304207219376
uci_credit,19,direct_auc_search,0.7835653565411665,0.4285081023212217,0.1346132202169105,0.5561765222732381,7.355560266282652,31.524819515955944,1.6297590985811423,0.7915580195656633,5.0,0.7895291797175037,0.421847508811228,0.13193803187603623,0.5739570394567569,0.554016620498615,0.7200065924096015,0.265,0.05128557442377289,0.005375885236856405,0.11899015708361199,0.7706394757015151,0.05370890755424362
uci_credit,19,scheffe_optimum_logloss,0.7830102652189092,0.4285855815841375,0.1346065264488389,0.5552711809325999,5.729628208214998,6.343152839690447,1.0163868725951581,0.047207466092139945,2.0,0.789544338389288,0.4220331614128113,0.13209945588936803,0.571405283803244,0.5500705218617772,0.7158947220568834,0.28500000000000003,0.0,0.008127390687577075,1.353109845735151e-16,0.9918726093124227,1.665479035555662e-16
uci_credit,19,scheffe_optimum_auc,0.7834255104520818,0.42834618885452996,0.13461605672753246,0.5560368012599267,8.198611775364403,30.953562508026756,1.6390906645132428,0.7472002165744266,4.0,0.7896396445065699,0.4214327741602383,0.13188093797616918,0.5731311597426673,0.5536959553695955,0.719243820946414,0.265,0.02193837591661896,4.270817091887479e-17,0.15696753549238776,0.762595711129001,0.05849837746199211
uci_credit,19,cheapest_vertex,0.7230315302492775,0.4669168689245648,0.14556013725717037,0.49766854470685024,0.5180625012144446,0.5180625012144446,1.0,-0.0,1.0,0.7310225927101948,0.4587607682661839,0.14237557027337977,0.5270695080821752,0.5255023183925811,0.6940513985406714,0.28,1.0,0.0,0.0,0.0,0.0
uci_credit,20,best_single,0.7821238746116,0.42870875327063124,0.13464213141713288,0.5527529230043042,5.76853466918692,5.76853466918692,1.0,-0.0,1.0,0.7844153856648312,0.42451567104007587,0.13264854329485798,0.5743701388722336,0.5494892567805566,0.7155737291187281,0.27,0.0,0.0,0.0,1.0,0.0
uci_credit,20,uniform_voting,0.7659572152393963,0.4675159148083285,0.14737795424452937,0.5397366678479166,6.3016027367363385,31.508013683681686,4.999999999999999,1.6094379124341005,5.0,0.7621980944904517,0.4670192883808185,0.14682676504152017,0.5525777480820251,0.5372682557699584,0.7026801499289397,0.385,0.2,0.2,0.2,0.2,0.2
uci_credit,20,stacking_lr,0.7817012576544118,0.42970798278346,0.13471079899253494,0.5534111615853305,,,,,,0.7825830408972901,0.4248638568885799,0.13243321354100956,0.5735945412020794,0.544837980406933,0.7077924119881872,0.27,,,,,
uci_credit,20,slsqp_direct_logloss,0.7826725364602799,0.428105275758175,0.1344585952181913,0.554177733950325,6.502498136351856,31.508013683681686,1.6192605345328863,0.7200746234449107,5.0,0.7855198722930281,0.4236868467304693,0.1323680876695984,0.5755475734406041,0.5455223880597015,0.7088807723698052,0.295,0.004117955741394501,0.0016896143627869995,0.08173529838751856,0.768139101842451,0.14431802966584906
uci_credit,20,direct_auc_search,0.7830356203216069,0.42869693247244184,0.13465629565455983,0.5536121275626841,7.547453004136445,31.508013683681686,1.6489187627410944,0.805547083676794,5.0,0.7853897334831355,0.42482927120840336,0.13274874615080443,0.5746602985089578,0.5478645066273932,0.711318093277758,0.28500000000000003,0.042115239360578545,0.009387006697443707,0.12864367709153754,0.7648683410033941,0.054985735847046135
uci_credit,20,scheffe_optimum_logloss,0.7823692930599305,0.42901695882548196,0.13471052835726618,0.5528752571893641,5.693576371833363,6.333354006831844,1.0292243476022311,0.07537954547217832,2.0,0.784362491576052,0.4250973337064026,0.1327984608701801,0.5741946342995491,0.5471349353049908,0.7105599177948454,0.3,0.0,0.014404765168302273,0.0,0.9855952348316978,0.0
uci_credit,20,scheffe_optimum_auc,0.7828361756326196,0.42837989852943836,0.13461593484264536,0.5535851219512471,8.428153571446849,30.943194346036762,1.6579226372548836,0.721251592409615,4.0,0.7854127940157434,0.42414109444854664,0.13258991542616744,0.5749898047728358,0.5474695234577022,0.7108297099001124,0.28500000000000003,0.00254350215480163,0.0,0.16858163675744522,0.7544532002529467,0.07442166083480656
uci_credit,20,cheapest_vertex,0.7244654137100703,0.4655669042710678,0.14507133079397574,0.5016091499364294,0.5253890024808546,0.5253890024808546,1.0,-0.0,1.0,0.7216147823496941,0.465840430913825,0.14443804212883882,0.5093510057632002,0.5167464114832536,0.6871300135089567,0.28500000000000003,1.0,0.0,0.0,0.0,0.0
uci_credit,21,best_single,0.7831889199329896,0.4266933708792934,0.13383481389216065,0.5592150200876953,5.775187494388471,5.775187494388471,1.0,-0.0,1.0,0.7778386991537429,0.43023670933967517,0.13493192494294967,0.553664467683013,0.5448054266333452,0.7114152539133967,0.28,0.0,0.0,0.0,1.0,0.0
uci_credit,21,uniform_voting,0.7672900310034658,0.46609883121877965,0.1466649309195106,0.5474484132182738,6.305984764670333,31.52992382335166,4.999999999999999,1.6094379124341005,5.0,0.7659560743619933,0.46647006541727387,0.14700225424227797,0.5455522516971896,0.5373573794626426,0.7044380720685185,0.375,0.2,0.2,0.2,0.2,0.2
uci_credit,21,stacking_lr,0.7825994742605347,0.4277543866214425,0.1338212297595126,0.5601439648112913,,,,,,0.7782731402365817,0.43069082976704065,0.13492976420040576,0.5543611460352038,0.5433526011560694,0.7096245148620295,0.25,,,,,
uci_credit,21,slsqp_direct_logloss,0.7836367458684762,0.4261923419937349,0.13364687549662785,0.560703961906085,5.924618922637421,30.954513989854604,1.4819827402510057,0.626314934006267,4.0,0.7786238860996754,0.42927284255275366,0.13457761867255902,0.5564352216717157,0.540748513466247,0.7100472644160984,0.265,0.00805022685892207,3.531628276244229e-21,0.047505924766805145,0.8087207955187522,0.13572305285552058
uci_credit,21,direct_auc_search,0.7840674198227261,0.4268698216304074,0.13390276223452968,0.5605099513809808,7.1326559914499486,30.954513989854604,1.787905035457843,0.8725494697485928,4.0,0.7793756917151892,0.4293026014722107,0.13463701765805955,0.5570714174097858,0.5433691756272402,0.7101732910331136,0.27,0.08491163293241694,0.00022849415080213801,0.11822795791611908,0.7305919956430991,0.0660399193575627
uci_credit,21,scheffe_optimum_logloss,0.7833381381387313,0.4268296633343317,0.13385745023514872,0.5593428115085541,5.735146005134573,6.350597327885529,1.0155198159873289,0.04514558905189165,2.0,0.7780825280020177,0.43031759741876463,0.13496234320458136,0.5536968707543205,0.5442857142857143,0.7110384641620778,0.28500000000000003,0.0,0.007700615654215982,2.4889487746302194e-16,0.9922993843457838,3.007673774402553e-17
uci_credit,21,scheffe_optimum_auc,0.7839119837718475,0.4265555154447541,0.13382931863870587,0.5605031229208695,7.832508070803655,30.954513989854604,1.645365997068259,0.7631162673464578,4.0,0.778920770299195,0.4291695390004135,0.13460018616286373,0.5562686303265969,0.5461818181818182,0.7110666850935912,0.28,0.025614286800504423,0.0,0.14091212461552324,0.7630863886375355,0.07038719994643684
uci_credit,21,cheapest_vertex,0.7243504893892574,0.4656182092493115,0.14488114595073137,0.5032087155376664,0.519020832143724,0.519020832143724,1.0,-0.0,1.0,0.722754666089132,0.4642946015367893,0.14480866139664345,0.5092538208573223,0.5071622144792876,0.6824917018366666,0.28,1.0,0.0,0.0,0.0,0.0
uci_credit,22,best_single,0.7825628222301246,0.4284069535341341,0.1347913641484109,0.553755001673294,5.754437511010717,5.754437511010717,1.0,-0.0,1.0,0.7861651640498876,0.4238461556919993,0.13207934176812403,0.5725828007739473,0.5593035908596299,0.7199934495186395,0.28,0.0,0.0,0.0,1.0,0.0
uci_credit,22,uniform_voting,0.7640756267736541,0.4645022489158082,0.14639538717223158,0.5384836156637465,6.297870799122999,31.489353995614994,4.999999999999999,1.6094379124341005,5.0,0.7744640401633847,0.459935906939459,0.14376552885342883,0.5604285378715519,0.5551912568306011,0.7169233346949261,0.36,0.2,0.2,0.2,0.2,0.2
uci_credit,22,stacking_lr,0.7824489862841492,0.4301437921079896,0.13499835462540374,0.5544731318673584,,,,,,0.7857047597100565,0.42264829877493176,0.13155031420282168,0.5739190894615596,0.5607207207207207,0.7214540036713013,0.24000000000000002,,,,,
uci_credit,22,slsqp_direct_logloss,0.7829949977385485,0.42778835743013044,0.1345732497154707,0.5556777895473801,5.947708194464754,30.919374839868397,1.5336999371831423,0.6430607431550692,4.0,0.7863718218997976,0.4231607245326031,0.13180409810410967,0.5741431479006972,0.5608617594254938,0.721835389402895,0.27,0.0022732721359186364,3.1562972416616844e-21,0.053096295770925714,0.7909296471328089,0.15370078496034673
uci_credit,22,direct_auc_search,0.7833168140539505,0.4282649077133977,0.13471299959407773,0.5553271046349313,6.557971936179888,31.489353995614994,1.6610327761773174,0.8196276946030444,5.0,0.7869178566089632,0.4233584428919671,0.1320393959554611,0.5734607184216197,0.5653136531365314,0.7226034018962209,0.28,0.05823805586328672,0.004544838461853257,0.08636844604171423,0.763944287756642,0.0869043718765038
uci_credit,22,scheffe_optimum_logloss,0.7822806207433017,0.42831244416421155,0.13480901953004604,0.5550436418538296,7.959764503615406,30.400152667425573,2.397475300667101,0.9802507414640157,3.0,0.7859523782262774,0.42341664958568814,0.13195623602380216,0.5731227400568962,0.5619650167473018,0.7197426863843359,0.28,0.0,0.0,0.18853311041068055,0.5674762250470073,0.24399066454231214
uci_credit,22,scheffe_optimum_auc,0.7832015168639801,0.4286923395035745,0.13489298902777727,0.5548189050231576,7.53280064807086,30.919374839868397,1.9341601613946453,0.9366107080213213,4.0,0.7870660568150244,0.4236515886170191,0.13224274359456947,0.5725502246502572,0.5638025594149908,0.7223473977317789,0.27,0.08758126071037921,0.0,0.14395385949908115,0.6951648592304658,0.07330002056007393
uci_credit,22,cheapest_vertex,0.7216754454342822,0.46636421170451664,0.1453921737557698,0.49983705985118115,0.5192221724428236,0.5192221724428236,1.0,-0.0,1.0,0.7312073994959903,0.4619977849062066,0.14373201882733913,0.5148321600741241,0.5224676313785224,0.6928882123749269,0.27,1.0,0.0,0.0,0.0,0.0
uci_credit,23,best_single,0.7814190813614509,0.42776532134688666,0.13412643598222632,0.5566735596893098,5.748284825434287,5.748284825434287,1.0,-0.0,1.0,0.786412298778711,0.42685215724375775,0.13435708765240448,0.5572512442977102,0.5489111648807466,0.7165688797951193,0.265,0.0,0.0,0.0,1.0,0.0
uci_credit,23,uniform_voting,0.7663103021762891,0.4635095714281591,0.14573704463203946,0.5440105109823998,6.339252763427794,31.696263817138973,4.999999999999999,1.6094379124341005,5.0,0.7750707095596874,0.46231337731744165,0.1454065515931604,0.5488588820399448,0.5415762834417931,0.7083871479620214,0.36,0.2,0.2,0.2,0.2,0.2
uci_credit,23,stacking_lr,0.7818303106930238,0.4286545284649084,0.13410708151734213,0.5580372553393748,,,,,,0.7853234546096957,0.42913297736302486,0.13476509494096303,0.5589249316223925,0.5511240029006526,0.7145647905015118,0.25,,,,,
uci_credit,23,slsqp_direct_logloss,0.7828136825526429,0.42677510086088843,0.13382306714084166,0.5588987501088432,6.154844921909092,31.1290833245342,1.7498452660768122,0.777020984739383,4.0,0.7862745806329261,0.4264991497740545,0.1341514647770926,0.5592961255081286,0.5475364330326162,0.7153269169148362,0.26,0.006479443956593497,0.00035756290462038263,0.0751440619074086,0.7277202591505776,0.1902986720808
uci_credit,23,direct_auc_search,0.7830928506984832,0.42712339746126615,0.13395432084580935,0.5586264786257331,6.881264153216758,31.1290833245342,2.2147370172230674,1.0394051081073425,4.0,0.7870870209355771,0.42665357905755225,0.13420786932914974,0.559202962287073,0.5487288135593221,0.7148713504489789,0.26,0.07183358094823247,8.12303421334681e-05,0.1272333003009975,0.6344031018570769,0.1664487865515596
uci_credit,23,scheffe_optimum_logloss,0.7814190813614509,0.42776532134688666,0.13412643598222632,0.5566735596893098,5.748284825434286,5.748284825434287,1.0000000000000004,6.762185336692817e-15,1.0,0.786412298778711,0.42685215724375775,0.13435708765240448,0.5572512442977102,0.5489111648807466,0.7165688797951193,0.265,0.0,0.0,0.0,0.9999999999999998,1.804112415015879e-16
uci_credit,23,scheffe_optimum_auc,0.7830557250234679,0.42730874729754653,0.13402272525731154,0.5584406807419041,7.1997221187126605,31.1290833245342,2.330120430469973,1.0791121529052503,4.0,0.7871610404073748,0.4268103305336664,0.13426085511193897,0.5589713021937668,0.5502832861189801,0.7157273316173931,0.26,0.08402891442535121,2.5717499338568852e-17,0.14562033955786605,0.6134034273623619,0.15694731865442088
uci_credit,23,cheapest_vertex,0.7202740721329897,0.4663698662225432,0.1451233405785118,0.5038103966853517,0.5211598278644184,0.5211598278644184,1.0,-0.0,1.0,0.7367647459608188,0.46208539265725085,0.14424991287439687,0.5003051204427594,0.5127572016460905,0.6833811449667324,0.305,1.0,0.0,0.0,0.0,0.0
uci_credit,24,best_single,0.7849995221732137,0.4257179038453825,0.133449108327673,0.5612815435569437,5.780833346458773,5.780833346458773,1.0,-0.0,1.0,0.7746752133623369,0.43475260644258956,0.1370186498695862,0.5398647574140368,0.5364409914909359,0.7035171021263907,0.29000000000000004,0.0,0.0,0.0,1.0,0.0
uci_credit,24,uniform_voting,0.7711078786154489,0.46334883818430234,0.1454955533011057,0.550636402860156,6.377525037775437,31.887625188877188,4.999999999999999,1.6094379124341005,5.0,0.7566833213165919,0.46915606285700157,0.14820247266226327,0.5297504286671545,0.5243553008595988,0.6973808234093756,0.35500000000000004,0.2,0.2,0.2,0.2,0.2
uci_credit,24,stacking_lr,0.7846022804738128,0.42649484716097014,0.13341878157187098,0.5624729367726531,,,,,,0.7736695806256694,0.4366227491884573,0.13745525293341587,0.541072459295787,0.5351911396927473,0.7048562256423124,0.23500000000000001,,,,,
uci_credit,24,slsqp_direct_logloss,0.7853997619421904,0.42516977524728355,0.13324699772875953,0.5632798428489293,6.318372224987089,31.367500176808488,1.5473452980559126,0.6607969203642441,4.0,0.7758969378031634,0.43361770844844305,0.1366132364368052,0.5428429293957265,0.5345622119815667,0.7049212144160258,0.265,0.0,0.002392026085498193,0.06774763882807089,0.7884673177496402,0.1413930173367908
uci_credit,24,direct_auc_search,0.7858252661159618,0.42610767005855177,0.13352333315136153,0.5622546413660238,7.430466719397812,31.887625188877188,1.6230486274639664,0.801031050027106,5.0,0.7753404210337215,0.4341552011649817,0.13678449403500673,0.5421260248691077,0.536976320582878,0.7048286497606623,0.28,0.04054667058965071,0.016025213448783614,0.11957144117383209,0.7728690564643095,0.05098761832342413
uci_credit,24,scheffe_optimum_logloss,0.7849995221732137,0.4257179038453825,0.133449108327673,0.5612815435569437,5.780833346458775,5.780833346458773,1.0000000000000013,2.322174974502275e-14,1.0,0.7746752133623369,0.43475260644258956,0.1370186498695862,0.5398647574140368,0.5364409914909359,0.7035171021263907,0.29000000000000004,6.636362350669757e-17,1.0450550584702865e-20,2.228886229947968e-16,0.9999999999999993,3.3827107781547733e-16
uci_credit,24,scheffe_optimum_auc,0.7855277971487784,0.4255888931458798,0.13348381711283192,0.5619446191211105,8.633128374771058,31.323194523186736,1.6190949881852057,0.6978336152214901,4.0,0.7754836221033431,0.43374378468202984,0.1366981281413211,0.5426515934482368,0.5362962962962963,0.7033543076671755,0.28,0.003998331691534584,0.0,0.17223008819914126,0.7644832876100168,0.059288292499307366
uci_credit,24,cheapest_vertex,0.726762590045508,0.4636824381851575,0.14400367549712786,0.5106490523395714,0.5201250120686988,0.5201250120686988,1.0,-0.0,1.0,0.7116748058520859,0.4734658182294151,0.14740328083985946,0.4810737625433634,0.497626582278481,0.6757981000378805,0.28,1.0,0.0,0.0,0.0,0.0
uci_credit,25,best_single,0.785472803986846,0.4257323790873746,0.1335852901194302,0.5589947518537856,4.807520832400769,4.807520832400769,1.0,-0.0,1.0,0.7724484206034732,0.43464330807373414,0.136623242184193,0.5435429953737209,0.537030537030537,0.7072469416976519,0.27,0.0,0.0,0.0,1.0,0.0
uci_credit,25,uniform_voting,0.7689466282041717,0.46975698546284356,0.14811559632120794,0.5484195769902342,6.116655534909418,30.583277674547087,4.999999999999999,1.6094379124341005,5.0,0.758627017816761,0.47727119980235755,0.1508644624903341,0.5301543121754863,0.5300668151447662,0.6991584195697808,0.385,0.2,0.2,0.2,0.2,0.2
uci_credit,25,stacking_lr,0.7850921650424906,0.42702848677067795,0.1336157731437692,0.5607892146351958,,,,,,0.7736439398936087,0.4351365144997132,0.13668699118028552,0.5463630091957331,0.5370919881305638,0.7037822982513826,0.26,,,,,
uci_credit,25,slsqp_direct_logloss,0.7862141484919574,0.4248527188656767,0.13330897778933634,0.5615987253850766,5.506030967896901,29.49876382869358,1.684884725409962,0.7265512477431746,3.0,0.7740508050947973,0.43361152606141257,0.13624284574786702,0.5460357056657428,0.5372023809523809,0.7036707046250559,0.295,3.16472464713927e-20,0.0009298998027838064,0.07416574338334861,0.7455484135980026,0.17935594321586498
uci_credit,25,direct_auc_search,0.7866008742733674,0.42537951689545933,0.13347932621850764,0.5611720206702538,6.3376276934455635,30.017465178389102,1.865675228032726,0.9103470608918479,4.0,0.7735291210179661,0.4339644831879224,0.13645765298535434,0.5440799512730184,0.5348148148148149,0.7023867328724345,0.28500000000000003,0.07072632458212089,4.2995084544784967e-07,0.11710617708648895,0.7122495238978767,0.0999175444826681
uci_credit,25,scheffe_optimum_logloss,0.7854336325702378,0.4277018176634783,0.1340219608092417,0.5589579810239198,4.662466678912795,5.373333328558753,1.0707272407940198,0.14904184503020312,2.0,0.7729039870693304,0.4358093167182616,0.13696164258138713,0.5437249806162342,0.5358649789029536,0.7063305677357992,0.29000000000000004,0.0,0.03419710691764813,0.0,0.9658028930823518,0.0
uci_credit,25,scheffe_optimum_auc,0.7865098941989812,0.4251101975932355,0.1334156103425878,0.561183967995695,6.532988342707174,30.017465178389102,1.7609522405409783,0.8380376209309285,4.0,0.7737169917906117,0.4338246800701245,0.136392086596172,0.5446229203338884,0.5352217666790905,0.7022705432658326,0.29000000000000004,0.032018695933290583,3.037718506787117e-18,0.12120485515908201,0.7345502248937771,0.1122262240138504
uci_credit,25,cheapest_vertex,0.7254949054534321,0.46395729391449597,0.14424246521007664,0.5075041232154339,0.5187013496955236,0.5187013496955236,1.0,-0.0,1.0,0.7142392822143143,0.473200556749642,0.14719591978444643,0.4852529859282251,0.504884720593982,0.6807055587655745,0.28500000000000003,1.0,0.0,0.0,0.0,0.0
uci_credit,26,best_single,0.7831492446391417,0.4280305796919055,0.13450645366583744,0.5530029877044818,5.689895828254521,5.689895828254521,1.0,-0.0,1.0,0.7850323758589444,0.4262281437827236,0.13338958990870717,0.5640211825237248,0.541726618705036,0.7088243305067785,0.28,0.0,0.0,0.0,1.0,0.0
uci_credit,26,uniform_voting,0.7666493007055621,0.4665634630831266,0.14708797010780308,0.5412599952231424,7.529820800603678,37.649104003018394,4.999999999999999,1.6094379124341005,5.0,0.7677561666363762,0.46713628442926436,0.1464274128337229,0.5538965247135454,0.5355272999252056,0.7022659472855577,0.38,0.2,0.2,0.2,0.2,0.2
uci_credit,26,stacking_lr,0.7821073827095473,0.4290797140654407,0.13444643056020814,0.554244050462451,,,,,,0.7833798387407594,0.4272192112739726,0.13348119384806498,0.5652655231207726,0.5397170837867246,0.7069311897896347,0.25,,,,,
uci_credit,26,slsqp_direct_logloss,0.7833085000794967,0.4273770503635247,0.13423046313316714,0.5549587326136198,5.624932844287758,37.08562481915578,1.537429963620688,0.6683117373271309,4.0,0.7849614203739966,0.4259138132989877,0.13321102661354461,0.566266763317674,0.5420289855072464,0.7085453464409616,0.28,0.020679349305710852,0.0,0.032755176902032855,0.7902547369357605,0.15631073685649574
uci_credit,26,direct_auc_search,0.7838133649185086,0.4279316659472873,0.13448808904576026,0.5540673968682447,7.367633811731315,37.08562481915578,1.5545317336240683,0.732947281323407,4.0,0.7853574809899774,0.4260426096313279,0.1332835237891939,0.5664529574498864,0.5432098765432098,0.7091873323172723,0.275,0.06171462834674446,5.235694841314248e-05,0.09263358259793772,0.7925101791833555,0.05308925292354916
uci_credit,26,scheffe_optimum_logloss,0.783282651177104,0.42820140610203333,0.13454201175285438,0.5530884117509832,5.643408063715254,6.253375012117128,1.0183009931116727,0.05167489573553889,2.0,0.7849960918041415,0.42650996760016113,0.13344051615338046,0.5640871470431605,0.5421166306695464,0.7090383257988822,0.28500000000000003,3.065931792265672e-17,0.009068276686041023,2.930099290672735e-16,0.9909317233139583,3.529463594640795e-16
uci_credit,26,scheffe_optimum_auc,0.7837767229656433,0.42793986482657925,0.13450662882993003,0.5538861496162238,8.038704249700535,37.08562481915578,1.6057634444342237,0.7581692824330821,4.0,0.7852444360014584,0.42605083271358185,0.1333033097403712,0.566041905029157,0.5441336723574283,0.7097781173606946,0.275,0.04921619815922278,5.442424690863378e-17,0.11812026675285026,0.7766911868666593,0.05597234822126766
uci_credit,26,cheapest_vertex,0.7228705414712181,0.46686192529671855,0.14552322894947403,0.49879799382947615,0.5163263413123786,0.5163263413123786,1.0,-0.0,1.0,0.7328615492388331,0.45927168555474646,0.14290366593656545,0.5252780007694349,0.5230769230769231,0.69276742678805,0.28,1.0,0.0,0.0,0.0,0.0
uci_credit,27,best_single,0.7846246173518452,0.4269971787701251,0.13412835963028383,0.5556087435962288,5.779777653515339,5.779777653515339,1.0,-0.0,1.0,0.7739934762882089,0.4315951989726717,0.1352436793879122,0.551458932946192,0.5443126308443823,0.7126847926753298,0.265,0.0,0.0,0.0,1.0,0.0
uci_credit,27,uniform_voting,0.7685067736066159,0.46622573338266327,0.1468416276448346,0.5439749542760872,6.350695830769837,31.753479153849185,4.999999999999999,1.6094379124341005,5.0,0.760308743441254,0.4694446629560761,0.14804204456244519,0.5389436367782261,0.531317494600432,0.701781514838324,0.365,0.2,0.2,0.2,0.2,0.2
uci_credit,27,stacking_lr,0.7843892814870796,0.42839590550651185,0.13426853932149108,0.5566895397493402,,,,,,0.772539211371713,0.4320825586030615,0.13518609320473327,0.5506074753992038,0.5423603403625602,0.7073874013053552,0.265,,,,,
uci_credit,27,slsqp_direct_logloss,0.7852161087658929,0.4263075535865129,0.13388515938602222,0.5574646444203967,6.311449728816272,31.181368161924183,1.6312436284122447,0.723782981852466,4.0,0.7748615521415575,0.43106377524845196,0.13511618535660916,0.5514061336946942,0.546236559139785,0.7121084406225957,0.275,0.006811132536819594,0.0003559617344036121,0.07325398226984561,0.7637663128208514,0.1558126106380798
uci_credit,27,direct_auc_search,0.785544616571037,0.42693309893990183,0.13405281808935332,0.5573173943746871,6.952503909758096,31.753479153849185,1.749855709630815,0.87840395048901,5.0,0.7753271168802938,0.43115087021774556,0.13517770237712323,0.5516238979657657,0.5455871626549963,0.7104713040698938,0.28500000000000003,0.06038736049990186,0.00891093704832411,0.10656266581380268,0.7413045975772262,0.08283443906074517
uci_credit,27,scheffe_optimum_logloss,0.7848342504386175,0.42720365339190264,0.13416441840996338,0.5557187586263144,5.727332318403522,6.35188864544034,1.0203443866037658,0.05632658604410447,2.0,0.7740081511725958,0.43167894768176845,0.13527860238344433,0.5514231325025051,0.5451197053406999,0.7094899413343276,0.305,0.0,0.010070793412841275,0.0,0.9899292065871588,0.0
uci_credit,27,scheffe_optimum_auc,0.7854607210106399,0.4270461925835476,0.1341536600099404,0.5569455405305825,7.665661045211289,31.181368161924183,1.9618685506486513,0.9480355196457593,4.0,0.775834126072738,0.43110268940302776,0.13523314672493536,0.5516674372269645,0.5453211009174311,0.7098713270659214,0.28,0.08488943305124837,3.203634228879736e-17,0.14874823392054998,0.6887382644108297,0.07762406861737196
uci_credit,27,cheapest_vertex,0.7246349280910241,0.4651388560322262,0.14472375779533866,0.5046694216917116,0.51571533549577,0.51571533549577,1.0,-0.0,1.0,0.7214697267617158,0.4648494188682494,0.1451448122761609,0.49985254526115575,0.5208416038110361,0.6898233385813515,0.28,1.0,0.0,0.0,0.0,0.0
uci_credit,28,best_single,0.7809654608377086,0.42927220731486354,0.13483772300011557,0.5525753523299142,5.71274299484988,5.71274299484988,1.0,-0.0,1.0,0.7893250214358133,0.42345930379752733,0.1327888809876157,0.5645560615183678,0.5507868383404865,0.7153367539252493,0.28,0.0,0.0,0.0,1.0,0.0
uci_credit,28,uniform_voting,0.7663963644088166,0.4641246834210154,0.14584290399846872,0.5421220085778123,6.320924959921588,31.60462479960794,4.999999999999999,1.6094379124341005,5.0,0.7792165256614543,0.45724861068016137,0.1436157495539269,0.554921667224901,0.5453216374269005,0.7101457151514634,0.36,0.2,0.2,0.2,0.2,0.2
uci_credit,28,stacking_lr,0.7806267243246002,0.43015529081035236,0.1348060936188714,0.5538569552585958,,,,,,0.7911716379315766,0.42411931090628135,0.13268911278223106,0.5661208847197735,0.5528811086797958,0.7153091780435993,0.255,,,,,
uci_credit,28,slsqp_direct_logloss,0.7817106549649308,0.42849805253311957,0.13455325620119246,0.5545725854768232,5.9406438147838685,31.60462479960794,1.6363554224938515,0.7278856411632793,5.0,0.7901018227335246,0.42275408102671114,0.13263639800991844,0.5656768337315982,0.5538900785153462,0.717597492433162,0.275,0.009165552435692392,0.0011122658634988888,0.06028978470999711,0.7609186509976852,0.16851374599312638
uci_credit,28,direct_auc_search,0.7819036298701613,0.42887033060161833,0.13465205127605373,0.5544344202135841,6.4475341576796765,31.60462479960794,1.693085407564367,0.840418894530381,5.0,0.7912400132170717,0.4230208405485975,0.13269419466594395,0.5663428127299364,0.5543398978847557,0.7162767528383402,0.28500000000000003,0.04543498825707558,0.0084498453276429,0.08409650376020739,0.7549627312765581,0.10705593137851599
uci_credit,28,scheffe_optimum_logloss,0.7812558452909029,0.4289793757510409,0.13472484195144427,0.5533665009914938,5.52212545736602,6.564680486917496,1.0814958675728923,0.16544199166983256,2.0,0.7894777369909166,0.4232216310932231,0.13270828623134645,0.5650382652115978,0.5524625267665952,0.7166299176384209,0.28,0.0,1.5063963667020536e-18,0.0,0.9607847840497314,0.0392152159502686
uci_credit,28,scheffe_optimum_auc,0.7817686008474872,0.4286922555639361,0.13465916874597061,0.5541937716689832,7.550988780468455,31.04299980138118,1.809041675377553,0.8406140616684741,4.0,0.790895395327678,0.4228619195237214,0.13274673245413704,0.5657434613276234,0.5530685920577616,0.7161835431331136,0.275,0.01746964260117431,2.1078549877597804e-17,0.13876518726955625,0.7195804738608405,0.1241846962684289
uci_credit,28,cheapest_vertex,0.7206851956503422,0.4667066445473886,0.14532395581246135,0.5003857152437173,0.5138333265980085,0.5138333265980085,1.0,-0.0,1.0,0.7333676714877156,0.4599039585282803,0.14357328716126735,0.516037917985905,0.5193150139386699,0.6887441701602836,0.28500000000000003,1.0,0.0,0.0,0.0,0.0
uci_credit,29,best_single,0.7823479588976049,0.42786225522351173,0.13425449470077114,0.5574146553737632,5.767458331926416,5.767458331926416,1.0,-0.0,1.0,0.7858552175906388,0.42533368385213316,0.13348967185357832,0.56414199437242,0.5480453050785532,0.7119738670948939,0.29000000000000004,0.0,0.0,0.0,1.0,0.0
uci_credit,29,uniform_voting,0.7663238766291246,0.4698234709650992,0.1482145135882322,0.54571783799225,6.349409728621444,31.747048643107217,4.999999999999999,1.6094379124341005,5.0,0.7629357896402089,0.474066987426081,0.14967240962070705,0.541055501243735,0.530120481927711,0.700148974265897,0.375,0.2,0.2,0.2,0.2,0.2
uci_credit,29,stacking_lr,0.7818563359524503,0.42862769397297484,0.1342132358862273,0.5597747669701004,,,,,,0.7834412797402255,0.42773014925775016,0.13388425330563364,0.5630887275291875,0.547329650092081,0.7109413035264391,0.26,,,,,
uci_credit,29,slsqp_direct_logloss,0.7829696426358508,0.4269465064228278,0.13388009585666721,0.5604945969438407,5.460697605628297,31.747048643107217,1.6389484696262855,0.7219327294699304,5.0,0.7861088834493267,0.4249962289349902,0.1334029476006353,0.564780372701741,0.5473383351196855,0.7130806113976118,0.275,0.011728763728247335,0.0030297096560000826,0.03855020549449663,0.7565436654014295,0.19014765571982659
uci_credit,29,direct_auc_search,0.7832092564183807,0.4272384665935989,0.13398988872698606,0.560021899174932,5.978140362407103,31.747048643107217,1.642535698519654,0.7998961746893052,5.0,0.7865542903798393,0.42543205091817904,0.13351385043954167,0.5646715309757501,0.5455871626549963,0.7104713040698938,0.28500000000000003,0.048719135826843785,0.005413868579268083,0.05917876482845469,0.7672281797377591,0.11946005102767432
uci_credit,29,scheffe_optimum_logloss,0.7823469712982152,0.42965901208637336,0.1346728269187753,0.5574982078846831,5.584562435811839,6.334402656648308,1.0728047486653154,0.15227396798279114,2.0,0.7851595313132199,0.42819678407304385,0.13409963931348576,0.5631560629322944,0.5467625899280575,0.7122108422883724,0.3,0.0,0.03516881136387701,0.0,0.9648311886361229,0.0
uci_credit,29,scheffe_optimum_auc,0.7830259861887853,0.42718581448465465,0.13400215211321154,0.5598440673993571,7.349962905209678,31.180104318385325,1.730830493580066,0.789853632948754,4.0,0.7863082038570434,0.4251535815245736,0.13357924758673376,0.564128229304068,0.5493805309734514,0.7151365465739709,0.265,0.009737134408390946,1.4471158829868132e-17,0.12368896592928683,0.738973385124206,0.1276005145381162
uci_credit,29,cheapest_vertex,0.724249663553609,0.4650448351565619,0.14491953463771914,0.5027290745236628,0.5146736705986162,0.5146736705986162,1.0,-0.0,1.0,0.7261985066773143,0.4670274654263091,0.1452582554656701,0.5023714478723111,0.508130081300813,0.6811387903799199,0.29000000000000004,1.0,0.0,0.0,0.0,0.0
